/*******************************************************************************
 * Asuro file-type icons — 32px
 * Bpp: 4
 * Auto-generated by gen_file_icons.py — DO NOT EDIT
 ******************************************************************************/

#ifdef LV_LVGL_H_INCLUDE_SIMPLE
    #include "lvgl.h"
#else
    #include "lvgl/lvgl.h"
#endif

#ifndef ASURO_ICONS_32
#define ASURO_ICONS_32 1
#endif

#if ASURO_ICONS_32

/*-----------------------
 *  Glyph bitmap data
 *-----------------------*/

static LV_ATTRIBUTE_LARGE_CONST const uint8_t glyph_bitmap[] = {
    /* U+E000 */
    0x00, 0x00, 0x00, 0x00, 0x00, 0x00, 0x00, 0x00, 0x00, 0x00, 0x00, 0x00, 0x00, 0x00, 0x00, 0x00,
    0x00, 0x00, 0x00, 0x00, 0x00, 0x00, 0x00, 0x00, 0x00, 0x00, 0x00, 0x00, 0x00, 0x00, 0x00, 0x00,
    0x00, 0x00, 0x00, 0x00, 0x00, 0x00, 0x00, 0x00, 0x00, 0x00, 0x00, 0x00, 0x00, 0x00, 0x00, 0x00,
    0x00, 0x00, 0x00, 0x06, 0xdf, 0xff, 0xff, 0xff, 0xf6, 0x08, 0x00, 0x00, 0x00, 0x00, 0x00, 0x00,
    0x00, 0x00, 0x00, 0x6f, 0xff, 0xff, 0xff, 0xff, 0xf6, 0x0f, 0x80, 0x00, 0x00, 0x00, 0x00, 0x00,
    0x00, 0x00, 0x00, 0xdf, 0xff, 0xff, 0xff, 0xff, 0xf6, 0x0f, 0xf8, 0x00, 0x00, 0x00, 0x00, 0x00,
    0x00, 0x00, 0x00, 0xff, 0xff, 0xff, 0xff, 0xff, 0xf6, 0x0f, 0xff, 0x80, 0x00, 0x00, 0x00, 0x00,
    0x00, 0x00, 0x00, 0xff, 0xff, 0xff, 0xff, 0xff, 0xf6, 0x0f, 0xff, 0xf8, 0x00, 0x00, 0x00, 0x00,
    0x00, 0x00, 0x00, 0xff, 0xff, 0xff, 0xff, 0xff, 0xf6, 0x0f, 0xff, 0xff, 0x80, 0x00, 0x00, 0x00,
    0x00, 0x00, 0x00, 0xff, 0xff, 0xff, 0xff, 0xff, 0xf6, 0x08, 0x88, 0x88, 0x82, 0x00, 0x00, 0x00,
    0x00, 0x00, 0x00, 0xff, 0xff, 0xff, 0xff, 0xff, 0xfb, 0x00, 0x00, 0x00, 0x00, 0x00, 0x00, 0x00,
    0x00, 0x00, 0x00, 0xff, 0xff, 0xff, 0xff, 0xff, 0xff, 0xfe, 0xee, 0xee, 0xe7, 0x00, 0x00, 0x00,
    0x00, 0x00, 0x00, 0xff, 0xff, 0xff, 0xff, 0xff, 0xff, 0xff, 0xff, 0xff, 0xf8, 0x00, 0x00, 0x00,
    0x00, 0x00, 0x00, 0xff, 0xff, 0xff, 0xff, 0xff, 0xff, 0xff, 0xff, 0xff, 0xf8, 0x00, 0x00, 0x00,
    0x00, 0x00, 0x00, 0xff, 0xff, 0xff, 0xff, 0xff, 0xff, 0xff, 0xff, 0xff, 0xf8, 0x00, 0x00, 0x00,
    0x00, 0x00, 0x00, 0xff, 0xff, 0xff, 0xff, 0xff, 0xff, 0xff, 0xff, 0xff, 0xf8, 0x00, 0x00, 0x00,
    0x00, 0x00, 0x00, 0xff, 0xff, 0xff, 0xff, 0xff, 0xff, 0xff, 0xff, 0xff, 0xf8, 0x00, 0x00, 0x00,
    0x00, 0x00, 0x00, 0xff, 0xff, 0xff, 0xff, 0xff, 0xff, 0xff, 0xff, 0xff, 0xf8, 0x00, 0x00, 0x00,
    0x00, 0x00, 0x00, 0xff, 0xff, 0xff, 0xff, 0xff, 0xff, 0xff, 0xff, 0xff, 0xf8, 0x00, 0x00, 0x00,
    0x00, 0x00, 0x00, 0xff, 0xff, 0xff, 0xff, 0xff, 0xff, 0xff, 0xff, 0xff, 0xf8, 0x00, 0x00, 0x00,
    0x00, 0x00, 0x00, 0xff, 0xff, 0xff, 0xff, 0xff, 0xff, 0xff, 0xff, 0xff, 0xf8, 0x00, 0x00, 0x00,
    0x00, 0x00, 0x00, 0xff, 0xff, 0xff, 0xff, 0xff, 0xff, 0xff, 0xff, 0xff, 0xf8, 0x00, 0x00, 0x00,
    0x00, 0x00, 0x00, 0xff, 0xff, 0xff, 0xff, 0xff, 0xff, 0xff, 0xff, 0xff, 0xf8, 0x00, 0x00, 0x00,
    0x00, 0x00, 0x00, 0xff, 0xff, 0xff, 0xff, 0xff, 0xff, 0xff, 0xff, 0xff, 0xf8, 0x00, 0x00, 0x00,
    0x00, 0x00, 0x00, 0xff, 0xff, 0xff, 0xff, 0xff, 0xff, 0xff, 0xff, 0xff, 0xf8, 0x00, 0x00, 0x00,
    0x00, 0x00, 0x00, 0xff, 0xff, 0xff, 0xff, 0xff, 0xff, 0xff, 0xff, 0xff, 0xf7, 0x00, 0x00, 0x00,
    0x00, 0x00, 0x00, 0xdf, 0xff, 0xff, 0xff, 0xff, 0xff, 0xff, 0xff, 0xff, 0xf5, 0x00, 0x00, 0x00,
    0x00, 0x00, 0x00, 0x6f, 0xff, 0xff, 0xff, 0xff, 0xff, 0xff, 0xff, 0xff, 0xd0, 0x00, 0x00, 0x00,
    0x00, 0x00, 0x00, 0x06, 0xdf, 0xff, 0xff, 0xff, 0xff, 0xff, 0xff, 0xfa, 0x10, 0x00, 0x00, 0x00,
    0x00, 0x00, 0x00, 0x00, 0x00, 0x00, 0x00, 0x00, 0x00, 0x00, 0x00, 0x00, 0x00, 0x00, 0x00, 0x00,
    0x00, 0x00, 0x00, 0x00, 0x00, 0x00, 0x00, 0x00, 0x00, 0x00, 0x00, 0x00, 0x00, 0x00, 0x00, 0x00,
    0x00, 0x00, 0x00, 0x00, 0x00, 0x00, 0x00, 0x00, 0x00, 0x00, 0x00, 0x00, 0x00, 0x00, 0x00, 0x00,

    /* U+E001 */
    0x00, 0x00, 0x00, 0x00, 0x00, 0x00, 0x00, 0x00, 0x00, 0x00, 0x00, 0x00, 0x00, 0x00, 0x00, 0x00,
    0x00, 0x00, 0x00, 0x00, 0x00, 0x00, 0x00, 0x00, 0x00, 0x00, 0x00, 0x00, 0x00, 0x00, 0x00, 0x00,
    0x00, 0x00, 0x00, 0x00, 0x00, 0x00, 0x00, 0x00, 0x00, 0x00, 0x00, 0x00, 0x00, 0x00, 0x00, 0x00,
    0x00, 0x00, 0x00, 0x00, 0x00, 0x00, 0x00, 0x00, 0x00, 0x00, 0x00, 0x00, 0x00, 0x00, 0x00, 0x00,
    0x00, 0x00, 0x02, 0x44, 0x44, 0x44, 0x42, 0x00, 0x00, 0x00, 0x00, 0x00, 0x00, 0x00, 0x00, 0x00,
    0x00, 0x00, 0xbf, 0xff, 0xff, 0xff, 0xff, 0xb0, 0x00, 0x00, 0x00, 0x00, 0x00, 0x00, 0x00, 0x00,
    0x00, 0x09, 0xff, 0xff, 0xff, 0xff, 0xff, 0xfb, 0x00, 0x00, 0x00, 0x00, 0x00, 0x00, 0x00, 0x00,
    0x00, 0x0e, 0xff, 0xff, 0xff, 0xff, 0xff, 0xff, 0x91, 0x00, 0x00, 0x00, 0x00, 0x00, 0x00, 0x00,
    0x00, 0x0f, 0xff, 0xff, 0xff, 0xff, 0xff, 0xff, 0xff, 0xff, 0xff, 0xff, 0xff, 0xe7, 0x00, 0x00,
    0x00, 0x0f, 0xff, 0xff, 0xff, 0xff, 0xff, 0xff, 0xff, 0xff, 0xff, 0xff, 0xff, 0xff, 0x60, 0x00,
    0x00, 0x0f, 0xff, 0xff, 0xff, 0xff, 0xff, 0xff, 0xff, 0xff, 0xff, 0xff, 0xff, 0xff, 0xd0, 0x00,
    0x00, 0x0f, 0xff, 0xff, 0xff, 0xff, 0xff, 0xff, 0xff, 0xff, 0xff, 0xff, 0xff, 0xff, 0xf0, 0x00,
    0x00, 0x0f, 0xff, 0xff, 0xff, 0xff, 0xff, 0xff, 0xff, 0xff, 0xff, 0xff, 0xff, 0xff, 0xf0, 0x00,
    0x00, 0x0f, 0xff, 0xff, 0xff, 0xff, 0xff, 0xff, 0xff, 0xff, 0xff, 0xff, 0xff, 0xff, 0xf0, 0x00,
    0x00, 0x0f, 0xff, 0xff, 0xff, 0xff, 0xff, 0xff, 0xff, 0xff, 0xff, 0xff, 0xff, 0xff, 0xf0, 0x00,
    0x00, 0x0f, 0xff, 0xff, 0xff, 0xff, 0xff, 0xff, 0xff, 0xff, 0xff, 0xff, 0xff, 0xff, 0xf0, 0x00,
    0x00, 0x0f, 0xff, 0xff, 0xff, 0xff, 0xff, 0xff, 0xff, 0xff, 0xff, 0xff, 0xff, 0xff, 0xf0, 0x00,
    0x00, 0x0f, 0xff, 0xff, 0xff, 0xff, 0xff, 0xff, 0xff, 0xff, 0xff, 0xff, 0xff, 0xff, 0xf0, 0x00,
    0x00, 0x0f, 0xff, 0xff, 0xff, 0xff, 0xff, 0xff, 0xff, 0xff, 0xff, 0xff, 0xff, 0xff, 0xf0, 0x00,
    0x00, 0x0f, 0xff, 0xff, 0xff, 0xff, 0xff, 0xff, 0xff, 0xff, 0xff, 0xff, 0xff, 0xff, 0xf0, 0x00,
    0x00, 0x0f, 0xff, 0xff, 0xff, 0xff, 0xff, 0xff, 0xff, 0xff, 0xff, 0xff, 0xff, 0xff, 0xf0, 0x00,
    0x00, 0x0f, 0xff, 0xff, 0xff, 0xff, 0xff, 0xff, 0xff, 0xff, 0xff, 0xff, 0xff, 0xff, 0xf0, 0x00,
    0x00, 0x0f, 0xff, 0xff, 0xff, 0xff, 0xff, 0xff, 0xff, 0xff, 0xff, 0xff, 0xff, 0xff, 0xf0, 0x00,
    0x00, 0x0f, 0xff, 0xff, 0xff, 0xff, 0xff, 0xff, 0xff, 0xff, 0xff, 0xff, 0xff, 0xff, 0xf0, 0x00,
    0x00, 0x0e, 0xff, 0xff, 0xff, 0xff, 0xff, 0xff, 0xff, 0xff, 0xff, 0xff, 0xff, 0xff, 0xe0, 0x00,
    0x00, 0x0a, 0xff, 0xff, 0xff, 0xff, 0xff, 0xff, 0xff, 0xff, 0xff, 0xff, 0xff, 0xff, 0xa0, 0x00,
    0x00, 0x01, 0xdf, 0xff, 0xff, 0xff, 0xff, 0xff, 0xff, 0xff, 0xff, 0xff, 0xff, 0xfd, 0x10, 0x00,
    0x00, 0x00, 0x04, 0x77, 0x77, 0x77, 0x77, 0x77, 0x77, 0x77, 0x77, 0x77, 0x77, 0x40, 0x00, 0x00,
    0x00, 0x00, 0x00, 0x00, 0x00, 0x00, 0x00, 0x00, 0x00, 0x00, 0x00, 0x00, 0x00, 0x00, 0x00, 0x00,
    0x00, 0x00, 0x00, 0x00, 0x00, 0x00, 0x00, 0x00, 0x00, 0x00, 0x00, 0x00, 0x00, 0x00, 0x00, 0x00,
    0x00, 0x00, 0x00, 0x00, 0x00, 0x00, 0x00, 0x00, 0x00, 0x00, 0x00, 0x00, 0x00, 0x00, 0x00, 0x00,
    0x00, 0x00, 0x00, 0x00, 0x00, 0x00, 0x00, 0x00, 0x00, 0x00, 0x00, 0x00, 0x00, 0x00, 0x00, 0x00,

    /* U+E002 */
    0x00, 0x00, 0x00, 0x00, 0x00, 0x00, 0x00, 0x00, 0x00, 0x00, 0x00, 0x00, 0x00, 0x00, 0x00, 0x00,
    0x00, 0x00, 0x00, 0x00, 0x00, 0x00, 0x00, 0x00, 0x00, 0x00, 0x00, 0x00, 0x00, 0x00, 0x00, 0x00,
    0x00, 0x00, 0x00, 0x00, 0x00, 0x00, 0x00, 0x00, 0x00, 0x00, 0x00, 0x00, 0x00, 0x00, 0x00, 0x00,
    0x00, 0x00, 0x00, 0x00, 0x00, 0x00, 0x00, 0x00, 0x00, 0x00, 0x00, 0x00, 0x00, 0x00, 0x00, 0x00,
    0x00, 0x00, 0x22, 0x22, 0x22, 0x10, 0x00, 0x00, 0x00, 0x00, 0x00, 0x00, 0x00, 0x00, 0x00, 0x00,
    0x00, 0x8f, 0xff, 0xff, 0xff, 0xfd, 0x30, 0x00, 0x00, 0x00, 0x00, 0x00, 0x00, 0x00, 0x00, 0x00,
    0x07, 0xff, 0xff, 0xff, 0xff, 0xff, 0xf4, 0x00, 0x00, 0x00, 0x00, 0x00, 0x00, 0x00, 0x00, 0x00,
    0x0d, 0xff, 0xff, 0xff, 0xff, 0xff, 0xff, 0x70, 0x00, 0x00, 0x00, 0x00, 0x00, 0x00, 0x00, 0x00,
    0x0f, 0xff, 0xff, 0xff, 0xff, 0xff, 0xff, 0xff, 0xee, 0xee, 0xee, 0xd8, 0x00, 0x00, 0x00, 0x00,
    0x0f, 0xff, 0xff, 0xff, 0xff, 0xff, 0xff, 0xff, 0xff, 0xff, 0xff, 0xff, 0xb0, 0x00, 0x00, 0x00,
    0x0f, 0xff, 0xff, 0xff, 0xff, 0xff, 0xff, 0xff, 0xff, 0xff, 0xff, 0xff, 0xf3, 0x00, 0x00, 0x00,
    0x0f, 0xff, 0xff, 0xff, 0xff, 0xff, 0xff, 0xff, 0xff, 0xff, 0xff, 0xff, 0xf5, 0x00, 0x00, 0x00,
    0x0f, 0xff, 0xff, 0xff, 0xff, 0xff, 0xff, 0xff, 0xff, 0xff, 0xff, 0xff, 0xf5, 0x00, 0x00, 0x00,
    0x0f, 0xff, 0xff, 0x91, 0x00, 0x00, 0x00, 0x00, 0x00, 0x00, 0x00, 0x00, 0x00, 0x00, 0x00, 0x00,
    0x0f, 0xff, 0xfa, 0x00, 0x00, 0x00, 0x00, 0x00, 0x00, 0x00, 0x00, 0x00, 0x00, 0x00, 0x00, 0x00,
    0x0f, 0xff, 0xf1, 0x0b, 0xff, 0xff, 0xff, 0xff, 0xff, 0xff, 0xff, 0xff, 0xff, 0xff, 0xfb, 0x00,
    0x0f, 0xff, 0x70, 0x8f, 0xff, 0xff, 0xff, 0xff, 0xff, 0xff, 0xff, 0xff, 0xff, 0xff, 0xff, 0x20,
    0x0f, 0xfe, 0x02, 0xff, 0xff, 0xff, 0xff, 0xff, 0xff, 0xff, 0xff, 0xff, 0xff, 0xff, 0xfe, 0x00,
    0x0f, 0xf5, 0x0b, 0xff, 0xff, 0xff, 0xff, 0xff, 0xff, 0xff, 0xff, 0xff, 0xff, 0xff, 0xf6, 0x00,
    0x0f, 0xc0, 0x4f, 0xff, 0xff, 0xff, 0xff, 0xff, 0xff, 0xff, 0xff, 0xff, 0xff, 0xff, 0xc0, 0x00,
    0x0f, 0x30, 0xdf, 0xff, 0xff, 0xff, 0xff, 0xff, 0xff, 0xff, 0xff, 0xff, 0xff, 0xff, 0x30, 0x00,
    0x0a, 0x07, 0xff, 0xff, 0xff, 0xff, 0xff, 0xff, 0xff, 0xff, 0xff, 0xff, 0xff, 0xfa, 0x00, 0x00,
    0x02, 0x1f, 0xff, 0xff, 0xff, 0xff, 0xff, 0xff, 0xff, 0xff, 0xff, 0xff, 0xff, 0xf1, 0x00, 0x00,
    0x00, 0x9f, 0xff, 0xff, 0xff, 0xff, 0xff, 0xff, 0xff, 0xff, 0xff, 0xff, 0xff, 0x70, 0x00, 0x00,
    0x03, 0xff, 0xff, 0xff, 0xff, 0xff, 0xff, 0xff, 0xff, 0xff, 0xff, 0xff, 0xfd, 0x00, 0x00, 0x00,
    0x0c, 0xff, 0xff, 0xff, 0xff, 0xff, 0xff, 0xff, 0xff, 0xff, 0xff, 0xff, 0xf5, 0x00, 0x00, 0x00,
    0x0e, 0xff, 0xff, 0xff, 0xff, 0xff, 0xff, 0xff, 0xff, 0xff, 0xff, 0xff, 0xb0, 0x00, 0x00, 0x00,
    0x06, 0xef, 0xff, 0xff, 0xff, 0xff, 0xff, 0xff, 0xff, 0xff, 0xff, 0xfc, 0x10, 0x00, 0x00, 0x00,
    0x00, 0x00, 0x00, 0x00, 0x00, 0x00, 0x00, 0x00, 0x00, 0x00, 0x00, 0x00, 0x00, 0x00, 0x00, 0x00,
    0x00, 0x00, 0x00, 0x00, 0x00, 0x00, 0x00, 0x00, 0x00, 0x00, 0x00, 0x00, 0x00, 0x00, 0x00, 0x00,
    0x00, 0x00, 0x00, 0x00, 0x00, 0x00, 0x00, 0x00, 0x00, 0x00, 0x00, 0x00, 0x00, 0x00, 0x00, 0x00,
    0x00, 0x00, 0x00, 0x00, 0x00, 0x00, 0x00, 0x00, 0x00, 0x00, 0x00, 0x00, 0x00, 0x00, 0x00, 0x00,

    /* U+E003 */
    0x00, 0x00, 0x00, 0x00, 0x00, 0x00, 0x00, 0x00, 0x00, 0x00, 0x00, 0x00, 0x00, 0x00, 0x00, 0x00,
    0x00, 0x00, 0x00, 0x00, 0x00, 0x00, 0x00, 0x00, 0x00, 0x00, 0x00, 0x00, 0x00, 0x00, 0x00, 0x00,
    0x00, 0x00, 0x00, 0x00, 0x00, 0x00, 0x00, 0x00, 0x00, 0x00, 0x00, 0x00, 0x00, 0x00, 0x00, 0x00,
    0x00, 0x00, 0x00, 0x00, 0x00, 0x00, 0x00, 0x00, 0x00, 0x00, 0x00, 0x00, 0x00, 0x00, 0x00, 0x00,
    0x00, 0x00, 0x00, 0x12, 0x22, 0x22, 0x22, 0x22, 0x22, 0x22, 0x22, 0x22, 0x21, 0x00, 0x00, 0x00,
    0x00, 0x00, 0x8f, 0xff, 0xff, 0xff, 0xff, 0xff, 0xff, 0xff, 0xff, 0xff, 0xff, 0xf8, 0x00, 0x00,
    0x00, 0x07, 0xff, 0xff, 0xff, 0xff, 0xff, 0xff, 0xff, 0xff, 0xff, 0xff, 0xff, 0xff, 0x70, 0x00,
    0x00, 0x0d, 0xff, 0xff, 0xff, 0xff, 0xff, 0xff, 0xff, 0xff, 0xff, 0xff, 0xff, 0xff, 0xd0, 0x00,
    0x00, 0x0f, 0xff, 0xff, 0xff, 0xff, 0xff, 0xff, 0xff, 0xff, 0xff, 0xff, 0xff, 0xff, 0xf0, 0x00,
    0x00, 0x0f, 0xff, 0xff, 0xff, 0xff, 0xff, 0xff, 0xff, 0xff, 0xff, 0xff, 0xff, 0xff, 0xf0, 0x00,
    0x00, 0x0f, 0xff, 0xff, 0xff, 0xff, 0xff, 0xff, 0xff, 0xff, 0xff, 0xff, 0xff, 0xff, 0xf0, 0x00,
    0x00, 0x0f, 0xff, 0xff, 0xff, 0xff, 0xff, 0xff, 0xff, 0xff, 0xff, 0xff, 0xff, 0xff, 0xf0, 0x00,
    0x00, 0x0f, 0xff, 0xff, 0xff, 0xff, 0xff, 0xff, 0xff, 0xff, 0xff, 0xff, 0xff, 0xff, 0xf0, 0x00,
    0x00, 0x0f, 0xff, 0xff, 0xff, 0xff, 0xff, 0xff, 0xff, 0xff, 0xff, 0xff, 0xff, 0xff, 0xf0, 0x00,
    0x00, 0x0f, 0xff, 0xff, 0xff, 0xff, 0xff, 0xff, 0xff, 0xff, 0xff, 0xff, 0xff, 0xff, 0xf0, 0x00,
    0x00, 0x0f, 0xff, 0xff, 0xff, 0xff, 0xff, 0xff, 0xff, 0xff, 0xff, 0xff, 0xff, 0xff, 0xf0, 0x00,
    0x00, 0x0f, 0x95, 0x44, 0x44, 0x44, 0x44, 0x44, 0x44, 0x44, 0x44, 0x44, 0x44, 0x59, 0xf0, 0x00,
    0x00, 0x02, 0x00, 0x12, 0x22, 0x22, 0x22, 0x22, 0x22, 0x22, 0x22, 0x22, 0x21, 0x00, 0x20, 0x00,
    0x00, 0x00, 0x8f, 0xff, 0xff, 0xff, 0xff, 0xff, 0xff, 0xff, 0xff, 0xff, 0xff, 0xf8, 0x00, 0x00,
    0x00, 0x07, 0xff, 0xff, 0xff, 0xff, 0xff, 0xff, 0xff, 0xff, 0xff, 0xff, 0xff, 0xff, 0x70, 0x00,
    0x00, 0x0d, 0xff, 0xff, 0xff, 0xff, 0xff, 0xff, 0xff, 0xff, 0xff, 0xff, 0xff, 0xff, 0xd0, 0x00,
    0x00, 0x0f, 0xff, 0xff, 0xff, 0xff, 0xff, 0xff, 0xff, 0x53, 0xbf, 0xf4, 0x3d, 0xff, 0xf0, 0x00,
    0x00, 0x0f, 0xff, 0xff, 0xff, 0xff, 0xff, 0xff, 0xfb, 0x00, 0x3f, 0x90, 0x05, 0xff, 0xf0, 0x00,
    0x00, 0x0f, 0xff, 0xff, 0xff, 0xff, 0xff, 0xff, 0xfb, 0x00, 0x3f, 0x90, 0x05, 0xff, 0xf0, 0x00,
    0x00, 0x0f, 0xff, 0xff, 0xff, 0xff, 0xff, 0xff, 0xff, 0x74, 0xdf, 0xf6, 0x5e, 0xff, 0xf0, 0x00,
    0x00, 0x0d, 0xff, 0xff, 0xff, 0xff, 0xff, 0xff, 0xff, 0xff, 0xff, 0xff, 0xff, 0xff, 0xd0, 0x00,
    0x00, 0x05, 0xff, 0xff, 0xff, 0xff, 0xff, 0xff, 0xff, 0xff, 0xff, 0xff, 0xff, 0xff, 0x50, 0x00,
    0x00, 0x00, 0x6d, 0xff, 0xff, 0xff, 0xff, 0xff, 0xff, 0xff, 0xff, 0xff, 0xff, 0xd6, 0x00, 0x00,
    0x00, 0x00, 0x00, 0x00, 0x00, 0x00, 0x00, 0x00, 0x00, 0x00, 0x00, 0x00, 0x00, 0x00, 0x00, 0x00,
    0x00, 0x00, 0x00, 0x00, 0x00, 0x00, 0x00, 0x00, 0x00, 0x00, 0x00, 0x00, 0x00, 0x00, 0x00, 0x00,
    0x00, 0x00, 0x00, 0x00, 0x00, 0x00, 0x00, 0x00, 0x00, 0x00, 0x00, 0x00, 0x00, 0x00, 0x00, 0x00,
    0x00, 0x00, 0x00, 0x00, 0x00, 0x00, 0x00, 0x00, 0x00, 0x00, 0x00, 0x00, 0x00, 0x00, 0x00, 0x00,

    /* U+E004 */
    0x00, 0x00, 0x00, 0x00, 0x00, 0x00, 0x00, 0x00, 0x00, 0x00, 0x00, 0x00, 0x00, 0x00, 0x00, 0x00,
    0x00, 0x00, 0x00, 0x00, 0x00, 0x00, 0x00, 0x00, 0x00, 0x00, 0x00, 0x00, 0x00, 0x00, 0x00, 0x00,
    0x00, 0x00, 0x00, 0x00, 0x00, 0x00, 0x00, 0x48, 0x95, 0x00, 0x00, 0x00, 0x00, 0x00, 0x00, 0x00,
    0x00, 0x00, 0x00, 0x00, 0x00, 0x03, 0x9e, 0xff, 0xff, 0xe9, 0x40, 0x00, 0x00, 0x00, 0x00, 0x00,
    0x00, 0x00, 0x00, 0x00, 0x28, 0xef, 0xff, 0xff, 0xff, 0xff, 0xfe, 0x83, 0x00, 0x00, 0x00, 0x00,
    0x00, 0x00, 0x01, 0x7d, 0xff, 0xff, 0xff, 0xfc, 0xcf, 0xff, 0xff, 0xff, 0xd7, 0x20, 0x00, 0x00,
    0x00, 0x00, 0x9f, 0xff, 0xff, 0xff, 0xd7, 0x20, 0x02, 0x7d, 0xff, 0xff, 0xff, 0xf9, 0x00, 0x00,
    0x00, 0x08, 0xff, 0xff, 0xfe, 0x93, 0x00, 0x00, 0x00, 0x00, 0x38, 0xef, 0xff, 0xff, 0x80, 0x00,
    0x00, 0x0e, 0xff, 0xfc, 0x40, 0x00, 0x00, 0x00, 0x00, 0x00, 0x00, 0x04, 0xcf, 0xff, 0xe0, 0x00,
    0x00, 0x0f, 0xff, 0xff, 0xc6, 0x10, 0x00, 0x00, 0x00, 0x00, 0x01, 0x6c, 0xff, 0xff, 0xf0, 0x00,
    0x00, 0x0f, 0xff, 0xff, 0xff, 0xfb, 0x50, 0x00, 0x00, 0x05, 0xbf, 0xff, 0xff, 0xff, 0xf0, 0x00,
    0x00, 0x0f, 0xff, 0xff, 0xff, 0xff, 0xff, 0xa4, 0x4a, 0xff, 0xff, 0xff, 0xff, 0xff, 0xf0, 0x00,
    0x00, 0x0f, 0xff, 0xff, 0xff, 0xff, 0xff, 0xff, 0xff, 0xff, 0xff, 0xfb, 0x54, 0xff, 0xf0, 0x00,
    0x00, 0x0f, 0xff, 0xff, 0xff, 0xff, 0xff, 0xff, 0xff, 0xff, 0xc6, 0x10, 0x04, 0xff, 0xf0, 0x00,
    0x00, 0x0f, 0xff, 0xff, 0xff, 0xff, 0xff, 0xff, 0xfe, 0x72, 0x00, 0x00, 0x04, 0xff, 0xf0, 0x00,
    0x00, 0x0f, 0xff, 0xff, 0xff, 0xff, 0xff, 0xff, 0xfa, 0x00, 0x00, 0x00, 0x04, 0xff, 0xf0, 0x00,
    0x00, 0x0f, 0xff, 0xff, 0xff, 0xff, 0xff, 0xff, 0xfa, 0x00, 0x00, 0x00, 0x04, 0xff, 0xf0, 0x00,
    0x00, 0x0f, 0xff, 0xff, 0xff, 0xff, 0xff, 0xff, 0xfa, 0x00, 0x00, 0x00, 0x04, 0xff, 0xf0, 0x00,
    0x00, 0x0f, 0xff, 0xff, 0xff, 0xff, 0xff, 0xff, 0xfa, 0x00, 0x00, 0x00, 0x04, 0xff, 0xf0, 0x00,
    0x00, 0x0f, 0xff, 0xff, 0xff, 0xff, 0xff, 0xff, 0xfa, 0x00, 0x00, 0x00, 0x04, 0xff, 0xf0, 0x00,
    0x00, 0x0f, 0xff, 0xff, 0xff, 0xff, 0xff, 0xff, 0xfa, 0x00, 0x00, 0x00, 0x04, 0xff, 0xf0, 0x00,
    0x00, 0x0f, 0xff, 0xff, 0xff, 0xff, 0xff, 0xff, 0xfa, 0x00, 0x00, 0x00, 0x19, 0xff, 0xf0, 0x00,
    0x00, 0x0c, 0xff, 0xff, 0xff, 0xff, 0xff, 0xff, 0xfa, 0x00, 0x01, 0x6c, 0xff, 0xff, 0xc0, 0x00,
    0x00, 0x03, 0xff, 0xff, 0xff, 0xff, 0xff, 0xff, 0xfa, 0x05, 0xaf, 0xff, 0xff, 0xff, 0x30, 0x00,
    0x00, 0x00, 0x29, 0xff, 0xff, 0xff, 0xff, 0xff, 0xfe, 0xff, 0xff, 0xff, 0xff, 0x92, 0x00, 0x00,
    0x00, 0x00, 0x00, 0x05, 0xaf, 0xff, 0xff, 0xff, 0xff, 0xff, 0xff, 0xfa, 0x50, 0x00, 0x00, 0x00,
    0x00, 0x00, 0x00, 0x00, 0x01, 0x6b, 0xff, 0xff, 0xff, 0xff, 0xc6, 0x10, 0x00, 0x00, 0x00, 0x00,
    0x00, 0x00, 0x00, 0x00, 0x00, 0x00, 0x17, 0xdf, 0xfd, 0x71, 0x00, 0x00, 0x00, 0x00, 0x00, 0x00,
    0x00, 0x00, 0x00, 0x00, 0x00, 0x00, 0x00, 0x01, 0x10, 0x00, 0x00, 0x00, 0x00, 0x00, 0x00, 0x00,
    0x00, 0x00, 0x00, 0x00, 0x00, 0x00, 0x00, 0x00, 0x00, 0x00, 0x00, 0x00, 0x00, 0x00, 0x00, 0x00,
    0x00, 0x00, 0x00, 0x00, 0x00, 0x00, 0x00, 0x00, 0x00, 0x00, 0x00, 0x00, 0x00, 0x00, 0x00, 0x00,
    0x00, 0x00, 0x00, 0x00, 0x00, 0x00, 0x00, 0x00, 0x00, 0x00, 0x00, 0x00, 0x00, 0x00, 0x00, 0x00,

    /* U+E005 */
    0x00, 0x00, 0x00, 0x00, 0x00, 0x00, 0x00, 0x00, 0x00, 0x00, 0x00, 0x00, 0x00, 0x00, 0x00, 0x00,
    0x00, 0x00, 0x00, 0x00, 0x00, 0x00, 0x00, 0x00, 0x00, 0x00, 0x00, 0x00, 0x00, 0x00, 0x00, 0x00,
    0x00, 0x00, 0x00, 0x00, 0x00, 0x00, 0x00, 0x00, 0x00, 0x00, 0x00, 0x00, 0x00, 0x00, 0x00, 0x00,
    0x00, 0x00, 0x00, 0x00, 0x00, 0x00, 0x00, 0x00, 0x00, 0x00, 0x38, 0xaa, 0x83, 0x00, 0x00, 0x00,
    0x00, 0x00, 0x00, 0x00, 0x00, 0x00, 0x00, 0x00, 0x00, 0x2c, 0xff, 0xff, 0xff, 0xb2, 0x00, 0x00,
    0x00, 0x00, 0x00, 0x00, 0x00, 0x00, 0x00, 0x00, 0x00, 0xef, 0xff, 0xff, 0xff, 0xfe, 0x30, 0x00,
    0x00, 0x00, 0x00, 0x00, 0x00, 0x00, 0x21, 0x00, 0x00, 0xef, 0xfe, 0xaa, 0xef, 0xff, 0xd0, 0x00,
    0x00, 0x00, 0x00, 0x00, 0x05, 0xcf, 0xff, 0xf9, 0x20, 0x3a, 0x60, 0x00, 0x08, 0xff, 0xf8, 0x00,
    0x00, 0x00, 0x00, 0x00, 0xaf, 0xff, 0xff, 0xff, 0xf5, 0x00, 0x00, 0x00, 0x00, 0xaf, 0xfe, 0x00,
    0x00, 0x00, 0x00, 0x0c, 0xff, 0xff, 0xff, 0xff, 0xff, 0x50, 0x00, 0x00, 0x00, 0x3f, 0xff, 0x20,
    0x00, 0x00, 0x00, 0xbf, 0xff, 0xd5, 0x12, 0x7f, 0xff, 0xf1, 0x00, 0x00, 0x00, 0x0f, 0xff, 0x30,
    0x00, 0x00, 0x0b, 0xff, 0xfb, 0x00, 0x64, 0x03, 0xff, 0xf8, 0x00, 0x00, 0x00, 0x1f, 0xff, 0x20,
    0x00, 0x00, 0xbf, 0xff, 0xc0, 0x0a, 0xff, 0x30, 0x9f, 0xfe, 0x00, 0x00, 0x00, 0x6f, 0xff, 0x00,
    0x00, 0x0b, 0xff, 0xfc, 0x00, 0x3f, 0xff, 0x50, 0x4f, 0xff, 0x00, 0x00, 0x01, 0xef, 0xfb, 0x00,
    0x00, 0xaf, 0xff, 0xd1, 0x00, 0x9f, 0xfe, 0x00, 0x3f, 0xff, 0x10, 0x00, 0x1d, 0xff, 0xf3, 0x00,
    0x08, 0xff, 0xfd, 0x10, 0x00, 0xdf, 0xf8, 0x00, 0x6f, 0xff, 0x00, 0x01, 0xdf, 0xff, 0x80, 0x00,
    0x2f, 0xff, 0xd1, 0x00, 0x00, 0xef, 0xf5, 0x00, 0xdf, 0xfb, 0x00, 0x0c, 0xff, 0xfa, 0x00, 0x00,
    0x9f, 0xff, 0x20, 0x00, 0x00, 0xdf, 0xf7, 0x03, 0xff, 0xf4, 0x00, 0xcf, 0xff, 0xb0, 0x00, 0x00,
    0xef, 0xf8, 0x00, 0x00, 0x00, 0xaf, 0xfc, 0x00, 0xef, 0xa0, 0x0b, 0xff, 0xfb, 0x00, 0x00, 0x00,
    0xff, 0xf3, 0x00, 0x00, 0x00, 0x5f, 0xff, 0x70, 0x13, 0x00, 0xbf, 0xff, 0xb0, 0x00, 0x00, 0x00,
    0xff, 0xf3, 0x00, 0x00, 0x00, 0x0c, 0xff, 0xfb, 0x54, 0x7d, 0xff, 0xfc, 0x00, 0x00, 0x00, 0x00,
    0xef, 0xf6, 0x00, 0x00, 0x00, 0x02, 0xef, 0xff, 0xff, 0xff, 0xff, 0xc0, 0x00, 0x00, 0x00, 0x00,
    0xaf, 0xfd, 0x00, 0x00, 0x00, 0x00, 0x2d, 0xff, 0xff, 0xff, 0xfa, 0x00, 0x00, 0x00, 0x00, 0x00,
    0x3f, 0xff, 0xc2, 0x00, 0x07, 0xc8, 0x00, 0x5b, 0xef, 0xea, 0x30, 0x00, 0x00, 0x00, 0x00, 0x00,
    0x0a, 0xff, 0xff, 0xdc, 0xff, 0xff, 0x20, 0x00, 0x00, 0x00, 0x00, 0x00, 0x00, 0x00, 0x00, 0x00,
    0x00, 0xbf, 0xff, 0xff, 0xff, 0xfe, 0x10, 0x00, 0x00, 0x00, 0x00, 0x00, 0x00, 0x00, 0x00, 0x00,
    0x00, 0x07, 0xff, 0xff, 0xff, 0xb2, 0x00, 0x00, 0x00, 0x00, 0x00, 0x00, 0x00, 0x00, 0x00, 0x00,
    0x00, 0x00, 0x04, 0x78, 0x62, 0x00, 0x00, 0x00, 0x00, 0x00, 0x00, 0x00, 0x00, 0x00, 0x00, 0x00,
    0x00, 0x00, 0x00, 0x00, 0x00, 0x00, 0x00, 0x00, 0x00, 0x00, 0x00, 0x00, 0x00, 0x00, 0x00, 0x00,
    0x00, 0x00, 0x00, 0x00, 0x00, 0x00, 0x00, 0x00, 0x00, 0x00, 0x00, 0x00, 0x00, 0x00, 0x00, 0x00,
    0x00, 0x00, 0x00, 0x00, 0x00, 0x00, 0x00, 0x00, 0x00, 0x00, 0x00, 0x00, 0x00, 0x00, 0x00, 0x00,
    0x00, 0x00, 0x00, 0x00, 0x00, 0x00, 0x00, 0x00, 0x00, 0x00, 0x00, 0x00, 0x00, 0x00, 0x00, 0x00,











    /* U+E010 */
    0x00, 0x00, 0x00, 0x00, 0x00, 0x00, 0x00, 0x00, 0x00, 0x00, 0x00, 0x00, 0x00, 0x00, 0x00, 0x00,
    0x00, 0x00, 0x00, 0x00, 0x00, 0x00, 0x00, 0x00, 0x00, 0x00, 0x00, 0x00, 0x00, 0x00, 0x00, 0x00,
    0x00, 0x00, 0x00, 0x00, 0x00, 0x00, 0x00, 0x00, 0x00, 0x00, 0x00, 0x00, 0x00, 0x00, 0x00, 0x00,
    0x00, 0x00, 0x00, 0x06, 0xdf, 0xff, 0xff, 0xff, 0xf5, 0x07, 0x00, 0x00, 0x00, 0x00, 0x00, 0x00,
    0x00, 0x00, 0x00, 0x6f, 0xff, 0xff, 0xff, 0xff, 0xf5, 0x0f, 0x70, 0x00, 0x00, 0x00, 0x00, 0x00,
    0x00, 0x00, 0x00, 0xdf, 0xff, 0xff, 0xff, 0xff, 0xf5, 0x0f, 0xf7, 0x00, 0x00, 0x00, 0x00, 0x00,
    0x00, 0x00, 0x00, 0xff, 0xff, 0xff, 0xff, 0xff, 0xf5, 0x0f, 0xff, 0x70, 0x00, 0x00, 0x00, 0x00,
    0x00, 0x00, 0x00, 0xff, 0xff, 0xff, 0xff, 0xff, 0xf5, 0x0f, 0xff, 0xf7, 0x00, 0x00, 0x00, 0x00,
    0x00, 0x00, 0x00, 0xff, 0xff, 0xff, 0xff, 0xff, 0xf5, 0x0f, 0xff, 0xff, 0x70, 0x00, 0x00, 0x00,
    0x00, 0x00, 0x00, 0xff, 0xff, 0xff, 0xff, 0xff, 0xf6, 0x07, 0x77, 0x77, 0x71, 0x00, 0x00, 0x00,
    0x00, 0x00, 0x00, 0xff, 0xff, 0xff, 0xff, 0xff, 0xfb, 0x00, 0x00, 0x00, 0x00, 0x00, 0x00, 0x00,
    0x00, 0x00, 0x00, 0xff, 0xff, 0xff, 0xff, 0xff, 0xff, 0xfd, 0xdd, 0xdd, 0xd6, 0x00, 0x00, 0x00,
    0x00, 0x00, 0x00, 0xff, 0xff, 0xff, 0xff, 0xff, 0xff, 0xff, 0xff, 0xff, 0xf7, 0x00, 0x00, 0x00,
    0x00, 0x00, 0x00, 0xff, 0xff, 0xff, 0xff, 0xff, 0xff, 0xff, 0xff, 0xff, 0xf7, 0x00, 0x00, 0x00,
    0x00, 0x00, 0x00, 0xff, 0xff, 0xff, 0xff, 0xff, 0xff, 0xff, 0xff, 0xff, 0xf7, 0x00, 0x00, 0x00,
    0x00, 0x00, 0x00, 0xff, 0xff, 0xff, 0xbc, 0xff, 0xff, 0xae, 0xff, 0xff, 0xf7, 0x00, 0x00, 0x00,
    0x00, 0x00, 0x00, 0xff, 0xff, 0xf8, 0x00, 0xff, 0xf7, 0x02, 0xef, 0xff, 0xf7, 0x00, 0x00, 0x00,
    0x00, 0x00, 0x00, 0xff, 0xff, 0x80, 0x02, 0xff, 0xfa, 0x00, 0x2e, 0xff, 0xf7, 0x00, 0x00, 0x00,
    0x00, 0x00, 0x00, 0xff, 0xf9, 0x00, 0x2e, 0xff, 0xff, 0x80, 0x02, 0xff, 0xf7, 0x00, 0x00, 0x00,
    0x00, 0x00, 0x00, 0xff, 0xf5, 0x00, 0x7f, 0xff, 0xff, 0xe1, 0x00, 0xdf, 0xf7, 0x00, 0x00, 0x00,
    0x00, 0x00, 0x00, 0xff, 0xfe, 0x10, 0x09, 0xff, 0xfe, 0x20, 0x08, 0xff, 0xf7, 0x00, 0x00, 0x00,
    0x00, 0x00, 0x00, 0xff, 0xff, 0xd1, 0x00, 0xef, 0xf7, 0x00, 0x8f, 0xff, 0xf7, 0x00, 0x00, 0x00,
    0x00, 0x00, 0x00, 0xff, 0xff, 0xfd, 0x35, 0xff, 0xfb, 0x28, 0xff, 0xff, 0xf7, 0x00, 0x00, 0x00,
    0x00, 0x00, 0x00, 0xff, 0xff, 0xff, 0xff, 0xff, 0xff, 0xff, 0xff, 0xff, 0xf7, 0x00, 0x00, 0x00,
    0x00, 0x00, 0x00, 0xff, 0xff, 0xff, 0xff, 0xff, 0xff, 0xff, 0xff, 0xff, 0xf7, 0x00, 0x00, 0x00,
    0x00, 0x00, 0x00, 0xff, 0xff, 0xff, 0xff, 0xff, 0xff, 0xff, 0xff, 0xff, 0xf7, 0x00, 0x00, 0x00,
    0x00, 0x00, 0x00, 0xdf, 0xff, 0xff, 0xff, 0xff, 0xff, 0xff, 0xff, 0xff, 0xf5, 0x00, 0x00, 0x00,
    0x00, 0x00, 0x00, 0x6f, 0xff, 0xff, 0xff, 0xff, 0xff, 0xff, 0xff, 0xff, 0xd0, 0x00, 0x00, 0x00,
    0x00, 0x00, 0x00, 0x06, 0xdf, 0xff, 0xff, 0xff, 0xff, 0xff, 0xff, 0xfa, 0x10, 0x00, 0x00, 0x00,
    0x00, 0x00, 0x00, 0x00, 0x00, 0x00, 0x00, 0x00, 0x00, 0x00, 0x00, 0x00, 0x00, 0x00, 0x00, 0x00,
    0x00, 0x00, 0x00, 0x00, 0x00, 0x00, 0x00, 0x00, 0x00, 0x00, 0x00, 0x00, 0x00, 0x00, 0x00, 0x00,
    0x00, 0x00, 0x00, 0x00, 0x00, 0x00, 0x00, 0x00, 0x00, 0x00, 0x00, 0x00, 0x00, 0x00, 0x00, 0x00,

    /* U+E011 */
    0x00, 0x00, 0x00, 0x00, 0x00, 0x00, 0x00, 0x00, 0x00, 0x00, 0x00, 0x00, 0x00, 0x00, 0x00, 0x00,
    0x00, 0x00, 0x00, 0x00, 0x00, 0x00, 0x00, 0x00, 0x00, 0x00, 0x00, 0x00, 0x00, 0x00, 0x00, 0x00,
    0x00, 0x00, 0x00, 0x00, 0x00, 0x00, 0x00, 0x00, 0x00, 0x00, 0x00, 0x00, 0x00, 0x00, 0x00, 0x00,
    0x00, 0x00, 0x00, 0x06, 0xdf, 0xff, 0xff, 0xff, 0xf5, 0x07, 0x00, 0x00, 0x00, 0x00, 0x00, 0x00,
    0x00, 0x00, 0x00, 0x6f, 0xff, 0xff, 0xff, 0xff, 0xf5, 0x0f, 0x70, 0x00, 0x00, 0x00, 0x00, 0x00,
    0x00, 0x00, 0x00, 0xdf, 0xff, 0xff, 0xff, 0xff, 0xf5, 0x0f, 0xf7, 0x00, 0x00, 0x00, 0x00, 0x00,
    0x00, 0x00, 0x00, 0xff, 0xff, 0xff, 0xff, 0xff, 0xf5, 0x0f, 0xff, 0x70, 0x00, 0x00, 0x00, 0x00,
    0x00, 0x00, 0x00, 0xff, 0xff, 0xff, 0xff, 0xff, 0xf5, 0x0f, 0xff, 0xf7, 0x00, 0x00, 0x00, 0x00,
    0x00, 0x00, 0x00, 0xff, 0xff, 0xff, 0xff, 0xff, 0xf5, 0x0f, 0xff, 0xff, 0x70, 0x00, 0x00, 0x00,
    0x00, 0x00, 0x00, 0xff, 0xff, 0xff, 0xff, 0xff, 0xf6, 0x07, 0x77, 0x77, 0x71, 0x00, 0x00, 0x00,
    0x00, 0x00, 0x00, 0xff, 0xff, 0xff, 0xff, 0xff, 0xfb, 0x00, 0x00, 0x00, 0x00, 0x00, 0x00, 0x00,
    0x00, 0x00, 0x00, 0xff, 0xff, 0xff, 0xff, 0xff, 0xff, 0xfd, 0xdd, 0xdd, 0xd6, 0x00, 0x00, 0x00,
    0x00, 0x00, 0x00, 0xff, 0xff, 0xff, 0xff, 0xff, 0xff, 0xff, 0xff, 0xff, 0xf7, 0x00, 0x00, 0x00,
    0x00, 0x00, 0x00, 0xff, 0xff, 0xff, 0xff, 0xff, 0xff, 0xff, 0xff, 0xff, 0xf7, 0x00, 0x00, 0x00,
    0x00, 0x00, 0x00, 0xff, 0xff, 0xff, 0xff, 0xff, 0xff, 0xff, 0xff, 0xff, 0xf7, 0x00, 0x00, 0x00,
    0x00, 0x00, 0x00, 0xff, 0xff, 0xff, 0xbc, 0xff, 0xff, 0xae, 0xff, 0xff, 0xf7, 0x00, 0x00, 0x00,
    0x00, 0x00, 0x00, 0xff, 0xff, 0xf8, 0x00, 0xff, 0xf7, 0x02, 0xef, 0xff, 0xf7, 0x00, 0x00, 0x00,
    0x00, 0x00, 0x00, 0xff, 0xff, 0x80, 0x02, 0xff, 0xfa, 0x00, 0x2e, 0xff, 0xf7, 0x00, 0x00, 0x00,
    0x00, 0x00, 0x00, 0xff, 0xf9, 0x00, 0x2e, 0xff, 0xff, 0x80, 0x02, 0xff, 0xf7, 0x00, 0x00, 0x00,
    0x00, 0x00, 0x00, 0xff, 0xf5, 0x00, 0x7f, 0xff, 0xff, 0xe1, 0x00, 0xdf, 0xf7, 0x00, 0x00, 0x00,
    0x00, 0x00, 0x00, 0xff, 0xfe, 0x10, 0x09, 0xff, 0xfe, 0x20, 0x08, 0xff, 0xf7, 0x00, 0x00, 0x00,
    0x00, 0x00, 0x00, 0x22, 0x22, 0x22, 0x22, 0x22, 0x22, 0x22, 0x22, 0x22, 0x22, 0x20, 0x00, 0x00,
    0x00, 0x00, 0x00, 0x22, 0x22, 0x22, 0x22, 0x22, 0x22, 0x22, 0x22, 0x22, 0x22, 0x20, 0x00, 0x00,
    0x00, 0x00, 0x00, 0x22, 0x4f, 0xfe, 0x72, 0x2f, 0x72, 0x22, 0xaf, 0xc3, 0x22, 0x20, 0x00, 0x00,
    0x00, 0x00, 0x00, 0x22, 0x4c, 0x25, 0xe2, 0x6c, 0xb2, 0x26, 0xc3, 0x57, 0x22, 0x20, 0x00, 0x00,
    0x00, 0x00, 0x00, 0x22, 0x4c, 0x25, 0xe2, 0x97, 0xe2, 0x26, 0xb2, 0x22, 0x22, 0x20, 0x00, 0x00,
    0x00, 0x00, 0x00, 0x22, 0x4f, 0xfe, 0x72, 0xd4, 0xc5, 0x22, 0x7b, 0xa3, 0x22, 0x20, 0x00, 0x00,
    0x00, 0x00, 0x00, 0x22, 0x4c, 0x22, 0x24, 0xe2, 0x89, 0x22, 0x22, 0x4b, 0x22, 0x20, 0x00, 0x00,
    0x00, 0x00, 0x00, 0x22, 0x4c, 0x22, 0x28, 0xff, 0xfd, 0x26, 0x73, 0x6c, 0x22, 0x20, 0x00, 0x00,
    0x00, 0x00, 0x00, 0x22, 0x4c, 0x22, 0x2b, 0x62, 0x2e, 0x33, 0xaf, 0xd5, 0x22, 0x20, 0x00, 0x00,
    0x00, 0x00, 0x00, 0x22, 0x22, 0x22, 0x22, 0x22, 0x22, 0x22, 0x22, 0x22, 0x22, 0x20, 0x00, 0x00,
    0x00, 0x00, 0x00, 0x22, 0x22, 0x22, 0x22, 0x22, 0x22, 0x22, 0x22, 0x22, 0x22, 0x20, 0x00, 0x00,

    /* U+E012 */
    0x00, 0x00, 0x00, 0x00, 0x00, 0x00, 0x00, 0x00, 0x00, 0x00, 0x00, 0x00, 0x00, 0x00, 0x00, 0x00,
    0x00, 0x00, 0x00, 0x00, 0x00, 0x00, 0x00, 0x00, 0x00, 0x00, 0x00, 0x00, 0x00, 0x00, 0x00, 0x00,
    0x00, 0x00, 0x00, 0x00, 0x00, 0x00, 0x00, 0x00, 0x00, 0x00, 0x00, 0x00, 0x00, 0x00, 0x00, 0x00,
    0x00, 0x00, 0x00, 0x06, 0xdf, 0xff, 0xff, 0xff, 0xf5, 0x07, 0x00, 0x00, 0x00, 0x00, 0x00, 0x00,
    0x00, 0x00, 0x00, 0x6f, 0xff, 0xff, 0xff, 0xff, 0xf5, 0x0f, 0x70, 0x00, 0x00, 0x00, 0x00, 0x00,
    0x00, 0x00, 0x00, 0xdf, 0xff, 0xff, 0xff, 0xff, 0xf5, 0x0f, 0xf7, 0x00, 0x00, 0x00, 0x00, 0x00,
    0x00, 0x00, 0x00, 0xff, 0xff, 0xff, 0xff, 0xff, 0xf5, 0x0f, 0xff, 0x70, 0x00, 0x00, 0x00, 0x00,
    0x00, 0x00, 0x00, 0xff, 0xff, 0xff, 0xff, 0xff, 0xf5, 0x0f, 0xff, 0xf7, 0x00, 0x00, 0x00, 0x00,
    0x00, 0x00, 0x00, 0xff, 0xff, 0xff, 0xff, 0xff, 0xf5, 0x0f, 0xff, 0xff, 0x70, 0x00, 0x00, 0x00,
    0x00, 0x00, 0x00, 0xff, 0xff, 0xff, 0xff, 0xff, 0xf6, 0x07, 0x77, 0x77, 0x71, 0x00, 0x00, 0x00,
    0x00, 0x00, 0x00, 0xff, 0xff, 0xff, 0xff, 0xff, 0xfb, 0x00, 0x00, 0x00, 0x00, 0x00, 0x00, 0x00,
    0x00, 0x00, 0x00, 0xff, 0xff, 0xff, 0xff, 0xff, 0xff, 0xfd, 0xdd, 0xdd, 0xd6, 0x00, 0x00, 0x00,
    0x00, 0x00, 0x00, 0xff, 0xff, 0xff, 0xff, 0xff, 0xff, 0xff, 0xff, 0xff, 0xf7, 0x00, 0x00, 0x00,
    0x00, 0x00, 0x00, 0xff, 0xff, 0xff, 0xff, 0xff, 0xff, 0xff, 0xff, 0xff, 0xf7, 0x00, 0x00, 0x00,
    0x00, 0x00, 0x00, 0xff, 0xff, 0xff, 0xff, 0xff, 0xff, 0xff, 0xff, 0xff, 0xf7, 0x00, 0x00, 0x00,
    0x00, 0x00, 0x00, 0xff, 0xff, 0xff, 0xbc, 0xff, 0xff, 0xae, 0xff, 0xff, 0xf7, 0x00, 0x00, 0x00,
    0x00, 0x00, 0x00, 0xff, 0xff, 0xf8, 0x00, 0xff, 0xf7, 0x02, 0xef, 0xff, 0xf7, 0x00, 0x00, 0x00,
    0x00, 0x00, 0x00, 0xff, 0xff, 0x80, 0x02, 0xff, 0xfa, 0x00, 0x2e, 0xff, 0xf7, 0x00, 0x00, 0x00,
    0x00, 0x00, 0x00, 0xff, 0xf9, 0x00, 0x2e, 0xff, 0xff, 0x80, 0x02, 0xff, 0xf7, 0x00, 0x00, 0x00,
    0x00, 0x00, 0x00, 0xff, 0xf5, 0x00, 0x7f, 0xff, 0xff, 0xe1, 0x00, 0xdf, 0xf7, 0x00, 0x00, 0x00,
    0x00, 0x00, 0x00, 0xff, 0xfe, 0x10, 0x09, 0xff, 0xfe, 0x20, 0x08, 0xff, 0xf7, 0x00, 0x00, 0x00,
    0x00, 0x00, 0x00, 0xff, 0x22, 0x22, 0x22, 0x22, 0x22, 0x22, 0x22, 0x22, 0xf7, 0x00, 0x00, 0x00,
    0x00, 0x00, 0x00, 0xff, 0x22, 0x22, 0x22, 0x22, 0x22, 0x22, 0x22, 0x22, 0xf7, 0x00, 0x00, 0x00,
    0x00, 0x00, 0x00, 0xff, 0x22, 0x4f, 0xfe, 0x7a, 0x72, 0x3d, 0x32, 0x22, 0xf7, 0x00, 0x00, 0x00,
    0x00, 0x00, 0x00, 0xff, 0x22, 0x4c, 0x25, 0xe3, 0xd2, 0x88, 0x22, 0x22, 0xf7, 0x00, 0x00, 0x00,
    0x00, 0x00, 0x00, 0xff, 0x22, 0x4c, 0x25, 0xe2, 0x98, 0xd2, 0x22, 0x22, 0xf7, 0x00, 0x00, 0x00,
    0x00, 0x00, 0x00, 0xdf, 0x22, 0x4f, 0xfe, 0x72, 0x3e, 0x72, 0x22, 0x22, 0xf5, 0x00, 0x00, 0x00,
    0x00, 0x00, 0x00, 0x6f, 0x22, 0x4c, 0x22, 0x22, 0x2c, 0x42, 0x22, 0x22, 0xd0, 0x00, 0x00, 0x00,
    0x00, 0x00, 0x00, 0x06, 0x22, 0x4c, 0x22, 0x22, 0x2c, 0x42, 0x22, 0x22, 0x10, 0x00, 0x00, 0x00,
    0x00, 0x00, 0x00, 0x00, 0x22, 0x4c, 0x22, 0x22, 0x2c, 0x42, 0x22, 0x22, 0x00, 0x00, 0x00, 0x00,
    0x00, 0x00, 0x00, 0x00, 0x22, 0x22, 0x22, 0x22, 0x22, 0x22, 0x22, 0x22, 0x00, 0x00, 0x00, 0x00,
    0x00, 0x00, 0x00, 0x00, 0x22, 0x22, 0x22, 0x22, 0x22, 0x22, 0x22, 0x22, 0x00, 0x00, 0x00, 0x00,

    /* U+E013 */
    0x00, 0x00, 0x00, 0x00, 0x00, 0x00, 0x00, 0x00, 0x00, 0x00, 0x00, 0x00, 0x00, 0x00, 0x00, 0x00,
    0x00, 0x00, 0x00, 0x00, 0x00, 0x00, 0x00, 0x00, 0x00, 0x00, 0x00, 0x00, 0x00, 0x00, 0x00, 0x00,
    0x00, 0x00, 0x00, 0x00, 0x00, 0x00, 0x00, 0x00, 0x00, 0x00, 0x00, 0x00, 0x00, 0x00, 0x00, 0x00,
    0x00, 0x00, 0x00, 0x06, 0xdf, 0xff, 0xff, 0xff, 0xf5, 0x07, 0x00, 0x00, 0x00, 0x00, 0x00, 0x00,
    0x00, 0x00, 0x00, 0x6f, 0xff, 0xff, 0xff, 0xff, 0xf5, 0x0f, 0x70, 0x00, 0x00, 0x00, 0x00, 0x00,
    0x00, 0x00, 0x00, 0xdf, 0xff, 0xff, 0xff, 0xff, 0xf5, 0x0f, 0xf7, 0x00, 0x00, 0x00, 0x00, 0x00,
    0x00, 0x00, 0x00, 0xff, 0xff, 0xff, 0xff, 0xff, 0xf5, 0x0f, 0xff, 0x70, 0x00, 0x00, 0x00, 0x00,
    0x00, 0x00, 0x00, 0xff, 0xff, 0xff, 0xff, 0xff, 0xf5, 0x0f, 0xff, 0xf7, 0x00, 0x00, 0x00, 0x00,
    0x00, 0x00, 0x00, 0xff, 0xff, 0xff, 0xff, 0xff, 0xf5, 0x0f, 0xff, 0xff, 0x70, 0x00, 0x00, 0x00,
    0x00, 0x00, 0x00, 0xff, 0xff, 0xff, 0xff, 0xff, 0xf6, 0x07, 0x77, 0x77, 0x71, 0x00, 0x00, 0x00,
    0x00, 0x00, 0x00, 0xff, 0xff, 0xff, 0xff, 0xff, 0xfb, 0x00, 0x00, 0x00, 0x00, 0x00, 0x00, 0x00,
    0x00, 0x00, 0x00, 0xff, 0xff, 0xff, 0xff, 0xff, 0xff, 0xfd, 0xdd, 0xdd, 0xd6, 0x00, 0x00, 0x00,
    0x00, 0x00, 0x00, 0xff, 0xff, 0xff, 0xff, 0xff, 0xff, 0xff, 0xff, 0xff, 0xf7, 0x00, 0x00, 0x00,
    0x00, 0x00, 0x00, 0xff, 0xff, 0xff, 0xff, 0xff, 0xff, 0xff, 0xff, 0xff, 0xf7, 0x00, 0x00, 0x00,
    0x00, 0x00, 0x00, 0xff, 0xff, 0xff, 0xff, 0xff, 0xff, 0xff, 0xff, 0xff, 0xf7, 0x00, 0x00, 0x00,
    0x00, 0x00, 0x00, 0xff, 0xff, 0xff, 0xbc, 0xff, 0xff, 0xae, 0xff, 0xff, 0xf7, 0x00, 0x00, 0x00,
    0x00, 0x00, 0x00, 0xff, 0xff, 0xf8, 0x00, 0xff, 0xf7, 0x02, 0xef, 0xff, 0xf7, 0x00, 0x00, 0x00,
    0x00, 0x00, 0x00, 0xff, 0xff, 0x80, 0x02, 0xff, 0xfa, 0x00, 0x2e, 0xff, 0xf7, 0x00, 0x00, 0x00,
    0x00, 0x00, 0x00, 0xff, 0xf9, 0x00, 0x2e, 0xff, 0xff, 0x80, 0x02, 0xff, 0xf7, 0x00, 0x00, 0x00,
    0x00, 0x00, 0x00, 0xff, 0xf5, 0x00, 0x7f, 0xff, 0xff, 0xe1, 0x00, 0xdf, 0xf7, 0x00, 0x00, 0x00,
    0x00, 0x00, 0x00, 0xff, 0xfe, 0x10, 0x09, 0xff, 0xfe, 0x20, 0x08, 0xff, 0xf7, 0x00, 0x00, 0x00,
    0x00, 0x00, 0x00, 0xff, 0x22, 0x22, 0x22, 0x22, 0x22, 0x22, 0x22, 0x22, 0xf7, 0x00, 0x00, 0x00,
    0x00, 0x00, 0x00, 0xff, 0x22, 0x22, 0x22, 0x22, 0x22, 0x22, 0x22, 0x22, 0xf7, 0x00, 0x00, 0x00,
    0x00, 0x00, 0x00, 0xff, 0x22, 0x27, 0xff, 0x52, 0xaf, 0xc3, 0x22, 0x22, 0xf7, 0x00, 0x00, 0x00,
    0x00, 0x00, 0x00, 0xff, 0x22, 0x22, 0x2b, 0x56, 0xc3, 0x57, 0x22, 0x22, 0xf7, 0x00, 0x00, 0x00,
    0x00, 0x00, 0x00, 0xff, 0x22, 0x22, 0x2b, 0x56, 0xb2, 0x22, 0x22, 0x22, 0xf7, 0x00, 0x00, 0x00,
    0x00, 0x00, 0x00, 0xdf, 0x22, 0x22, 0x2b, 0x52, 0x7b, 0xa3, 0x22, 0x22, 0xf5, 0x00, 0x00, 0x00,
    0x00, 0x00, 0x00, 0x6f, 0x22, 0x22, 0x2b, 0x52, 0x22, 0x4b, 0x22, 0x22, 0xd0, 0x00, 0x00, 0x00,
    0x00, 0x00, 0x00, 0x06, 0x22, 0x22, 0x3d, 0x46, 0x73, 0x6c, 0x22, 0x22, 0x10, 0x00, 0x00, 0x00,
    0x00, 0x00, 0x00, 0x00, 0x22, 0x9f, 0xfb, 0x23, 0xaf, 0xd5, 0x22, 0x22, 0x00, 0x00, 0x00, 0x00,
    0x00, 0x00, 0x00, 0x00, 0x22, 0x22, 0x22, 0x22, 0x22, 0x22, 0x22, 0x22, 0x00, 0x00, 0x00, 0x00,
    0x00, 0x00, 0x00, 0x00, 0x22, 0x22, 0x22, 0x22, 0x22, 0x22, 0x22, 0x22, 0x00, 0x00, 0x00, 0x00,

    /* U+E014 */
    0x00, 0x00, 0x00, 0x00, 0x00, 0x00, 0x00, 0x00, 0x00, 0x00, 0x00, 0x00, 0x00, 0x00, 0x00, 0x00,
    0x00, 0x00, 0x00, 0x00, 0x00, 0x00, 0x00, 0x00, 0x00, 0x00, 0x00, 0x00, 0x00, 0x00, 0x00, 0x00,
    0x00, 0x00, 0x00, 0x00, 0x00, 0x00, 0x00, 0x00, 0x00, 0x00, 0x00, 0x00, 0x00, 0x00, 0x00, 0x00,
    0x00, 0x00, 0x00, 0x06, 0xdf, 0xff, 0xff, 0xff, 0xf5, 0x07, 0x00, 0x00, 0x00, 0x00, 0x00, 0x00,
    0x00, 0x00, 0x00, 0x6f, 0xff, 0xff, 0xff, 0xff, 0xf5, 0x0f, 0x70, 0x00, 0x00, 0x00, 0x00, 0x00,
    0x00, 0x00, 0x00, 0xdf, 0xff, 0xff, 0xff, 0xff, 0xf5, 0x0f, 0xf7, 0x00, 0x00, 0x00, 0x00, 0x00,
    0x00, 0x00, 0x00, 0xff, 0xff, 0xff, 0xff, 0xff, 0xf5, 0x0f, 0xff, 0x70, 0x00, 0x00, 0x00, 0x00,
    0x00, 0x00, 0x00, 0xff, 0xff, 0xff, 0xff, 0xff, 0xf5, 0x0f, 0xff, 0xf7, 0x00, 0x00, 0x00, 0x00,
    0x00, 0x00, 0x00, 0xff, 0xff, 0xff, 0xff, 0xff, 0xf5, 0x0f, 0xff, 0xff, 0x70, 0x00, 0x00, 0x00,
    0x00, 0x00, 0x00, 0xff, 0xff, 0xff, 0xff, 0xff, 0xf6, 0x07, 0x77, 0x77, 0x71, 0x00, 0x00, 0x00,
    0x00, 0x00, 0x00, 0xff, 0xff, 0xff, 0xff, 0xff, 0xfb, 0x00, 0x00, 0x00, 0x00, 0x00, 0x00, 0x00,
    0x00, 0x00, 0x00, 0xff, 0xff, 0xff, 0xff, 0xff, 0xff, 0xfd, 0xdd, 0xdd, 0xd6, 0x00, 0x00, 0x00,
    0x00, 0x00, 0x00, 0xff, 0xff, 0xff, 0xff, 0xff, 0xff, 0xff, 0xff, 0xff, 0xf7, 0x00, 0x00, 0x00,
    0x00, 0x00, 0x00, 0xff, 0xff, 0xff, 0xff, 0xff, 0xff, 0xff, 0xff, 0xff, 0xf7, 0x00, 0x00, 0x00,
    0x00, 0x00, 0x00, 0xff, 0xff, 0xff, 0xff, 0xff, 0xff, 0xff, 0xff, 0xff, 0xf7, 0x00, 0x00, 0x00,
    0x00, 0x00, 0x00, 0xff, 0xff, 0xff, 0xbc, 0xff, 0xff, 0xae, 0xff, 0xff, 0xf7, 0x00, 0x00, 0x00,
    0x00, 0x00, 0x00, 0xff, 0xff, 0xf8, 0x00, 0xff, 0xf7, 0x02, 0xef, 0xff, 0xf7, 0x00, 0x00, 0x00,
    0x00, 0x00, 0x00, 0xff, 0xff, 0x80, 0x02, 0xff, 0xfa, 0x00, 0x2e, 0xff, 0xf7, 0x00, 0x00, 0x00,
    0x00, 0x00, 0x00, 0xff, 0xf9, 0x00, 0x2e, 0xff, 0xff, 0x80, 0x02, 0xff, 0xf7, 0x00, 0x00, 0x00,
    0x00, 0x00, 0x00, 0xff, 0xf5, 0x00, 0x7f, 0xff, 0xff, 0xe1, 0x00, 0xdf, 0xf7, 0x00, 0x00, 0x00,
    0x00, 0x00, 0x00, 0xff, 0xfe, 0x10, 0x09, 0xff, 0xfe, 0x20, 0x08, 0xff, 0xf7, 0x00, 0x00, 0x00,
    0x00, 0x00, 0x00, 0xff, 0x22, 0x22, 0x22, 0x22, 0x22, 0x22, 0x22, 0x22, 0xf7, 0x00, 0x00, 0x00,
    0x00, 0x00, 0x00, 0xff, 0x22, 0x22, 0x22, 0x22, 0x22, 0x22, 0x22, 0x22, 0xf7, 0x00, 0x00, 0x00,
    0x00, 0x00, 0x00, 0xff, 0x22, 0xdf, 0xff, 0xf5, 0xaf, 0xc3, 0x22, 0x22, 0xf7, 0x00, 0x00, 0x00,
    0x00, 0x00, 0x00, 0xff, 0x22, 0x22, 0xc4, 0x26, 0xc3, 0x57, 0x22, 0x22, 0xf7, 0x00, 0x00, 0x00,
    0x00, 0x00, 0x00, 0xff, 0x22, 0x22, 0xc4, 0x26, 0xb2, 0x22, 0x22, 0x22, 0xf7, 0x00, 0x00, 0x00,
    0x00, 0x00, 0x00, 0xdf, 0x22, 0x22, 0xc4, 0x22, 0x7b, 0xa3, 0x22, 0x22, 0xf5, 0x00, 0x00, 0x00,
    0x00, 0x00, 0x00, 0x6f, 0x22, 0x22, 0xc4, 0x22, 0x22, 0x4b, 0x22, 0x22, 0xd0, 0x00, 0x00, 0x00,
    0x00, 0x00, 0x00, 0x06, 0x22, 0x22, 0xc4, 0x26, 0x73, 0x6c, 0x22, 0x22, 0x10, 0x00, 0x00, 0x00,
    0x00, 0x00, 0x00, 0x00, 0x22, 0x22, 0xc4, 0x23, 0xaf, 0xd5, 0x22, 0x22, 0x00, 0x00, 0x00, 0x00,
    0x00, 0x00, 0x00, 0x00, 0x22, 0x22, 0x22, 0x22, 0x22, 0x22, 0x22, 0x22, 0x00, 0x00, 0x00, 0x00,
    0x00, 0x00, 0x00, 0x00, 0x22, 0x22, 0x22, 0x22, 0x22, 0x22, 0x22, 0x22, 0x00, 0x00, 0x00, 0x00,

    /* U+E015 */
    0x00, 0x00, 0x00, 0x00, 0x00, 0x00, 0x00, 0x00, 0x00, 0x00, 0x00, 0x00, 0x00, 0x00, 0x00, 0x00,
    0x00, 0x00, 0x00, 0x00, 0x00, 0x00, 0x00, 0x00, 0x00, 0x00, 0x00, 0x00, 0x00, 0x00, 0x00, 0x00,
    0x00, 0x00, 0x00, 0x00, 0x00, 0x00, 0x00, 0x00, 0x00, 0x00, 0x00, 0x00, 0x00, 0x00, 0x00, 0x00,
    0x00, 0x00, 0x00, 0x06, 0xdf, 0xff, 0xff, 0xff, 0xf5, 0x07, 0x00, 0x00, 0x00, 0x00, 0x00, 0x00,
    0x00, 0x00, 0x00, 0x6f, 0xff, 0xff, 0xff, 0xff, 0xf5, 0x0f, 0x70, 0x00, 0x00, 0x00, 0x00, 0x00,
    0x00, 0x00, 0x00, 0xdf, 0xff, 0xff, 0xff, 0xff, 0xf5, 0x0f, 0xf7, 0x00, 0x00, 0x00, 0x00, 0x00,
    0x00, 0x00, 0x00, 0xff, 0xff, 0xff, 0xff, 0xff, 0xf5, 0x0f, 0xff, 0x70, 0x00, 0x00, 0x00, 0x00,
    0x00, 0x00, 0x00, 0xff, 0xff, 0xff, 0xff, 0xff, 0xf5, 0x0f, 0xff, 0xf7, 0x00, 0x00, 0x00, 0x00,
    0x00, 0x00, 0x00, 0xff, 0xff, 0xff, 0xff, 0xff, 0xf5, 0x0f, 0xff, 0xff, 0x70, 0x00, 0x00, 0x00,
    0x00, 0x00, 0x00, 0xff, 0xff, 0xff, 0xff, 0xff, 0xf6, 0x07, 0x77, 0x77, 0x71, 0x00, 0x00, 0x00,
    0x00, 0x00, 0x00, 0xff, 0xff, 0xff, 0xff, 0xff, 0xfb, 0x00, 0x00, 0x00, 0x00, 0x00, 0x00, 0x00,
    0x00, 0x00, 0x00, 0xff, 0xff, 0xff, 0xff, 0xff, 0xff, 0xfd, 0xdd, 0xdd, 0xd6, 0x00, 0x00, 0x00,
    0x00, 0x00, 0x00, 0xff, 0xff, 0xff, 0xff, 0xff, 0xff, 0xff, 0xff, 0xff, 0xf7, 0x00, 0x00, 0x00,
    0x00, 0x00, 0x00, 0xff, 0xff, 0xff, 0xff, 0xff, 0xff, 0xff, 0xff, 0xff, 0xf7, 0x00, 0x00, 0x00,
    0x00, 0x00, 0x00, 0xff, 0xff, 0xff, 0xff, 0xff, 0xff, 0xff, 0xff, 0xff, 0xf7, 0x00, 0x00, 0x00,
    0x00, 0x00, 0x00, 0xff, 0xff, 0xff, 0xbc, 0xff, 0xff, 0xae, 0xff, 0xff, 0xf7, 0x00, 0x00, 0x00,
    0x00, 0x00, 0x00, 0xff, 0xff, 0xf8, 0x00, 0xff, 0xf7, 0x02, 0xef, 0xff, 0xf7, 0x00, 0x00, 0x00,
    0x00, 0x00, 0x00, 0xff, 0xff, 0x80, 0x02, 0xff, 0xfa, 0x00, 0x2e, 0xff, 0xf7, 0x00, 0x00, 0x00,
    0x00, 0x00, 0x00, 0xff, 0xf9, 0x00, 0x2e, 0xff, 0xff, 0x80, 0x02, 0xff, 0xf7, 0x00, 0x00, 0x00,
    0x00, 0x00, 0x00, 0xff, 0xf5, 0x00, 0x7f, 0xff, 0xff, 0xe1, 0x00, 0xdf, 0xf7, 0x00, 0x00, 0x00,
    0x00, 0x00, 0x00, 0xff, 0xfe, 0x10, 0x09, 0xff, 0xfe, 0x20, 0x08, 0xff, 0xf7, 0x00, 0x00, 0x00,
    0x00, 0x00, 0x00, 0xff, 0xff, 0xd2, 0x22, 0x22, 0x22, 0x22, 0x2f, 0xff, 0xf7, 0x00, 0x00, 0x00,
    0x00, 0x00, 0x00, 0xff, 0xff, 0xf2, 0x22, 0x22, 0x22, 0x22, 0x2f, 0xff, 0xf7, 0x00, 0x00, 0x00,
    0x00, 0x00, 0x00, 0xff, 0xff, 0xf2, 0x22, 0x5d, 0xfc, 0x22, 0x2f, 0xff, 0xf7, 0x00, 0x00, 0x00,
    0x00, 0x00, 0x00, 0xff, 0xff, 0xf2, 0x23, 0xe5, 0x22, 0x22, 0x2f, 0xff, 0xf7, 0x00, 0x00, 0x00,
    0x00, 0x00, 0x00, 0xff, 0xff, 0xf2, 0x26, 0xb2, 0x22, 0x22, 0x2f, 0xff, 0xf7, 0x00, 0x00, 0x00,
    0x00, 0x00, 0x00, 0xdf, 0xff, 0xf2, 0x27, 0xa2, 0x22, 0x22, 0x2f, 0xff, 0xf5, 0x00, 0x00, 0x00,
    0x00, 0x00, 0x00, 0x6f, 0xff, 0xf2, 0x26, 0xb2, 0x22, 0x22, 0x2f, 0xff, 0xd0, 0x00, 0x00, 0x00,
    0x00, 0x00, 0x00, 0x06, 0xdf, 0xf2, 0x23, 0xe5, 0x22, 0x22, 0x2f, 0xfa, 0x10, 0x00, 0x00, 0x00,
    0x00, 0x00, 0x00, 0x00, 0x00, 0x02, 0x22, 0x6d, 0xfc, 0x22, 0x20, 0x00, 0x00, 0x00, 0x00, 0x00,
    0x00, 0x00, 0x00, 0x00, 0x00, 0x02, 0x22, 0x22, 0x22, 0x22, 0x20, 0x00, 0x00, 0x00, 0x00, 0x00,
    0x00, 0x00, 0x00, 0x00, 0x00, 0x02, 0x22, 0x22, 0x22, 0x22, 0x20, 0x00, 0x00, 0x00, 0x00, 0x00,

    /* U+E016 */
    0x00, 0x00, 0x00, 0x00, 0x00, 0x00, 0x00, 0x00, 0x00, 0x00, 0x00, 0x00, 0x00, 0x00, 0x00, 0x00,
    0x00, 0x00, 0x00, 0x00, 0x00, 0x00, 0x00, 0x00, 0x00, 0x00, 0x00, 0x00, 0x00, 0x00, 0x00, 0x00,
    0x00, 0x00, 0x00, 0x00, 0x00, 0x00, 0x00, 0x00, 0x00, 0x00, 0x00, 0x00, 0x00, 0x00, 0x00, 0x00,
    0x00, 0x00, 0x00, 0x06, 0xdf, 0xff, 0xff, 0xff, 0xf5, 0x07, 0x00, 0x00, 0x00, 0x00, 0x00, 0x00,
    0x00, 0x00, 0x00, 0x6f, 0xff, 0xff, 0xff, 0xff, 0xf5, 0x0f, 0x70, 0x00, 0x00, 0x00, 0x00, 0x00,
    0x00, 0x00, 0x00, 0xdf, 0xff, 0xff, 0xff, 0xff, 0xf5, 0x0f, 0xf7, 0x00, 0x00, 0x00, 0x00, 0x00,
    0x00, 0x00, 0x00, 0xff, 0xff, 0xff, 0xff, 0xff, 0xf5, 0x0f, 0xff, 0x70, 0x00, 0x00, 0x00, 0x00,
    0x00, 0x00, 0x00, 0xff, 0xff, 0xff, 0xff, 0xff, 0xf5, 0x0f, 0xff, 0xf7, 0x00, 0x00, 0x00, 0x00,
    0x00, 0x00, 0x00, 0xff, 0xff, 0xff, 0xff, 0xff, 0xf5, 0x0f, 0xff, 0xff, 0x70, 0x00, 0x00, 0x00,
    0x00, 0x00, 0x00, 0xff, 0xff, 0xff, 0xff, 0xff, 0xf6, 0x07, 0x77, 0x77, 0x71, 0x00, 0x00, 0x00,
    0x00, 0x00, 0x00, 0xff, 0xff, 0xff, 0xff, 0xff, 0xfb, 0x00, 0x00, 0x00, 0x00, 0x00, 0x00, 0x00,
    0x00, 0x00, 0x00, 0xff, 0xff, 0xff, 0xff, 0xff, 0xff, 0xfd, 0xdd, 0xdd, 0xd6, 0x00, 0x00, 0x00,
    0x00, 0x00, 0x00, 0xff, 0xff, 0xff, 0xff, 0xff, 0xff, 0xff, 0xff, 0xff, 0xf7, 0x00, 0x00, 0x00,
    0x00, 0x00, 0x00, 0xff, 0xff, 0xff, 0xff, 0xff, 0xff, 0xff, 0xff, 0xff, 0xf7, 0x00, 0x00, 0x00,
    0x00, 0x00, 0x00, 0xff, 0xff, 0xff, 0xff, 0xff, 0xff, 0xff, 0xff, 0xff, 0xf7, 0x00, 0x00, 0x00,
    0x00, 0x00, 0x00, 0xff, 0xff, 0xff, 0xbc, 0xff, 0xff, 0xae, 0xff, 0xff, 0xf7, 0x00, 0x00, 0x00,
    0x00, 0x00, 0x00, 0xff, 0xff, 0xf8, 0x00, 0xff, 0xf7, 0x02, 0xef, 0xff, 0xf7, 0x00, 0x00, 0x00,
    0x00, 0x00, 0x00, 0xff, 0xff, 0x80, 0x02, 0xff, 0xfa, 0x00, 0x2e, 0xff, 0xf7, 0x00, 0x00, 0x00,
    0x00, 0x00, 0x00, 0xff, 0xf9, 0x00, 0x2e, 0xff, 0xff, 0x80, 0x02, 0xff, 0xf7, 0x00, 0x00, 0x00,
    0x00, 0x00, 0x00, 0xff, 0xf5, 0x00, 0x7f, 0xff, 0xff, 0xe1, 0x00, 0xdf, 0xf7, 0x00, 0x00, 0x00,
    0x00, 0x00, 0x00, 0xff, 0xfe, 0x10, 0x09, 0xff, 0xfe, 0x20, 0x08, 0xff, 0xf7, 0x00, 0x00, 0x00,
    0x00, 0x00, 0x00, 0xff, 0xff, 0xd2, 0x22, 0x22, 0x22, 0x22, 0x2f, 0xff, 0xf7, 0x00, 0x00, 0x00,
    0x00, 0x00, 0x00, 0xff, 0xff, 0xf2, 0x22, 0x22, 0x22, 0x22, 0x2f, 0xff, 0xf7, 0x00, 0x00, 0x00,
    0x00, 0x00, 0x00, 0xff, 0xff, 0xf2, 0x27, 0x92, 0x3d, 0x22, 0x2f, 0xff, 0xf7, 0x00, 0x00, 0x00,
    0x00, 0x00, 0x00, 0xff, 0xff, 0xf2, 0x27, 0x92, 0x3d, 0x22, 0x2f, 0xff, 0xf7, 0x00, 0x00, 0x00,
    0x00, 0x00, 0x00, 0xff, 0xff, 0xf2, 0x27, 0x92, 0x3d, 0x22, 0x2f, 0xff, 0xf7, 0x00, 0x00, 0x00,
    0x00, 0x00, 0x00, 0xdf, 0xff, 0xf2, 0x27, 0xff, 0xfd, 0x22, 0x2f, 0xff, 0xf5, 0x00, 0x00, 0x00,
    0x00, 0x00, 0x00, 0x6f, 0xff, 0xf2, 0x27, 0x92, 0x3d, 0x22, 0x2f, 0xff, 0xd0, 0x00, 0x00, 0x00,
    0x00, 0x00, 0x00, 0x06, 0xdf, 0xf2, 0x27, 0x92, 0x3d, 0x22, 0x2f, 0xfa, 0x10, 0x00, 0x00, 0x00,
    0x00, 0x00, 0x00, 0x00, 0x00, 0x02, 0x27, 0x92, 0x3d, 0x22, 0x20, 0x00, 0x00, 0x00, 0x00, 0x00,
    0x00, 0x00, 0x00, 0x00, 0x00, 0x02, 0x22, 0x22, 0x22, 0x22, 0x20, 0x00, 0x00, 0x00, 0x00, 0x00,
    0x00, 0x00, 0x00, 0x00, 0x00, 0x02, 0x22, 0x22, 0x22, 0x22, 0x20, 0x00, 0x00, 0x00, 0x00, 0x00,

    /* U+E017 */
    0x00, 0x00, 0x00, 0x00, 0x00, 0x00, 0x00, 0x00, 0x00, 0x00, 0x00, 0x00, 0x00, 0x00, 0x00, 0x00,
    0x00, 0x00, 0x00, 0x00, 0x00, 0x00, 0x00, 0x00, 0x00, 0x00, 0x00, 0x00, 0x00, 0x00, 0x00, 0x00,
    0x00, 0x00, 0x00, 0x00, 0x00, 0x00, 0x00, 0x00, 0x00, 0x00, 0x00, 0x00, 0x00, 0x00, 0x00, 0x00,
    0x00, 0x00, 0x00, 0x06, 0xdf, 0xff, 0xff, 0xff, 0xf5, 0x07, 0x00, 0x00, 0x00, 0x00, 0x00, 0x00,
    0x00, 0x00, 0x00, 0x6f, 0xff, 0xff, 0xff, 0xff, 0xf5, 0x0f, 0x70, 0x00, 0x00, 0x00, 0x00, 0x00,
    0x00, 0x00, 0x00, 0xdf, 0xff, 0xff, 0xff, 0xff, 0xf5, 0x0f, 0xf7, 0x00, 0x00, 0x00, 0x00, 0x00,
    0x00, 0x00, 0x00, 0xff, 0xff, 0xff, 0xff, 0xff, 0xf5, 0x0f, 0xff, 0x70, 0x00, 0x00, 0x00, 0x00,
    0x00, 0x00, 0x00, 0xff, 0xff, 0xff, 0xff, 0xff, 0xf5, 0x0f, 0xff, 0xf7, 0x00, 0x00, 0x00, 0x00,
    0x00, 0x00, 0x00, 0xff, 0xff, 0xff, 0xff, 0xff, 0xf5, 0x0f, 0xff, 0xff, 0x70, 0x00, 0x00, 0x00,
    0x00, 0x00, 0x00, 0xff, 0xff, 0xff, 0xff, 0xff, 0xf6, 0x07, 0x77, 0x77, 0x71, 0x00, 0x00, 0x00,
    0x00, 0x00, 0x00, 0xff, 0xff, 0xff, 0xff, 0xff, 0xfb, 0x00, 0x00, 0x00, 0x00, 0x00, 0x00, 0x00,
    0x00, 0x00, 0x00, 0xff, 0xff, 0xff, 0xff, 0xff, 0xff, 0xfd, 0xdd, 0xdd, 0xd6, 0x00, 0x00, 0x00,
    0x00, 0x00, 0x00, 0xff, 0xff, 0xff, 0xff, 0xff, 0xff, 0xff, 0xff, 0xff, 0xf7, 0x00, 0x00, 0x00,
    0x00, 0x00, 0x00, 0xff, 0xff, 0xff, 0xff, 0xff, 0xff, 0xff, 0xff, 0xff, 0xf7, 0x00, 0x00, 0x00,
    0x00, 0x00, 0x00, 0xff, 0xff, 0xff, 0xff, 0xff, 0xff, 0xff, 0xff, 0xff, 0xf7, 0x00, 0x00, 0x00,
    0x00, 0x00, 0x00, 0xff, 0xff, 0xff, 0xbc, 0xff, 0xff, 0xae, 0xff, 0xff, 0xf7, 0x00, 0x00, 0x00,
    0x00, 0x00, 0x00, 0xff, 0xff, 0xf8, 0x00, 0xff, 0xf7, 0x02, 0xef, 0xff, 0xf7, 0x00, 0x00, 0x00,
    0x00, 0x00, 0x00, 0xff, 0xff, 0x80, 0x02, 0xff, 0xfa, 0x00, 0x2e, 0xff, 0xf7, 0x00, 0x00, 0x00,
    0x00, 0x00, 0x00, 0xff, 0xf9, 0x00, 0x2e, 0xff, 0xff, 0x80, 0x02, 0xff, 0xf7, 0x00, 0x00, 0x00,
    0x00, 0x00, 0x00, 0xff, 0xf5, 0x00, 0x7f, 0xff, 0xff, 0xe1, 0x00, 0xdf, 0xf7, 0x00, 0x00, 0x00,
    0x00, 0x00, 0x00, 0xff, 0xfe, 0x10, 0x09, 0xff, 0xfe, 0x20, 0x08, 0xff, 0xf7, 0x00, 0x00, 0x00,
    0x00, 0x00, 0x02, 0x22, 0x22, 0x22, 0x22, 0x22, 0x22, 0x22, 0x22, 0x22, 0x22, 0x20, 0x00, 0x00,
    0x00, 0x00, 0x02, 0x22, 0x22, 0x22, 0x22, 0x22, 0x22, 0x22, 0x22, 0x22, 0x22, 0x20, 0x00, 0x00,
    0x00, 0x00, 0x02, 0x22, 0x5d, 0xfc, 0x22, 0x22, 0x22, 0x22, 0x22, 0x22, 0x22, 0x20, 0x00, 0x00,
    0x00, 0x00, 0x02, 0x23, 0xe5, 0x22, 0x22, 0x22, 0x22, 0x22, 0x22, 0x22, 0x22, 0x20, 0x00, 0x00,
    0x00, 0x00, 0x02, 0x26, 0xb2, 0x22, 0x22, 0xb3, 0x22, 0x22, 0xb3, 0x22, 0x22, 0x20, 0x00, 0x00,
    0x00, 0x00, 0x02, 0x27, 0xa2, 0x22, 0x22, 0xb3, 0x22, 0x22, 0xb3, 0x22, 0x22, 0x20, 0x00, 0x00,
    0x00, 0x00, 0x02, 0x26, 0xb2, 0x22, 0xaf, 0xff, 0xf2, 0xaf, 0xff, 0xf2, 0x22, 0x20, 0x00, 0x00,
    0x00, 0x00, 0x02, 0x23, 0xe5, 0x22, 0x22, 0xb3, 0x22, 0x22, 0xb3, 0x22, 0x22, 0x20, 0x00, 0x00,
    0x00, 0x00, 0x02, 0x22, 0x6d, 0xfc, 0x22, 0xb3, 0x22, 0x22, 0xb3, 0x22, 0x22, 0x20, 0x00, 0x00,
    0x00, 0x00, 0x02, 0x22, 0x22, 0x22, 0x22, 0x22, 0x22, 0x22, 0x22, 0x22, 0x22, 0x20, 0x00, 0x00,
    0x00, 0x00, 0x02, 0x22, 0x22, 0x22, 0x22, 0x22, 0x22, 0x22, 0x22, 0x22, 0x22, 0x20, 0x00, 0x00,

    /* U+E018 */
    0x00, 0x00, 0x00, 0x00, 0x00, 0x00, 0x00, 0x00, 0x00, 0x00, 0x00, 0x00, 0x00, 0x00, 0x00, 0x00,
    0x00, 0x00, 0x00, 0x00, 0x00, 0x00, 0x00, 0x00, 0x00, 0x00, 0x00, 0x00, 0x00, 0x00, 0x00, 0x00,
    0x00, 0x00, 0x00, 0x00, 0x00, 0x00, 0x00, 0x00, 0x00, 0x00, 0x00, 0x00, 0x00, 0x00, 0x00, 0x00,
    0x00, 0x00, 0x00, 0x06, 0xdf, 0xff, 0xff, 0xff, 0xf5, 0x07, 0x00, 0x00, 0x00, 0x00, 0x00, 0x00,
    0x00, 0x00, 0x00, 0x6f, 0xff, 0xff, 0xff, 0xff, 0xf5, 0x0f, 0x70, 0x00, 0x00, 0x00, 0x00, 0x00,
    0x00, 0x00, 0x00, 0xdf, 0xff, 0xff, 0xff, 0xff, 0xf5, 0x0f, 0xf7, 0x00, 0x00, 0x00, 0x00, 0x00,
    0x00, 0x00, 0x00, 0xff, 0xff, 0xff, 0xff, 0xff, 0xf5, 0x0f, 0xff, 0x70, 0x00, 0x00, 0x00, 0x00,
    0x00, 0x00, 0x00, 0xff, 0xff, 0xff, 0xff, 0xff, 0xf5, 0x0f, 0xff, 0xf7, 0x00, 0x00, 0x00, 0x00,
    0x00, 0x00, 0x00, 0xff, 0xff, 0xff, 0xff, 0xff, 0xf5, 0x0f, 0xff, 0xff, 0x70, 0x00, 0x00, 0x00,
    0x00, 0x00, 0x00, 0xff, 0xff, 0xff, 0xff, 0xff, 0xf6, 0x07, 0x77, 0x77, 0x71, 0x00, 0x00, 0x00,
    0x00, 0x00, 0x00, 0xff, 0xff, 0xff, 0xff, 0xff, 0xfb, 0x00, 0x00, 0x00, 0x00, 0x00, 0x00, 0x00,
    0x00, 0x00, 0x00, 0xff, 0xff, 0xff, 0xff, 0xff, 0xff, 0xfd, 0xdd, 0xdd, 0xd6, 0x00, 0x00, 0x00,
    0x00, 0x00, 0x00, 0xff, 0xff, 0xff, 0xff, 0xff, 0xff, 0xff, 0xff, 0xff, 0xf7, 0x00, 0x00, 0x00,
    0x00, 0x00, 0x00, 0xff, 0xff, 0xff, 0xff, 0xff, 0xff, 0xff, 0xff, 0xff, 0xf7, 0x00, 0x00, 0x00,
    0x00, 0x00, 0x00, 0xff, 0xff, 0xff, 0xff, 0xff, 0xff, 0xff, 0xff, 0xff, 0xf7, 0x00, 0x00, 0x00,
    0x00, 0x00, 0x00, 0xff, 0xff, 0xff, 0xbc, 0xff, 0xff, 0xae, 0xff, 0xff, 0xf7, 0x00, 0x00, 0x00,
    0x00, 0x00, 0x00, 0xff, 0xff, 0xf8, 0x00, 0xff, 0xf7, 0x02, 0xef, 0xff, 0xf7, 0x00, 0x00, 0x00,
    0x00, 0x00, 0x00, 0xff, 0xff, 0x80, 0x02, 0xff, 0xfa, 0x00, 0x2e, 0xff, 0xf7, 0x00, 0x00, 0x00,
    0x00, 0x00, 0x00, 0xff, 0xf9, 0x00, 0x2e, 0xff, 0xff, 0x80, 0x02, 0xff, 0xf7, 0x00, 0x00, 0x00,
    0x00, 0x00, 0x00, 0xff, 0xf5, 0x00, 0x7f, 0xff, 0xff, 0xe1, 0x00, 0xdf, 0xf7, 0x00, 0x00, 0x00,
    0x00, 0x00, 0x00, 0xff, 0xfe, 0x10, 0x09, 0xff, 0xfe, 0x20, 0x08, 0xff, 0xf7, 0x00, 0x00, 0x00,
    0x00, 0x00, 0x00, 0xff, 0x22, 0x22, 0x22, 0x22, 0x22, 0x22, 0x22, 0x22, 0xf7, 0x00, 0x00, 0x00,
    0x00, 0x00, 0x00, 0xff, 0x22, 0x22, 0x22, 0x22, 0x22, 0x22, 0x22, 0x22, 0xf7, 0x00, 0x00, 0x00,
    0x00, 0x00, 0x00, 0xff, 0x22, 0x7f, 0xfd, 0x42, 0xaf, 0xc3, 0x22, 0x22, 0xf7, 0x00, 0x00, 0x00,
    0x00, 0x00, 0x00, 0xff, 0x22, 0x79, 0x29, 0xa6, 0xc3, 0x57, 0x22, 0x22, 0xf7, 0x00, 0x00, 0x00,
    0x00, 0x00, 0x00, 0xff, 0x22, 0x79, 0x28, 0xa6, 0xb2, 0x22, 0x22, 0x22, 0xf7, 0x00, 0x00, 0x00,
    0x00, 0x00, 0x00, 0xdf, 0x22, 0x7f, 0xfd, 0x32, 0x7b, 0xa3, 0x22, 0x22, 0xf5, 0x00, 0x00, 0x00,
    0x00, 0x00, 0x00, 0x6f, 0x22, 0x79, 0x3c, 0x52, 0x22, 0x4b, 0x22, 0x22, 0xd0, 0x00, 0x00, 0x00,
    0x00, 0x00, 0x00, 0x06, 0x22, 0x79, 0x25, 0xc6, 0x73, 0x6c, 0x22, 0x22, 0x10, 0x00, 0x00, 0x00,
    0x00, 0x00, 0x00, 0x00, 0x22, 0x79, 0x22, 0xc5, 0xaf, 0xd5, 0x22, 0x22, 0x00, 0x00, 0x00, 0x00,
    0x00, 0x00, 0x00, 0x00, 0x22, 0x22, 0x22, 0x22, 0x22, 0x22, 0x22, 0x22, 0x00, 0x00, 0x00, 0x00,
    0x00, 0x00, 0x00, 0x00, 0x22, 0x22, 0x22, 0x22, 0x22, 0x22, 0x22, 0x22, 0x00, 0x00, 0x00, 0x00,

    /* U+E019 */
    0x00, 0x00, 0x00, 0x00, 0x00, 0x00, 0x00, 0x00, 0x00, 0x00, 0x00, 0x00, 0x00, 0x00, 0x00, 0x00,
    0x00, 0x00, 0x00, 0x00, 0x00, 0x00, 0x00, 0x00, 0x00, 0x00, 0x00, 0x00, 0x00, 0x00, 0x00, 0x00,
    0x00, 0x00, 0x00, 0x00, 0x00, 0x00, 0x00, 0x00, 0x00, 0x00, 0x00, 0x00, 0x00, 0x00, 0x00, 0x00,
    0x00, 0x00, 0x00, 0x06, 0xdf, 0xff, 0xff, 0xff, 0xf5, 0x07, 0x00, 0x00, 0x00, 0x00, 0x00, 0x00,
    0x00, 0x00, 0x00, 0x6f, 0xff, 0xff, 0xff, 0xff, 0xf5, 0x0f, 0x70, 0x00, 0x00, 0x00, 0x00, 0x00,
    0x00, 0x00, 0x00, 0xdf, 0xff, 0xff, 0xff, 0xff, 0xf5, 0x0f, 0xf7, 0x00, 0x00, 0x00, 0x00, 0x00,
    0x00, 0x00, 0x00, 0xff, 0xff, 0xff, 0xff, 0xff, 0xf5, 0x0f, 0xff, 0x70, 0x00, 0x00, 0x00, 0x00,
    0x00, 0x00, 0x00, 0xff, 0xff, 0xff, 0xff, 0xff, 0xf5, 0x0f, 0xff, 0xf7, 0x00, 0x00, 0x00, 0x00,
    0x00, 0x00, 0x00, 0xff, 0xff, 0xff, 0xff, 0xff, 0xf5, 0x0f, 0xff, 0xff, 0x70, 0x00, 0x00, 0x00,
    0x00, 0x00, 0x00, 0xff, 0xff, 0xff, 0xff, 0xff, 0xf6, 0x07, 0x77, 0x77, 0x71, 0x00, 0x00, 0x00,
    0x00, 0x00, 0x00, 0xff, 0xff, 0xff, 0xff, 0xff, 0xfb, 0x00, 0x00, 0x00, 0x00, 0x00, 0x00, 0x00,
    0x00, 0x00, 0x00, 0xff, 0xff, 0xff, 0xff, 0xff, 0xff, 0xfd, 0xdd, 0xdd, 0xd6, 0x00, 0x00, 0x00,
    0x00, 0x00, 0x00, 0xff, 0xff, 0xff, 0xff, 0xff, 0xff, 0xff, 0xff, 0xff, 0xf7, 0x00, 0x00, 0x00,
    0x00, 0x00, 0x00, 0xff, 0xff, 0xff, 0xff, 0xff, 0xff, 0xff, 0xff, 0xff, 0xf7, 0x00, 0x00, 0x00,
    0x00, 0x00, 0x00, 0xff, 0xff, 0xff, 0xff, 0xff, 0xff, 0xff, 0xff, 0xff, 0xf7, 0x00, 0x00, 0x00,
    0x00, 0x00, 0x00, 0xff, 0xff, 0xff, 0xbc, 0xff, 0xff, 0xae, 0xff, 0xff, 0xf7, 0x00, 0x00, 0x00,
    0x00, 0x00, 0x00, 0xff, 0xff, 0xf8, 0x00, 0xff, 0xf7, 0x02, 0xef, 0xff, 0xf7, 0x00, 0x00, 0x00,
    0x00, 0x00, 0x00, 0xff, 0xff, 0x80, 0x02, 0xff, 0xfa, 0x00, 0x2e, 0xff, 0xf7, 0x00, 0x00, 0x00,
    0x00, 0x00, 0x00, 0xff, 0xf9, 0x00, 0x2e, 0xff, 0xff, 0x80, 0x02, 0xff, 0xf7, 0x00, 0x00, 0x00,
    0x00, 0x00, 0x00, 0xff, 0xf5, 0x00, 0x7f, 0xff, 0xff, 0xe1, 0x00, 0xdf, 0xf7, 0x00, 0x00, 0x00,
    0x00, 0x00, 0x00, 0xff, 0xfe, 0x10, 0x09, 0xff, 0xfe, 0x20, 0x08, 0xff, 0xf7, 0x00, 0x00, 0x00,
    0x00, 0x00, 0x00, 0xff, 0x22, 0x22, 0x22, 0x22, 0x22, 0x22, 0x22, 0x22, 0xf7, 0x00, 0x00, 0x00,
    0x00, 0x00, 0x00, 0xff, 0x22, 0x22, 0x22, 0x22, 0x22, 0x22, 0x22, 0x22, 0xf7, 0x00, 0x00, 0x00,
    0x00, 0x00, 0x00, 0xff, 0x22, 0x27, 0xef, 0xa2, 0x9f, 0xd4, 0x22, 0x22, 0xf7, 0x00, 0x00, 0x00,
    0x00, 0x00, 0x00, 0xff, 0x22, 0x4e, 0x42, 0x24, 0xd3, 0x8a, 0x22, 0x22, 0xf7, 0x00, 0x00, 0x00,
    0x00, 0x00, 0x00, 0xff, 0x22, 0x89, 0x22, 0x27, 0x92, 0x3d, 0x22, 0x22, 0xf7, 0x00, 0x00, 0x00,
    0x00, 0x00, 0x00, 0xdf, 0x22, 0x97, 0x2f, 0xe8, 0x82, 0x2e, 0x22, 0x22, 0xf5, 0x00, 0x00, 0x00,
    0x00, 0x00, 0x00, 0x6f, 0x22, 0x89, 0x22, 0xe7, 0x92, 0x3d, 0x22, 0x22, 0xd0, 0x00, 0x00, 0x00,
    0x00, 0x00, 0x00, 0x06, 0x22, 0x4e, 0x43, 0xe5, 0xd3, 0x8a, 0x22, 0x22, 0x10, 0x00, 0x00, 0x00,
    0x00, 0x00, 0x00, 0x00, 0x22, 0x27, 0xee, 0x72, 0x9f, 0xd4, 0x22, 0x22, 0x00, 0x00, 0x00, 0x00,
    0x00, 0x00, 0x00, 0x00, 0x22, 0x22, 0x22, 0x22, 0x22, 0x22, 0x22, 0x22, 0x00, 0x00, 0x00, 0x00,
    0x00, 0x00, 0x00, 0x00, 0x22, 0x22, 0x22, 0x22, 0x22, 0x22, 0x22, 0x22, 0x00, 0x00, 0x00, 0x00,

    /* U+E01A */
    0x00, 0x00, 0x00, 0x00, 0x00, 0x00, 0x00, 0x00, 0x00, 0x00, 0x00, 0x00, 0x00, 0x00, 0x00, 0x00,
    0x00, 0x00, 0x00, 0x00, 0x00, 0x00, 0x00, 0x00, 0x00, 0x00, 0x00, 0x00, 0x00, 0x00, 0x00, 0x00,
    0x00, 0x00, 0x00, 0x00, 0x00, 0x00, 0x00, 0x00, 0x00, 0x00, 0x00, 0x00, 0x00, 0x00, 0x00, 0x00,
    0x00, 0x00, 0x00, 0x06, 0xdf, 0xff, 0xff, 0xff, 0xf5, 0x07, 0x00, 0x00, 0x00, 0x00, 0x00, 0x00,
    0x00, 0x00, 0x00, 0x6f, 0xff, 0xff, 0xff, 0xff, 0xf5, 0x0f, 0x70, 0x00, 0x00, 0x00, 0x00, 0x00,
    0x00, 0x00, 0x00, 0xdf, 0xff, 0xff, 0xff, 0xff, 0xf5, 0x0f, 0xf7, 0x00, 0x00, 0x00, 0x00, 0x00,
    0x00, 0x00, 0x00, 0xff, 0xff, 0xff, 0xff, 0xff, 0xf5, 0x0f, 0xff, 0x70, 0x00, 0x00, 0x00, 0x00,
    0x00, 0x00, 0x00, 0xff, 0xff, 0xff, 0xff, 0xff, 0xf5, 0x0f, 0xff, 0xf7, 0x00, 0x00, 0x00, 0x00,
    0x00, 0x00, 0x00, 0xff, 0xff, 0xff, 0xff, 0xff, 0xf5, 0x0f, 0xff, 0xff, 0x70, 0x00, 0x00, 0x00,
    0x00, 0x00, 0x00, 0xff, 0xff, 0xff, 0xff, 0xff, 0xf6, 0x07, 0x77, 0x77, 0x71, 0x00, 0x00, 0x00,
    0x00, 0x00, 0x00, 0xff, 0xff, 0xff, 0xff, 0xff, 0xfb, 0x00, 0x00, 0x00, 0x00, 0x00, 0x00, 0x00,
    0x00, 0x00, 0x00, 0xff, 0xff, 0xff, 0xff, 0xff, 0xff, 0xfd, 0xdd, 0xdd, 0xd6, 0x00, 0x00, 0x00,
    0x00, 0x00, 0x00, 0xff, 0xff, 0xff, 0xff, 0xff, 0xff, 0xff, 0xff, 0xff, 0xf7, 0x00, 0x00, 0x00,
    0x00, 0x00, 0x00, 0xff, 0xff, 0xff, 0xff, 0xff, 0xff, 0xff, 0xff, 0xff, 0xf7, 0x00, 0x00, 0x00,
    0x00, 0x00, 0x00, 0xff, 0xff, 0xff, 0xff, 0xff, 0xff, 0xff, 0xff, 0xff, 0xf7, 0x00, 0x00, 0x00,
    0x00, 0x00, 0x00, 0xff, 0xff, 0xff, 0xbc, 0xff, 0xff, 0xae, 0xff, 0xff, 0xf7, 0x00, 0x00, 0x00,
    0x00, 0x00, 0x00, 0xff, 0xff, 0xf8, 0x00, 0xff, 0xf7, 0x02, 0xef, 0xff, 0xf7, 0x00, 0x00, 0x00,
    0x00, 0x00, 0x00, 0xff, 0xff, 0x80, 0x02, 0xff, 0xfa, 0x00, 0x2e, 0xff, 0xf7, 0x00, 0x00, 0x00,
    0x00, 0x00, 0x00, 0xff, 0xf9, 0x00, 0x2e, 0xff, 0xff, 0x80, 0x02, 0xff, 0xf7, 0x00, 0x00, 0x00,
    0x00, 0x00, 0x00, 0xff, 0xf5, 0x00, 0x7f, 0xff, 0xff, 0xe1, 0x00, 0xdf, 0xf7, 0x00, 0x00, 0x00,
    0x00, 0x00, 0x00, 0xff, 0xfe, 0x10, 0x09, 0xff, 0xfe, 0x20, 0x08, 0xff, 0xf7, 0x00, 0x00, 0x00,
    0x00, 0x00, 0x00, 0xff, 0x22, 0x22, 0x22, 0x22, 0x22, 0x22, 0x22, 0x22, 0xf7, 0x00, 0x00, 0x00,
    0x00, 0x00, 0x00, 0xff, 0x22, 0x22, 0x22, 0x22, 0x22, 0x22, 0x22, 0x22, 0xf7, 0x00, 0x00, 0x00,
    0x00, 0x00, 0x00, 0xff, 0x22, 0x7f, 0xfd, 0x46, 0xff, 0xd5, 0x22, 0x22, 0xf7, 0x00, 0x00, 0x00,
    0x00, 0x00, 0x00, 0xff, 0x22, 0x79, 0x29, 0xa6, 0xa2, 0x6b, 0x22, 0x22, 0xf7, 0x00, 0x00, 0x00,
    0x00, 0x00, 0x00, 0xff, 0x22, 0x79, 0x28, 0xa6, 0xa2, 0x7b, 0x22, 0x22, 0xf7, 0x00, 0x00, 0x00,
    0x00, 0x00, 0x00, 0xdf, 0x22, 0x7f, 0xfd, 0x36, 0xff, 0xf5, 0x22, 0x22, 0xf5, 0x00, 0x00, 0x00,
    0x00, 0x00, 0x00, 0x6f, 0x22, 0x79, 0x3c, 0x56, 0xa2, 0x5d, 0x22, 0x22, 0xd0, 0x00, 0x00, 0x00,
    0x00, 0x00, 0x00, 0x06, 0x22, 0x79, 0x25, 0xc6, 0xa2, 0x4e, 0x22, 0x22, 0x10, 0x00, 0x00, 0x00,
    0x00, 0x00, 0x00, 0x00, 0x22, 0x79, 0x22, 0xc8, 0xff, 0xe7, 0x22, 0x22, 0x00, 0x00, 0x00, 0x00,
    0x00, 0x00, 0x00, 0x00, 0x22, 0x22, 0x22, 0x22, 0x22, 0x22, 0x22, 0x22, 0x00, 0x00, 0x00, 0x00,
    0x00, 0x00, 0x00, 0x00, 0x22, 0x22, 0x22, 0x22, 0x22, 0x22, 0x22, 0x22, 0x00, 0x00, 0x00, 0x00,

    /* U+E01B */
    0x00, 0x00, 0x00, 0x00, 0x00, 0x00, 0x00, 0x00, 0x00, 0x00, 0x00, 0x00, 0x00, 0x00, 0x00, 0x00,
    0x00, 0x00, 0x00, 0x00, 0x00, 0x00, 0x00, 0x00, 0x00, 0x00, 0x00, 0x00, 0x00, 0x00, 0x00, 0x00,
    0x00, 0x00, 0x00, 0x00, 0x00, 0x00, 0x00, 0x00, 0x00, 0x00, 0x00, 0x00, 0x00, 0x00, 0x00, 0x00,
    0x00, 0x00, 0x00, 0x00, 0x00, 0x00, 0x00, 0x00, 0x00, 0x00, 0x00, 0x00, 0x00, 0x00, 0x00, 0x00,
    0x00, 0xbf, 0x80, 0x00, 0x00, 0x00, 0x00, 0x00, 0x00, 0x00, 0x00, 0x00, 0x00, 0x00, 0x00, 0x00,
    0x03, 0xff, 0xf9, 0x00, 0x00, 0x00, 0x00, 0x00, 0x00, 0x00, 0x00, 0x00, 0x00, 0x00, 0x00, 0x00,
    0x00, 0xef, 0xff, 0x90, 0x00, 0x00, 0x00, 0x00, 0x00, 0x00, 0x00, 0x00, 0x00, 0x00, 0x00, 0x00,
    0x00, 0x2e, 0xff, 0xf9, 0x00, 0x00, 0x00, 0x00, 0x00, 0x00, 0x00, 0x00, 0x00, 0x00, 0x00, 0x00,
    0x00, 0x02, 0xef, 0xff, 0x90, 0x00, 0x00, 0x00, 0x00, 0x00, 0x00, 0x00, 0x00, 0x00, 0x00, 0x00,
    0x00, 0x00, 0x2e, 0xff, 0xf9, 0x00, 0x00, 0x00, 0x00, 0x00, 0x00, 0x00, 0x00, 0x00, 0x00, 0x00,
    0x00, 0x00, 0x02, 0xef, 0xff, 0x90, 0x00, 0x00, 0x00, 0x00, 0x00, 0x00, 0x00, 0x00, 0x00, 0x00,
    0x00, 0x00, 0x00, 0x2e, 0xff, 0xf9, 0x00, 0x00, 0x00, 0x00, 0x00, 0x00, 0x00, 0x00, 0x00, 0x00,
    0x00, 0x00, 0x00, 0x02, 0xef, 0xff, 0x90, 0x00, 0x00, 0x00, 0x00, 0x00, 0x00, 0x00, 0x00, 0x00,
    0x00, 0x00, 0x00, 0x00, 0x2e, 0xff, 0xf9, 0x00, 0x00, 0x00, 0x00, 0x00, 0x00, 0x00, 0x00, 0x00,
    0x00, 0x00, 0x00, 0x00, 0x02, 0xef, 0xff, 0x70, 0x00, 0x00, 0x00, 0x00, 0x00, 0x00, 0x00, 0x00,
    0x00, 0x00, 0x00, 0x00, 0x00, 0x6f, 0xff, 0xb0, 0x00, 0x00, 0x00, 0x00, 0x00, 0x00, 0x00, 0x00,
    0x00, 0x00, 0x00, 0x00, 0x05, 0xff, 0xff, 0x40, 0x00, 0x00, 0x00, 0x00, 0x00, 0x00, 0x00, 0x00,
    0x00, 0x00, 0x00, 0x00, 0x5f, 0xff, 0xf5, 0x00, 0x00, 0x00, 0x00, 0x00, 0x00, 0x00, 0x00, 0x00,
    0x00, 0x00, 0x00, 0x05, 0xff, 0xff, 0x50, 0x00, 0x00, 0x00, 0x00, 0x00, 0x00, 0x00, 0x00, 0x00,
    0x00, 0x00, 0x00, 0x5f, 0xff, 0xf5, 0x00, 0x00, 0x00, 0x00, 0x00, 0x00, 0x00, 0x00, 0x00, 0x00,
    0x00, 0x00, 0x05, 0xff, 0xff, 0x50, 0x00, 0x00, 0x00, 0x00, 0x00, 0x00, 0x00, 0x00, 0x00, 0x00,
    0x00, 0x00, 0x5f, 0xff, 0x22, 0x22, 0x22, 0x22, 0x22, 0x22, 0x22, 0x22, 0x00, 0x00, 0x00, 0x00,
    0x00, 0x05, 0xff, 0xff, 0x22, 0x22, 0x22, 0x22, 0x22, 0x22, 0x22, 0x22, 0x00, 0x00, 0x00, 0x00,
    0x00, 0x5f, 0xff, 0xf5, 0x22, 0x2a, 0xfc, 0x37, 0x92, 0x3d, 0x22, 0x22, 0x88, 0x88, 0x87, 0x10,
    0x01, 0xff, 0xff, 0x50, 0x22, 0x6c, 0x35, 0x77, 0x92, 0x3d, 0x22, 0x22, 0xff, 0xff, 0xff, 0xd0,
    0x02, 0xff, 0xf5, 0x00, 0x22, 0x6b, 0x22, 0x27, 0x92, 0x3d, 0x22, 0x22, 0xff, 0xff, 0xff, 0xe0,
    0x00, 0x7b, 0x40, 0x00, 0x22, 0x27, 0xba, 0x37, 0xff, 0xfd, 0x22, 0x22, 0xcc, 0xcc, 0xcb, 0x40,
    0x00, 0x00, 0x00, 0x00, 0x22, 0x22, 0x24, 0xb7, 0x92, 0x3d, 0x22, 0x22, 0x00, 0x00, 0x00, 0x00,
    0x00, 0x00, 0x00, 0x00, 0x22, 0x67, 0x36, 0xc7, 0x92, 0x3d, 0x22, 0x22, 0x00, 0x00, 0x00, 0x00,
    0x00, 0x00, 0x00, 0x00, 0x22, 0x3a, 0xfd, 0x57, 0x92, 0x3d, 0x22, 0x22, 0x00, 0x00, 0x00, 0x00,
    0x00, 0x00, 0x00, 0x00, 0x22, 0x22, 0x22, 0x22, 0x22, 0x22, 0x22, 0x22, 0x00, 0x00, 0x00, 0x00,
    0x00, 0x00, 0x00, 0x00, 0x22, 0x22, 0x22, 0x22, 0x22, 0x22, 0x22, 0x22, 0x00, 0x00, 0x00, 0x00,

    /* U+E01C */
    0x00, 0x00, 0x00, 0x00, 0x00, 0x00, 0x00, 0x00, 0x00, 0x00, 0x00, 0x00, 0x00, 0x00, 0x00, 0x00,
    0x00, 0x00, 0x00, 0x00, 0x00, 0x00, 0x00, 0x00, 0x00, 0x00, 0x00, 0x00, 0x00, 0x00, 0x00, 0x00,
    0x00, 0x00, 0x00, 0x00, 0x00, 0x00, 0x00, 0x00, 0x00, 0x00, 0x00, 0x00, 0x00, 0x00, 0x00, 0x00,
    0x00, 0x00, 0x00, 0x06, 0xdf, 0xff, 0xff, 0xff, 0xf5, 0x07, 0x00, 0x00, 0x00, 0x00, 0x00, 0x00,
    0x00, 0x00, 0x00, 0x6f, 0xff, 0xff, 0xff, 0xff, 0xf5, 0x0f, 0x70, 0x00, 0x00, 0x00, 0x00, 0x00,
    0x00, 0x00, 0x00, 0xdf, 0xff, 0xff, 0xff, 0xff, 0xf5, 0x0f, 0xf7, 0x00, 0x00, 0x00, 0x00, 0x00,
    0x00, 0x00, 0x00, 0xff, 0xff, 0xff, 0xff, 0xff, 0xf5, 0x0f, 0xff, 0x70, 0x00, 0x00, 0x00, 0x00,
    0x00, 0x00, 0x00, 0xff, 0xff, 0xff, 0xff, 0xff, 0xf5, 0x0f, 0xff, 0xf7, 0x00, 0x00, 0x00, 0x00,
    0x00, 0x00, 0x00, 0xff, 0xff, 0xff, 0xff, 0xff, 0xf5, 0x0f, 0xff, 0xff, 0x70, 0x00, 0x00, 0x00,
    0x00, 0x00, 0x00, 0xff, 0xff, 0xff, 0xff, 0xff, 0xf6, 0x07, 0x77, 0x77, 0x71, 0x00, 0x00, 0x00,
    0x00, 0x00, 0x00, 0xff, 0xff, 0xff, 0xff, 0xff, 0xfb, 0x00, 0x00, 0x00, 0x00, 0x00, 0x00, 0x00,
    0x00, 0x00, 0x00, 0xff, 0xff, 0xff, 0xff, 0xff, 0xff, 0xfd, 0xdd, 0xdd, 0xd6, 0x00, 0x00, 0x00,
    0x00, 0x00, 0x00, 0xff, 0xff, 0xff, 0xff, 0xff, 0xff, 0xff, 0xff, 0xff, 0xf7, 0x00, 0x00, 0x00,
    0x00, 0x00, 0x00, 0xff, 0xff, 0xff, 0xff, 0xff, 0xff, 0xff, 0xff, 0xff, 0xf7, 0x00, 0x00, 0x00,
    0x00, 0x00, 0x00, 0xff, 0xff, 0xff, 0xff, 0xff, 0xff, 0xff, 0xff, 0xff, 0xf7, 0x00, 0x00, 0x00,
    0x00, 0x00, 0x00, 0xff, 0xff, 0xff, 0xbc, 0xff, 0xff, 0xae, 0xff, 0xff, 0xf7, 0x00, 0x00, 0x00,
    0x00, 0x00, 0x00, 0xff, 0xff, 0xf8, 0x00, 0xff, 0xf7, 0x02, 0xef, 0xff, 0xf7, 0x00, 0x00, 0x00,
    0x00, 0x00, 0x00, 0xff, 0xff, 0x80, 0x02, 0xff, 0xfa, 0x00, 0x2e, 0xff, 0xf7, 0x00, 0x00, 0x00,
    0x00, 0x00, 0x00, 0xff, 0xf9, 0x00, 0x2e, 0xff, 0xff, 0x80, 0x02, 0xff, 0xf7, 0x00, 0x00, 0x00,
    0x00, 0x00, 0x00, 0xff, 0xf5, 0x00, 0x7f, 0xff, 0xff, 0xe1, 0x00, 0xdf, 0xf7, 0x00, 0x00, 0x00,
    0x00, 0x00, 0x00, 0xff, 0xfe, 0x10, 0x09, 0xff, 0xfe, 0x20, 0x08, 0xff, 0xf7, 0x00, 0x00, 0x00,
    0x00, 0x00, 0x02, 0x22, 0x22, 0x22, 0x22, 0x22, 0x22, 0x22, 0x22, 0x22, 0x22, 0x20, 0x00, 0x00,
    0x00, 0x00, 0x02, 0x22, 0x22, 0x22, 0x22, 0x22, 0x22, 0x22, 0x22, 0x22, 0x22, 0x20, 0x00, 0x00,
    0x00, 0x00, 0x02, 0x22, 0x2f, 0x72, 0x2a, 0xfc, 0x32, 0xab, 0x26, 0xf2, 0x22, 0x20, 0x00, 0x00,
    0x00, 0x00, 0x02, 0x22, 0x6c, 0xb2, 0x6c, 0x35, 0x72, 0xad, 0x2a, 0xe2, 0x22, 0x20, 0x00, 0x00,
    0x00, 0x00, 0x02, 0x22, 0x97, 0xe2, 0x6b, 0x22, 0x22, 0xa9, 0x6a, 0xd2, 0x22, 0x20, 0x00, 0x00,
    0x00, 0x00, 0x02, 0x22, 0xd4, 0xc5, 0x27, 0xba, 0x32, 0xa6, 0xc8, 0xd2, 0x22, 0x20, 0x00, 0x00,
    0x00, 0x00, 0x02, 0x24, 0xe2, 0x89, 0x22, 0x24, 0xb2, 0xa5, 0xc5, 0xd2, 0x22, 0x20, 0x00, 0x00,
    0x00, 0x00, 0x02, 0x28, 0xff, 0xfd, 0x67, 0x36, 0xc2, 0xa5, 0x22, 0xd2, 0x22, 0x20, 0x00, 0x00,
    0x00, 0x00, 0x02, 0x2b, 0x62, 0x2e, 0x4a, 0xfd, 0x52, 0xa5, 0x22, 0xd2, 0x22, 0x20, 0x00, 0x00,
    0x00, 0x00, 0x02, 0x22, 0x22, 0x22, 0x22, 0x22, 0x22, 0x22, 0x22, 0x22, 0x22, 0x20, 0x00, 0x00,
    0x00, 0x00, 0x02, 0x22, 0x22, 0x22, 0x22, 0x22, 0x22, 0x22, 0x22, 0x22, 0x22, 0x20, 0x00, 0x00,

    /* U+E01D */
    0x00, 0x00, 0x00, 0x00, 0x00, 0x00, 0x00, 0x00, 0x00, 0x00, 0x00, 0x00, 0x00, 0x00, 0x00, 0x00,
    0x00, 0x00, 0x00, 0x00, 0x00, 0x00, 0x00, 0x00, 0x00, 0x00, 0x00, 0x00, 0x00, 0x00, 0x00, 0x00,
    0x00, 0x00, 0x00, 0x00, 0x00, 0x00, 0x00, 0x00, 0x00, 0x00, 0x00, 0x00, 0x00, 0x00, 0x00, 0x00,
    0x00, 0x00, 0x00, 0x06, 0xdf, 0xff, 0xff, 0xff, 0xf5, 0x07, 0x00, 0x00, 0x00, 0x00, 0x00, 0x00,
    0x00, 0x00, 0x00, 0x6f, 0xff, 0xff, 0xff, 0xff, 0xf5, 0x0f, 0x70, 0x00, 0x00, 0x00, 0x00, 0x00,
    0x00, 0x00, 0x00, 0xdf, 0xff, 0xff, 0xff, 0xff, 0xf5, 0x0f, 0xf7, 0x00, 0x00, 0x00, 0x00, 0x00,
    0x00, 0x00, 0x00, 0xff, 0xff, 0xff, 0xff, 0xff, 0xf5, 0x0f, 0xff, 0x70, 0x00, 0x00, 0x00, 0x00,
    0x00, 0x00, 0x00, 0xff, 0xff, 0xff, 0xff, 0xff, 0xf5, 0x0f, 0xff, 0xf7, 0x00, 0x00, 0x00, 0x00,
    0x00, 0x00, 0x00, 0xff, 0xff, 0xff, 0xff, 0xff, 0xf5, 0x0f, 0xff, 0xff, 0x70, 0x00, 0x00, 0x00,
    0x00, 0x00, 0x00, 0xff, 0xff, 0xff, 0xff, 0xff, 0xf6, 0x07, 0x77, 0x77, 0x71, 0x00, 0x00, 0x00,
    0x00, 0x00, 0x00, 0xff, 0xff, 0xff, 0xff, 0xff, 0xfb, 0x00, 0x00, 0x00, 0x00, 0x00, 0x00, 0x00,
    0x00, 0x00, 0x00, 0xff, 0xff, 0xff, 0xff, 0xff, 0xff, 0xfd, 0xdd, 0xdd, 0xd6, 0x00, 0x00, 0x00,
    0x00, 0x00, 0x00, 0xff, 0xff, 0xff, 0xff, 0xff, 0xff, 0xff, 0xff, 0xff, 0xf7, 0x00, 0x00, 0x00,
    0x00, 0x00, 0x00, 0xff, 0xff, 0xff, 0xff, 0xff, 0xff, 0xff, 0xff, 0xff, 0xf7, 0x00, 0x00, 0x00,
    0x00, 0x00, 0x00, 0xff, 0xff, 0xff, 0xff, 0xff, 0xff, 0xff, 0xff, 0xff, 0xf7, 0x00, 0x00, 0x00,
    0x00, 0x00, 0x00, 0xff, 0xff, 0xff, 0xbc, 0xff, 0xff, 0xae, 0xff, 0xff, 0xf7, 0x00, 0x00, 0x00,
    0x00, 0x00, 0x00, 0xff, 0xff, 0xf8, 0x00, 0xff, 0xf7, 0x02, 0xef, 0xff, 0xf7, 0x00, 0x00, 0x00,
    0x00, 0x00, 0x00, 0xff, 0xff, 0x80, 0x02, 0xff, 0xfa, 0x00, 0x2e, 0xff, 0xf7, 0x00, 0x00, 0x00,
    0x00, 0x00, 0x00, 0xff, 0xf9, 0x00, 0x2e, 0xff, 0xff, 0x80, 0x02, 0xff, 0xf7, 0x00, 0x00, 0x00,
    0x00, 0x00, 0x00, 0xff, 0xf5, 0x00, 0x7f, 0xff, 0xff, 0xe1, 0x00, 0xdf, 0xf7, 0x00, 0x00, 0x00,
    0x00, 0x00, 0x00, 0xff, 0xfe, 0x10, 0x09, 0xff, 0xfe, 0x20, 0x08, 0xff, 0xf7, 0x00, 0x00, 0x00,
    0x00, 0x00, 0x02, 0x22, 0x22, 0x22, 0x22, 0x22, 0x22, 0x22, 0x22, 0x22, 0x22, 0x20, 0x00, 0x00,
    0x00, 0x00, 0x02, 0x22, 0x22, 0x22, 0x22, 0x22, 0x22, 0x22, 0x22, 0x22, 0x22, 0x20, 0x00, 0x00,
    0x00, 0x00, 0x02, 0x23, 0xd2, 0x22, 0x79, 0x24, 0xc2, 0x22, 0xf7, 0x22, 0x22, 0x20, 0x00, 0x00,
    0x00, 0x00, 0x02, 0x23, 0xd2, 0x22, 0x79, 0x24, 0xc2, 0x26, 0xcb, 0x22, 0x22, 0x20, 0x00, 0x00,
    0x00, 0x00, 0x02, 0x23, 0xd2, 0x22, 0x79, 0x24, 0xc2, 0x29, 0x7e, 0x22, 0x22, 0x20, 0x00, 0x00,
    0x00, 0x00, 0x02, 0x23, 0xd2, 0x22, 0x79, 0x24, 0xc2, 0x2d, 0x4c, 0x52, 0x22, 0x20, 0x00, 0x00,
    0x00, 0x00, 0x02, 0x23, 0xd2, 0x22, 0x79, 0x24, 0xc2, 0x4e, 0x28, 0x92, 0x22, 0x20, 0x00, 0x00,
    0x00, 0x00, 0x02, 0x23, 0xd2, 0x22, 0x5c, 0x37, 0xb2, 0x8f, 0xff, 0xd2, 0x22, 0x20, 0x00, 0x00,
    0x00, 0x00, 0x02, 0x23, 0xff, 0xff, 0x2a, 0xfd, 0x42, 0xb6, 0x22, 0xe3, 0x22, 0x20, 0x00, 0x00,
    0x00, 0x00, 0x02, 0x22, 0x22, 0x22, 0x22, 0x22, 0x22, 0x22, 0x22, 0x22, 0x22, 0x20, 0x00, 0x00,
    0x00, 0x00, 0x02, 0x22, 0x22, 0x22, 0x22, 0x22, 0x22, 0x22, 0x22, 0x22, 0x22, 0x20, 0x00, 0x00,

    /* U+E01E */
    0x00, 0x00, 0x00, 0x00, 0x00, 0x00, 0x00, 0x00, 0x00, 0x00, 0x00, 0x00, 0x00, 0x00, 0x00, 0x00,
    0x00, 0x00, 0x00, 0x00, 0x00, 0x00, 0x00, 0x00, 0x00, 0x00, 0x00, 0x00, 0x00, 0x00, 0x00, 0x00,
    0x00, 0x00, 0x00, 0x00, 0x00, 0x00, 0x00, 0x00, 0x00, 0x00, 0x00, 0x00, 0x00, 0x00, 0x00, 0x00,
    0x00, 0x00, 0x00, 0x06, 0xdf, 0xff, 0xff, 0xff, 0xf5, 0x07, 0x00, 0x00, 0x00, 0x00, 0x00, 0x00,
    0x00, 0x00, 0x00, 0x6f, 0xff, 0xff, 0xff, 0xff, 0xf5, 0x0f, 0x70, 0x00, 0x00, 0x00, 0x00, 0x00,
    0x00, 0x00, 0x00, 0xdf, 0xff, 0xff, 0xff, 0xff, 0xf5, 0x0f, 0xf7, 0x00, 0x00, 0x00, 0x00, 0x00,
    0x00, 0x00, 0x00, 0xff, 0xff, 0xff, 0xff, 0xff, 0xf5, 0x0f, 0xff, 0x70, 0x00, 0x00, 0x00, 0x00,
    0x00, 0x00, 0x00, 0xff, 0xff, 0xff, 0xff, 0xff, 0xf5, 0x0f, 0xff, 0xf7, 0x00, 0x00, 0x00, 0x00,
    0x00, 0x00, 0x00, 0xff, 0xff, 0xff, 0xff, 0xff, 0xf5, 0x0f, 0xff, 0xff, 0x70, 0x00, 0x00, 0x00,
    0x00, 0x00, 0x00, 0xff, 0xff, 0xff, 0xff, 0xff, 0xf6, 0x07, 0x77, 0x77, 0x71, 0x00, 0x00, 0x00,
    0x00, 0x00, 0x00, 0xff, 0xff, 0xff, 0xff, 0xff, 0xfb, 0x00, 0x00, 0x00, 0x00, 0x00, 0x00, 0x00,
    0x00, 0x00, 0x00, 0xff, 0xff, 0xff, 0xff, 0xff, 0xff, 0xfd, 0xdd, 0xdd, 0xd6, 0x00, 0x00, 0x00,
    0x00, 0x00, 0x00, 0xff, 0xff, 0xff, 0xff, 0xff, 0xff, 0xff, 0xff, 0xff, 0xf7, 0x00, 0x00, 0x00,
    0x00, 0x00, 0x00, 0xff, 0xff, 0xff, 0xff, 0xff, 0xff, 0xff, 0xff, 0xff, 0xf7, 0x00, 0x00, 0x00,
    0x00, 0x00, 0x00, 0xff, 0xff, 0xff, 0xff, 0xff, 0xff, 0xff, 0xff, 0xff, 0xf7, 0x00, 0x00, 0x00,
    0x00, 0x00, 0x00, 0xff, 0xff, 0xff, 0xbc, 0xff, 0xff, 0xae, 0xff, 0xff, 0xf7, 0x00, 0x00, 0x00,
    0x00, 0x00, 0x00, 0xff, 0xff, 0xf8, 0x00, 0xff, 0xf7, 0x02, 0xef, 0xff, 0xf7, 0x00, 0x00, 0x00,
    0x00, 0x00, 0x00, 0xff, 0xff, 0x80, 0x02, 0xff, 0xfa, 0x00, 0x2e, 0xff, 0xf7, 0x00, 0x00, 0x00,
    0x00, 0x00, 0x00, 0xff, 0xf9, 0x00, 0x2e, 0xff, 0xff, 0x80, 0x02, 0xff, 0xf7, 0x00, 0x00, 0x00,
    0x00, 0x00, 0x00, 0xff, 0xf5, 0x00, 0x7f, 0xff, 0xff, 0xe1, 0x00, 0xdf, 0xf7, 0x00, 0x00, 0x00,
    0x00, 0x00, 0x00, 0x22, 0x22, 0x22, 0x22, 0x22, 0x22, 0x22, 0x22, 0x22, 0x22, 0x20, 0x00, 0x00,
    0x00, 0x00, 0x00, 0x22, 0x22, 0x22, 0x22, 0x22, 0x22, 0x22, 0x22, 0x22, 0x22, 0x20, 0x00, 0x00,
    0x00, 0x00, 0x00, 0x22, 0x2a, 0xfc, 0x32, 0x9f, 0xd4, 0x23, 0xd2, 0x22, 0x22, 0x20, 0x00, 0x00,
    0x00, 0x00, 0x00, 0x22, 0x6c, 0x35, 0x74, 0xd3, 0x8a, 0x23, 0xd2, 0x22, 0x22, 0x20, 0x00, 0x00,
    0x00, 0x00, 0x00, 0x22, 0x6b, 0x22, 0x27, 0x92, 0x3d, 0x23, 0xd2, 0x22, 0x22, 0x20, 0x00, 0x00,
    0x00, 0x00, 0x00, 0x22, 0x27, 0xba, 0x38, 0x82, 0x2e, 0x23, 0xd2, 0x22, 0x22, 0x20, 0x00, 0x00,
    0x00, 0x00, 0x00, 0x22, 0x22, 0x24, 0xb7, 0x92, 0x3d, 0x23, 0xd2, 0x22, 0x22, 0x20, 0x00, 0x00,
    0x00, 0x00, 0x00, 0x22, 0x67, 0x36, 0xc5, 0xd3, 0x8a, 0x23, 0xd2, 0x22, 0x22, 0x20, 0x00, 0x00,
    0x00, 0x00, 0x00, 0x22, 0x3a, 0xfd, 0x52, 0x9f, 0xe3, 0x23, 0xff, 0xff, 0x22, 0x20, 0x00, 0x00,
    0x00, 0x00, 0x00, 0x22, 0x22, 0x22, 0x22, 0x22, 0xa6, 0x22, 0x22, 0x22, 0x22, 0x20, 0x00, 0x00,
    0x00, 0x00, 0x00, 0x22, 0x22, 0x22, 0x22, 0x22, 0x22, 0x22, 0x22, 0x22, 0x22, 0x20, 0x00, 0x00,
    0x00, 0x00, 0x00, 0x22, 0x22, 0x22, 0x22, 0x22, 0x22, 0x22, 0x22, 0x22, 0x22, 0x20, 0x00, 0x00,

    /* U+E01F */
    0x00, 0x00, 0x00, 0x00, 0x00, 0x00, 0x00, 0x00, 0x00, 0x00, 0x00, 0x00, 0x00, 0x00, 0x00, 0x00,
    0x00, 0x00, 0x00, 0x00, 0x00, 0x00, 0x00, 0x00, 0x00, 0x00, 0x00, 0x00, 0x00, 0x00, 0x00, 0x00,
    0x00, 0x00, 0x00, 0x00, 0x00, 0x00, 0x00, 0x00, 0x00, 0x00, 0x00, 0x00, 0x00, 0x00, 0x00, 0x00,
    0x00, 0x00, 0x00, 0x06, 0xdf, 0xff, 0xff, 0xff, 0xf5, 0x07, 0x00, 0x00, 0x00, 0x00, 0x00, 0x00,
    0x00, 0x00, 0x00, 0x6f, 0xff, 0xff, 0xff, 0xff, 0xf5, 0x0f, 0x70, 0x00, 0x00, 0x00, 0x00, 0x00,
    0x00, 0x00, 0x00, 0xdf, 0xff, 0xff, 0xff, 0xff, 0xf5, 0x0f, 0xf7, 0x00, 0x00, 0x00, 0x00, 0x00,
    0x00, 0x00, 0x00, 0xff, 0xff, 0xff, 0xff, 0xff, 0xf5, 0x0f, 0xff, 0x70, 0x00, 0x00, 0x00, 0x00,
    0x00, 0x00, 0x00, 0xff, 0xff, 0xff, 0xff, 0xff, 0xf5, 0x0f, 0xff, 0xf7, 0x00, 0x00, 0x00, 0x00,
    0x00, 0x00, 0x00, 0xff, 0xff, 0xff, 0xff, 0xff, 0xf5, 0x0f, 0xff, 0xff, 0x70, 0x00, 0x00, 0x00,
    0x00, 0x00, 0x00, 0xff, 0xff, 0xff, 0xff, 0xff, 0xf6, 0x07, 0x77, 0x77, 0x71, 0x00, 0x00, 0x00,
    0x00, 0x00, 0x00, 0xff, 0xff, 0xff, 0xff, 0xff, 0xfb, 0x00, 0x00, 0x00, 0x00, 0x00, 0x00, 0x00,
    0x00, 0x00, 0x00, 0xff, 0xff, 0xff, 0xff, 0xff, 0xff, 0xfd, 0xdd, 0xdd, 0xd6, 0x00, 0x00, 0x00,
    0x00, 0x00, 0x00, 0xff, 0xff, 0xff, 0xff, 0xff, 0xff, 0xff, 0xff, 0xff, 0xf7, 0x00, 0x00, 0x00,
    0x00, 0x00, 0x00, 0xff, 0xff, 0xff, 0xff, 0xff, 0xff, 0xff, 0xff, 0xff, 0xf7, 0x00, 0x00, 0x00,
    0x00, 0x00, 0x00, 0xff, 0xff, 0xff, 0xff, 0xff, 0xff, 0xff, 0xff, 0xff, 0xf7, 0x00, 0x00, 0x00,
    0x00, 0x00, 0x00, 0xff, 0xff, 0xff, 0xbc, 0xff, 0xff, 0xae, 0xff, 0xff, 0xf7, 0x00, 0x00, 0x00,
    0x00, 0x00, 0x00, 0xff, 0xff, 0xf8, 0x00, 0xff, 0xf7, 0x02, 0xef, 0xff, 0xf7, 0x00, 0x00, 0x00,
    0x00, 0x00, 0x00, 0xff, 0xff, 0x80, 0x02, 0xff, 0xfa, 0x00, 0x2e, 0xff, 0xf7, 0x00, 0x00, 0x00,
    0x00, 0x00, 0x00, 0xff, 0xf9, 0x00, 0x2e, 0xff, 0xff, 0x80, 0x02, 0xff, 0xf7, 0x00, 0x00, 0x00,
    0x00, 0x00, 0x00, 0xff, 0xf5, 0x00, 0x7f, 0xff, 0xff, 0xe1, 0x00, 0xdf, 0xf7, 0x00, 0x00, 0x00,
    0x00, 0x00, 0x00, 0xff, 0xfe, 0x10, 0x09, 0xff, 0xfe, 0x20, 0x08, 0xff, 0xf7, 0x00, 0x00, 0x00,
    0x00, 0x00, 0x00, 0x22, 0x22, 0x22, 0x22, 0x22, 0x22, 0x22, 0x22, 0x22, 0x22, 0x20, 0x00, 0x00,
    0x00, 0x00, 0x00, 0x22, 0x22, 0x22, 0x22, 0x22, 0x22, 0x22, 0x22, 0x22, 0x22, 0x20, 0x00, 0x00,
    0x00, 0x00, 0x00, 0x22, 0x25, 0xdf, 0xc2, 0xaf, 0xc3, 0x22, 0xaf, 0xc3, 0x22, 0x20, 0x00, 0x00,
    0x00, 0x00, 0x00, 0x22, 0x3e, 0x52, 0x26, 0xc3, 0x57, 0x26, 0xc3, 0x57, 0x22, 0x20, 0x00, 0x00,
    0x00, 0x00, 0x00, 0x22, 0x6b, 0x22, 0x26, 0xb2, 0x22, 0x26, 0xb2, 0x22, 0x22, 0x20, 0x00, 0x00,
    0x00, 0x00, 0x00, 0x22, 0x7a, 0x22, 0x22, 0x7b, 0xa3, 0x22, 0x7b, 0xa3, 0x22, 0x20, 0x00, 0x00,
    0x00, 0x00, 0x00, 0x22, 0x6b, 0x22, 0x22, 0x22, 0x4b, 0x22, 0x22, 0x4b, 0x22, 0x20, 0x00, 0x00,
    0x00, 0x00, 0x00, 0x22, 0x3e, 0x52, 0x26, 0x73, 0x6c, 0x26, 0x73, 0x6c, 0x22, 0x20, 0x00, 0x00,
    0x00, 0x00, 0x00, 0x22, 0x26, 0xdf, 0xc3, 0xaf, 0xd5, 0x23, 0xaf, 0xd5, 0x22, 0x20, 0x00, 0x00,
    0x00, 0x00, 0x00, 0x22, 0x22, 0x22, 0x22, 0x22, 0x22, 0x22, 0x22, 0x22, 0x22, 0x20, 0x00, 0x00,
    0x00, 0x00, 0x00, 0x22, 0x22, 0x22, 0x22, 0x22, 0x22, 0x22, 0x22, 0x22, 0x22, 0x20, 0x00, 0x00,

    /* U+E020 */
    0x00, 0x00, 0x00, 0x00, 0x00, 0x00, 0x00, 0x00, 0x00, 0x00, 0x00, 0x00, 0x00, 0x00, 0x00, 0x00,
    0x00, 0x00, 0x00, 0x00, 0x00, 0x00, 0x00, 0x00, 0x00, 0x00, 0x00, 0x00, 0x00, 0x00, 0x00, 0x00,
    0x00, 0x00, 0x00, 0x00, 0x00, 0x00, 0x00, 0x00, 0x00, 0x00, 0x00, 0x00, 0x00, 0x00, 0x00, 0x00,
    0x00, 0x00, 0x00, 0x06, 0xdf, 0xff, 0xff, 0xff, 0xf5, 0x07, 0x00, 0x00, 0x00, 0x00, 0x00, 0x00,
    0x00, 0x00, 0x00, 0x6f, 0xff, 0xff, 0xff, 0xff, 0xf5, 0x0f, 0x70, 0x00, 0x00, 0x00, 0x00, 0x00,
    0x00, 0x00, 0x00, 0xdf, 0xff, 0xff, 0xff, 0xff, 0xf5, 0x0f, 0xf7, 0x00, 0x00, 0x00, 0x00, 0x00,
    0x00, 0x00, 0x00, 0xff, 0xff, 0xff, 0xff, 0xff, 0xf5, 0x0f, 0xff, 0x70, 0x00, 0x00, 0x00, 0x00,
    0x00, 0x00, 0x00, 0xff, 0xff, 0xff, 0xff, 0xff, 0xf5, 0x0f, 0xff, 0xf7, 0x00, 0x00, 0x00, 0x00,
    0x00, 0x00, 0x00, 0xff, 0xff, 0xff, 0xff, 0xff, 0xf5, 0x0f, 0xff, 0xff, 0x70, 0x00, 0x00, 0x00,
    0x00, 0x00, 0x00, 0xff, 0xff, 0xff, 0xff, 0xff, 0xf6, 0x07, 0x77, 0x77, 0x71, 0x00, 0x00, 0x00,
    0x00, 0x00, 0x00, 0xff, 0xff, 0xff, 0xff, 0xff, 0xfb, 0x00, 0x00, 0x00, 0x00, 0x00, 0x00, 0x00,
    0x00, 0x00, 0x00, 0xff, 0xff, 0xff, 0xff, 0xff, 0xff, 0xfd, 0xdd, 0xdd, 0xd6, 0x00, 0x00, 0x00,
    0x00, 0x00, 0x00, 0xff, 0xff, 0xff, 0xff, 0xff, 0xff, 0xff, 0xff, 0xff, 0xf7, 0x00, 0x00, 0x00,
    0x00, 0x00, 0x00, 0xff, 0xff, 0xff, 0xff, 0xff, 0xff, 0xff, 0xff, 0xff, 0xf7, 0x00, 0x00, 0x00,
    0x00, 0x00, 0x00, 0xff, 0xff, 0xff, 0xff, 0xff, 0xff, 0xff, 0xff, 0xff, 0xf7, 0x00, 0x00, 0x00,
    0x00, 0x00, 0x00, 0xff, 0xff, 0xff, 0xbc, 0xff, 0xff, 0xae, 0xff, 0xff, 0xf7, 0x00, 0x00, 0x00,
    0x00, 0x00, 0x00, 0xff, 0xff, 0xf8, 0x00, 0xff, 0xf7, 0x02, 0xef, 0xff, 0xf7, 0x00, 0x00, 0x00,
    0x00, 0x00, 0x00, 0xff, 0xff, 0x80, 0x02, 0xff, 0xfa, 0x00, 0x2e, 0xff, 0xf7, 0x00, 0x00, 0x00,
    0x00, 0x00, 0x00, 0xff, 0xf9, 0x00, 0x2e, 0xff, 0xff, 0x80, 0x02, 0xff, 0xf7, 0x00, 0x00, 0x00,
    0x00, 0x00, 0x00, 0xff, 0xf5, 0x00, 0x7f, 0xff, 0xff, 0xe1, 0x00, 0xdf, 0xf7, 0x00, 0x00, 0x00,
    0x00, 0x00, 0x00, 0xff, 0xfe, 0x10, 0x09, 0xff, 0xfe, 0x20, 0x08, 0xff, 0xf7, 0x00, 0x00, 0x00,
    0x00, 0x00, 0x02, 0x22, 0x22, 0x22, 0x22, 0x22, 0x22, 0x22, 0x22, 0x22, 0x22, 0x20, 0x00, 0x00,
    0x00, 0x00, 0x02, 0x22, 0x22, 0x22, 0x22, 0x22, 0x22, 0x22, 0x22, 0x22, 0x22, 0x20, 0x00, 0x00,
    0x00, 0x00, 0x02, 0x27, 0x92, 0x3d, 0xdf, 0xff, 0xf5, 0xab, 0x26, 0xf2, 0x22, 0x20, 0x00, 0x00,
    0x00, 0x00, 0x02, 0x27, 0x92, 0x3d, 0x22, 0xc4, 0x22, 0xad, 0x2a, 0xe2, 0x22, 0x20, 0x00, 0x00,
    0x00, 0x00, 0x02, 0x27, 0x92, 0x3d, 0x22, 0xc4, 0x22, 0xa9, 0x6a, 0xd2, 0x22, 0x20, 0x00, 0x00,
    0x00, 0x00, 0x02, 0x27, 0xff, 0xfd, 0x22, 0xc4, 0x22, 0xa6, 0xc8, 0xd2, 0x22, 0x20, 0x00, 0x00,
    0x00, 0x00, 0x02, 0x27, 0x92, 0x3d, 0x22, 0xc4, 0x22, 0xa5, 0xc5, 0xd2, 0x22, 0x20, 0x00, 0x00,
    0x00, 0x00, 0x02, 0x27, 0x92, 0x3d, 0x22, 0xc4, 0x22, 0xa5, 0x22, 0xd2, 0x22, 0x20, 0x00, 0x00,
    0x00, 0x00, 0x02, 0x27, 0x92, 0x3d, 0x22, 0xc4, 0x22, 0xa5, 0x22, 0xd2, 0x22, 0x20, 0x00, 0x00,
    0x00, 0x00, 0x02, 0x22, 0x22, 0x22, 0x22, 0x22, 0x22, 0x22, 0x22, 0x22, 0x22, 0x20, 0x00, 0x00,
    0x00, 0x00, 0x02, 0x22, 0x22, 0x22, 0x22, 0x22, 0x22, 0x22, 0x22, 0x22, 0x22, 0x20, 0x00, 0x00,

    /* U+E021 */
    0x00, 0x00, 0x00, 0x00, 0x00, 0x00, 0x00, 0x00, 0x00, 0x00, 0x00, 0x00, 0x00, 0x00, 0x00, 0x00,
    0x00, 0x00, 0x00, 0x00, 0x00, 0x00, 0x00, 0x00, 0x00, 0x00, 0x00, 0x00, 0x00, 0x00, 0x00, 0x00,
    0x00, 0x00, 0x00, 0x00, 0x00, 0x00, 0x00, 0x00, 0x00, 0x00, 0x00, 0x00, 0x00, 0x00, 0x00, 0x00,
    0x00, 0x00, 0x00, 0x06, 0xdf, 0xff, 0xff, 0xff, 0xf5, 0x07, 0x00, 0x00, 0x00, 0x00, 0x00, 0x00,
    0x00, 0x00, 0x00, 0x6f, 0xff, 0xff, 0xff, 0xff, 0xf5, 0x0f, 0x70, 0x00, 0x00, 0x00, 0x00, 0x00,
    0x00, 0x00, 0x00, 0xdf, 0xff, 0xff, 0xff, 0xff, 0xf5, 0x0f, 0xf7, 0x00, 0x00, 0x00, 0x00, 0x00,
    0x00, 0x00, 0x00, 0xff, 0xff, 0xff, 0xff, 0xff, 0xf5, 0x0f, 0xff, 0x70, 0x00, 0x00, 0x00, 0x00,
    0x00, 0x00, 0x00, 0xff, 0xff, 0xff, 0xff, 0xff, 0xf5, 0x0f, 0xff, 0xf7, 0x00, 0x00, 0x00, 0x00,
    0x00, 0x00, 0x00, 0xff, 0xff, 0xff, 0xff, 0xff, 0xf5, 0x0f, 0xff, 0xff, 0x70, 0x00, 0x00, 0x00,
    0x00, 0x00, 0x00, 0xff, 0xff, 0xff, 0xff, 0xff, 0xf6, 0x07, 0x77, 0x77, 0x71, 0x00, 0x00, 0x00,
    0x00, 0x00, 0x00, 0xff, 0xff, 0xff, 0xff, 0xff, 0xfb, 0x00, 0x00, 0x00, 0x00, 0x00, 0x00, 0x00,
    0x00, 0x00, 0x00, 0xff, 0xff, 0xff, 0xff, 0xff, 0xff, 0xfd, 0xdd, 0xdd, 0xd6, 0x00, 0x00, 0x00,
    0x00, 0x00, 0x00, 0xff, 0xff, 0xff, 0xff, 0xff, 0xff, 0xff, 0xff, 0xff, 0xf7, 0x00, 0x00, 0x00,
    0x00, 0x00, 0x00, 0xff, 0xff, 0xff, 0xff, 0xff, 0xff, 0xff, 0xff, 0xff, 0xf7, 0x00, 0x00, 0x00,
    0x00, 0x00, 0x00, 0xff, 0xff, 0xff, 0xff, 0xff, 0xff, 0xff, 0xff, 0xff, 0xf7, 0x00, 0x00, 0x00,
    0x00, 0x00, 0x00, 0xff, 0xff, 0xff, 0xbc, 0xff, 0xff, 0xae, 0xff, 0xff, 0xf7, 0x00, 0x00, 0x00,
    0x00, 0x00, 0x00, 0xff, 0xff, 0xf8, 0x00, 0xff, 0xf7, 0x02, 0xef, 0xff, 0xf7, 0x00, 0x00, 0x00,
    0x00, 0x00, 0x00, 0xff, 0xff, 0x80, 0x02, 0xff, 0xfa, 0x00, 0x2e, 0xff, 0xf7, 0x00, 0x00, 0x00,
    0x00, 0x00, 0x00, 0xff, 0xf9, 0x00, 0x2e, 0xff, 0xff, 0x80, 0x02, 0xff, 0xf7, 0x00, 0x00, 0x00,
    0x00, 0x00, 0x00, 0xff, 0xf5, 0x00, 0x7f, 0xff, 0xff, 0xe1, 0x00, 0xdf, 0xf7, 0x00, 0x00, 0x00,
    0x00, 0x00, 0x00, 0xff, 0xfe, 0x10, 0x09, 0xff, 0xfe, 0x20, 0x08, 0xff, 0xf7, 0x00, 0x00, 0x00,
    0x00, 0x00, 0x02, 0x22, 0x22, 0x22, 0x22, 0x22, 0x22, 0x22, 0x22, 0x22, 0x22, 0x20, 0x00, 0x00,
    0x00, 0x00, 0x02, 0x22, 0x22, 0x22, 0x22, 0x22, 0x22, 0x22, 0x22, 0x22, 0x22, 0x20, 0x00, 0x00,
    0x00, 0x00, 0x02, 0x24, 0xff, 0xe7, 0x79, 0x23, 0xd2, 0x4f, 0xfe, 0x72, 0x22, 0x20, 0x00, 0x00,
    0x00, 0x00, 0x02, 0x24, 0xc2, 0x5e, 0x79, 0x23, 0xd2, 0x4c, 0x25, 0xe2, 0x22, 0x20, 0x00, 0x00,
    0x00, 0x00, 0x02, 0x24, 0xc2, 0x5e, 0x79, 0x23, 0xd2, 0x4c, 0x25, 0xe2, 0x22, 0x20, 0x00, 0x00,
    0x00, 0x00, 0x02, 0x24, 0xff, 0xe7, 0x7f, 0xff, 0xd2, 0x4f, 0xfe, 0x72, 0x22, 0x20, 0x00, 0x00,
    0x00, 0x00, 0x02, 0x24, 0xc2, 0x22, 0x79, 0x23, 0xd2, 0x4c, 0x22, 0x22, 0x22, 0x20, 0x00, 0x00,
    0x00, 0x00, 0x02, 0x24, 0xc2, 0x22, 0x79, 0x23, 0xd2, 0x4c, 0x22, 0x22, 0x22, 0x20, 0x00, 0x00,
    0x00, 0x00, 0x02, 0x24, 0xc2, 0x22, 0x79, 0x23, 0xd2, 0x4c, 0x22, 0x22, 0x22, 0x20, 0x00, 0x00,
    0x00, 0x00, 0x02, 0x22, 0x22, 0x22, 0x22, 0x22, 0x22, 0x22, 0x22, 0x22, 0x22, 0x20, 0x00, 0x00,
    0x00, 0x00, 0x02, 0x22, 0x22, 0x22, 0x22, 0x22, 0x22, 0x22, 0x22, 0x22, 0x22, 0x20, 0x00, 0x00,

    /* U+E022 */
    0x00, 0x00, 0x00, 0x00, 0x00, 0x00, 0x00, 0x00, 0x00, 0x00, 0x00, 0x00, 0x00, 0x00, 0x00, 0x00,
    0x00, 0x00, 0x00, 0x00, 0x00, 0x00, 0x00, 0x00, 0x00, 0x00, 0x00, 0x00, 0x00, 0x00, 0x00, 0x00,
    0x00, 0x00, 0x00, 0x00, 0x00, 0x00, 0x00, 0x00, 0x00, 0x00, 0x00, 0x00, 0x00, 0x00, 0x00, 0x00,
    0x00, 0x00, 0x00, 0x06, 0xdf, 0xff, 0xff, 0xff, 0xf5, 0x07, 0x00, 0x00, 0x00, 0x00, 0x00, 0x00,
    0x00, 0x00, 0x00, 0x6f, 0xff, 0xff, 0xff, 0xff, 0xf5, 0x0f, 0x70, 0x00, 0x00, 0x00, 0x00, 0x00,
    0x00, 0x00, 0x00, 0xdf, 0xff, 0xff, 0xff, 0xff, 0xf5, 0x0f, 0xf7, 0x00, 0x00, 0x00, 0x00, 0x00,
    0x00, 0x00, 0x00, 0xff, 0xff, 0xff, 0xff, 0xff, 0xf5, 0x0f, 0xff, 0x70, 0x00, 0x00, 0x00, 0x00,
    0x00, 0x00, 0x00, 0xff, 0xff, 0xff, 0xff, 0xff, 0xf5, 0x0f, 0xff, 0xf7, 0x00, 0x00, 0x00, 0x00,
    0x00, 0x00, 0x00, 0xff, 0xff, 0xff, 0xff, 0xff, 0xf5, 0x0f, 0xff, 0xff, 0x70, 0x00, 0x00, 0x00,
    0x00, 0x00, 0x00, 0xff, 0xff, 0xff, 0xff, 0xff, 0xf6, 0x07, 0x77, 0x77, 0x71, 0x00, 0x00, 0x00,
    0x00, 0x00, 0x00, 0xff, 0xff, 0xff, 0xff, 0xff, 0xfb, 0x00, 0x00, 0x00, 0x00, 0x00, 0x00, 0x00,
    0x00, 0x00, 0x00, 0xff, 0xff, 0xff, 0xff, 0xff, 0xff, 0xfd, 0xdd, 0xdd, 0xd6, 0x00, 0x00, 0x00,
    0x00, 0x00, 0x00, 0xff, 0xff, 0xff, 0xff, 0xff, 0xff, 0xff, 0xff, 0xff, 0xf7, 0x00, 0x00, 0x00,
    0x00, 0x00, 0x00, 0xff, 0xff, 0xff, 0xff, 0xff, 0xff, 0xff, 0xff, 0xff, 0xf7, 0x00, 0x00, 0x00,
    0x00, 0x00, 0x00, 0xff, 0xff, 0xff, 0xff, 0xff, 0xff, 0xff, 0xff, 0xff, 0xf7, 0x00, 0x00, 0x00,
    0x00, 0x00, 0x00, 0xff, 0xff, 0xff, 0xbc, 0xff, 0xff, 0xae, 0xff, 0xff, 0xf7, 0x00, 0x00, 0x00,
    0x00, 0x00, 0x00, 0xff, 0xff, 0xf8, 0x00, 0xff, 0xf7, 0x02, 0xef, 0xff, 0xf7, 0x00, 0x00, 0x00,
    0x00, 0x00, 0x00, 0xff, 0xff, 0x80, 0x02, 0xff, 0xfa, 0x00, 0x2e, 0xff, 0xf7, 0x00, 0x00, 0x00,
    0x00, 0x00, 0x00, 0xff, 0xf9, 0x00, 0x2e, 0xff, 0xff, 0x80, 0x02, 0xff, 0xf7, 0x00, 0x00, 0x00,
    0x00, 0x00, 0x00, 0xff, 0xf5, 0x00, 0x7f, 0xff, 0xff, 0xe1, 0x00, 0xdf, 0xf7, 0x00, 0x00, 0x00,
    0x00, 0x00, 0x00, 0xff, 0xfe, 0x10, 0x09, 0xff, 0xfe, 0x20, 0x08, 0xff, 0xf7, 0x00, 0x00, 0x00,
    0x00, 0x00, 0x02, 0x22, 0x22, 0x22, 0x22, 0x22, 0x22, 0x22, 0x22, 0x22, 0x22, 0x20, 0x00, 0x00,
    0x00, 0x00, 0x02, 0x22, 0x22, 0x22, 0x22, 0x22, 0x22, 0x22, 0x22, 0x22, 0x22, 0x20, 0x00, 0x00,
    0x00, 0x00, 0x02, 0x22, 0x7f, 0xf5, 0x22, 0xf7, 0x22, 0xa6, 0x22, 0xe3, 0x22, 0x20, 0x00, 0x00,
    0x00, 0x00, 0x02, 0x22, 0x22, 0xb5, 0x26, 0xcb, 0x22, 0x79, 0x24, 0xc2, 0x22, 0x20, 0x00, 0x00,
    0x00, 0x00, 0x02, 0x22, 0x22, 0xb5, 0x29, 0x7e, 0x22, 0x3d, 0x27, 0x92, 0x22, 0x20, 0x00, 0x00,
    0x00, 0x00, 0x02, 0x22, 0x22, 0xb5, 0x2d, 0x4c, 0x52, 0x2c, 0x3a, 0x52, 0x22, 0x20, 0x00, 0x00,
    0x00, 0x00, 0x02, 0x22, 0x22, 0xb5, 0x4e, 0x28, 0x92, 0x29, 0x6d, 0x22, 0x22, 0x20, 0x00, 0x00,
    0x00, 0x00, 0x02, 0x22, 0x23, 0xd4, 0x8f, 0xff, 0xd2, 0x25, 0xbb, 0x22, 0x22, 0x20, 0x00, 0x00,
    0x00, 0x00, 0x02, 0x29, 0xff, 0xb2, 0xb6, 0x22, 0xe3, 0x22, 0xf7, 0x22, 0x22, 0x20, 0x00, 0x00,
    0x00, 0x00, 0x02, 0x22, 0x22, 0x22, 0x22, 0x22, 0x22, 0x22, 0x22, 0x22, 0x22, 0x20, 0x00, 0x00,
    0x00, 0x00, 0x02, 0x22, 0x22, 0x22, 0x22, 0x22, 0x22, 0x22, 0x22, 0x22, 0x22, 0x20, 0x00, 0x00,

    /* U+E023 */
    0x00, 0x00, 0x00, 0x00, 0x00, 0x00, 0x00, 0x00, 0x00, 0x00, 0x00, 0x00, 0x00, 0x00, 0x00, 0x00,
    0x00, 0x00, 0x00, 0x00, 0x00, 0x00, 0x00, 0x00, 0x00, 0x00, 0x00, 0x00, 0x00, 0x00, 0x00, 0x00,
    0x00, 0x00, 0x00, 0x00, 0x00, 0x00, 0x00, 0x00, 0x00, 0x00, 0x00, 0x00, 0x00, 0x00, 0x00, 0x00,
    0x00, 0x00, 0x00, 0x06, 0xdf, 0xff, 0xff, 0xff, 0xf5, 0x07, 0x00, 0x00, 0x00, 0x00, 0x00, 0x00,
    0x00, 0x00, 0x00, 0x6f, 0xff, 0xff, 0xff, 0xff, 0xf5, 0x0f, 0x70, 0x00, 0x00, 0x00, 0x00, 0x00,
    0x00, 0x00, 0x00, 0xdf, 0xff, 0xff, 0xff, 0xff, 0xf5, 0x0f, 0xf7, 0x00, 0x00, 0x00, 0x00, 0x00,
    0x00, 0x00, 0x00, 0xff, 0xff, 0xff, 0xff, 0xff, 0xf5, 0x0f, 0xff, 0x70, 0x00, 0x00, 0x00, 0x00,
    0x00, 0x00, 0x00, 0xff, 0xff, 0xff, 0xff, 0xff, 0xf5, 0x0f, 0xff, 0xf7, 0x00, 0x00, 0x00, 0x00,
    0x00, 0x00, 0x00, 0xff, 0xff, 0xff, 0xff, 0xff, 0xf5, 0x0f, 0xff, 0xff, 0x70, 0x00, 0x00, 0x00,
    0x00, 0x00, 0x00, 0xff, 0xff, 0xff, 0xff, 0xff, 0xf6, 0x07, 0x77, 0x77, 0x71, 0x00, 0x00, 0x00,
    0x00, 0x00, 0x00, 0xff, 0xff, 0xff, 0xff, 0xff, 0xfb, 0x00, 0x00, 0x00, 0x00, 0x00, 0x00, 0x00,
    0x00, 0x00, 0x00, 0xff, 0xff, 0xff, 0xff, 0xff, 0xff, 0xfd, 0xdd, 0xdd, 0xd6, 0x00, 0x00, 0x00,
    0x00, 0x00, 0x00, 0xff, 0xff, 0xff, 0xff, 0xff, 0xff, 0xff, 0xff, 0xff, 0xf7, 0x00, 0x00, 0x00,
    0x00, 0x00, 0x00, 0xff, 0xff, 0xff, 0xff, 0xff, 0xff, 0xff, 0xff, 0xff, 0xf7, 0x00, 0x00, 0x00,
    0x00, 0x00, 0x00, 0xff, 0xff, 0xff, 0xff, 0xff, 0xff, 0xff, 0xff, 0xff, 0xf7, 0x00, 0x00, 0x00,
    0x00, 0x00, 0x00, 0xff, 0xff, 0xff, 0xbc, 0xff, 0xff, 0xae, 0xff, 0xff, 0xf7, 0x00, 0x00, 0x00,
    0x00, 0x00, 0x00, 0xff, 0xff, 0xf8, 0x00, 0xff, 0xf7, 0x02, 0xef, 0xff, 0xf7, 0x00, 0x00, 0x00,
    0x00, 0x00, 0x00, 0xff, 0xff, 0x80, 0x02, 0xff, 0xfa, 0x00, 0x2e, 0xff, 0xf7, 0x00, 0x00, 0x00,
    0x00, 0x00, 0x00, 0xff, 0xf9, 0x00, 0x2e, 0xff, 0xff, 0x80, 0x02, 0xff, 0xf7, 0x00, 0x00, 0x00,
    0x00, 0x00, 0x00, 0xff, 0xf5, 0x00, 0x7f, 0xff, 0xff, 0xe1, 0x00, 0xdf, 0xf7, 0x00, 0x00, 0x00,
    0x00, 0x00, 0x00, 0xff, 0xfe, 0x10, 0x09, 0xff, 0xfe, 0x20, 0x08, 0xff, 0xf7, 0x00, 0x00, 0x00,
    0x00, 0x00, 0x00, 0xff, 0x22, 0x22, 0x22, 0x22, 0x22, 0x22, 0x22, 0x22, 0xf7, 0x00, 0x00, 0x00,
    0x00, 0x00, 0x00, 0xff, 0x22, 0x22, 0x22, 0x22, 0x22, 0x22, 0x22, 0x22, 0xf7, 0x00, 0x00, 0x00,
    0x00, 0x00, 0x00, 0xff, 0x22, 0x25, 0xdf, 0xc2, 0x2c, 0x3b, 0x22, 0x22, 0xf7, 0x00, 0x00, 0x00,
    0x00, 0x00, 0x00, 0xff, 0x22, 0x3e, 0x52, 0x22, 0x3b, 0x68, 0x22, 0x22, 0xf7, 0x00, 0x00, 0x00,
    0x00, 0x00, 0x00, 0xff, 0x22, 0x6b, 0x22, 0x29, 0xff, 0xff, 0x82, 0x22, 0xf7, 0x00, 0x00, 0x00,
    0x00, 0x00, 0x00, 0xdf, 0x22, 0x7a, 0x22, 0x22, 0x95, 0xb3, 0x22, 0x22, 0xf5, 0x00, 0x00, 0x00,
    0x00, 0x00, 0x00, 0x6f, 0x22, 0x6b, 0x22, 0x2f, 0xff, 0xfe, 0x22, 0x22, 0xd0, 0x00, 0x00, 0x00,
    0x00, 0x00, 0x00, 0x06, 0x22, 0x3e, 0x52, 0x22, 0xb5, 0x92, 0x22, 0x22, 0x10, 0x00, 0x00, 0x00,
    0x00, 0x00, 0x00, 0x00, 0x22, 0x26, 0xdf, 0xc5, 0x98, 0x62, 0x22, 0x22, 0x00, 0x00, 0x00, 0x00,
    0x00, 0x00, 0x00, 0x00, 0x22, 0x22, 0x22, 0x22, 0x22, 0x22, 0x22, 0x22, 0x00, 0x00, 0x00, 0x00,
    0x00, 0x00, 0x00, 0x00, 0x22, 0x22, 0x22, 0x22, 0x22, 0x22, 0x22, 0x22, 0x00, 0x00, 0x00, 0x00,





    /* U+E028 */
    0x00, 0x00, 0x00, 0x00, 0x00, 0x00, 0x00, 0x00, 0x00, 0x00, 0x00, 0x00, 0x00, 0x00, 0x00, 0x00,
    0x00, 0x00, 0x00, 0x00, 0x00, 0x00, 0x00, 0x00, 0x00, 0x00, 0x00, 0x00, 0x00, 0x00, 0x00, 0x00,
    0x00, 0x00, 0x00, 0x00, 0x00, 0x00, 0x00, 0x00, 0x00, 0x00, 0x00, 0x00, 0x00, 0x00, 0x00, 0x00,
    0x00, 0x00, 0x00, 0x07, 0xef, 0xff, 0xff, 0xff, 0xf5, 0x08, 0x00, 0x00, 0x00, 0x00, 0x00, 0x00,
    0x00, 0x00, 0x00, 0x6f, 0xff, 0xff, 0xff, 0xff, 0xf5, 0x0c, 0xc0, 0x00, 0x00, 0x00, 0x00, 0x00,
    0x00, 0x00, 0x00, 0xdf, 0xff, 0xff, 0xff, 0xff, 0xf5, 0x0c, 0xfc, 0x00, 0x00, 0x00, 0x00, 0x00,
    0x00, 0x00, 0x00, 0xff, 0xff, 0xff, 0xff, 0xff, 0xf5, 0x0c, 0xff, 0xc1, 0x00, 0x00, 0x00, 0x00,
    0x00, 0x00, 0x00, 0xff, 0xff, 0xff, 0xff, 0xff, 0xf5, 0x0c, 0xff, 0xfd, 0x10, 0x00, 0x00, 0x00,
    0x00, 0x00, 0x00, 0xff, 0xff, 0xff, 0xff, 0xff, 0xf5, 0x0c, 0xff, 0xff, 0xd1, 0x00, 0x00, 0x00,
    0x00, 0x00, 0x00, 0xff, 0xff, 0xff, 0xff, 0xff, 0xf6, 0x05, 0x77, 0x77, 0x74, 0x00, 0x00, 0x00,
    0x00, 0x00, 0x00, 0xff, 0xff, 0xff, 0xff, 0xff, 0xfc, 0x10, 0x00, 0x00, 0x00, 0x00, 0x00, 0x00,
    0x00, 0x00, 0x00, 0xff, 0xff, 0xff, 0xff, 0xff, 0xff, 0xfe, 0xee, 0xee, 0xed, 0x00, 0x00, 0x00,
    0x00, 0x00, 0x00, 0xff, 0xff, 0xff, 0xff, 0xff, 0xff, 0xff, 0xff, 0xff, 0xfe, 0x00, 0x00, 0x00,
    0x00, 0x00, 0x00, 0xff, 0xff, 0xff, 0xff, 0xff, 0xff, 0xff, 0xff, 0xff, 0xfe, 0x00, 0x00, 0x00,
    0x00, 0x00, 0x00, 0xff, 0xff, 0xff, 0xff, 0xff, 0xff, 0xff, 0xff, 0xff, 0xfe, 0x00, 0x00, 0x00,
    0x00, 0x00, 0x00, 0xff, 0xff, 0xff, 0xff, 0xff, 0xff, 0xff, 0xff, 0xff, 0xfe, 0x00, 0x00, 0x00,
    0x00, 0x00, 0x00, 0xff, 0xff, 0xf1, 0x00, 0x00, 0x00, 0x00, 0x2f, 0xff, 0xfe, 0x00, 0x00, 0x00,
    0x00, 0x00, 0x00, 0xff, 0xff, 0xf2, 0x00, 0x00, 0x00, 0x00, 0x3f, 0xff, 0xfe, 0x00, 0x00, 0x00,
    0x00, 0x00, 0x00, 0xff, 0xff, 0xff, 0xff, 0xff, 0xff, 0xff, 0xff, 0xff, 0xfe, 0x00, 0x00, 0x00,
    0x00, 0x00, 0x00, 0xff, 0xff, 0xfd, 0xcc, 0xcc, 0xcc, 0xcc, 0xef, 0xff, 0xfe, 0x00, 0x00, 0x00,
    0x00, 0x00, 0x00, 0xff, 0xff, 0xf1, 0x00, 0x00, 0x00, 0x00, 0x2f, 0xff, 0xfe, 0x00, 0x00, 0x00,
    0x00, 0x00, 0x02, 0x22, 0x22, 0x22, 0x22, 0x22, 0x22, 0x22, 0x22, 0x22, 0x22, 0x20, 0x00, 0x00,
    0x00, 0x00, 0x02, 0x22, 0x22, 0x22, 0x22, 0x22, 0x22, 0x22, 0x22, 0x22, 0x22, 0x20, 0x00, 0x00,
    0x00, 0x00, 0x02, 0x2d, 0xff, 0xff, 0x9a, 0x23, 0xd2, 0xdf, 0xff, 0xf5, 0x22, 0x20, 0x00, 0x00,
    0x00, 0x00, 0x02, 0x22, 0x2c, 0x42, 0x2c, 0x4a, 0x62, 0x22, 0xc4, 0x22, 0x22, 0x20, 0x00, 0x00,
    0x00, 0x00, 0x02, 0x22, 0x2c, 0x42, 0x25, 0xcb, 0x22, 0x22, 0xc4, 0x22, 0x22, 0x20, 0x00, 0x00,
    0x00, 0x00, 0x02, 0x22, 0x2c, 0x42, 0x22, 0xe7, 0x22, 0x22, 0xc4, 0x22, 0x22, 0x20, 0x00, 0x00,
    0x00, 0x00, 0x02, 0x22, 0x2c, 0x42, 0x28, 0x9d, 0x22, 0x22, 0xc4, 0x22, 0x22, 0x20, 0x00, 0x00,
    0x00, 0x00, 0x02, 0x22, 0x2c, 0x42, 0x3d, 0x28, 0x82, 0x22, 0xc4, 0x22, 0x22, 0x20, 0x00, 0x00,
    0x00, 0x00, 0x02, 0x22, 0x2c, 0x42, 0xa6, 0x22, 0xd3, 0x22, 0xc4, 0x22, 0x22, 0x20, 0x00, 0x00,
    0x00, 0x00, 0x02, 0x22, 0x22, 0x22, 0x22, 0x22, 0x22, 0x22, 0x22, 0x22, 0x22, 0x20, 0x00, 0x00,
    0x00, 0x00, 0x02, 0x22, 0x22, 0x22, 0x22, 0x22, 0x22, 0x22, 0x22, 0x22, 0x22, 0x20, 0x00, 0x00,

    /* U+E029 */
    0x00, 0x00, 0x00, 0x00, 0x00, 0x00, 0x00, 0x00, 0x00, 0x00, 0x00, 0x00, 0x00, 0x00, 0x00, 0x00,
    0x00, 0x00, 0x00, 0x00, 0x00, 0x00, 0x00, 0x00, 0x00, 0x00, 0x00, 0x00, 0x00, 0x00, 0x00, 0x00,
    0x00, 0x00, 0x00, 0x00, 0x00, 0x00, 0x00, 0x00, 0x00, 0x00, 0x00, 0x00, 0x00, 0x00, 0x00, 0x00,
    0x00, 0x00, 0x00, 0x07, 0xef, 0xff, 0xff, 0xff, 0xf5, 0x08, 0x00, 0x00, 0x00, 0x00, 0x00, 0x00,
    0x00, 0x00, 0x00, 0x6f, 0xff, 0xff, 0xff, 0xff, 0xf5, 0x0c, 0xc0, 0x00, 0x00, 0x00, 0x00, 0x00,
    0x00, 0x00, 0x00, 0xdf, 0xff, 0xff, 0xff, 0xff, 0xf5, 0x0c, 0xfc, 0x00, 0x00, 0x00, 0x00, 0x00,
    0x00, 0x00, 0x00, 0xff, 0xff, 0xff, 0xff, 0xff, 0xf5, 0x0c, 0xff, 0xc1, 0x00, 0x00, 0x00, 0x00,
    0x00, 0x00, 0x00, 0xff, 0xff, 0xff, 0xff, 0xff, 0xf5, 0x0c, 0xff, 0xfd, 0x10, 0x00, 0x00, 0x00,
    0x00, 0x00, 0x00, 0xff, 0xff, 0xff, 0xff, 0xff, 0xf5, 0x0c, 0xff, 0xff, 0xd1, 0x00, 0x00, 0x00,
    0x00, 0x00, 0x00, 0xff, 0xff, 0xff, 0xff, 0xff, 0xf6, 0x05, 0x77, 0x77, 0x74, 0x00, 0x00, 0x00,
    0x00, 0x00, 0x00, 0xff, 0xff, 0xff, 0xff, 0xff, 0xfc, 0x10, 0x00, 0x00, 0x00, 0x00, 0x00, 0x00,
    0x00, 0x00, 0x00, 0xff, 0xff, 0xff, 0xff, 0xff, 0xff, 0xfe, 0xee, 0xee, 0xed, 0x00, 0x00, 0x00,
    0x00, 0x00, 0x00, 0xff, 0xff, 0xff, 0xff, 0xff, 0xff, 0xff, 0xff, 0xff, 0xfe, 0x00, 0x00, 0x00,
    0x00, 0x00, 0x00, 0xff, 0xff, 0xff, 0xff, 0xff, 0xff, 0xff, 0xff, 0xff, 0xfe, 0x00, 0x00, 0x00,
    0x00, 0x00, 0x00, 0xff, 0xff, 0xff, 0xff, 0xff, 0xff, 0xff, 0xff, 0xff, 0xfe, 0x00, 0x00, 0x00,
    0x00, 0x00, 0x00, 0xff, 0xff, 0xff, 0xff, 0xff, 0xff, 0xff, 0xff, 0xff, 0xfe, 0x00, 0x00, 0x00,
    0x00, 0x00, 0x00, 0xff, 0xff, 0xf1, 0x00, 0x00, 0x00, 0x00, 0x2f, 0xff, 0xfe, 0x00, 0x00, 0x00,
    0x00, 0x00, 0x00, 0xff, 0xff, 0xf2, 0x00, 0x00, 0x00, 0x00, 0x3f, 0xff, 0xfe, 0x00, 0x00, 0x00,
    0x00, 0x00, 0x00, 0xff, 0xff, 0xff, 0xff, 0xff, 0xff, 0xff, 0xff, 0xff, 0xfe, 0x00, 0x00, 0x00,
    0x00, 0x00, 0x00, 0xff, 0xff, 0xfd, 0xcc, 0xcc, 0xcc, 0xcc, 0xef, 0xff, 0xfe, 0x00, 0x00, 0x00,
    0x00, 0x00, 0x00, 0xff, 0xff, 0xf1, 0x00, 0x00, 0x00, 0x00, 0x2f, 0xff, 0xfe, 0x00, 0x00, 0x00,
    0x00, 0x00, 0x00, 0xff, 0x22, 0x22, 0x22, 0x22, 0x22, 0x22, 0x22, 0x22, 0xfe, 0x00, 0x00, 0x00,
    0x00, 0x00, 0x00, 0xff, 0x22, 0x22, 0x22, 0x22, 0x22, 0x22, 0x22, 0x22, 0xfe, 0x00, 0x00, 0x00,
    0x00, 0x00, 0x00, 0xff, 0x22, 0xab, 0x26, 0xf8, 0xfe, 0xa2, 0x22, 0x22, 0xfe, 0x00, 0x00, 0x00,
    0x00, 0x00, 0x00, 0xff, 0x22, 0xad, 0x2a, 0xe8, 0x93, 0xb8, 0x22, 0x22, 0xfe, 0x00, 0x00, 0x00,
    0x00, 0x00, 0x00, 0xff, 0x22, 0xa9, 0x6a, 0xd8, 0x92, 0x5c, 0x22, 0x22, 0xfe, 0x00, 0x00, 0x00,
    0x00, 0x00, 0x00, 0xdf, 0x22, 0xa6, 0xc8, 0xd8, 0x92, 0x3d, 0x22, 0x22, 0xfc, 0x00, 0x00, 0x00,
    0x00, 0x00, 0x00, 0x6f, 0x22, 0xa5, 0xc5, 0xd8, 0x92, 0x5c, 0x22, 0x22, 0xf4, 0x00, 0x00, 0x00,
    0x00, 0x00, 0x00, 0x06, 0x22, 0xa5, 0x22, 0xd8, 0x93, 0xb8, 0x22, 0x22, 0x50, 0x00, 0x00, 0x00,
    0x00, 0x00, 0x00, 0x00, 0x22, 0xa5, 0x22, 0xd8, 0xfe, 0xa2, 0x22, 0x22, 0x00, 0x00, 0x00, 0x00,
    0x00, 0x00, 0x00, 0x00, 0x22, 0x22, 0x22, 0x22, 0x22, 0x22, 0x22, 0x22, 0x00, 0x00, 0x00, 0x00,
    0x00, 0x00, 0x00, 0x00, 0x22, 0x22, 0x22, 0x22, 0x22, 0x22, 0x22, 0x22, 0x00, 0x00, 0x00, 0x00,

    /* U+E02A */
    0x00, 0x00, 0x00, 0x00, 0x00, 0x00, 0x00, 0x00, 0x00, 0x00, 0x00, 0x00, 0x00, 0x00, 0x00, 0x00,
    0x00, 0x00, 0x00, 0x00, 0x00, 0x00, 0x00, 0x00, 0x00, 0x00, 0x00, 0x00, 0x00, 0x00, 0x00, 0x00,
    0x00, 0x00, 0x00, 0x00, 0x00, 0x00, 0x00, 0x00, 0x00, 0x00, 0x00, 0x00, 0x00, 0x00, 0x00, 0x00,
    0x00, 0x00, 0x05, 0x77, 0x77, 0x77, 0x77, 0x20, 0x10, 0x00, 0x00, 0x00, 0x00, 0x00, 0x00, 0x00,
    0x00, 0x01, 0xdf, 0xff, 0xff, 0xff, 0xff, 0x61, 0xd1, 0x00, 0x00, 0x00, 0x00, 0x00, 0x00, 0x00,
    0x00, 0x0b, 0xff, 0xff, 0xff, 0xff, 0xff, 0x61, 0xfe, 0x20, 0x00, 0x00, 0x00, 0x00, 0x00, 0x00,
    0x00, 0x0f, 0xff, 0xff, 0xff, 0xff, 0xff, 0x61, 0xff, 0xe2, 0x00, 0x00, 0x00, 0x00, 0x00, 0x00,
    0x00, 0x0f, 0xff, 0xff, 0xff, 0xff, 0xff, 0x61, 0xff, 0xfe, 0x30, 0x00, 0x00, 0x00, 0x00, 0x00,
    0x00, 0x0f, 0xff, 0xff, 0xff, 0xff, 0xff, 0x61, 0xff, 0xff, 0xf4, 0x00, 0x00, 0x00, 0x00, 0x00,
    0x00, 0x0f, 0xff, 0xff, 0xff, 0xff, 0xff, 0x61, 0xff, 0xff, 0xff, 0x50, 0x00, 0x00, 0x00, 0x00,
    0x00, 0x0f, 0xff, 0xff, 0xff, 0xff, 0xff, 0x70, 0x00, 0x00, 0x00, 0x00, 0x00, 0x00, 0x00, 0x00,
    0x00, 0x0f, 0xff, 0xff, 0xff, 0xff, 0xff, 0xf7, 0x55, 0x55, 0x55, 0x40, 0x00, 0x00, 0x00, 0x00,
    0x00, 0x0f, 0xff, 0xff, 0xff, 0xff, 0xff, 0xff, 0xff, 0xff, 0xff, 0xd0, 0x00, 0x00, 0x00, 0x00,
    0x00, 0x0f, 0xff, 0xff, 0xff, 0xff, 0xff, 0xff, 0xff, 0xff, 0xff, 0xd0, 0x00, 0x00, 0x00, 0x00,
    0x00, 0x0f, 0xff, 0xff, 0xff, 0xff, 0xff, 0xff, 0xff, 0xff, 0xff, 0xd0, 0x00, 0x00, 0x00, 0x00,
    0x00, 0x0f, 0xff, 0xff, 0xff, 0xff, 0xff, 0xff, 0xff, 0xff, 0xff, 0xd0, 0x00, 0x00, 0x00, 0x00,
    0x00, 0x0f, 0xff, 0xff, 0xff, 0xff, 0xff, 0xff, 0xff, 0xff, 0xff, 0xd0, 0x00, 0x00, 0x00, 0x00,
    0x00, 0x0f, 0xff, 0xff, 0xff, 0xff, 0xff, 0xff, 0xff, 0xff, 0xff, 0xd0, 0x00, 0x00, 0x00, 0x00,
    0x00, 0x0f, 0xff, 0xff, 0xff, 0xff, 0xff, 0xff, 0xff, 0xff, 0xff, 0xc0, 0x00, 0x00, 0x00, 0x00,
    0x00, 0x0f, 0xff, 0xff, 0xfe, 0x50, 0x00, 0x00, 0x00, 0x00, 0x00, 0x00, 0x00, 0x00, 0x00, 0x00,
    0x00, 0x0f, 0xff, 0xff, 0xf3, 0x00, 0x00, 0x00, 0x00, 0x00, 0x00, 0x00, 0x00, 0x00, 0x00, 0x00,
    0x00, 0x0f, 0xff, 0xff, 0xc0, 0x0d, 0xff, 0xc3, 0x07, 0xff, 0xfa, 0x10, 0xdf, 0xfe, 0x00, 0x00,
    0x00, 0x0f, 0xff, 0xff, 0xb0, 0x0f, 0xd9, 0xee, 0x0a, 0xf9, 0xbf, 0x90, 0xfd, 0x97, 0x00, 0x00,
    0x00, 0x0f, 0xff, 0xff, 0xb0, 0x0f, 0xa0, 0x5f, 0x3a, 0xf0, 0x0f, 0xd0, 0xfa, 0x00, 0x00, 0x00,
    0x00, 0x0f, 0xff, 0xff, 0xb0, 0x0f, 0xa0, 0x7f, 0x2a, 0xf0, 0x0f, 0xd0, 0xfd, 0xa7, 0x00, 0x00,
    0x00, 0x0f, 0xff, 0xff, 0xb0, 0x0f, 0xed, 0xfb, 0x0a, 0xf0, 0x0f, 0xd0, 0xff, 0xfd, 0x00, 0x00,
    0x00, 0x0d, 0xff, 0xff, 0xb0, 0x0f, 0xea, 0x60, 0x0a, 0xf0, 0x0f, 0xd0, 0xfa, 0x00, 0x00, 0x00,
    0x00, 0x06, 0xff, 0xff, 0xb0, 0x0f, 0xa0, 0x00, 0x0a, 0xfa, 0xcf, 0x90, 0xfa, 0x00, 0x00, 0x00,
    0x00, 0x00, 0x6d, 0xff, 0xb0, 0x0c, 0x70, 0x00, 0x06, 0xff, 0xe9, 0x00, 0xc7, 0x00, 0x00, 0x00,
    0x00, 0x00, 0x00, 0x00, 0x00, 0x00, 0x00, 0x00, 0x00, 0x00, 0x00, 0x00, 0x00, 0x00, 0x00, 0x00,
    0x00, 0x00, 0x00, 0x00, 0x00, 0x00, 0x00, 0x00, 0x00, 0x00, 0x00, 0x00, 0x00, 0x00, 0x00, 0x00,
    0x00, 0x00, 0x00, 0x00, 0x00, 0x00, 0x00, 0x00, 0x00, 0x00, 0x00, 0x00, 0x00, 0x00, 0x00, 0x00,

    /* U+E02B */
    0x00, 0x00, 0x00, 0x00, 0x00, 0x00, 0x00, 0x00, 0x00, 0x00, 0x00, 0x00, 0x00, 0x00, 0x00, 0x00,
    0x00, 0x00, 0x00, 0x00, 0x00, 0x00, 0x00, 0x00, 0x00, 0x00, 0x00, 0x00, 0x00, 0x00, 0x00, 0x00,
    0x00, 0x00, 0x00, 0x00, 0x00, 0x00, 0x00, 0x00, 0x00, 0x00, 0x00, 0x00, 0x00, 0x00, 0x00, 0x00,
    0x00, 0x00, 0x00, 0x07, 0xef, 0xff, 0xff, 0xff, 0xf5, 0x08, 0x00, 0x00, 0x00, 0x00, 0x00, 0x00,
    0x00, 0x00, 0x00, 0x6f, 0xff, 0xff, 0xff, 0xff, 0xf5, 0x0c, 0xc0, 0x00, 0x00, 0x00, 0x00, 0x00,
    0x00, 0x00, 0x00, 0xdf, 0xff, 0xff, 0xff, 0xff, 0xf5, 0x0c, 0xfc, 0x00, 0x00, 0x00, 0x00, 0x00,
    0x00, 0x00, 0x00, 0xff, 0xff, 0xff, 0xff, 0xff, 0xf5, 0x0c, 0xff, 0xc1, 0x00, 0x00, 0x00, 0x00,
    0x00, 0x00, 0x00, 0xff, 0xff, 0xff, 0xff, 0xff, 0xf5, 0x0c, 0xff, 0xfd, 0x10, 0x00, 0x00, 0x00,
    0x00, 0x00, 0x00, 0xff, 0xff, 0xff, 0xff, 0xff, 0xf5, 0x0c, 0xff, 0xff, 0xd1, 0x00, 0x00, 0x00,
    0x00, 0x00, 0x00, 0xff, 0xff, 0xff, 0xff, 0xff, 0xf6, 0x05, 0x77, 0x77, 0x74, 0x00, 0x00, 0x00,
    0x00, 0x00, 0x00, 0xff, 0xff, 0xff, 0xff, 0xff, 0xfc, 0x10, 0x00, 0x00, 0x00, 0x00, 0x00, 0x00,
    0x00, 0x00, 0x00, 0xff, 0xff, 0xff, 0xff, 0xff, 0xff, 0xfe, 0xee, 0xee, 0xed, 0x00, 0x00, 0x00,
    0x00, 0x00, 0x00, 0xff, 0xff, 0xff, 0xff, 0xff, 0xff, 0xff, 0xff, 0xff, 0xfe, 0x00, 0x00, 0x00,
    0x00, 0x00, 0x00, 0xff, 0xff, 0xff, 0xff, 0xff, 0xff, 0xff, 0xff, 0xff, 0xfe, 0x00, 0x00, 0x00,
    0x00, 0x00, 0x00, 0xff, 0xff, 0xff, 0xff, 0xff, 0xff, 0xff, 0xff, 0xff, 0xfe, 0x00, 0x00, 0x00,
    0x00, 0x00, 0x00, 0xff, 0xff, 0xff, 0xff, 0xff, 0xff, 0xff, 0xff, 0xff, 0xfe, 0x00, 0x00, 0x00,
    0x00, 0x00, 0x00, 0xff, 0xff, 0xf1, 0x00, 0x00, 0x00, 0x00, 0x2f, 0xff, 0xfe, 0x00, 0x00, 0x00,
    0x00, 0x00, 0x00, 0xff, 0xff, 0xf2, 0x00, 0x00, 0x00, 0x00, 0x3f, 0xff, 0xfe, 0x00, 0x00, 0x00,
    0x00, 0x00, 0x00, 0xff, 0xff, 0xff, 0xff, 0xff, 0xff, 0xff, 0xff, 0xff, 0xfe, 0x00, 0x00, 0x00,
    0x00, 0x00, 0x00, 0xff, 0xff, 0xfd, 0xcc, 0xcc, 0xcc, 0xcc, 0xef, 0xff, 0xfe, 0x00, 0x00, 0x00,
    0x00, 0x00, 0x00, 0xff, 0xff, 0xf1, 0x00, 0x00, 0x00, 0x00, 0x2f, 0xff, 0xfe, 0x00, 0x00, 0x00,
    0x00, 0x00, 0x00, 0x22, 0x22, 0x22, 0x22, 0x22, 0x22, 0x22, 0x22, 0x22, 0x22, 0x20, 0x00, 0x00,
    0x00, 0x00, 0x00, 0x22, 0x22, 0x22, 0x22, 0x22, 0x22, 0x22, 0x22, 0x22, 0x22, 0x20, 0x00, 0x00,
    0x00, 0x00, 0x00, 0x22, 0x7f, 0xea, 0x22, 0x9f, 0xd4, 0x22, 0x5d, 0xfc, 0x22, 0x20, 0x00, 0x00,
    0x00, 0x00, 0x00, 0x22, 0x79, 0x3b, 0x84, 0xd3, 0x8a, 0x23, 0xe5, 0x22, 0x22, 0x20, 0x00, 0x00,
    0x00, 0x00, 0x00, 0x22, 0x79, 0x25, 0xc7, 0x92, 0x3d, 0x26, 0xb2, 0x22, 0x22, 0x20, 0x00, 0x00,
    0x00, 0x00, 0x00, 0x22, 0x79, 0x23, 0xd8, 0x82, 0x2e, 0x27, 0xa2, 0x22, 0x22, 0x20, 0x00, 0x00,
    0x00, 0x00, 0x00, 0x22, 0x79, 0x25, 0xc7, 0x92, 0x3d, 0x26, 0xb2, 0x22, 0x22, 0x20, 0x00, 0x00,
    0x00, 0x00, 0x00, 0x22, 0x79, 0x3b, 0x85, 0xd3, 0x8a, 0x23, 0xe5, 0x22, 0x22, 0x20, 0x00, 0x00,
    0x00, 0x00, 0x00, 0x22, 0x7f, 0xea, 0x22, 0x9f, 0xd4, 0x22, 0x6d, 0xfc, 0x22, 0x20, 0x00, 0x00,
    0x00, 0x00, 0x00, 0x22, 0x22, 0x22, 0x22, 0x22, 0x22, 0x22, 0x22, 0x22, 0x22, 0x20, 0x00, 0x00,
    0x00, 0x00, 0x00, 0x22, 0x22, 0x22, 0x22, 0x22, 0x22, 0x22, 0x22, 0x22, 0x22, 0x20, 0x00, 0x00,

    /* U+E02C */
    0x00, 0x00, 0x00, 0x00, 0x00, 0x00, 0x00, 0x00, 0x00, 0x00, 0x00, 0x00, 0x00, 0x00, 0x00, 0x00,
    0x00, 0x00, 0x00, 0x00, 0x00, 0x00, 0x00, 0x00, 0x00, 0x00, 0x00, 0x00, 0x00, 0x00, 0x00, 0x00,
    0x00, 0x00, 0x00, 0x00, 0x00, 0x00, 0x00, 0x00, 0x00, 0x00, 0x00, 0x00, 0x00, 0x00, 0x00, 0x00,
    0x00, 0x00, 0x00, 0x07, 0xef, 0xff, 0xff, 0xff, 0xf5, 0x08, 0x00, 0x00, 0x00, 0x00, 0x00, 0x00,
    0x00, 0x00, 0x00, 0x6f, 0xff, 0xff, 0xff, 0xff, 0xf5, 0x0c, 0xc0, 0x00, 0x00, 0x00, 0x00, 0x00,
    0x00, 0x00, 0x00, 0xdf, 0xff, 0xff, 0xff, 0xff, 0xf5, 0x0c, 0xfc, 0x00, 0x00, 0x00, 0x00, 0x00,
    0x00, 0x00, 0x00, 0xff, 0xff, 0xff, 0xff, 0xff, 0xf5, 0x0c, 0xff, 0xc1, 0x00, 0x00, 0x00, 0x00,
    0x00, 0x00, 0x00, 0xff, 0xff, 0xff, 0xff, 0xff, 0xf5, 0x0c, 0xff, 0xfd, 0x10, 0x00, 0x00, 0x00,
    0x00, 0x00, 0x00, 0xff, 0xff, 0xff, 0xff, 0xff, 0xf5, 0x0c, 0xff, 0xff, 0xd1, 0x00, 0x00, 0x00,
    0x00, 0x00, 0x00, 0xff, 0xff, 0xff, 0xff, 0xff, 0xf6, 0x05, 0x77, 0x77, 0x74, 0x00, 0x00, 0x00,
    0x00, 0x00, 0x00, 0xff, 0xff, 0xff, 0xff, 0xff, 0xfc, 0x10, 0x00, 0x00, 0x00, 0x00, 0x00, 0x00,
    0x00, 0x00, 0x00, 0xff, 0xff, 0xff, 0xff, 0xff, 0xff, 0xfe, 0xee, 0xee, 0xed, 0x00, 0x00, 0x00,
    0x00, 0x00, 0x00, 0xff, 0xff, 0xff, 0xff, 0xff, 0xff, 0xff, 0xff, 0xff, 0xfe, 0x00, 0x00, 0x00,
    0x00, 0x00, 0x00, 0xff, 0xff, 0xff, 0xff, 0xff, 0xff, 0xff, 0xff, 0xff, 0xfe, 0x00, 0x00, 0x00,
    0x00, 0x00, 0x00, 0xff, 0xff, 0xff, 0xff, 0xff, 0xff, 0xff, 0xff, 0xff, 0xfe, 0x00, 0x00, 0x00,
    0x00, 0x00, 0x00, 0xff, 0xff, 0xff, 0xff, 0xff, 0xff, 0xff, 0xff, 0xff, 0xfe, 0x00, 0x00, 0x00,
    0x00, 0x00, 0x00, 0xff, 0xff, 0xf1, 0x00, 0x00, 0x00, 0x00, 0x2f, 0xff, 0xfe, 0x00, 0x00, 0x00,
    0x00, 0x00, 0x00, 0xff, 0xff, 0xf2, 0x00, 0x00, 0x00, 0x00, 0x3f, 0xff, 0xfe, 0x00, 0x00, 0x00,
    0x00, 0x00, 0x00, 0xff, 0xff, 0xff, 0xff, 0xff, 0xff, 0xff, 0xff, 0xff, 0xfe, 0x00, 0x00, 0x00,
    0x00, 0x00, 0x00, 0xff, 0xff, 0xfd, 0xcc, 0xcc, 0xcc, 0xcc, 0xef, 0xff, 0xfe, 0x00, 0x00, 0x00,
    0x00, 0x00, 0x00, 0xff, 0xff, 0xf1, 0x00, 0x00, 0x00, 0x00, 0x2f, 0xff, 0xfe, 0x00, 0x00, 0x00,
    0x00, 0x00, 0x00, 0x22, 0x22, 0x22, 0x22, 0x22, 0x22, 0x22, 0x22, 0x22, 0x22, 0x20, 0x00, 0x00,
    0x00, 0x00, 0x00, 0x22, 0x22, 0x22, 0x22, 0x22, 0x22, 0x22, 0x22, 0x22, 0x22, 0x20, 0x00, 0x00,
    0x00, 0x00, 0x00, 0x22, 0x7f, 0xfd, 0x4d, 0xff, 0xff, 0x52, 0xff, 0xfe, 0x22, 0x20, 0x00, 0x00,
    0x00, 0x00, 0x00, 0x22, 0x79, 0x29, 0xa2, 0x2c, 0x42, 0x22, 0xe2, 0x22, 0x22, 0x20, 0x00, 0x00,
    0x00, 0x00, 0x00, 0x22, 0x79, 0x28, 0xa2, 0x2c, 0x42, 0x22, 0xe2, 0x22, 0x22, 0x20, 0x00, 0x00,
    0x00, 0x00, 0x00, 0x22, 0x7f, 0xfd, 0x32, 0x2c, 0x42, 0x22, 0xff, 0xfa, 0x22, 0x20, 0x00, 0x00,
    0x00, 0x00, 0x00, 0x22, 0x79, 0x3c, 0x52, 0x2c, 0x42, 0x22, 0xe2, 0x22, 0x22, 0x20, 0x00, 0x00,
    0x00, 0x00, 0x00, 0x22, 0x79, 0x25, 0xc2, 0x2c, 0x42, 0x22, 0xe2, 0x22, 0x22, 0x20, 0x00, 0x00,
    0x00, 0x00, 0x00, 0x22, 0x79, 0x22, 0xc5, 0x2c, 0x42, 0x22, 0xe2, 0x22, 0x22, 0x20, 0x00, 0x00,
    0x00, 0x00, 0x00, 0x22, 0x22, 0x22, 0x22, 0x22, 0x22, 0x22, 0x22, 0x22, 0x22, 0x20, 0x00, 0x00,
    0x00, 0x00, 0x00, 0x22, 0x22, 0x22, 0x22, 0x22, 0x22, 0x22, 0x22, 0x22, 0x22, 0x20, 0x00, 0x00,

    /* U+E02D */
    0x00, 0x00, 0x00, 0x00, 0x00, 0x00, 0x00, 0x00, 0x00, 0x00, 0x00, 0x00, 0x00, 0x00, 0x00, 0x00,
    0x00, 0x00, 0x00, 0x00, 0x00, 0x00, 0x00, 0x00, 0x00, 0x00, 0x00, 0x00, 0x00, 0x00, 0x00, 0x00,
    0x00, 0x00, 0x00, 0x00, 0x00, 0x00, 0x00, 0x00, 0x00, 0x00, 0x00, 0x00, 0x00, 0x00, 0x00, 0x00,
    0x00, 0x00, 0x00, 0x07, 0xef, 0xff, 0xff, 0xff, 0xf5, 0x08, 0x00, 0x00, 0x00, 0x00, 0x00, 0x00,
    0x00, 0x00, 0x00, 0x6f, 0xff, 0xff, 0xff, 0xff, 0xf5, 0x0c, 0xc0, 0x00, 0x00, 0x00, 0x00, 0x00,
    0x00, 0x00, 0x00, 0xdf, 0xff, 0xff, 0xff, 0xff, 0xf5, 0x0c, 0xfc, 0x00, 0x00, 0x00, 0x00, 0x00,
    0x00, 0x00, 0x00, 0xff, 0xff, 0xff, 0xff, 0xff, 0xf5, 0x0c, 0xff, 0xc1, 0x00, 0x00, 0x00, 0x00,
    0x00, 0x00, 0x00, 0xff, 0xff, 0xff, 0xff, 0xff, 0xf5, 0x0c, 0xff, 0xfd, 0x10, 0x00, 0x00, 0x00,
    0x00, 0x00, 0x00, 0xff, 0xff, 0xff, 0xff, 0xff, 0xf5, 0x0c, 0xff, 0xff, 0xd1, 0x00, 0x00, 0x00,
    0x00, 0x00, 0x00, 0xff, 0xff, 0xff, 0xff, 0xff, 0xf6, 0x05, 0x77, 0x77, 0x74, 0x00, 0x00, 0x00,
    0x00, 0x00, 0x00, 0xff, 0xff, 0xff, 0xff, 0xff, 0xfc, 0x10, 0x00, 0x00, 0x00, 0x00, 0x00, 0x00,
    0x00, 0x00, 0x00, 0xff, 0xff, 0xff, 0xff, 0xff, 0xff, 0xfe, 0xee, 0xee, 0xed, 0x00, 0x00, 0x00,
    0x00, 0x00, 0x00, 0xff, 0xff, 0xff, 0xff, 0xff, 0xff, 0xff, 0xff, 0xff, 0xfe, 0x00, 0x00, 0x00,
    0x00, 0x00, 0x00, 0xff, 0xff, 0xff, 0xff, 0xff, 0xff, 0xff, 0xff, 0xff, 0xfe, 0x00, 0x00, 0x00,
    0x00, 0x00, 0x00, 0xff, 0xff, 0xff, 0xff, 0xff, 0xff, 0xff, 0xff, 0xff, 0xfe, 0x00, 0x00, 0x00,
    0x00, 0x00, 0x00, 0xff, 0xff, 0xff, 0xff, 0xff, 0xff, 0xff, 0xff, 0xff, 0xfe, 0x00, 0x00, 0x00,
    0x00, 0x00, 0x00, 0xff, 0xff, 0xf1, 0x00, 0x00, 0x00, 0x00, 0x2f, 0xff, 0xfe, 0x00, 0x00, 0x00,
    0x00, 0x00, 0x00, 0xff, 0xff, 0xf2, 0x00, 0x00, 0x00, 0x00, 0x3f, 0xff, 0xfe, 0x00, 0x00, 0x00,
    0x00, 0x00, 0x00, 0xff, 0xff, 0xff, 0xff, 0xff, 0xff, 0xff, 0xff, 0xff, 0xfe, 0x00, 0x00, 0x00,
    0x00, 0x00, 0x00, 0xff, 0xff, 0xfd, 0xcc, 0xcc, 0xcc, 0xcc, 0xef, 0xff, 0xfe, 0x00, 0x00, 0x00,
    0x00, 0x00, 0x00, 0xff, 0xff, 0xf1, 0x00, 0x00, 0x00, 0x00, 0x2f, 0xff, 0xfe, 0x00, 0x00, 0x00,
    0x00, 0x00, 0x00, 0x22, 0x22, 0x22, 0x22, 0x22, 0x22, 0x22, 0x22, 0x22, 0x22, 0x20, 0x00, 0x00,
    0x00, 0x00, 0x00, 0x22, 0x22, 0x22, 0x22, 0x22, 0x22, 0x22, 0x22, 0x22, 0x22, 0x20, 0x00, 0x00,
    0x00, 0x00, 0x00, 0x22, 0x3d, 0x22, 0x22, 0x9f, 0xd4, 0x22, 0x7e, 0xfa, 0x22, 0x20, 0x00, 0x00,
    0x00, 0x00, 0x00, 0x22, 0x3d, 0x22, 0x24, 0xd3, 0x8a, 0x24, 0xe4, 0x22, 0x22, 0x20, 0x00, 0x00,
    0x00, 0x00, 0x00, 0x22, 0x3d, 0x22, 0x27, 0x92, 0x3d, 0x28, 0x92, 0x22, 0x22, 0x20, 0x00, 0x00,
    0x00, 0x00, 0x00, 0x22, 0x3d, 0x22, 0x28, 0x82, 0x2e, 0x29, 0x72, 0xfe, 0x22, 0x20, 0x00, 0x00,
    0x00, 0x00, 0x00, 0x22, 0x3d, 0x22, 0x27, 0x92, 0x3d, 0x28, 0x92, 0x2e, 0x22, 0x20, 0x00, 0x00,
    0x00, 0x00, 0x00, 0x22, 0x3d, 0x22, 0x25, 0xd3, 0x8a, 0x24, 0xe4, 0x3e, 0x22, 0x20, 0x00, 0x00,
    0x00, 0x00, 0x00, 0x22, 0x3f, 0xff, 0xf2, 0x9f, 0xd4, 0x22, 0x7e, 0xe7, 0x22, 0x20, 0x00, 0x00,
    0x00, 0x00, 0x00, 0x22, 0x22, 0x22, 0x22, 0x22, 0x22, 0x22, 0x22, 0x22, 0x22, 0x20, 0x00, 0x00,
    0x00, 0x00, 0x00, 0x22, 0x22, 0x22, 0x22, 0x22, 0x22, 0x22, 0x22, 0x22, 0x22, 0x20, 0x00, 0x00,

    /* U+E02E */
    0x00, 0x00, 0x00, 0x00, 0x00, 0x00, 0x00, 0x00, 0x00, 0x00, 0x00, 0x00, 0x00, 0x00, 0x00, 0x00,
    0x00, 0x00, 0x00, 0x00, 0x00, 0x00, 0x00, 0x00, 0x00, 0x00, 0x00, 0x00, 0x00, 0x00, 0x00, 0x00,
    0x00, 0x00, 0x00, 0x00, 0x00, 0x00, 0x00, 0x00, 0x00, 0x00, 0x00, 0x00, 0x00, 0x00, 0x00, 0x00,
    0x00, 0x00, 0x00, 0x07, 0xef, 0xff, 0xff, 0xff, 0xf5, 0x08, 0x00, 0x00, 0x00, 0x00, 0x00, 0x00,
    0x00, 0x00, 0x00, 0x6f, 0xff, 0xff, 0xff, 0xff, 0xf5, 0x0c, 0xc0, 0x00, 0x00, 0x00, 0x00, 0x00,
    0x00, 0x00, 0x00, 0xdf, 0xff, 0xff, 0xff, 0xff, 0xf5, 0x0c, 0xfc, 0x00, 0x00, 0x00, 0x00, 0x00,
    0x00, 0x00, 0x00, 0xff, 0xff, 0xff, 0xff, 0xff, 0xf5, 0x0c, 0xff, 0xc1, 0x00, 0x00, 0x00, 0x00,
    0x00, 0x00, 0x00, 0xff, 0xff, 0xff, 0xff, 0xff, 0xf5, 0x0c, 0xff, 0xfd, 0x10, 0x00, 0x00, 0x00,
    0x00, 0x00, 0x00, 0xff, 0xff, 0xff, 0xff, 0xff, 0xf5, 0x0c, 0xff, 0xff, 0xd1, 0x00, 0x00, 0x00,
    0x00, 0x00, 0x00, 0xff, 0xff, 0xff, 0xff, 0xff, 0xf6, 0x05, 0x77, 0x77, 0x74, 0x00, 0x00, 0x00,
    0x00, 0x00, 0x00, 0xff, 0xff, 0xff, 0xff, 0xff, 0xfc, 0x10, 0x00, 0x00, 0x00, 0x00, 0x00, 0x00,
    0x00, 0x00, 0x00, 0xff, 0xff, 0xff, 0xff, 0xff, 0xff, 0xfe, 0xee, 0xee, 0xed, 0x00, 0x00, 0x00,
    0x00, 0x00, 0x00, 0xff, 0xff, 0xff, 0xff, 0xff, 0xff, 0xff, 0xff, 0xff, 0xfe, 0x00, 0x00, 0x00,
    0x00, 0x00, 0x00, 0xff, 0xff, 0xff, 0xff, 0xff, 0xff, 0xff, 0xff, 0xff, 0xfe, 0x00, 0x00, 0x00,
    0x00, 0x00, 0x00, 0xff, 0xff, 0xff, 0xff, 0xff, 0xff, 0xff, 0xff, 0xff, 0xfe, 0x00, 0x00, 0x00,
    0x00, 0x00, 0x00, 0xff, 0xff, 0xff, 0xff, 0xff, 0xff, 0xff, 0xff, 0xff, 0xfe, 0x00, 0x00, 0x00,
    0x00, 0x00, 0x00, 0xff, 0xff, 0xf1, 0x00, 0x00, 0x00, 0x00, 0x2f, 0xff, 0xfe, 0x00, 0x00, 0x00,
    0x00, 0x00, 0x00, 0xff, 0xff, 0xf2, 0x00, 0x00, 0x00, 0x00, 0x3f, 0xff, 0xfe, 0x00, 0x00, 0x00,
    0x00, 0x00, 0x00, 0xff, 0xff, 0xff, 0xff, 0xff, 0xff, 0xff, 0xff, 0xff, 0xfe, 0x00, 0x00, 0x00,
    0x00, 0x00, 0x00, 0xff, 0xff, 0xfd, 0xcc, 0xcc, 0xcc, 0xcc, 0xef, 0xff, 0xfe, 0x00, 0x00, 0x00,
    0x00, 0x00, 0x00, 0xff, 0xff, 0xf1, 0x00, 0x00, 0x00, 0x00, 0x2f, 0xff, 0xfe, 0x00, 0x00, 0x00,
    0x00, 0x00, 0x02, 0x22, 0x22, 0x22, 0x22, 0x22, 0x22, 0x22, 0x22, 0x22, 0x22, 0x20, 0x00, 0x00,
    0x00, 0x00, 0x02, 0x22, 0x22, 0x22, 0x22, 0x22, 0x22, 0x22, 0x22, 0x22, 0x22, 0x20, 0x00, 0x00,
    0x00, 0x00, 0x02, 0x22, 0x5d, 0xfc, 0x2a, 0xfc, 0x32, 0xa6, 0x22, 0xe3, 0x22, 0x20, 0x00, 0x00,
    0x00, 0x00, 0x02, 0x23, 0xe5, 0x22, 0x6c, 0x35, 0x72, 0x79, 0x24, 0xc2, 0x22, 0x20, 0x00, 0x00,
    0x00, 0x00, 0x02, 0x26, 0xb2, 0x22, 0x6b, 0x22, 0x22, 0x3d, 0x27, 0x92, 0x22, 0x20, 0x00, 0x00,
    0x00, 0x00, 0x02, 0x27, 0xa2, 0x22, 0x27, 0xba, 0x32, 0x2c, 0x3a, 0x52, 0x22, 0x20, 0x00, 0x00,
    0x00, 0x00, 0x02, 0x26, 0xb2, 0x22, 0x22, 0x24, 0xb2, 0x29, 0x6d, 0x22, 0x22, 0x20, 0x00, 0x00,
    0x00, 0x00, 0x02, 0x23, 0xe5, 0x22, 0x67, 0x36, 0xc2, 0x25, 0xbb, 0x22, 0x22, 0x20, 0x00, 0x00,
    0x00, 0x00, 0x02, 0x22, 0x6d, 0xfc, 0x3a, 0xfd, 0x52, 0x22, 0xf7, 0x22, 0x22, 0x20, 0x00, 0x00,
    0x00, 0x00, 0x02, 0x22, 0x22, 0x22, 0x22, 0x22, 0x22, 0x22, 0x22, 0x22, 0x22, 0x20, 0x00, 0x00,
    0x00, 0x00, 0x02, 0x22, 0x22, 0x22, 0x22, 0x22, 0x22, 0x22, 0x22, 0x22, 0x22, 0x20, 0x00, 0x00,

    /* U+E02F */
    0x00, 0x00, 0x00, 0x00, 0x00, 0x00, 0x00, 0x00, 0x00, 0x00, 0x00, 0x00, 0x00, 0x00, 0x00, 0x00,
    0x00, 0x00, 0x00, 0x00, 0x00, 0x00, 0x00, 0x00, 0x00, 0x00, 0x00, 0x00, 0x00, 0x00, 0x00, 0x00,
    0x00, 0x00, 0x00, 0x00, 0x00, 0x00, 0x00, 0x00, 0x00, 0x00, 0x00, 0x00, 0x00, 0x00, 0x00, 0x00,
    0x00, 0x00, 0x00, 0x07, 0xef, 0xff, 0xff, 0xff, 0xf5, 0x08, 0x00, 0x00, 0x00, 0x00, 0x00, 0x00,
    0x00, 0x00, 0x00, 0x6f, 0xff, 0xff, 0xff, 0xff, 0xf5, 0x0c, 0xc0, 0x00, 0x00, 0x00, 0x00, 0x00,
    0x00, 0x00, 0x00, 0xdf, 0xff, 0xff, 0xff, 0xff, 0xf5, 0x0c, 0xfc, 0x00, 0x00, 0x00, 0x00, 0x00,
    0x00, 0x00, 0x00, 0xff, 0xff, 0xff, 0xff, 0xff, 0xf5, 0x0c, 0xff, 0xc1, 0x00, 0x00, 0x00, 0x00,
    0x00, 0x00, 0x00, 0xff, 0xff, 0xff, 0xff, 0xff, 0xf5, 0x0c, 0xff, 0xfd, 0x10, 0x00, 0x00, 0x00,
    0x00, 0x00, 0x00, 0xff, 0xff, 0xff, 0xff, 0xff, 0xf5, 0x0c, 0xff, 0xff, 0xd1, 0x00, 0x00, 0x00,
    0x00, 0x00, 0x00, 0xff, 0xff, 0xff, 0xff, 0xff, 0xf6, 0x05, 0x77, 0x77, 0x74, 0x00, 0x00, 0x00,
    0x00, 0x00, 0x00, 0xff, 0xff, 0xff, 0xff, 0xff, 0xfc, 0x10, 0x00, 0x00, 0x00, 0x00, 0x00, 0x00,
    0x00, 0x00, 0x00, 0xff, 0xff, 0xff, 0xff, 0xff, 0xff, 0xfe, 0xee, 0xee, 0xed, 0x00, 0x00, 0x00,
    0x00, 0x00, 0x00, 0xff, 0xff, 0xff, 0xff, 0xff, 0xff, 0xff, 0xff, 0xff, 0xfe, 0x00, 0x00, 0x00,
    0x00, 0x00, 0x00, 0xff, 0xff, 0xff, 0xff, 0xff, 0xff, 0xff, 0xff, 0xff, 0xfe, 0x00, 0x00, 0x00,
    0x00, 0x00, 0x00, 0xff, 0xff, 0xff, 0xff, 0xff, 0xff, 0xff, 0xff, 0xff, 0xfe, 0x00, 0x00, 0x00,
    0x00, 0x00, 0x00, 0xff, 0xff, 0xff, 0xff, 0xff, 0xff, 0xff, 0xff, 0xff, 0xfe, 0x00, 0x00, 0x00,
    0x00, 0x00, 0x00, 0xff, 0xff, 0xf1, 0x00, 0x00, 0x00, 0x00, 0x2f, 0xff, 0xfe, 0x00, 0x00, 0x00,
    0x00, 0x00, 0x00, 0xff, 0xff, 0xf2, 0x00, 0x00, 0x00, 0x00, 0x3f, 0xff, 0xfe, 0x00, 0x00, 0x00,
    0x00, 0x00, 0x00, 0xff, 0xff, 0xff, 0xff, 0xff, 0xff, 0xff, 0xff, 0xff, 0xfe, 0x00, 0x00, 0x00,
    0x00, 0x00, 0x00, 0xff, 0xff, 0xfd, 0xcc, 0xcc, 0xcc, 0xcc, 0xef, 0xff, 0xfe, 0x00, 0x00, 0x00,
    0x00, 0x00, 0x00, 0xff, 0xff, 0xf1, 0x00, 0x00, 0x00, 0x00, 0x2f, 0xff, 0xfe, 0x00, 0x00, 0x00,
    0x00, 0x00, 0x02, 0x22, 0x22, 0x22, 0x22, 0x22, 0x22, 0x22, 0x22, 0x22, 0x22, 0x20, 0x00, 0x00,
    0x00, 0x00, 0x02, 0x22, 0x22, 0x22, 0x22, 0x22, 0x22, 0x22, 0x22, 0x22, 0x22, 0x20, 0x00, 0x00,
    0x00, 0x00, 0x02, 0x2d, 0xff, 0xff, 0x6f, 0xff, 0xc2, 0x7a, 0x23, 0xd2, 0x22, 0x20, 0x00, 0x00,
    0x00, 0x00, 0x02, 0x22, 0x2c, 0x42, 0x4c, 0x22, 0x22, 0x2c, 0x4a, 0x62, 0x22, 0x20, 0x00, 0x00,
    0x00, 0x00, 0x02, 0x22, 0x2c, 0x42, 0x4c, 0x22, 0x22, 0x25, 0xcb, 0x22, 0x22, 0x20, 0x00, 0x00,
    0x00, 0x00, 0x02, 0x22, 0x2c, 0x42, 0x4f, 0xff, 0xa2, 0x22, 0xe7, 0x22, 0x22, 0x20, 0x00, 0x00,
    0x00, 0x00, 0x02, 0x22, 0x2c, 0x42, 0x4c, 0x22, 0x22, 0x28, 0x9d, 0x22, 0x22, 0x20, 0x00, 0x00,
    0x00, 0x00, 0x02, 0x22, 0x2c, 0x42, 0x4c, 0x22, 0x22, 0x3d, 0x28, 0x82, 0x22, 0x20, 0x00, 0x00,
    0x00, 0x00, 0x02, 0x22, 0x2c, 0x42, 0x4f, 0xff, 0xd2, 0xa6, 0x22, 0xd3, 0x22, 0x20, 0x00, 0x00,
    0x00, 0x00, 0x02, 0x22, 0x22, 0x22, 0x22, 0x22, 0x22, 0x22, 0x22, 0x22, 0x22, 0x20, 0x00, 0x00,
    0x00, 0x00, 0x02, 0x22, 0x22, 0x22, 0x22, 0x22, 0x22, 0x22, 0x22, 0x22, 0x22, 0x20, 0x00, 0x00,

    /* U+E030 */
    0x00, 0x00, 0x00, 0x00, 0x00, 0x00, 0x00, 0x00, 0x00, 0x00, 0x00, 0x00, 0x00, 0x00, 0x00, 0x00,
    0x00, 0x00, 0x00, 0x00, 0x00, 0x00, 0x00, 0x00, 0x00, 0x00, 0x00, 0x00, 0x00, 0x00, 0x00, 0x00,
    0x00, 0x00, 0x00, 0x00, 0x00, 0x00, 0x00, 0x00, 0x00, 0x00, 0x00, 0x00, 0x00, 0x00, 0x00, 0x00,
    0x00, 0x00, 0x00, 0x06, 0xdf, 0xff, 0xff, 0xff, 0xf5, 0x07, 0x00, 0x00, 0x00, 0x00, 0x00, 0x00,
    0x00, 0x00, 0x00, 0x6f, 0xff, 0xff, 0xff, 0xff, 0xf5, 0x0f, 0x70, 0x00, 0x00, 0x00, 0x00, 0x00,
    0x00, 0x00, 0x00, 0xdf, 0xff, 0xff, 0xff, 0xff, 0xf5, 0x0f, 0xf7, 0x00, 0x00, 0x00, 0x00, 0x00,
    0x00, 0x00, 0x00, 0xff, 0xff, 0xff, 0xff, 0xff, 0xf5, 0x0f, 0xff, 0x70, 0x00, 0x00, 0x00, 0x00,
    0x00, 0x00, 0x00, 0xff, 0xff, 0xff, 0xff, 0xff, 0xf5, 0x0f, 0xff, 0xf7, 0x00, 0x00, 0x00, 0x00,
    0x00, 0x00, 0x00, 0xff, 0xff, 0xff, 0xff, 0xff, 0xf5, 0x0f, 0xff, 0xff, 0x70, 0x00, 0x00, 0x00,
    0x00, 0x00, 0x00, 0xff, 0xff, 0xff, 0xff, 0xff, 0xf6, 0x07, 0x77, 0x77, 0x71, 0x00, 0x00, 0x00,
    0x00, 0x00, 0x00, 0xff, 0xff, 0xff, 0xff, 0xff, 0xfb, 0x00, 0x00, 0x00, 0x00, 0x00, 0x00, 0x00,
    0x00, 0x00, 0x00, 0xff, 0xff, 0xff, 0xff, 0xff, 0xff, 0xfd, 0xdd, 0xdd, 0xd6, 0x00, 0x00, 0x00,
    0x00, 0x00, 0x00, 0xff, 0xff, 0xff, 0xff, 0xff, 0xff, 0xff, 0xff, 0xff, 0xf7, 0x00, 0x00, 0x00,
    0x00, 0x00, 0x00, 0xff, 0xff, 0xff, 0xff, 0xff, 0xff, 0xff, 0xff, 0xff, 0xf7, 0x00, 0x00, 0x00,
    0x00, 0x00, 0x00, 0xff, 0xff, 0xff, 0xff, 0xff, 0xff, 0xff, 0xff, 0xff, 0xf7, 0x00, 0x00, 0x00,
    0x00, 0x00, 0x00, 0xff, 0xff, 0xff, 0xbc, 0xff, 0xff, 0xae, 0xff, 0xff, 0xf7, 0x00, 0x00, 0x00,
    0x00, 0x00, 0x00, 0xff, 0xff, 0xf8, 0x00, 0xff, 0xf7, 0x02, 0xef, 0xff, 0xf7, 0x00, 0x00, 0x00,
    0x00, 0x00, 0x00, 0xff, 0xff, 0x80, 0x02, 0xff, 0xfa, 0x00, 0x2e, 0xff, 0xf7, 0x00, 0x00, 0x00,
    0x00, 0x00, 0x00, 0xff, 0xf9, 0x00, 0x2e, 0xff, 0xff, 0x80, 0x02, 0xff, 0xf7, 0x00, 0x00, 0x00,
    0x00, 0x00, 0x00, 0xff, 0xf5, 0x00, 0x7f, 0xff, 0xff, 0xe1, 0x00, 0xdf, 0xf7, 0x00, 0x00, 0x00,
    0x00, 0x00, 0x00, 0xff, 0xfe, 0x10, 0x09, 0xff, 0xfe, 0x20, 0x08, 0xff, 0xf7, 0x00, 0x00, 0x00,
    0x00, 0x00, 0x00, 0x22, 0x22, 0x22, 0x22, 0x22, 0x22, 0x22, 0x22, 0x22, 0x22, 0x20, 0x00, 0x00,
    0x00, 0x00, 0x00, 0x22, 0x22, 0x22, 0x22, 0x22, 0x22, 0x22, 0x22, 0x22, 0x22, 0x20, 0x00, 0x00,
    0x00, 0x00, 0x00, 0x22, 0x27, 0xff, 0x52, 0xaf, 0xc3, 0x27, 0xe2, 0x3d, 0x22, 0x20, 0x00, 0x00,
    0x00, 0x00, 0x00, 0x22, 0x22, 0x2b, 0x56, 0xc3, 0x57, 0x27, 0xe6, 0x3d, 0x22, 0x20, 0x00, 0x00,
    0x00, 0x00, 0x00, 0x22, 0x22, 0x2b, 0x56, 0xb2, 0x22, 0x27, 0x9b, 0x3d, 0x22, 0x20, 0x00, 0x00,
    0x00, 0x00, 0x00, 0x22, 0x22, 0x2b, 0x52, 0x7b, 0xa3, 0x27, 0x8b, 0x4d, 0x22, 0x20, 0x00, 0x00,
    0x00, 0x00, 0x00, 0x22, 0x22, 0x2b, 0x52, 0x22, 0x4b, 0x27, 0x86, 0x9d, 0x22, 0x20, 0x00, 0x00,
    0x00, 0x00, 0x00, 0x22, 0x22, 0x3d, 0x46, 0x73, 0x6c, 0x27, 0x82, 0xcd, 0x22, 0x20, 0x00, 0x00,
    0x00, 0x00, 0x00, 0x22, 0x9f, 0xfb, 0x23, 0xaf, 0xd5, 0x27, 0x82, 0x9d, 0x22, 0x20, 0x00, 0x00,
    0x00, 0x00, 0x00, 0x22, 0x22, 0x22, 0x22, 0x22, 0x22, 0x22, 0x22, 0x22, 0x22, 0x20, 0x00, 0x00,
    0x00, 0x00, 0x00, 0x22, 0x22, 0x22, 0x22, 0x22, 0x22, 0x22, 0x22, 0x22, 0x22, 0x20, 0x00, 0x00,

    /* U+E031 */
    0x00, 0x00, 0x00, 0x00, 0x00, 0x00, 0x00, 0x00, 0x00, 0x00, 0x00, 0x00, 0x00, 0x00, 0x00, 0x00,
    0x00, 0x00, 0x00, 0x00, 0x00, 0x00, 0x00, 0x00, 0x00, 0x00, 0x00, 0x00, 0x00, 0x00, 0x00, 0x00,
    0x00, 0x00, 0x00, 0x00, 0x00, 0x00, 0x00, 0x00, 0x00, 0x00, 0x00, 0x00, 0x00, 0x00, 0x00, 0x00,
    0x00, 0x00, 0x00, 0x06, 0xdf, 0xff, 0xff, 0xff, 0xf5, 0x07, 0x00, 0x00, 0x00, 0x00, 0x00, 0x00,
    0x00, 0x00, 0x00, 0x6f, 0xff, 0xff, 0xff, 0xff, 0xf5, 0x0f, 0x70, 0x00, 0x00, 0x00, 0x00, 0x00,
    0x00, 0x00, 0x00, 0xdf, 0xff, 0xff, 0xff, 0xff, 0xf5, 0x0f, 0xf7, 0x00, 0x00, 0x00, 0x00, 0x00,
    0x00, 0x00, 0x00, 0xff, 0xff, 0xff, 0xff, 0xff, 0xf5, 0x0f, 0xff, 0x70, 0x00, 0x00, 0x00, 0x00,
    0x00, 0x00, 0x00, 0xff, 0xff, 0xff, 0xff, 0xff, 0xf5, 0x0f, 0xff, 0xf7, 0x00, 0x00, 0x00, 0x00,
    0x00, 0x00, 0x00, 0xff, 0xff, 0xff, 0xff, 0xff, 0xf5, 0x0f, 0xff, 0xff, 0x70, 0x00, 0x00, 0x00,
    0x00, 0x00, 0x00, 0xff, 0xff, 0xff, 0xff, 0xff, 0xf6, 0x07, 0x77, 0x77, 0x71, 0x00, 0x00, 0x00,
    0x00, 0x00, 0x00, 0xff, 0xff, 0xff, 0xff, 0xff, 0xfb, 0x00, 0x00, 0x00, 0x00, 0x00, 0x00, 0x00,
    0x00, 0x00, 0x00, 0xff, 0xff, 0xff, 0xff, 0xff, 0xff, 0xfd, 0xdd, 0xdd, 0xd6, 0x00, 0x00, 0x00,
    0x00, 0x00, 0x00, 0xff, 0xff, 0xff, 0xff, 0xff, 0xff, 0xff, 0xff, 0xff, 0xf7, 0x00, 0x00, 0x00,
    0x00, 0x00, 0x00, 0xff, 0xff, 0xff, 0xff, 0xff, 0xff, 0xff, 0xff, 0xff, 0xf7, 0x00, 0x00, 0x00,
    0x00, 0x00, 0x00, 0xff, 0xff, 0xff, 0xff, 0xff, 0xff, 0xff, 0xff, 0xff, 0xf7, 0x00, 0x00, 0x00,
    0x00, 0x00, 0x00, 0xff, 0xff, 0xff, 0xbc, 0xff, 0xff, 0xae, 0xff, 0xff, 0xf7, 0x00, 0x00, 0x00,
    0x00, 0x00, 0x00, 0xff, 0xff, 0xf8, 0x00, 0xff, 0xf7, 0x02, 0xef, 0xff, 0xf7, 0x00, 0x00, 0x00,
    0x00, 0x00, 0x00, 0xff, 0xff, 0x80, 0x02, 0xff, 0xfa, 0x00, 0x2e, 0xff, 0xf7, 0x00, 0x00, 0x00,
    0x00, 0x00, 0x00, 0xff, 0xf9, 0x00, 0x2e, 0xff, 0xff, 0x80, 0x02, 0xff, 0xf7, 0x00, 0x00, 0x00,
    0x00, 0x00, 0x00, 0xff, 0xf5, 0x00, 0x7f, 0xff, 0xff, 0xe1, 0x00, 0xdf, 0xf7, 0x00, 0x00, 0x00,
    0x00, 0x00, 0x00, 0xff, 0xfe, 0x10, 0x09, 0xff, 0xfe, 0x20, 0x08, 0xff, 0xf7, 0x00, 0x00, 0x00,
    0x00, 0x00, 0x00, 0x22, 0x22, 0x22, 0x22, 0x22, 0x22, 0x22, 0x22, 0x22, 0x22, 0x20, 0x00, 0x00,
    0x00, 0x00, 0x00, 0x22, 0x22, 0x22, 0x22, 0x22, 0x22, 0x22, 0x22, 0x22, 0x22, 0x20, 0x00, 0x00,
    0x00, 0x00, 0x00, 0x22, 0x7a, 0x23, 0xdb, 0xb2, 0x6f, 0x23, 0xd2, 0x22, 0x22, 0x20, 0x00, 0x00,
    0x00, 0x00, 0x00, 0x22, 0x2c, 0x4a, 0x6a, 0xd2, 0xae, 0x23, 0xd2, 0x22, 0x22, 0x20, 0x00, 0x00,
    0x00, 0x00, 0x00, 0x22, 0x25, 0xcb, 0x2a, 0x96, 0xad, 0x23, 0xd2, 0x22, 0x22, 0x20, 0x00, 0x00,
    0x00, 0x00, 0x00, 0x22, 0x22, 0xe7, 0x2a, 0x6c, 0x8d, 0x23, 0xd2, 0x22, 0x22, 0x20, 0x00, 0x00,
    0x00, 0x00, 0x00, 0x22, 0x28, 0x9d, 0x2a, 0x5c, 0x5d, 0x23, 0xd2, 0x22, 0x22, 0x20, 0x00, 0x00,
    0x00, 0x00, 0x00, 0x22, 0x3d, 0x28, 0x8a, 0x52, 0x2d, 0x23, 0xd2, 0x22, 0x22, 0x20, 0x00, 0x00,
    0x00, 0x00, 0x00, 0x22, 0xa6, 0x22, 0xdb, 0x52, 0x2d, 0x23, 0xff, 0xff, 0x22, 0x20, 0x00, 0x00,
    0x00, 0x00, 0x00, 0x22, 0x22, 0x22, 0x22, 0x22, 0x22, 0x22, 0x22, 0x22, 0x22, 0x20, 0x00, 0x00,
    0x00, 0x00, 0x00, 0x22, 0x22, 0x22, 0x22, 0x22, 0x22, 0x22, 0x22, 0x22, 0x22, 0x20, 0x00, 0x00,

    /* U+E032 */
    0x00, 0x00, 0x00, 0x00, 0x00, 0x00, 0x00, 0x00, 0x00, 0x00, 0x00, 0x00, 0x00, 0x00, 0x00, 0x00,
    0x00, 0x00, 0x00, 0x00, 0x00, 0x00, 0x00, 0x00, 0x00, 0x00, 0x00, 0x00, 0x00, 0x00, 0x00, 0x00,
    0x00, 0x00, 0x00, 0x00, 0x00, 0x00, 0x00, 0x00, 0x00, 0x00, 0x00, 0x00, 0x00, 0x00, 0x00, 0x00,
    0x00, 0x00, 0x00, 0x06, 0xdf, 0xff, 0xff, 0xff, 0xf5, 0x07, 0x00, 0x00, 0x00, 0x00, 0x00, 0x00,
    0x00, 0x00, 0x00, 0x6f, 0xff, 0xff, 0xff, 0xff, 0xf5, 0x0f, 0x70, 0x00, 0x00, 0x00, 0x00, 0x00,
    0x00, 0x00, 0x00, 0xdf, 0xff, 0xff, 0xff, 0xff, 0xf5, 0x0f, 0xf7, 0x00, 0x00, 0x00, 0x00, 0x00,
    0x00, 0x00, 0x00, 0xff, 0xff, 0xff, 0xff, 0xff, 0xf5, 0x0f, 0xff, 0x70, 0x00, 0x00, 0x00, 0x00,
    0x00, 0x00, 0x00, 0xff, 0xff, 0xff, 0xff, 0xff, 0xf5, 0x0f, 0xff, 0xf7, 0x00, 0x00, 0x00, 0x00,
    0x00, 0x00, 0x00, 0xff, 0xff, 0xff, 0xff, 0xff, 0xf5, 0x0f, 0xff, 0xff, 0x70, 0x00, 0x00, 0x00,
    0x00, 0x00, 0x00, 0xff, 0xff, 0xff, 0xff, 0xff, 0xf6, 0x07, 0x77, 0x77, 0x71, 0x00, 0x00, 0x00,
    0x00, 0x00, 0x00, 0xff, 0xff, 0xff, 0xff, 0xff, 0xfb, 0x00, 0x00, 0x00, 0x00, 0x00, 0x00, 0x00,
    0x00, 0x00, 0x00, 0xff, 0xff, 0xff, 0xff, 0xff, 0xff, 0xfd, 0xdd, 0xdd, 0xd6, 0x00, 0x00, 0x00,
    0x00, 0x00, 0x00, 0xff, 0xff, 0xff, 0xff, 0xff, 0xff, 0xff, 0xff, 0xff, 0xf7, 0x00, 0x00, 0x00,
    0x00, 0x00, 0x00, 0xff, 0xff, 0xff, 0xff, 0xff, 0xff, 0xff, 0xff, 0xff, 0xf7, 0x00, 0x00, 0x00,
    0x00, 0x00, 0x00, 0xff, 0xff, 0xff, 0xff, 0xff, 0xff, 0xff, 0xff, 0xff, 0xf7, 0x00, 0x00, 0x00,
    0x00, 0x00, 0x00, 0xff, 0xff, 0xff, 0xbc, 0xff, 0xff, 0xae, 0xff, 0xff, 0xf7, 0x00, 0x00, 0x00,
    0x00, 0x00, 0x00, 0xff, 0xff, 0xf8, 0x00, 0xff, 0xf7, 0x02, 0xef, 0xff, 0xf7, 0x00, 0x00, 0x00,
    0x00, 0x00, 0x00, 0xff, 0xff, 0x80, 0x02, 0xff, 0xfa, 0x00, 0x2e, 0xff, 0xf7, 0x00, 0x00, 0x00,
    0x00, 0x00, 0x00, 0xff, 0xf9, 0x00, 0x2e, 0xff, 0xff, 0x80, 0x02, 0xff, 0xf7, 0x00, 0x00, 0x00,
    0x00, 0x00, 0x00, 0xff, 0xf5, 0x00, 0x7f, 0xff, 0xff, 0xe1, 0x00, 0xdf, 0xf7, 0x00, 0x00, 0x00,
    0x00, 0x00, 0x00, 0xff, 0xfe, 0x10, 0x09, 0xff, 0xfe, 0x20, 0x08, 0xff, 0xf7, 0x00, 0x00, 0x00,
    0x00, 0x00, 0x00, 0x22, 0x22, 0x22, 0x22, 0x22, 0x22, 0x22, 0x22, 0x22, 0x22, 0x20, 0x00, 0x00,
    0x00, 0x00, 0x00, 0x22, 0x22, 0x22, 0x22, 0x22, 0x22, 0x22, 0x22, 0x22, 0x22, 0x20, 0x00, 0x00,
    0x00, 0x00, 0x00, 0x22, 0xa7, 0x23, 0xdb, 0xb2, 0x6f, 0x23, 0xd2, 0x22, 0x22, 0x20, 0x00, 0x00,
    0x00, 0x00, 0x00, 0x22, 0x3d, 0x28, 0x8a, 0xd2, 0xae, 0x23, 0xd2, 0x22, 0x22, 0x20, 0x00, 0x00,
    0x00, 0x00, 0x00, 0x22, 0x29, 0x8d, 0x2a, 0x96, 0xad, 0x23, 0xd2, 0x22, 0x22, 0x20, 0x00, 0x00,
    0x00, 0x00, 0x00, 0x22, 0x23, 0xe7, 0x2a, 0x6c, 0x8d, 0x23, 0xd2, 0x22, 0x22, 0x20, 0x00, 0x00,
    0x00, 0x00, 0x00, 0x22, 0x22, 0xc4, 0x2a, 0x5c, 0x5d, 0x23, 0xd2, 0x22, 0x22, 0x20, 0x00, 0x00,
    0x00, 0x00, 0x00, 0x22, 0x22, 0xc4, 0x2a, 0x52, 0x2d, 0x23, 0xd2, 0x22, 0x22, 0x20, 0x00, 0x00,
    0x00, 0x00, 0x00, 0x22, 0x22, 0xc4, 0x2a, 0x52, 0x2d, 0x23, 0xff, 0xff, 0x22, 0x20, 0x00, 0x00,
    0x00, 0x00, 0x00, 0x22, 0x22, 0x22, 0x22, 0x22, 0x22, 0x22, 0x22, 0x22, 0x22, 0x20, 0x00, 0x00,
    0x00, 0x00, 0x00, 0x22, 0x22, 0x22, 0x22, 0x22, 0x22, 0x22, 0x22, 0x22, 0x22, 0x20, 0x00, 0x00,

    /* U+E033 */
    0x00, 0x00, 0x00, 0x00, 0x00, 0x00, 0x00, 0x00, 0x00, 0x00, 0x00, 0x00, 0x00, 0x00, 0x00, 0x00,
    0x00, 0x00, 0x00, 0x00, 0x00, 0x00, 0x00, 0x00, 0x00, 0x00, 0x00, 0x00, 0x00, 0x00, 0x00, 0x00,
    0x00, 0x00, 0x00, 0x00, 0x00, 0x00, 0x00, 0x00, 0x00, 0x00, 0x00, 0x00, 0x00, 0x00, 0x00, 0x00,
    0x00, 0x00, 0x00, 0x06, 0xdf, 0xff, 0xff, 0xff, 0xf6, 0x08, 0x00, 0x00, 0x00, 0x00, 0x00, 0x00,
    0x00, 0x00, 0x00, 0x6f, 0xff, 0xff, 0xff, 0xff, 0xf6, 0x0f, 0x80, 0x00, 0x00, 0x00, 0x00, 0x00,
    0x00, 0x00, 0x00, 0xdf, 0xff, 0xff, 0xff, 0xff, 0xf6, 0x0f, 0xf8, 0x00, 0x00, 0x00, 0x00, 0x00,
    0x00, 0x00, 0x00, 0xff, 0xff, 0xff, 0xff, 0xff, 0xf6, 0x0f, 0xff, 0x80, 0x00, 0x00, 0x00, 0x00,
    0x00, 0x00, 0x00, 0xff, 0xff, 0xff, 0xff, 0xff, 0xf6, 0x0f, 0xff, 0xf8, 0x00, 0x00, 0x00, 0x00,
    0x00, 0x00, 0x00, 0xff, 0xff, 0xff, 0xff, 0xff, 0xf6, 0x0f, 0xff, 0xff, 0x80, 0x00, 0x00, 0x00,
    0x00, 0x00, 0x00, 0xff, 0xff, 0xff, 0xff, 0xff, 0xf6, 0x08, 0x88, 0x88, 0x82, 0x00, 0x00, 0x00,
    0x00, 0x00, 0x00, 0xff, 0xff, 0xff, 0xff, 0xff, 0xfb, 0x00, 0x00, 0x00, 0x00, 0x00, 0x00, 0x00,
    0x00, 0x00, 0x00, 0xff, 0xff, 0xff, 0xff, 0xff, 0xff, 0xfe, 0xee, 0xee, 0xe7, 0x00, 0x00, 0x00,
    0x00, 0x00, 0x00, 0xff, 0xff, 0xff, 0xff, 0xff, 0xff, 0xff, 0xff, 0xff, 0xf8, 0x00, 0x00, 0x00,
    0x00, 0x00, 0x00, 0xff, 0xff, 0xff, 0xff, 0xff, 0xff, 0xff, 0xff, 0xff, 0xf8, 0x00, 0x00, 0x00,
    0x00, 0x00, 0x00, 0xff, 0xff, 0xff, 0xff, 0xff, 0xff, 0xff, 0xff, 0xff, 0xf8, 0x00, 0x00, 0x00,
    0x00, 0x00, 0x00, 0xff, 0xff, 0xff, 0xff, 0xff, 0xff, 0xff, 0xff, 0xff, 0xf8, 0x00, 0x00, 0x00,
    0x00, 0x00, 0x00, 0xff, 0xff, 0xff, 0xff, 0xff, 0xff, 0xff, 0xff, 0xff, 0xf8, 0x00, 0x00, 0x00,
    0x00, 0x00, 0x00, 0xff, 0xff, 0xff, 0xff, 0xff, 0xff, 0xff, 0xff, 0xff, 0xf8, 0x00, 0x00, 0x00,
    0x00, 0x00, 0x00, 0xff, 0xff, 0xff, 0xff, 0xff, 0xff, 0xff, 0xff, 0xff, 0xf8, 0x00, 0x00, 0x00,
    0x00, 0x00, 0x00, 0xff, 0xff, 0xff, 0xff, 0xff, 0xff, 0xff, 0xff, 0xff, 0xf8, 0x00, 0x00, 0x00,
    0x00, 0x00, 0x00, 0xff, 0xff, 0xff, 0xff, 0xff, 0xff, 0xff, 0xff, 0xff, 0xf8, 0x00, 0x00, 0x00,
    0x00, 0x00, 0x00, 0x22, 0x22, 0x22, 0x22, 0x22, 0x22, 0x22, 0x22, 0x22, 0x22, 0x20, 0x00, 0x00,
    0x00, 0x00, 0x00, 0x22, 0x22, 0x22, 0x22, 0x22, 0x22, 0x22, 0x22, 0x22, 0x22, 0x20, 0x00, 0x00,
    0x00, 0x00, 0x00, 0x22, 0x4f, 0xff, 0x97, 0xe2, 0x3d, 0x24, 0xff, 0xf9, 0x22, 0x20, 0x00, 0x00,
    0x00, 0x00, 0x00, 0x22, 0x22, 0xc4, 0x27, 0xe6, 0x3d, 0x22, 0x2c, 0x42, 0x22, 0x20, 0x00, 0x00,
    0x00, 0x00, 0x00, 0x22, 0x22, 0xc4, 0x27, 0x9b, 0x3d, 0x22, 0x2c, 0x42, 0x22, 0x20, 0x00, 0x00,
    0x00, 0x00, 0x00, 0x22, 0x22, 0xc4, 0x27, 0x8b, 0x4d, 0x22, 0x2c, 0x42, 0x22, 0x20, 0x00, 0x00,
    0x00, 0x00, 0x00, 0x22, 0x22, 0xc4, 0x27, 0x86, 0x9d, 0x22, 0x2c, 0x42, 0x22, 0x20, 0x00, 0x00,
    0x00, 0x00, 0x00, 0x22, 0x22, 0xc4, 0x27, 0x82, 0xcd, 0x22, 0x2c, 0x42, 0x22, 0x20, 0x00, 0x00,
    0x00, 0x00, 0x00, 0x22, 0x4f, 0xff, 0x97, 0x82, 0x9d, 0x24, 0xff, 0xf9, 0x22, 0x20, 0x00, 0x00,
    0x00, 0x00, 0x00, 0x22, 0x22, 0x22, 0x22, 0x22, 0x22, 0x22, 0x22, 0x22, 0x22, 0x20, 0x00, 0x00,
    0x00, 0x00, 0x00, 0x22, 0x22, 0x22, 0x22, 0x22, 0x22, 0x22, 0x22, 0x22, 0x22, 0x20, 0x00, 0x00,

    /* U+E034 */
    0x00, 0x00, 0x00, 0x00, 0x00, 0x00, 0x00, 0x00, 0x00, 0x00, 0x00, 0x00, 0x00, 0x00, 0x00, 0x00,
    0x00, 0x00, 0x00, 0x00, 0x00, 0x00, 0x00, 0x00, 0x00, 0x00, 0x00, 0x00, 0x00, 0x00, 0x00, 0x00,
    0x00, 0x00, 0x00, 0x00, 0x00, 0x00, 0x00, 0x00, 0x00, 0x00, 0x00, 0x00, 0x00, 0x00, 0x00, 0x00,
    0x00, 0x00, 0x00, 0x06, 0xdf, 0xff, 0xff, 0xff, 0xf6, 0x08, 0x00, 0x00, 0x00, 0x00, 0x00, 0x00,
    0x00, 0x00, 0x00, 0x6f, 0xff, 0xff, 0xff, 0xff, 0xf6, 0x0f, 0x80, 0x00, 0x00, 0x00, 0x00, 0x00,
    0x00, 0x00, 0x00, 0xdf, 0xff, 0xff, 0xff, 0xff, 0xf6, 0x0f, 0xf8, 0x00, 0x00, 0x00, 0x00, 0x00,
    0x00, 0x00, 0x00, 0xff, 0xff, 0xff, 0xff, 0xff, 0xf6, 0x0f, 0xff, 0x80, 0x00, 0x00, 0x00, 0x00,
    0x00, 0x00, 0x00, 0xff, 0xff, 0xff, 0xff, 0xff, 0xf6, 0x0f, 0xff, 0xf8, 0x00, 0x00, 0x00, 0x00,
    0x00, 0x00, 0x00, 0xff, 0xff, 0xff, 0xff, 0xff, 0xf6, 0x0f, 0xff, 0xff, 0x80, 0x00, 0x00, 0x00,
    0x00, 0x00, 0x00, 0xff, 0xff, 0xff, 0xff, 0xff, 0xf6, 0x08, 0x88, 0x88, 0x82, 0x00, 0x00, 0x00,
    0x00, 0x00, 0x00, 0xff, 0xff, 0xff, 0xff, 0xff, 0xfb, 0x00, 0x00, 0x00, 0x00, 0x00, 0x00, 0x00,
    0x00, 0x00, 0x00, 0xff, 0xff, 0xff, 0xff, 0xff, 0xff, 0xfe, 0xee, 0xee, 0xe7, 0x00, 0x00, 0x00,
    0x00, 0x00, 0x00, 0xff, 0xff, 0xff, 0xff, 0xff, 0xff, 0xff, 0xff, 0xff, 0xf8, 0x00, 0x00, 0x00,
    0x00, 0x00, 0x00, 0xff, 0xff, 0xff, 0xff, 0xff, 0xff, 0xff, 0xff, 0xff, 0xf8, 0x00, 0x00, 0x00,
    0x00, 0x00, 0x00, 0xff, 0xff, 0xff, 0xff, 0xff, 0xff, 0xff, 0xff, 0xff, 0xf8, 0x00, 0x00, 0x00,
    0x00, 0x00, 0x00, 0xff, 0xff, 0xff, 0xff, 0xff, 0xff, 0xff, 0xff, 0xff, 0xf8, 0x00, 0x00, 0x00,
    0x00, 0x00, 0x00, 0xff, 0xff, 0xff, 0xff, 0xff, 0xff, 0xff, 0xff, 0xff, 0xf8, 0x00, 0x00, 0x00,
    0x00, 0x00, 0x00, 0xff, 0xff, 0xff, 0xff, 0xff, 0xff, 0xff, 0xff, 0xff, 0xf8, 0x00, 0x00, 0x00,
    0x00, 0x00, 0x00, 0xff, 0xff, 0xff, 0xff, 0xff, 0xff, 0xff, 0xff, 0xff, 0xf8, 0x00, 0x00, 0x00,
    0x00, 0x00, 0x00, 0xff, 0xff, 0xff, 0xff, 0xff, 0xff, 0xff, 0xff, 0xff, 0xf8, 0x00, 0x00, 0x00,
    0x00, 0x00, 0x00, 0xff, 0xff, 0xff, 0xff, 0xff, 0xff, 0xff, 0xff, 0xff, 0xf8, 0x00, 0x00, 0x00,
    0x00, 0x00, 0x00, 0x22, 0x22, 0x22, 0x22, 0x22, 0x22, 0x22, 0x22, 0x22, 0x22, 0x20, 0x00, 0x00,
    0x00, 0x00, 0x00, 0x22, 0x22, 0x22, 0x22, 0x22, 0x22, 0x22, 0x22, 0x22, 0x22, 0x20, 0x00, 0x00,
    0x00, 0x00, 0x00, 0x22, 0x25, 0xdf, 0xc2, 0xff, 0xfe, 0x22, 0x7e, 0xfa, 0x22, 0x20, 0x00, 0x00,
    0x00, 0x00, 0x00, 0x22, 0x3e, 0x52, 0x22, 0xe2, 0x22, 0x24, 0xe4, 0x22, 0x22, 0x20, 0x00, 0x00,
    0x00, 0x00, 0x00, 0x22, 0x6b, 0x22, 0x22, 0xe2, 0x22, 0x28, 0x92, 0x22, 0x22, 0x20, 0x00, 0x00,
    0x00, 0x00, 0x00, 0x22, 0x7a, 0x22, 0x22, 0xff, 0xfa, 0x29, 0x72, 0xfe, 0x22, 0x20, 0x00, 0x00,
    0x00, 0x00, 0x00, 0x22, 0x6b, 0x22, 0x22, 0xe2, 0x22, 0x28, 0x92, 0x2e, 0x22, 0x20, 0x00, 0x00,
    0x00, 0x00, 0x00, 0x22, 0x3e, 0x52, 0x22, 0xe2, 0x22, 0x24, 0xe4, 0x3e, 0x22, 0x20, 0x00, 0x00,
    0x00, 0x00, 0x00, 0x22, 0x26, 0xdf, 0xc2, 0xe2, 0x22, 0x22, 0x7e, 0xe7, 0x22, 0x20, 0x00, 0x00,
    0x00, 0x00, 0x00, 0x22, 0x22, 0x22, 0x22, 0x22, 0x22, 0x22, 0x22, 0x22, 0x22, 0x20, 0x00, 0x00,
    0x00, 0x00, 0x00, 0x22, 0x22, 0x22, 0x22, 0x22, 0x22, 0x22, 0x22, 0x22, 0x22, 0x20, 0x00, 0x00,

    /* U+E035 */
    0x00, 0x00, 0x00, 0x00, 0x00, 0x00, 0x00, 0x00, 0x00, 0x00, 0x00, 0x00, 0x00, 0x00, 0x00, 0x00,
    0x00, 0x00, 0x00, 0x00, 0x00, 0x00, 0x00, 0x00, 0x00, 0x00, 0x00, 0x00, 0x00, 0x00, 0x00, 0x00,
    0x00, 0x00, 0x00, 0x00, 0x00, 0x00, 0x00, 0x00, 0x00, 0x00, 0x00, 0x00, 0x00, 0x00, 0x00, 0x00,
    0x00, 0x00, 0x00, 0x06, 0xdf, 0xff, 0xff, 0xff, 0xf6, 0x08, 0x00, 0x00, 0x00, 0x00, 0x00, 0x00,
    0x00, 0x00, 0x00, 0x6f, 0xff, 0xff, 0xff, 0xff, 0xf6, 0x0f, 0x80, 0x00, 0x00, 0x00, 0x00, 0x00,
    0x00, 0x00, 0x00, 0xdf, 0xff, 0xff, 0xff, 0xff, 0xf6, 0x0f, 0xf8, 0x00, 0x00, 0x00, 0x00, 0x00,
    0x00, 0x00, 0x00, 0xff, 0xff, 0xff, 0xff, 0xff, 0xf6, 0x0f, 0xff, 0x80, 0x00, 0x00, 0x00, 0x00,
    0x00, 0x00, 0x00, 0xff, 0xff, 0xff, 0xff, 0xff, 0xf6, 0x0f, 0xff, 0xf8, 0x00, 0x00, 0x00, 0x00,
    0x00, 0x00, 0x00, 0xff, 0xff, 0xff, 0xff, 0xff, 0xf6, 0x0f, 0xff, 0xff, 0x80, 0x00, 0x00, 0x00,
    0x00, 0x00, 0x00, 0xff, 0xff, 0xff, 0xff, 0xff, 0xf6, 0x08, 0x88, 0x88, 0x82, 0x00, 0x00, 0x00,
    0x00, 0x00, 0x00, 0xff, 0xff, 0xff, 0xff, 0xff, 0xfb, 0x00, 0x00, 0x00, 0x00, 0x00, 0x00, 0x00,
    0x00, 0x00, 0x00, 0xff, 0xff, 0xff, 0xff, 0xff, 0xff, 0xfe, 0xee, 0xee, 0xe7, 0x00, 0x00, 0x00,
    0x00, 0x00, 0x00, 0xff, 0xff, 0xff, 0xff, 0xff, 0xff, 0xff, 0xff, 0xff, 0xf8, 0x00, 0x00, 0x00,
    0x00, 0x00, 0x00, 0xff, 0xff, 0xff, 0xff, 0xff, 0xff, 0xff, 0xff, 0xff, 0xf8, 0x00, 0x00, 0x00,
    0x00, 0x00, 0x00, 0xff, 0xff, 0xff, 0xff, 0xff, 0xff, 0xff, 0xff, 0xff, 0xf8, 0x00, 0x00, 0x00,
    0x00, 0x00, 0x00, 0xff, 0xff, 0xff, 0xff, 0xff, 0xff, 0xff, 0xff, 0xff, 0xf8, 0x00, 0x00, 0x00,
    0x00, 0x00, 0x00, 0xff, 0xff, 0xff, 0xff, 0xff, 0xff, 0xff, 0xff, 0xff, 0xf8, 0x00, 0x00, 0x00,
    0x00, 0x00, 0x00, 0xff, 0xff, 0xff, 0xff, 0xff, 0xff, 0xff, 0xff, 0xff, 0xf8, 0x00, 0x00, 0x00,
    0x00, 0x00, 0x00, 0xff, 0xff, 0xff, 0xff, 0xff, 0xff, 0xff, 0xff, 0xff, 0xf8, 0x00, 0x00, 0x00,
    0x00, 0x00, 0x00, 0xff, 0xff, 0xff, 0xff, 0xff, 0xff, 0xff, 0xff, 0xff, 0xf8, 0x00, 0x00, 0x00,
    0x00, 0x00, 0x00, 0xff, 0xff, 0xff, 0xff, 0xff, 0xff, 0xff, 0xff, 0xff, 0xf8, 0x00, 0x00, 0x00,
    0x00, 0x00, 0x02, 0x22, 0x22, 0x22, 0x22, 0x22, 0x22, 0x22, 0x22, 0x22, 0x22, 0x20, 0x00, 0x00,
    0x00, 0x00, 0x02, 0x22, 0x22, 0x22, 0x22, 0x22, 0x22, 0x22, 0x22, 0x22, 0x22, 0x20, 0x00, 0x00,
    0x00, 0x00, 0x02, 0x24, 0xff, 0xfc, 0x7e, 0x23, 0xd2, 0xa6, 0x22, 0xe3, 0x22, 0x20, 0x00, 0x00,
    0x00, 0x00, 0x02, 0x24, 0xc2, 0x22, 0x7e, 0x63, 0xd2, 0x79, 0x24, 0xc2, 0x22, 0x20, 0x00, 0x00,
    0x00, 0x00, 0x02, 0x24, 0xc2, 0x22, 0x79, 0xb3, 0xd2, 0x3d, 0x27, 0x92, 0x22, 0x20, 0x00, 0x00,
    0x00, 0x00, 0x02, 0x24, 0xff, 0xfa, 0x78, 0xb4, 0xd2, 0x2c, 0x3a, 0x52, 0x22, 0x20, 0x00, 0x00,
    0x00, 0x00, 0x02, 0x24, 0xc2, 0x22, 0x78, 0x69, 0xd2, 0x29, 0x6d, 0x22, 0x22, 0x20, 0x00, 0x00,
    0x00, 0x00, 0x02, 0x24, 0xc2, 0x22, 0x78, 0x2c, 0xd2, 0x25, 0xbb, 0x22, 0x22, 0x20, 0x00, 0x00,
    0x00, 0x00, 0x02, 0x24, 0xff, 0xfd, 0x78, 0x29, 0xd2, 0x22, 0xf7, 0x22, 0x22, 0x20, 0x00, 0x00,
    0x00, 0x00, 0x02, 0x22, 0x22, 0x22, 0x22, 0x22, 0x22, 0x22, 0x22, 0x22, 0x22, 0x20, 0x00, 0x00,
    0x00, 0x00, 0x02, 0x22, 0x22, 0x22, 0x22, 0x22, 0x22, 0x22, 0x22, 0x22, 0x22, 0x20, 0x00, 0x00,

    /* U+E036 */
    0x00, 0x00, 0x00, 0x00, 0x00, 0x00, 0x00, 0x00, 0x00, 0x00, 0x00, 0x00, 0x00, 0x00, 0x00, 0x00,
    0x00, 0x00, 0x00, 0x00, 0x00, 0x00, 0x00, 0x00, 0x00, 0x00, 0x00, 0x00, 0x00, 0x00, 0x00, 0x00,
    0x00, 0x00, 0x00, 0x00, 0x00, 0x00, 0x00, 0x00, 0x00, 0x00, 0x00, 0x00, 0x00, 0x00, 0x00, 0x00,
    0x00, 0x00, 0x00, 0x06, 0xdf, 0xff, 0xff, 0xff, 0xf5, 0x07, 0x00, 0x00, 0x00, 0x00, 0x00, 0x00,
    0x00, 0x00, 0x00, 0x6f, 0xff, 0xff, 0xff, 0xff, 0xf5, 0x0f, 0x70, 0x00, 0x00, 0x00, 0x00, 0x00,
    0x00, 0x00, 0x00, 0xdf, 0xff, 0xff, 0xff, 0xff, 0xf5, 0x0f, 0xf7, 0x00, 0x00, 0x00, 0x00, 0x00,
    0x00, 0x00, 0x00, 0xff, 0xff, 0xff, 0xff, 0xff, 0xf5, 0x0f, 0xff, 0x70, 0x00, 0x00, 0x00, 0x00,
    0x00, 0x00, 0x00, 0xff, 0xff, 0xff, 0xff, 0xff, 0xf5, 0x0f, 0xff, 0xf7, 0x00, 0x00, 0x00, 0x00,
    0x00, 0x00, 0x00, 0xff, 0xff, 0xff, 0xff, 0xff, 0xf5, 0x0f, 0xff, 0xff, 0x70, 0x00, 0x00, 0x00,
    0x00, 0x00, 0x00, 0xff, 0xff, 0xff, 0xff, 0xff, 0xf6, 0x07, 0x77, 0x77, 0x71, 0x00, 0x00, 0x00,
    0x00, 0x00, 0x00, 0xff, 0xff, 0xff, 0xff, 0xff, 0xfb, 0x00, 0x00, 0x00, 0x00, 0x00, 0x00, 0x00,
    0x00, 0x00, 0x00, 0xff, 0xff, 0xff, 0xff, 0xff, 0xff, 0xfd, 0xdd, 0xdd, 0xd6, 0x00, 0x00, 0x00,
    0x00, 0x00, 0x00, 0xff, 0xff, 0xff, 0xff, 0xff, 0xff, 0xff, 0xff, 0xff, 0xf7, 0x00, 0x00, 0x00,
    0x00, 0x00, 0x00, 0xff, 0xff, 0xff, 0xff, 0xff, 0xff, 0xff, 0xff, 0xff, 0xf7, 0x00, 0x00, 0x00,
    0x00, 0x00, 0x00, 0xff, 0xff, 0xff, 0xff, 0xff, 0xff, 0xff, 0xff, 0xff, 0xf7, 0x00, 0x00, 0x00,
    0x00, 0x00, 0x00, 0xff, 0xff, 0xff, 0xbc, 0xff, 0xff, 0xae, 0xff, 0xff, 0xf7, 0x00, 0x00, 0x00,
    0x00, 0x00, 0x00, 0xff, 0xff, 0xf8, 0x00, 0xff, 0xf7, 0x02, 0xef, 0xff, 0xf7, 0x00, 0x00, 0x00,
    0x00, 0x00, 0x00, 0xff, 0xff, 0x80, 0x02, 0xff, 0xfa, 0x00, 0x2e, 0xff, 0xf7, 0x00, 0x00, 0x00,
    0x00, 0x00, 0x00, 0xff, 0xf9, 0x00, 0x2e, 0xff, 0xff, 0x80, 0x02, 0xff, 0xf7, 0x00, 0x00, 0x00,
    0x00, 0x00, 0x00, 0xff, 0xf5, 0x00, 0x7f, 0xff, 0xff, 0xe1, 0x00, 0xdf, 0xf7, 0x00, 0x00, 0x00,
    0x00, 0x00, 0x00, 0xff, 0xfe, 0x10, 0x09, 0xff, 0xfe, 0x20, 0x08, 0xff, 0xf7, 0x00, 0x00, 0x00,
    0x00, 0x00, 0x00, 0x22, 0x22, 0x22, 0x22, 0x22, 0x22, 0x22, 0x22, 0x22, 0x22, 0x20, 0x00, 0x00,
    0x00, 0x00, 0x00, 0x22, 0x22, 0x22, 0x22, 0x22, 0x22, 0x22, 0x22, 0x22, 0x22, 0x20, 0x00, 0x00,
    0x00, 0x00, 0x00, 0x22, 0xdf, 0xff, 0xfc, 0xb2, 0x6f, 0x23, 0xd2, 0x22, 0x22, 0x20, 0x00, 0x00,
    0x00, 0x00, 0x00, 0x22, 0x22, 0xc4, 0x2a, 0xd2, 0xae, 0x23, 0xd2, 0x22, 0x22, 0x20, 0x00, 0x00,
    0x00, 0x00, 0x00, 0x22, 0x22, 0xc4, 0x2a, 0x96, 0xad, 0x23, 0xd2, 0x22, 0x22, 0x20, 0x00, 0x00,
    0x00, 0x00, 0x00, 0x22, 0x22, 0xc4, 0x2a, 0x6c, 0x8d, 0x23, 0xd2, 0x22, 0x22, 0x20, 0x00, 0x00,
    0x00, 0x00, 0x00, 0x22, 0x22, 0xc4, 0x2a, 0x5c, 0x5d, 0x23, 0xd2, 0x22, 0x22, 0x20, 0x00, 0x00,
    0x00, 0x00, 0x00, 0x22, 0x22, 0xc4, 0x2a, 0x52, 0x2d, 0x23, 0xd2, 0x22, 0x22, 0x20, 0x00, 0x00,
    0x00, 0x00, 0x00, 0x22, 0x22, 0xc4, 0x2a, 0x52, 0x2d, 0x23, 0xff, 0xff, 0x22, 0x20, 0x00, 0x00,
    0x00, 0x00, 0x00, 0x22, 0x22, 0x22, 0x22, 0x22, 0x22, 0x22, 0x22, 0x22, 0x22, 0x20, 0x00, 0x00,
    0x00, 0x00, 0x00, 0x22, 0x22, 0x22, 0x22, 0x22, 0x22, 0x22, 0x22, 0x22, 0x22, 0x20, 0x00, 0x00,


    /* U+E038 */
    0x00, 0x00, 0x00, 0x00, 0x00, 0x00, 0x00, 0x00, 0x00, 0x00, 0x00, 0x00, 0x00, 0x00, 0x00, 0x00,
    0x00, 0x00, 0x00, 0x00, 0x00, 0x00, 0x00, 0x00, 0x00, 0x00, 0x00, 0x00, 0x00, 0x00, 0x00, 0x00,
    0x00, 0x00, 0x00, 0x00, 0x00, 0x00, 0x00, 0x00, 0x00, 0x00, 0x00, 0x00, 0x00, 0x00, 0x00, 0x00,
    0x00, 0x00, 0x00, 0x06, 0xef, 0xff, 0xff, 0xff, 0xf5, 0x16, 0x00, 0x00, 0x00, 0x00, 0x00, 0x00,
    0x00, 0x00, 0x00, 0x6f, 0xff, 0xff, 0xff, 0xff, 0xf5, 0x1f, 0x50, 0x00, 0x00, 0x00, 0x00, 0x00,
    0x00, 0x00, 0x00, 0xdf, 0xff, 0xff, 0xff, 0xff, 0xf5, 0x1f, 0xf5, 0x00, 0x00, 0x00, 0x00, 0x00,
    0x00, 0x00, 0x00, 0xff, 0xff, 0xff, 0xff, 0xff, 0xf5, 0x1f, 0xff, 0x40, 0x00, 0x00, 0x00, 0x00,
    0x00, 0x00, 0x00, 0xff, 0xff, 0xff, 0xff, 0xff, 0xf5, 0x1f, 0xff, 0xf3, 0x00, 0x00, 0x00, 0x00,
    0x00, 0x00, 0x00, 0xff, 0xff, 0xff, 0xff, 0xff, 0xf5, 0x1f, 0xff, 0xff, 0x30, 0x00, 0x00, 0x00,
    0x00, 0x00, 0x00, 0xff, 0xff, 0xff, 0xff, 0xff, 0xf6, 0x07, 0x77, 0x77, 0x60, 0x00, 0x00, 0x00,
    0x00, 0x00, 0x00, 0xff, 0xff, 0xff, 0xff, 0xff, 0xfb, 0x00, 0x00, 0x00, 0x00, 0x00, 0x00, 0x00,
    0x00, 0x00, 0x00, 0xff, 0xff, 0xff, 0xff, 0xff, 0xff, 0xfe, 0xee, 0xee, 0xe0, 0x00, 0x00, 0x00,
    0x00, 0x00, 0x00, 0xff, 0xff, 0xff, 0xff, 0xff, 0xff, 0xff, 0xff, 0xff, 0xf0, 0x00, 0x00, 0x00,
    0x00, 0x00, 0x00, 0xff, 0xff, 0xff, 0xff, 0xff, 0xff, 0xff, 0xff, 0xff, 0xf0, 0x00, 0x00, 0x00,
    0x00, 0x00, 0x00, 0xff, 0xfe, 0x6b, 0xff, 0xff, 0xff, 0xff, 0xff, 0xff, 0xf0, 0x00, 0x00, 0x00,
    0x00, 0x00, 0x00, 0xff, 0xf5, 0x01, 0xff, 0xff, 0xff, 0xff, 0xff, 0xff, 0xf0, 0x00, 0x00, 0x00,
    0x00, 0x00, 0x00, 0xff, 0xf5, 0x00, 0xff, 0xff, 0xff, 0xff, 0xff, 0xff, 0xf0, 0x00, 0x00, 0x00,
    0x00, 0x00, 0x00, 0xff, 0xfc, 0x38, 0xff, 0xff, 0xaf, 0xff, 0xff, 0xff, 0xf0, 0x00, 0x00, 0x00,
    0x00, 0x00, 0x00, 0xff, 0xff, 0xff, 0xff, 0xf9, 0x05, 0xff, 0xff, 0xff, 0xf0, 0x00, 0x00, 0x00,
    0x00, 0x00, 0x00, 0xff, 0xff, 0xff, 0xff, 0xe0, 0x00, 0xaf, 0xff, 0xff, 0xf0, 0x00, 0x00, 0x00,
    0x00, 0x00, 0x00, 0xff, 0xff, 0xf7, 0x2f, 0x40, 0x00, 0x1e, 0xff, 0xff, 0xf0, 0x00, 0x00, 0x00,
    0x00, 0x00, 0x00, 0xff, 0xff, 0xd0, 0x03, 0x00, 0x00, 0x05, 0xff, 0xff, 0xf0, 0x00, 0x00, 0x00,
    0x00, 0x00, 0x00, 0xff, 0xff, 0x40, 0x00, 0x00, 0x00, 0x00, 0xaf, 0xff, 0xf0, 0x00, 0x00, 0x00,
    0x00, 0x00, 0x00, 0xff, 0xfb, 0x00, 0x00, 0x00, 0x00, 0x00, 0x1e, 0xff, 0xf0, 0x00, 0x00, 0x00,
    0x00, 0x00, 0x00, 0xff, 0xf2, 0x00, 0x00, 0x00, 0x00, 0x00, 0x05, 0xff, 0xf0, 0x00, 0x00, 0x00,
    0x00, 0x00, 0x00, 0xff, 0xf1, 0x00, 0x00, 0x00, 0x00, 0x00, 0x04, 0xff, 0xf0, 0x00, 0x00, 0x00,
    0x00, 0x00, 0x00, 0xef, 0xff, 0xff, 0xff, 0xff, 0xff, 0xff, 0xff, 0xff, 0xe0, 0x00, 0x00, 0x00,
    0x00, 0x00, 0x00, 0x8f, 0xff, 0xff, 0xff, 0xff, 0xff, 0xff, 0xff, 0xff, 0x90, 0x00, 0x00, 0x00,
    0x00, 0x00, 0x00, 0x0a, 0xff, 0xff, 0xff, 0xff, 0xff, 0xff, 0xff, 0xfb, 0x00, 0x00, 0x00, 0x00,
    0x00, 0x00, 0x00, 0x00, 0x13, 0x33, 0x33, 0x33, 0x33, 0x33, 0x33, 0x10, 0x00, 0x00, 0x00, 0x00,
    0x00, 0x00, 0x00, 0x00, 0x00, 0x00, 0x00, 0x00, 0x00, 0x00, 0x00, 0x00, 0x00, 0x00, 0x00, 0x00,
    0x00, 0x00, 0x00, 0x00, 0x00, 0x00, 0x00, 0x00, 0x00, 0x00, 0x00, 0x00, 0x00, 0x00, 0x00, 0x00,

    /* U+E039 */
    0x00, 0x00, 0x00, 0x00, 0x00, 0x00, 0x00, 0x00, 0x00, 0x00, 0x00, 0x00, 0x00, 0x00, 0x00, 0x00,
    0x00, 0x00, 0x00, 0x00, 0x00, 0x00, 0x00, 0x00, 0x00, 0x00, 0x00, 0x00, 0x00, 0x00, 0x00, 0x00,
    0x00, 0x00, 0x00, 0x00, 0x00, 0x00, 0x00, 0x00, 0x00, 0x00, 0x00, 0x00, 0x00, 0x00, 0x00, 0x00,
    0x00, 0x00, 0x00, 0x06, 0xef, 0xff, 0xff, 0xff, 0xf5, 0x16, 0x00, 0x00, 0x00, 0x00, 0x00, 0x00,
    0x00, 0x00, 0x00, 0x6f, 0xff, 0xff, 0xff, 0xff, 0xf5, 0x1f, 0x50, 0x00, 0x00, 0x00, 0x00, 0x00,
    0x00, 0x00, 0x00, 0xdf, 0xff, 0xff, 0xff, 0xff, 0xf5, 0x1f, 0xf5, 0x00, 0x00, 0x00, 0x00, 0x00,
    0x00, 0x00, 0x00, 0xff, 0xff, 0xff, 0xff, 0xff, 0xf5, 0x1f, 0xff, 0x40, 0x00, 0x00, 0x00, 0x00,
    0x00, 0x00, 0x00, 0xff, 0xff, 0xff, 0xff, 0xff, 0xf5, 0x1f, 0xff, 0xf3, 0x00, 0x00, 0x00, 0x00,
    0x00, 0x00, 0x00, 0xff, 0xff, 0xff, 0xff, 0xff, 0xf5, 0x1f, 0xff, 0xff, 0x30, 0x00, 0x00, 0x00,
    0x00, 0x00, 0x00, 0xff, 0xff, 0xff, 0xff, 0xff, 0xf6, 0x07, 0x77, 0x77, 0x60, 0x00, 0x00, 0x00,
    0x00, 0x00, 0x00, 0xff, 0xff, 0xff, 0xff, 0xff, 0xfb, 0x00, 0x00, 0x00, 0x00, 0x00, 0x00, 0x00,
    0x00, 0x00, 0x00, 0xff, 0xff, 0xff, 0xff, 0xff, 0xff, 0xfe, 0xee, 0xee, 0xe0, 0x00, 0x00, 0x00,
    0x00, 0x00, 0x00, 0xff, 0xff, 0xff, 0xff, 0xff, 0xff, 0xff, 0xff, 0xff, 0xf0, 0x00, 0x00, 0x00,
    0x00, 0x00, 0x00, 0xff, 0xff, 0xff, 0xff, 0xff, 0xff, 0xff, 0xff, 0xff, 0xf0, 0x00, 0x00, 0x00,
    0x00, 0x00, 0x00, 0xff, 0xfe, 0x6b, 0xff, 0xff, 0xff, 0xff, 0xff, 0xff, 0xf0, 0x00, 0x00, 0x00,
    0x00, 0x00, 0x00, 0xff, 0xf5, 0x01, 0xff, 0xff, 0xff, 0xff, 0xff, 0xff, 0xf0, 0x00, 0x00, 0x00,
    0x00, 0x00, 0x00, 0xff, 0xf5, 0x00, 0xff, 0xff, 0xff, 0xff, 0xff, 0xff, 0xf0, 0x00, 0x00, 0x00,
    0x00, 0x00, 0x00, 0xff, 0xfc, 0x38, 0xff, 0xff, 0xaf, 0xff, 0xff, 0xff, 0xf0, 0x00, 0x00, 0x00,
    0x00, 0x00, 0x00, 0xff, 0xff, 0xff, 0xff, 0xf9, 0x05, 0xff, 0xff, 0xff, 0xf0, 0x00, 0x00, 0x00,
    0x00, 0x00, 0x00, 0xff, 0xff, 0xff, 0xff, 0xe0, 0x00, 0xaf, 0xff, 0xff, 0xf0, 0x00, 0x00, 0x00,
    0x00, 0x00, 0x00, 0xff, 0xff, 0xf7, 0x2f, 0x40, 0x00, 0x1e, 0xff, 0xff, 0xf0, 0x00, 0x00, 0x00,
    0x00, 0x00, 0x00, 0x22, 0x22, 0x22, 0x22, 0x22, 0x22, 0x22, 0x22, 0x22, 0x22, 0x20, 0x00, 0x00,
    0x00, 0x00, 0x00, 0x22, 0x22, 0x22, 0x22, 0x22, 0x22, 0x22, 0x22, 0x22, 0x22, 0x20, 0x00, 0x00,
    0x00, 0x00, 0x00, 0x22, 0x4f, 0xfe, 0x77, 0xe2, 0x3d, 0x22, 0x7e, 0xfa, 0x22, 0x20, 0x00, 0x00,
    0x00, 0x00, 0x00, 0x22, 0x4c, 0x25, 0xe7, 0xe6, 0x3d, 0x24, 0xe4, 0x22, 0x22, 0x20, 0x00, 0x00,
    0x00, 0x00, 0x00, 0x22, 0x4c, 0x25, 0xe7, 0x9b, 0x3d, 0x28, 0x92, 0x22, 0x22, 0x20, 0x00, 0x00,
    0x00, 0x00, 0x00, 0x22, 0x4f, 0xfe, 0x77, 0x8b, 0x4d, 0x29, 0x72, 0xfe, 0x22, 0x20, 0x00, 0x00,
    0x00, 0x00, 0x00, 0x22, 0x4c, 0x22, 0x27, 0x86, 0x9d, 0x28, 0x92, 0x2e, 0x22, 0x20, 0x00, 0x00,
    0x00, 0x00, 0x00, 0x22, 0x4c, 0x22, 0x27, 0x82, 0xcd, 0x24, 0xe4, 0x3e, 0x22, 0x20, 0x00, 0x00,
    0x00, 0x00, 0x00, 0x22, 0x4c, 0x22, 0x27, 0x82, 0x9d, 0x22, 0x7e, 0xe7, 0x22, 0x20, 0x00, 0x00,
    0x00, 0x00, 0x00, 0x22, 0x22, 0x22, 0x22, 0x22, 0x22, 0x22, 0x22, 0x22, 0x22, 0x20, 0x00, 0x00,
    0x00, 0x00, 0x00, 0x22, 0x22, 0x22, 0x22, 0x22, 0x22, 0x22, 0x22, 0x22, 0x22, 0x20, 0x00, 0x00,

    /* U+E03A */
    0x00, 0x00, 0x00, 0x00, 0x00, 0x00, 0x00, 0x00, 0x00, 0x00, 0x00, 0x00, 0x00, 0x00, 0x00, 0x00,
    0x00, 0x00, 0x00, 0x00, 0x00, 0x00, 0x00, 0x00, 0x00, 0x00, 0x00, 0x00, 0x00, 0x00, 0x00, 0x00,
    0x00, 0x00, 0x00, 0x00, 0x00, 0x00, 0x00, 0x00, 0x00, 0x00, 0x00, 0x00, 0x00, 0x00, 0x00, 0x00,
    0x00, 0x00, 0x00, 0x06, 0xef, 0xff, 0xff, 0xff, 0xf5, 0x16, 0x00, 0x00, 0x00, 0x00, 0x00, 0x00,
    0x00, 0x00, 0x00, 0x6f, 0xff, 0xff, 0xff, 0xff, 0xf5, 0x1f, 0x50, 0x00, 0x00, 0x00, 0x00, 0x00,
    0x00, 0x00, 0x00, 0xdf, 0xff, 0xff, 0xff, 0xff, 0xf5, 0x1f, 0xf5, 0x00, 0x00, 0x00, 0x00, 0x00,
    0x00, 0x00, 0x00, 0xff, 0xff, 0xff, 0xff, 0xff, 0xf5, 0x1f, 0xff, 0x40, 0x00, 0x00, 0x00, 0x00,
    0x00, 0x00, 0x00, 0xff, 0xff, 0xff, 0xff, 0xff, 0xf5, 0x1f, 0xff, 0xf3, 0x00, 0x00, 0x00, 0x00,
    0x00, 0x00, 0x00, 0xff, 0xff, 0xff, 0xff, 0xff, 0xf5, 0x1f, 0xff, 0xff, 0x30, 0x00, 0x00, 0x00,
    0x00, 0x00, 0x00, 0xff, 0xff, 0xff, 0xff, 0xff, 0xf6, 0x07, 0x77, 0x77, 0x60, 0x00, 0x00, 0x00,
    0x00, 0x00, 0x00, 0xff, 0xff, 0xff, 0xff, 0xff, 0xfb, 0x00, 0x00, 0x00, 0x00, 0x00, 0x00, 0x00,
    0x00, 0x00, 0x00, 0xff, 0xff, 0xff, 0xff, 0xff, 0xff, 0xfe, 0xee, 0xee, 0xe0, 0x00, 0x00, 0x00,
    0x00, 0x00, 0x00, 0xff, 0xff, 0xff, 0xff, 0xff, 0xff, 0xff, 0xff, 0xff, 0xf0, 0x00, 0x00, 0x00,
    0x00, 0x00, 0x00, 0xff, 0xff, 0xff, 0xff, 0xff, 0xff, 0xff, 0xff, 0xff, 0xf0, 0x00, 0x00, 0x00,
    0x00, 0x00, 0x00, 0xff, 0xfe, 0x6b, 0xff, 0xff, 0xff, 0xff, 0xff, 0xff, 0xf0, 0x00, 0x00, 0x00,
    0x00, 0x00, 0x00, 0xff, 0xf5, 0x01, 0xff, 0xff, 0xff, 0xff, 0xff, 0xff, 0xf0, 0x00, 0x00, 0x00,
    0x00, 0x00, 0x00, 0xff, 0xf5, 0x00, 0xff, 0xff, 0xff, 0xff, 0xff, 0xff, 0xf0, 0x00, 0x00, 0x00,
    0x00, 0x00, 0x00, 0xff, 0xfc, 0x38, 0xff, 0xff, 0xaf, 0xff, 0xff, 0xff, 0xf0, 0x00, 0x00, 0x00,
    0x00, 0x00, 0x00, 0xff, 0xff, 0xff, 0xff, 0xf9, 0x05, 0xff, 0xff, 0xff, 0xf0, 0x00, 0x00, 0x00,
    0x00, 0x00, 0x00, 0xff, 0xff, 0xff, 0xff, 0xe0, 0x00, 0xaf, 0xff, 0xff, 0xf0, 0x00, 0x00, 0x00,
    0x00, 0x00, 0x00, 0xff, 0xff, 0xf7, 0x2f, 0x40, 0x00, 0x1e, 0xff, 0xff, 0xf0, 0x00, 0x00, 0x00,
    0x00, 0x00, 0x00, 0x22, 0x22, 0x22, 0x22, 0x22, 0x22, 0x22, 0x22, 0x22, 0x22, 0x20, 0x00, 0x00,
    0x00, 0x00, 0x00, 0x22, 0x22, 0x22, 0x22, 0x22, 0x22, 0x22, 0x22, 0x22, 0x22, 0x20, 0x00, 0x00,
    0x00, 0x00, 0x00, 0x22, 0x27, 0xff, 0x54, 0xff, 0xe7, 0x22, 0x7e, 0xfa, 0x22, 0x20, 0x00, 0x00,
    0x00, 0x00, 0x00, 0x22, 0x22, 0x2b, 0x54, 0xc2, 0x5e, 0x24, 0xe4, 0x22, 0x22, 0x20, 0x00, 0x00,
    0x00, 0x00, 0x00, 0x22, 0x22, 0x2b, 0x54, 0xc2, 0x5e, 0x28, 0x92, 0x22, 0x22, 0x20, 0x00, 0x00,
    0x00, 0x00, 0x00, 0x22, 0x22, 0x2b, 0x54, 0xff, 0xe7, 0x29, 0x72, 0xfe, 0x22, 0x20, 0x00, 0x00,
    0x00, 0x00, 0x00, 0x22, 0x22, 0x2b, 0x54, 0xc2, 0x22, 0x28, 0x92, 0x2e, 0x22, 0x20, 0x00, 0x00,
    0x00, 0x00, 0x00, 0x22, 0x22, 0x3d, 0x44, 0xc2, 0x22, 0x24, 0xe4, 0x3e, 0x22, 0x20, 0x00, 0x00,
    0x00, 0x00, 0x00, 0x22, 0x9f, 0xfb, 0x24, 0xc2, 0x22, 0x22, 0x7e, 0xe7, 0x22, 0x20, 0x00, 0x00,
    0x00, 0x00, 0x00, 0x22, 0x22, 0x22, 0x22, 0x22, 0x22, 0x22, 0x22, 0x22, 0x22, 0x20, 0x00, 0x00,
    0x00, 0x00, 0x00, 0x22, 0x22, 0x22, 0x22, 0x22, 0x22, 0x22, 0x22, 0x22, 0x22, 0x20, 0x00, 0x00,

    /* U+E03B */
    0x00, 0x00, 0x00, 0x00, 0x00, 0x00, 0x00, 0x00, 0x00, 0x00, 0x00, 0x00, 0x00, 0x00, 0x00, 0x00,
    0x00, 0x00, 0x00, 0x00, 0x00, 0x00, 0x00, 0x00, 0x00, 0x00, 0x00, 0x00, 0x00, 0x00, 0x00, 0x00,
    0x00, 0x00, 0x00, 0x00, 0x00, 0x00, 0x00, 0x00, 0x00, 0x00, 0x00, 0x00, 0x00, 0x00, 0x00, 0x00,
    0x00, 0x00, 0x00, 0x06, 0xef, 0xff, 0xff, 0xff, 0xf5, 0x16, 0x00, 0x00, 0x00, 0x00, 0x00, 0x00,
    0x00, 0x00, 0x00, 0x6f, 0xff, 0xff, 0xff, 0xff, 0xf5, 0x1f, 0x50, 0x00, 0x00, 0x00, 0x00, 0x00,
    0x00, 0x00, 0x00, 0xdf, 0xff, 0xff, 0xff, 0xff, 0xf5, 0x1f, 0xf5, 0x00, 0x00, 0x00, 0x00, 0x00,
    0x00, 0x00, 0x00, 0xff, 0xff, 0xff, 0xff, 0xff, 0xf5, 0x1f, 0xff, 0x40, 0x00, 0x00, 0x00, 0x00,
    0x00, 0x00, 0x00, 0xff, 0xff, 0xff, 0xff, 0xff, 0xf5, 0x1f, 0xff, 0xf3, 0x00, 0x00, 0x00, 0x00,
    0x00, 0x00, 0x00, 0xff, 0xff, 0xff, 0xff, 0xff, 0xf5, 0x1f, 0xff, 0xff, 0x30, 0x00, 0x00, 0x00,
    0x00, 0x00, 0x00, 0xff, 0xff, 0xff, 0xff, 0xff, 0xf6, 0x07, 0x77, 0x77, 0x60, 0x00, 0x00, 0x00,
    0x00, 0x00, 0x00, 0xff, 0xff, 0xff, 0xff, 0xff, 0xfb, 0x00, 0x00, 0x00, 0x00, 0x00, 0x00, 0x00,
    0x00, 0x00, 0x00, 0xff, 0xff, 0xff, 0xff, 0xff, 0xff, 0xfe, 0xee, 0xee, 0xe0, 0x00, 0x00, 0x00,
    0x00, 0x00, 0x00, 0xff, 0xff, 0xff, 0xff, 0xff, 0xff, 0xff, 0xff, 0xff, 0xf0, 0x00, 0x00, 0x00,
    0x00, 0x00, 0x00, 0xff, 0xff, 0xff, 0xff, 0xff, 0xff, 0xff, 0xff, 0xff, 0xf0, 0x00, 0x00, 0x00,
    0x00, 0x00, 0x00, 0xff, 0xfe, 0x6b, 0xff, 0xff, 0xff, 0xff, 0xff, 0xff, 0xf0, 0x00, 0x00, 0x00,
    0x00, 0x00, 0x00, 0xff, 0xf5, 0x01, 0xff, 0xff, 0xff, 0xff, 0xff, 0xff, 0xf0, 0x00, 0x00, 0x00,
    0x00, 0x00, 0x00, 0xff, 0xf5, 0x00, 0xff, 0xff, 0xff, 0xff, 0xff, 0xff, 0xf0, 0x00, 0x00, 0x00,
    0x00, 0x00, 0x00, 0xff, 0xfc, 0x38, 0xff, 0xff, 0xaf, 0xff, 0xff, 0xff, 0xf0, 0x00, 0x00, 0x00,
    0x00, 0x00, 0x00, 0xff, 0xff, 0xff, 0xff, 0xf9, 0x05, 0xff, 0xff, 0xff, 0xf0, 0x00, 0x00, 0x00,
    0x00, 0x00, 0x00, 0xff, 0xff, 0xff, 0xff, 0xe0, 0x00, 0xaf, 0xff, 0xff, 0xf0, 0x00, 0x00, 0x00,
    0x00, 0x00, 0x00, 0xff, 0xff, 0xf7, 0x2f, 0x40, 0x00, 0x1e, 0xff, 0xff, 0xf0, 0x00, 0x00, 0x00,
    0x00, 0x00, 0x02, 0x22, 0x22, 0x22, 0x22, 0x22, 0x22, 0x22, 0x22, 0x22, 0x22, 0x20, 0x00, 0x00,
    0x00, 0x00, 0x02, 0x22, 0x22, 0x22, 0x22, 0x22, 0x22, 0x22, 0x22, 0x22, 0x22, 0x20, 0x00, 0x00,
    0x00, 0x00, 0x02, 0x26, 0xff, 0xd5, 0xab, 0x26, 0xf2, 0x4f, 0xfe, 0x72, 0x22, 0x20, 0x00, 0x00,
    0x00, 0x00, 0x02, 0x26, 0xa2, 0x6b, 0xad, 0x2a, 0xe2, 0x4c, 0x25, 0xe2, 0x22, 0x20, 0x00, 0x00,
    0x00, 0x00, 0x02, 0x26, 0xa2, 0x7b, 0xa9, 0x6a, 0xd2, 0x4c, 0x25, 0xe2, 0x22, 0x20, 0x00, 0x00,
    0x00, 0x00, 0x02, 0x26, 0xff, 0xf5, 0xa6, 0xc8, 0xd2, 0x4f, 0xfe, 0x72, 0x22, 0x20, 0x00, 0x00,
    0x00, 0x00, 0x02, 0x26, 0xa2, 0x5d, 0xa5, 0xc5, 0xd2, 0x4c, 0x22, 0x22, 0x22, 0x20, 0x00, 0x00,
    0x00, 0x00, 0x02, 0x26, 0xa2, 0x4e, 0xa5, 0x22, 0xd2, 0x4c, 0x22, 0x22, 0x22, 0x20, 0x00, 0x00,
    0x00, 0x00, 0x02, 0x26, 0xff, 0xe7, 0xa5, 0x22, 0xd2, 0x4c, 0x22, 0x22, 0x22, 0x20, 0x00, 0x00,
    0x00, 0x00, 0x02, 0x22, 0x22, 0x22, 0x22, 0x22, 0x22, 0x22, 0x22, 0x22, 0x22, 0x20, 0x00, 0x00,
    0x00, 0x00, 0x02, 0x22, 0x22, 0x22, 0x22, 0x22, 0x22, 0x22, 0x22, 0x22, 0x22, 0x20, 0x00, 0x00,

    /* U+E03C */
    0x00, 0x00, 0x00, 0x00, 0x00, 0x00, 0x00, 0x00, 0x00, 0x00, 0x00, 0x00, 0x00, 0x00, 0x00, 0x00,
    0x00, 0x00, 0x00, 0x00, 0x00, 0x00, 0x00, 0x00, 0x00, 0x00, 0x00, 0x00, 0x00, 0x00, 0x00, 0x00,
    0x00, 0x00, 0x00, 0x00, 0x00, 0x00, 0x00, 0x00, 0x00, 0x00, 0x00, 0x00, 0x00, 0x00, 0x00, 0x00,
    0x00, 0x00, 0x00, 0x06, 0xef, 0xff, 0xff, 0xff, 0xf5, 0x16, 0x00, 0x00, 0x00, 0x00, 0x00, 0x00,
    0x00, 0x00, 0x00, 0x6f, 0xff, 0xff, 0xff, 0xff, 0xf5, 0x1f, 0x50, 0x00, 0x00, 0x00, 0x00, 0x00,
    0x00, 0x00, 0x00, 0xdf, 0xff, 0xff, 0xff, 0xff, 0xf5, 0x1f, 0xf5, 0x00, 0x00, 0x00, 0x00, 0x00,
    0x00, 0x00, 0x00, 0xff, 0xff, 0xff, 0xff, 0xff, 0xf5, 0x1f, 0xff, 0x40, 0x00, 0x00, 0x00, 0x00,
    0x00, 0x00, 0x00, 0xff, 0xff, 0xff, 0xff, 0xff, 0xf5, 0x1f, 0xff, 0xf3, 0x00, 0x00, 0x00, 0x00,
    0x00, 0x00, 0x00, 0xff, 0xff, 0xff, 0xff, 0xff, 0xf5, 0x1f, 0xff, 0xff, 0x30, 0x00, 0x00, 0x00,
    0x00, 0x00, 0x00, 0xff, 0xff, 0xff, 0xff, 0xff, 0xf6, 0x07, 0x77, 0x77, 0x60, 0x00, 0x00, 0x00,
    0x00, 0x00, 0x00, 0xff, 0xff, 0xff, 0xff, 0xff, 0xfb, 0x00, 0x00, 0x00, 0x00, 0x00, 0x00, 0x00,
    0x00, 0x00, 0x00, 0xff, 0xff, 0xff, 0xff, 0xff, 0xff, 0xfe, 0xee, 0xee, 0xe0, 0x00, 0x00, 0x00,
    0x00, 0x00, 0x00, 0xff, 0xff, 0xff, 0xff, 0xff, 0xff, 0xff, 0xff, 0xff, 0xf0, 0x00, 0x00, 0x00,
    0x00, 0x00, 0x00, 0xff, 0xff, 0xff, 0xff, 0xff, 0xff, 0xff, 0xff, 0xff, 0xf0, 0x00, 0x00, 0x00,
    0x00, 0x00, 0x00, 0xff, 0xfe, 0x6b, 0xff, 0xff, 0xff, 0xff, 0xff, 0xff, 0xf0, 0x00, 0x00, 0x00,
    0x00, 0x00, 0x00, 0xff, 0xf5, 0x01, 0xff, 0xff, 0xff, 0xff, 0xff, 0xff, 0xf0, 0x00, 0x00, 0x00,
    0x00, 0x00, 0x00, 0xff, 0xf5, 0x00, 0xff, 0xff, 0xff, 0xff, 0xff, 0xff, 0xf0, 0x00, 0x00, 0x00,
    0x00, 0x00, 0x00, 0xff, 0xfc, 0x38, 0xff, 0xff, 0xaf, 0xff, 0xff, 0xff, 0xf0, 0x00, 0x00, 0x00,
    0x00, 0x00, 0x00, 0xff, 0xff, 0xff, 0xff, 0xf9, 0x05, 0xff, 0xff, 0xff, 0xf0, 0x00, 0x00, 0x00,
    0x00, 0x00, 0x00, 0xff, 0xff, 0xff, 0xff, 0xe0, 0x00, 0xaf, 0xff, 0xff, 0xf0, 0x00, 0x00, 0x00,
    0x00, 0x00, 0x00, 0xff, 0xff, 0xf7, 0x2f, 0x40, 0x00, 0x1e, 0xff, 0xff, 0xf0, 0x00, 0x00, 0x00,
    0x00, 0x00, 0x02, 0x22, 0x22, 0x22, 0x22, 0x22, 0x22, 0x22, 0x22, 0x22, 0x22, 0x20, 0x00, 0x00,
    0x00, 0x00, 0x02, 0x22, 0x22, 0x22, 0x22, 0x22, 0x22, 0x22, 0x22, 0x22, 0x22, 0x20, 0x00, 0x00,
    0x00, 0x00, 0x02, 0x2d, 0xff, 0xff, 0x57, 0xef, 0xa2, 0x22, 0xf7, 0x22, 0x22, 0x20, 0x00, 0x00,
    0x00, 0x00, 0x02, 0x22, 0x2c, 0x42, 0x4e, 0x42, 0x22, 0x26, 0xcb, 0x22, 0x22, 0x20, 0x00, 0x00,
    0x00, 0x00, 0x02, 0x22, 0x2c, 0x42, 0x89, 0x22, 0x22, 0x29, 0x7e, 0x22, 0x22, 0x20, 0x00, 0x00,
    0x00, 0x00, 0x02, 0x22, 0x2c, 0x42, 0x97, 0x2f, 0xe2, 0x2d, 0x4c, 0x52, 0x22, 0x20, 0x00, 0x00,
    0x00, 0x00, 0x02, 0x22, 0x2c, 0x42, 0x89, 0x22, 0xe2, 0x4e, 0x28, 0x92, 0x22, 0x20, 0x00, 0x00,
    0x00, 0x00, 0x02, 0x22, 0x2c, 0x42, 0x4e, 0x43, 0xe2, 0x8f, 0xff, 0xd2, 0x22, 0x20, 0x00, 0x00,
    0x00, 0x00, 0x02, 0x22, 0x2c, 0x42, 0x27, 0xee, 0x72, 0xb6, 0x22, 0xe3, 0x22, 0x20, 0x00, 0x00,
    0x00, 0x00, 0x02, 0x22, 0x22, 0x22, 0x22, 0x22, 0x22, 0x22, 0x22, 0x22, 0x22, 0x20, 0x00, 0x00,
    0x00, 0x00, 0x02, 0x22, 0x22, 0x22, 0x22, 0x22, 0x22, 0x22, 0x22, 0x22, 0x22, 0x20, 0x00, 0x00,

    /* U+E03D */
    0x00, 0x00, 0x00, 0x00, 0x00, 0x00, 0x00, 0x00, 0x00, 0x00, 0x00, 0x00, 0x00, 0x00, 0x00, 0x00,
    0x00, 0x00, 0x00, 0x00, 0x00, 0x00, 0x00, 0x00, 0x00, 0x00, 0x00, 0x00, 0x00, 0x00, 0x00, 0x00,
    0x00, 0x00, 0x00, 0x00, 0x00, 0x00, 0x00, 0x00, 0x00, 0x00, 0x00, 0x00, 0x00, 0x00, 0x00, 0x00,
    0x00, 0x00, 0x00, 0x06, 0xef, 0xff, 0xff, 0xff, 0xf5, 0x16, 0x00, 0x00, 0x00, 0x00, 0x00, 0x00,
    0x00, 0x00, 0x00, 0x6f, 0xff, 0xff, 0xff, 0xff, 0xf5, 0x1f, 0x50, 0x00, 0x00, 0x00, 0x00, 0x00,
    0x00, 0x00, 0x00, 0xdf, 0xff, 0xff, 0xff, 0xff, 0xf5, 0x1f, 0xf5, 0x00, 0x00, 0x00, 0x00, 0x00,
    0x00, 0x00, 0x00, 0xff, 0xff, 0xff, 0xff, 0xff, 0xf5, 0x1f, 0xff, 0x40, 0x00, 0x00, 0x00, 0x00,
    0x00, 0x00, 0x00, 0xff, 0xff, 0xff, 0xff, 0xff, 0xf5, 0x1f, 0xff, 0xf3, 0x00, 0x00, 0x00, 0x00,
    0x00, 0x00, 0x00, 0xff, 0xff, 0xff, 0xff, 0xff, 0xf5, 0x1f, 0xff, 0xff, 0x30, 0x00, 0x00, 0x00,
    0x00, 0x00, 0x00, 0xff, 0xff, 0xff, 0xff, 0xff, 0xf6, 0x07, 0x77, 0x77, 0x60, 0x00, 0x00, 0x00,
    0x00, 0x00, 0x00, 0xff, 0xff, 0xff, 0xff, 0xff, 0xfb, 0x00, 0x00, 0x00, 0x00, 0x00, 0x00, 0x00,
    0x00, 0x00, 0x00, 0xff, 0xff, 0xff, 0xff, 0xff, 0xff, 0xfe, 0xee, 0xee, 0xe0, 0x00, 0x00, 0x00,
    0x00, 0x00, 0x00, 0xff, 0xff, 0xff, 0xff, 0xff, 0xff, 0xff, 0xff, 0xff, 0xf0, 0x00, 0x00, 0x00,
    0x00, 0x00, 0x00, 0xff, 0xff, 0xff, 0xff, 0xff, 0xff, 0xff, 0xff, 0xff, 0xf0, 0x00, 0x00, 0x00,
    0x00, 0x00, 0x00, 0xff, 0xfe, 0x6b, 0xff, 0xff, 0xff, 0xff, 0xff, 0xff, 0xf0, 0x00, 0x00, 0x00,
    0x00, 0x00, 0x00, 0xff, 0xf5, 0x01, 0xff, 0xff, 0xff, 0xff, 0xff, 0xff, 0xf0, 0x00, 0x00, 0x00,
    0x00, 0x00, 0x00, 0xff, 0xf5, 0x00, 0xff, 0xff, 0xff, 0xff, 0xff, 0xff, 0xf0, 0x00, 0x00, 0x00,
    0x00, 0x00, 0x00, 0xff, 0xfc, 0x38, 0xff, 0xff, 0xaf, 0xff, 0xff, 0xff, 0xf0, 0x00, 0x00, 0x00,
    0x00, 0x00, 0x00, 0xff, 0xff, 0xff, 0xff, 0xf9, 0x05, 0xff, 0xff, 0xff, 0xf0, 0x00, 0x00, 0x00,
    0x00, 0x00, 0x00, 0xff, 0xff, 0xff, 0xff, 0xe0, 0x00, 0xaf, 0xff, 0xff, 0xf0, 0x00, 0x00, 0x00,
    0x00, 0x00, 0x00, 0xff, 0xff, 0xf7, 0x2f, 0x40, 0x00, 0x1e, 0xff, 0xff, 0xf0, 0x00, 0x00, 0x00,
    0x00, 0x00, 0x00, 0x22, 0x22, 0x22, 0x22, 0x22, 0x22, 0x22, 0x22, 0x22, 0x22, 0x20, 0x00, 0x00,
    0x00, 0x00, 0x00, 0x22, 0x22, 0x22, 0x22, 0x22, 0x22, 0x22, 0x22, 0x22, 0x22, 0x20, 0x00, 0x00,
    0x00, 0x00, 0x00, 0x22, 0x27, 0xef, 0xa4, 0xff, 0xf9, 0x22, 0xff, 0xfe, 0x22, 0x20, 0x00, 0x00,
    0x00, 0x00, 0x00, 0x22, 0x4e, 0x42, 0x22, 0x2c, 0x42, 0x22, 0xe2, 0x22, 0x22, 0x20, 0x00, 0x00,
    0x00, 0x00, 0x00, 0x22, 0x89, 0x22, 0x22, 0x2c, 0x42, 0x22, 0xe2, 0x22, 0x22, 0x20, 0x00, 0x00,
    0x00, 0x00, 0x00, 0x22, 0x97, 0x2f, 0xe2, 0x2c, 0x42, 0x22, 0xff, 0xfa, 0x22, 0x20, 0x00, 0x00,
    0x00, 0x00, 0x00, 0x22, 0x89, 0x22, 0xe2, 0x2c, 0x42, 0x22, 0xe2, 0x22, 0x22, 0x20, 0x00, 0x00,
    0x00, 0x00, 0x00, 0x22, 0x4e, 0x43, 0xe2, 0x2c, 0x42, 0x22, 0xe2, 0x22, 0x22, 0x20, 0x00, 0x00,
    0x00, 0x00, 0x00, 0x22, 0x27, 0xee, 0x74, 0xff, 0xf9, 0x22, 0xe2, 0x22, 0x22, 0x20, 0x00, 0x00,
    0x00, 0x00, 0x00, 0x22, 0x22, 0x22, 0x22, 0x22, 0x22, 0x22, 0x22, 0x22, 0x22, 0x20, 0x00, 0x00,
    0x00, 0x00, 0x00, 0x22, 0x22, 0x22, 0x22, 0x22, 0x22, 0x22, 0x22, 0x22, 0x22, 0x20, 0x00, 0x00,

    /* U+E03E */
    0x00, 0x00, 0x00, 0x00, 0x00, 0x00, 0x00, 0x00, 0x00, 0x00, 0x00, 0x00, 0x00, 0x00, 0x00, 0x00,
    0x00, 0x00, 0x00, 0x00, 0x00, 0x00, 0x00, 0x00, 0x00, 0x00, 0x00, 0x00, 0x00, 0x00, 0x00, 0x00,
    0x00, 0x00, 0x00, 0x00, 0x00, 0x00, 0x00, 0x00, 0x00, 0x00, 0x00, 0x00, 0x00, 0x00, 0x00, 0x00,
    0x00, 0x00, 0x00, 0x06, 0xef, 0xff, 0xff, 0xff, 0xf5, 0x16, 0x00, 0x00, 0x00, 0x00, 0x00, 0x00,
    0x00, 0x00, 0x00, 0x6f, 0xff, 0xff, 0xff, 0xff, 0xf5, 0x1f, 0x50, 0x00, 0x00, 0x00, 0x00, 0x00,
    0x00, 0x00, 0x00, 0xdf, 0xff, 0xff, 0xff, 0xff, 0xf5, 0x1f, 0xf5, 0x00, 0x00, 0x00, 0x00, 0x00,
    0x00, 0x00, 0x00, 0xff, 0xff, 0xff, 0xff, 0xff, 0xf5, 0x1f, 0xff, 0x40, 0x00, 0x00, 0x00, 0x00,
    0x00, 0x00, 0x00, 0xff, 0xff, 0xff, 0xff, 0xff, 0xf5, 0x1f, 0xff, 0xf3, 0x00, 0x00, 0x00, 0x00,
    0x00, 0x00, 0x00, 0xff, 0xff, 0xff, 0xff, 0xff, 0xf5, 0x1f, 0xff, 0xff, 0x30, 0x00, 0x00, 0x00,
    0x00, 0x00, 0x00, 0xff, 0xff, 0xff, 0xff, 0xff, 0xf6, 0x07, 0x77, 0x77, 0x60, 0x00, 0x00, 0x00,
    0x00, 0x00, 0x00, 0xff, 0xff, 0xff, 0xff, 0xff, 0xfb, 0x00, 0x00, 0x00, 0x00, 0x00, 0x00, 0x00,
    0x00, 0x00, 0x00, 0xff, 0xff, 0xff, 0xff, 0xff, 0xff, 0xfe, 0xee, 0xee, 0xe0, 0x00, 0x00, 0x00,
    0x00, 0x00, 0x00, 0xff, 0xff, 0xff, 0xff, 0xff, 0xff, 0xff, 0xff, 0xff, 0xf0, 0x00, 0x00, 0x00,
    0x00, 0x00, 0x00, 0xff, 0xff, 0xff, 0xff, 0xff, 0xff, 0xff, 0xff, 0xff, 0xf0, 0x00, 0x00, 0x00,
    0x00, 0x00, 0x00, 0xff, 0xfe, 0x6b, 0xff, 0xff, 0xff, 0xff, 0xff, 0xff, 0xf0, 0x00, 0x00, 0x00,
    0x00, 0x00, 0x00, 0xff, 0xf5, 0x01, 0xff, 0xff, 0xff, 0xff, 0xff, 0xff, 0xf0, 0x00, 0x00, 0x00,
    0x00, 0x00, 0x00, 0xff, 0xf5, 0x00, 0xff, 0xff, 0xff, 0xff, 0xff, 0xff, 0xf0, 0x00, 0x00, 0x00,
    0x00, 0x00, 0x00, 0xff, 0xfc, 0x38, 0xff, 0xff, 0xaf, 0xff, 0xff, 0xff, 0xf0, 0x00, 0x00, 0x00,
    0x00, 0x00, 0x00, 0xff, 0xff, 0xff, 0xff, 0xf9, 0x05, 0xff, 0xff, 0xff, 0xf0, 0x00, 0x00, 0x00,
    0x00, 0x00, 0x00, 0xff, 0xff, 0xff, 0xff, 0xe0, 0x00, 0xaf, 0xff, 0xff, 0xf0, 0x00, 0x00, 0x00,
    0x00, 0x00, 0x00, 0xff, 0xff, 0xf7, 0x2f, 0x40, 0x00, 0x1e, 0xff, 0xff, 0xf0, 0x00, 0x00, 0x00,
    0x00, 0x00, 0x00, 0x22, 0x22, 0x22, 0x22, 0x22, 0x22, 0x22, 0x22, 0x22, 0x22, 0x20, 0x00, 0x00,
    0x00, 0x00, 0x00, 0x22, 0x22, 0x22, 0x22, 0x22, 0x22, 0x22, 0x22, 0x22, 0x22, 0x20, 0x00, 0x00,
    0x00, 0x00, 0x00, 0x22, 0x2a, 0xfc, 0x3a, 0x62, 0x2e, 0x32, 0x7e, 0xfa, 0x22, 0x20, 0x00, 0x00,
    0x00, 0x00, 0x00, 0x22, 0x6c, 0x35, 0x77, 0x92, 0x4c, 0x24, 0xe4, 0x22, 0x22, 0x20, 0x00, 0x00,
    0x00, 0x00, 0x00, 0x22, 0x6b, 0x22, 0x23, 0xd2, 0x79, 0x28, 0x92, 0x22, 0x22, 0x20, 0x00, 0x00,
    0x00, 0x00, 0x00, 0x22, 0x27, 0xba, 0x32, 0xc3, 0xa5, 0x29, 0x72, 0xfe, 0x22, 0x20, 0x00, 0x00,
    0x00, 0x00, 0x00, 0x22, 0x22, 0x24, 0xb2, 0x96, 0xd2, 0x28, 0x92, 0x2e, 0x22, 0x20, 0x00, 0x00,
    0x00, 0x00, 0x00, 0x22, 0x67, 0x36, 0xc2, 0x5b, 0xb2, 0x24, 0xe4, 0x3e, 0x22, 0x20, 0x00, 0x00,
    0x00, 0x00, 0x00, 0x22, 0x3a, 0xfd, 0x52, 0x2f, 0x72, 0x22, 0x7e, 0xe7, 0x22, 0x20, 0x00, 0x00,
    0x00, 0x00, 0x00, 0x22, 0x22, 0x22, 0x22, 0x22, 0x22, 0x22, 0x22, 0x22, 0x22, 0x20, 0x00, 0x00,
    0x00, 0x00, 0x00, 0x22, 0x22, 0x22, 0x22, 0x22, 0x22, 0x22, 0x22, 0x22, 0x22, 0x20, 0x00, 0x00,

    /* U+E03F */
    0x00, 0x00, 0x00, 0x00, 0x00, 0x00, 0x00, 0x00, 0x00, 0x00, 0x00, 0x00, 0x00, 0x00, 0x00, 0x00,
    0x00, 0x00, 0x00, 0x00, 0x00, 0x00, 0x00, 0x00, 0x00, 0x00, 0x00, 0x00, 0x00, 0x00, 0x00, 0x00,
    0x00, 0x00, 0x00, 0x00, 0x00, 0x00, 0x00, 0x00, 0x00, 0x00, 0x00, 0x00, 0x00, 0x00, 0x00, 0x00,
    0x00, 0x00, 0x00, 0x06, 0xef, 0xff, 0xff, 0xff, 0xf5, 0x16, 0x00, 0x00, 0x00, 0x00, 0x00, 0x00,
    0x00, 0x00, 0x00, 0x6f, 0xff, 0xff, 0xff, 0xff, 0xf5, 0x1f, 0x50, 0x00, 0x00, 0x00, 0x00, 0x00,
    0x00, 0x00, 0x00, 0xdf, 0xff, 0xff, 0xff, 0xff, 0xf5, 0x1f, 0xf5, 0x00, 0x00, 0x00, 0x00, 0x00,
    0x00, 0x00, 0x00, 0xff, 0xff, 0xff, 0xff, 0xff, 0xf5, 0x1f, 0xff, 0x40, 0x00, 0x00, 0x00, 0x00,
    0x00, 0x00, 0x00, 0xff, 0xff, 0xff, 0xff, 0xff, 0xf5, 0x1f, 0xff, 0xf3, 0x00, 0x00, 0x00, 0x00,
    0x00, 0x00, 0x00, 0xff, 0xff, 0xff, 0xff, 0xff, 0xf5, 0x1f, 0xff, 0xff, 0x30, 0x00, 0x00, 0x00,
    0x00, 0x00, 0x00, 0xff, 0xff, 0xff, 0xff, 0xff, 0xf6, 0x07, 0x77, 0x77, 0x60, 0x00, 0x00, 0x00,
    0x00, 0x00, 0x00, 0xff, 0xff, 0xff, 0xff, 0xff, 0xfb, 0x00, 0x00, 0x00, 0x00, 0x00, 0x00, 0x00,
    0x00, 0x00, 0x00, 0xff, 0xff, 0xff, 0xff, 0xff, 0xff, 0xfe, 0xee, 0xee, 0xe0, 0x00, 0x00, 0x00,
    0x00, 0x00, 0x00, 0xff, 0xff, 0xff, 0xff, 0xff, 0xff, 0xff, 0xff, 0xff, 0xf0, 0x00, 0x00, 0x00,
    0x00, 0x00, 0x00, 0xff, 0xff, 0xff, 0xff, 0xff, 0xff, 0xff, 0xff, 0xff, 0xf0, 0x00, 0x00, 0x00,
    0x00, 0x00, 0x00, 0xff, 0xfe, 0x6b, 0xff, 0xff, 0xff, 0xff, 0xff, 0xff, 0xf0, 0x00, 0x00, 0x00,
    0x00, 0x00, 0x00, 0xff, 0xf5, 0x01, 0xff, 0xff, 0xff, 0xff, 0xff, 0xff, 0xf0, 0x00, 0x00, 0x00,
    0x00, 0x00, 0x00, 0xff, 0xf5, 0x00, 0xff, 0xff, 0xff, 0xff, 0xff, 0xff, 0xf0, 0x00, 0x00, 0x00,
    0x00, 0x00, 0x00, 0xff, 0xfc, 0x38, 0xff, 0xff, 0xaf, 0xff, 0xff, 0xff, 0xf0, 0x00, 0x00, 0x00,
    0x00, 0x00, 0x00, 0xff, 0xff, 0xff, 0xff, 0xf9, 0x05, 0xff, 0xff, 0xff, 0xf0, 0x00, 0x00, 0x00,
    0x00, 0x00, 0x00, 0xff, 0xff, 0xff, 0xff, 0xe0, 0x00, 0xaf, 0xff, 0xff, 0xf0, 0x00, 0x00, 0x00,
    0x00, 0x00, 0x00, 0xff, 0xff, 0xf7, 0x2f, 0x40, 0x00, 0x1e, 0xff, 0xff, 0xf0, 0x00, 0x00, 0x00,
    0x00, 0x00, 0x00, 0x22, 0x22, 0x22, 0x22, 0x22, 0x22, 0x22, 0x22, 0x22, 0x22, 0x20, 0x00, 0x00,
    0x00, 0x00, 0x00, 0x22, 0x22, 0x22, 0x22, 0x22, 0x22, 0x22, 0x22, 0x22, 0x22, 0x20, 0x00, 0x00,
    0x00, 0x00, 0x00, 0x22, 0x4f, 0xff, 0x92, 0x5d, 0xfc, 0x22, 0x9f, 0xd4, 0x22, 0x20, 0x00, 0x00,
    0x00, 0x00, 0x00, 0x22, 0x22, 0xc4, 0x23, 0xe5, 0x22, 0x24, 0xd3, 0x8a, 0x22, 0x20, 0x00, 0x00,
    0x00, 0x00, 0x00, 0x22, 0x22, 0xc4, 0x26, 0xb2, 0x22, 0x27, 0x92, 0x3d, 0x22, 0x20, 0x00, 0x00,
    0x00, 0x00, 0x00, 0x22, 0x22, 0xc4, 0x27, 0xa2, 0x22, 0x28, 0x82, 0x2e, 0x22, 0x20, 0x00, 0x00,
    0x00, 0x00, 0x00, 0x22, 0x22, 0xc4, 0x26, 0xb2, 0x22, 0x27, 0x92, 0x3d, 0x22, 0x20, 0x00, 0x00,
    0x00, 0x00, 0x00, 0x22, 0x22, 0xc4, 0x23, 0xe5, 0x22, 0x25, 0xd3, 0x8a, 0x22, 0x20, 0x00, 0x00,
    0x00, 0x00, 0x00, 0x22, 0x4f, 0xff, 0x92, 0x6d, 0xfc, 0x22, 0x9f, 0xd4, 0x22, 0x20, 0x00, 0x00,
    0x00, 0x00, 0x00, 0x22, 0x22, 0x22, 0x22, 0x22, 0x22, 0x22, 0x22, 0x22, 0x22, 0x20, 0x00, 0x00,
    0x00, 0x00, 0x00, 0x22, 0x22, 0x22, 0x22, 0x22, 0x22, 0x22, 0x22, 0x22, 0x22, 0x20, 0x00, 0x00,

    /* U+E040 */
    0x00, 0x00, 0x00, 0x00, 0x00, 0x00, 0x00, 0x00, 0x00, 0x00, 0x00, 0x00, 0x00, 0x00, 0x00, 0x00,
    0x00, 0x00, 0x00, 0x00, 0x00, 0x00, 0x00, 0x00, 0x00, 0x00, 0x00, 0x00, 0x00, 0x00, 0x00, 0x00,
    0x00, 0x00, 0x00, 0x00, 0x00, 0x00, 0x00, 0x00, 0x00, 0x00, 0x00, 0x00, 0x00, 0x00, 0x00, 0x00,
    0x00, 0x00, 0x00, 0x06, 0xef, 0xff, 0xff, 0xff, 0xf5, 0x16, 0x00, 0x00, 0x00, 0x00, 0x00, 0x00,
    0x00, 0x00, 0x00, 0x6f, 0xff, 0xff, 0xff, 0xff, 0xf5, 0x1f, 0x50, 0x00, 0x00, 0x00, 0x00, 0x00,
    0x00, 0x00, 0x00, 0xdf, 0xff, 0xff, 0xff, 0xff, 0xf5, 0x1f, 0xf5, 0x00, 0x00, 0x00, 0x00, 0x00,
    0x00, 0x00, 0x00, 0xff, 0xff, 0xff, 0xff, 0xff, 0xf5, 0x1f, 0xff, 0x40, 0x00, 0x00, 0x00, 0x00,
    0x00, 0x00, 0x00, 0xff, 0xff, 0xff, 0xff, 0xff, 0xf5, 0x1f, 0xff, 0xf3, 0x00, 0x00, 0x00, 0x00,
    0x00, 0x00, 0x00, 0xff, 0xff, 0xff, 0xff, 0xff, 0xf5, 0x1f, 0xff, 0xff, 0x30, 0x00, 0x00, 0x00,
    0x00, 0x00, 0x00, 0xff, 0xff, 0xff, 0xff, 0xff, 0xf6, 0x07, 0x77, 0x77, 0x60, 0x00, 0x00, 0x00,
    0x00, 0x00, 0x00, 0xff, 0xff, 0xff, 0xff, 0xff, 0xfb, 0x00, 0x00, 0x00, 0x00, 0x00, 0x00, 0x00,
    0x00, 0x00, 0x00, 0xff, 0xff, 0xff, 0xff, 0xff, 0xff, 0xfe, 0xee, 0xee, 0xe0, 0x00, 0x00, 0x00,
    0x00, 0x00, 0x00, 0xff, 0xff, 0xff, 0xff, 0xff, 0xff, 0xff, 0xff, 0xff, 0xf0, 0x00, 0x00, 0x00,
    0x00, 0x00, 0x00, 0xff, 0xff, 0xff, 0xff, 0xff, 0xff, 0xff, 0xff, 0xff, 0xf0, 0x00, 0x00, 0x00,
    0x00, 0x00, 0x00, 0xff, 0xfe, 0x6b, 0xff, 0xff, 0xff, 0xff, 0xff, 0xff, 0xf0, 0x00, 0x00, 0x00,
    0x00, 0x00, 0x00, 0xff, 0xf5, 0x01, 0xff, 0xff, 0xff, 0xff, 0xff, 0xff, 0xf0, 0x00, 0x00, 0x00,
    0x00, 0x00, 0x00, 0xff, 0xf5, 0x00, 0xff, 0xff, 0xff, 0xff, 0xff, 0xff, 0xf0, 0x00, 0x00, 0x00,
    0x00, 0x00, 0x00, 0xff, 0xfc, 0x38, 0xff, 0xff, 0xaf, 0xff, 0xff, 0xff, 0xf0, 0x00, 0x00, 0x00,
    0x00, 0x00, 0x00, 0xff, 0xff, 0xff, 0xff, 0xf9, 0x05, 0xff, 0xff, 0xff, 0xf0, 0x00, 0x00, 0x00,
    0x00, 0x00, 0x00, 0xff, 0xff, 0xff, 0xff, 0xe0, 0x00, 0xaf, 0xff, 0xff, 0xf0, 0x00, 0x00, 0x00,
    0x00, 0x00, 0x00, 0xff, 0xff, 0xf7, 0x2f, 0x40, 0x00, 0x1e, 0xff, 0xff, 0xf0, 0x00, 0x00, 0x00,
    0x00, 0x00, 0x00, 0x22, 0x22, 0x22, 0x22, 0x22, 0x22, 0x22, 0x22, 0x22, 0x22, 0x20, 0x00, 0x00,
    0x00, 0x00, 0x00, 0x22, 0x22, 0x22, 0x22, 0x22, 0x22, 0x22, 0x22, 0x22, 0x22, 0x20, 0x00, 0x00,
    0x00, 0x00, 0x00, 0x22, 0x4f, 0xfe, 0x72, 0xaf, 0xc3, 0x27, 0xfe, 0xa2, 0x22, 0x20, 0x00, 0x00,
    0x00, 0x00, 0x00, 0x22, 0x4c, 0x25, 0xe6, 0xc3, 0x57, 0x27, 0x93, 0xb8, 0x22, 0x20, 0x00, 0x00,
    0x00, 0x00, 0x00, 0x22, 0x4c, 0x25, 0xe6, 0xb2, 0x22, 0x27, 0x92, 0x5c, 0x22, 0x20, 0x00, 0x00,
    0x00, 0x00, 0x00, 0x22, 0x4f, 0xfe, 0x72, 0x7b, 0xa3, 0x27, 0x92, 0x3d, 0x22, 0x20, 0x00, 0x00,
    0x00, 0x00, 0x00, 0x22, 0x4c, 0x22, 0x22, 0x22, 0x4b, 0x27, 0x92, 0x5c, 0x22, 0x20, 0x00, 0x00,
    0x00, 0x00, 0x00, 0x22, 0x4c, 0x22, 0x26, 0x73, 0x6c, 0x27, 0x93, 0xb8, 0x22, 0x20, 0x00, 0x00,
    0x00, 0x00, 0x00, 0x22, 0x4c, 0x22, 0x23, 0xaf, 0xd5, 0x27, 0xfe, 0xa2, 0x22, 0x20, 0x00, 0x00,
    0x00, 0x00, 0x00, 0x22, 0x22, 0x22, 0x22, 0x22, 0x22, 0x22, 0x22, 0x22, 0x22, 0x20, 0x00, 0x00,
    0x00, 0x00, 0x00, 0x22, 0x22, 0x22, 0x22, 0x22, 0x22, 0x22, 0x22, 0x22, 0x22, 0x20, 0x00, 0x00,

    /* U+E041 */
    0x00, 0x00, 0x00, 0x00, 0x00, 0x00, 0x00, 0x00, 0x00, 0x00, 0x00, 0x00, 0x00, 0x00, 0x00, 0x00,
    0x00, 0x00, 0x00, 0x00, 0x00, 0x00, 0x00, 0x00, 0x00, 0x00, 0x00, 0x00, 0x00, 0x00, 0x00, 0x00,
    0x00, 0x00, 0x00, 0x00, 0x00, 0x00, 0x00, 0x00, 0x00, 0x00, 0x00, 0x00, 0x00, 0x00, 0x00, 0x00,
    0x00, 0x00, 0x00, 0x06, 0xef, 0xff, 0xff, 0xff, 0xf5, 0x16, 0x00, 0x00, 0x00, 0x00, 0x00, 0x00,
    0x00, 0x00, 0x00, 0x6f, 0xff, 0xff, 0xff, 0xff, 0xf5, 0x1f, 0x50, 0x00, 0x00, 0x00, 0x00, 0x00,
    0x00, 0x00, 0x00, 0xdf, 0xff, 0xff, 0xff, 0xff, 0xf5, 0x1f, 0xf5, 0x00, 0x00, 0x00, 0x00, 0x00,
    0x00, 0x00, 0x00, 0xff, 0xff, 0xff, 0xff, 0xff, 0xf5, 0x1f, 0xff, 0x40, 0x00, 0x00, 0x00, 0x00,
    0x00, 0x00, 0x00, 0xff, 0xff, 0xff, 0xff, 0xff, 0xf5, 0x1f, 0xff, 0xf3, 0x00, 0x00, 0x00, 0x00,
    0x00, 0x00, 0x00, 0xff, 0xff, 0xff, 0xff, 0xff, 0xf5, 0x1f, 0xff, 0xff, 0x30, 0x00, 0x00, 0x00,
    0x00, 0x00, 0x00, 0xff, 0xff, 0xff, 0xff, 0xff, 0xf6, 0x07, 0x77, 0x77, 0x60, 0x00, 0x00, 0x00,
    0x00, 0x00, 0x00, 0xff, 0xff, 0xff, 0xff, 0xff, 0xfb, 0x00, 0x00, 0x00, 0x00, 0x00, 0x00, 0x00,
    0x00, 0x00, 0x00, 0xff, 0xff, 0xff, 0xff, 0xff, 0xff, 0xfe, 0xee, 0xee, 0xe0, 0x00, 0x00, 0x00,
    0x00, 0x00, 0x00, 0xff, 0xff, 0xff, 0xff, 0xff, 0xff, 0xff, 0xff, 0xff, 0xf0, 0x00, 0x00, 0x00,
    0x00, 0x00, 0x00, 0xff, 0xff, 0xff, 0xff, 0xff, 0xff, 0xff, 0xff, 0xff, 0xf0, 0x00, 0x00, 0x00,
    0x00, 0x00, 0x00, 0xff, 0xfe, 0x6b, 0xff, 0xff, 0xff, 0xff, 0xff, 0xff, 0xf0, 0x00, 0x00, 0x00,
    0x00, 0x00, 0x00, 0xff, 0xf5, 0x01, 0xff, 0xff, 0xff, 0xff, 0xff, 0xff, 0xf0, 0x00, 0x00, 0x00,
    0x00, 0x00, 0x00, 0xff, 0xf5, 0x00, 0xff, 0xff, 0xff, 0xff, 0xff, 0xff, 0xf0, 0x00, 0x00, 0x00,
    0x00, 0x00, 0x00, 0xff, 0xfc, 0x38, 0xff, 0xff, 0xaf, 0xff, 0xff, 0xff, 0xf0, 0x00, 0x00, 0x00,
    0x00, 0x00, 0x00, 0xff, 0xff, 0xff, 0xff, 0xf9, 0x05, 0xff, 0xff, 0xff, 0xf0, 0x00, 0x00, 0x00,
    0x00, 0x00, 0x00, 0xff, 0xff, 0xff, 0xff, 0xe0, 0x00, 0xaf, 0xff, 0xff, 0xf0, 0x00, 0x00, 0x00,
    0x00, 0x00, 0x00, 0xff, 0xff, 0xf7, 0x2f, 0x40, 0x00, 0x1e, 0xff, 0xff, 0xf0, 0x00, 0x00, 0x00,
    0x00, 0x00, 0x02, 0x22, 0x22, 0x22, 0x22, 0x22, 0x22, 0x22, 0x22, 0x22, 0x22, 0x20, 0x00, 0x00,
    0x00, 0x00, 0x02, 0x22, 0x22, 0x22, 0x22, 0x22, 0x22, 0x22, 0x22, 0x22, 0x22, 0x20, 0x00, 0x00,
    0x00, 0x00, 0x02, 0x2d, 0x22, 0x29, 0x9f, 0xfd, 0x52, 0x4f, 0xfe, 0x72, 0x22, 0x20, 0x00, 0x00,
    0x00, 0x00, 0x02, 0x2d, 0x22, 0x2a, 0x8a, 0x26, 0xb2, 0x4c, 0x25, 0xe2, 0x22, 0x20, 0x00, 0x00,
    0x00, 0x00, 0x02, 0x2b, 0x4e, 0x6c, 0x6a, 0x27, 0xb2, 0x4c, 0x25, 0xe2, 0x22, 0x20, 0x00, 0x00,
    0x00, 0x00, 0x02, 0x29, 0x6c, 0x8c, 0x6f, 0xff, 0x52, 0x4f, 0xfe, 0x72, 0x22, 0x20, 0x00, 0x00,
    0x00, 0x00, 0x02, 0x27, 0xa7, 0xac, 0x6a, 0x25, 0xd2, 0x4c, 0x22, 0x22, 0x22, 0x20, 0x00, 0x00,
    0x00, 0x00, 0x02, 0x25, 0xe4, 0xbb, 0x6a, 0x24, 0xe2, 0x4c, 0x22, 0x22, 0x22, 0x20, 0x00, 0x00,
    0x00, 0x00, 0x02, 0x23, 0xe2, 0x99, 0x6f, 0xfe, 0x72, 0x4c, 0x22, 0x22, 0x22, 0x20, 0x00, 0x00,
    0x00, 0x00, 0x02, 0x22, 0x22, 0x22, 0x22, 0x22, 0x22, 0x22, 0x22, 0x22, 0x22, 0x20, 0x00, 0x00,
    0x00, 0x00, 0x02, 0x22, 0x22, 0x22, 0x22, 0x22, 0x22, 0x22, 0x22, 0x22, 0x22, 0x20, 0x00, 0x00,



    /* U+E044 */
    0x00, 0x00, 0x00, 0x00, 0x00, 0x00, 0x00, 0x00, 0x00, 0x00, 0x00, 0x00, 0x00, 0x00, 0x00, 0x00,
    0x00, 0x00, 0x00, 0x00, 0x00, 0x00, 0x00, 0x00, 0x00, 0x00, 0x00, 0x00, 0x00, 0x00, 0x00, 0x00,
    0x00, 0x00, 0x00, 0x00, 0x00, 0x00, 0x00, 0x00, 0x00, 0x00, 0x00, 0x00, 0x00, 0x00, 0x00, 0x00,
    0x00, 0x00, 0x00, 0x07, 0xef, 0xff, 0xff, 0xff, 0xf5, 0x08, 0x00, 0x00, 0x00, 0x00, 0x00, 0x00,
    0x00, 0x00, 0x00, 0x6f, 0xff, 0xff, 0xff, 0xff, 0xf5, 0x0f, 0x70, 0x00, 0x00, 0x00, 0x00, 0x00,
    0x00, 0x00, 0x00, 0xdf, 0xff, 0xff, 0xff, 0xff, 0xf5, 0x0f, 0xf6, 0x00, 0x00, 0x00, 0x00, 0x00,
    0x00, 0x00, 0x00, 0xff, 0xff, 0xff, 0xff, 0xff, 0xf5, 0x0f, 0xff, 0x60, 0x00, 0x00, 0x00, 0x00,
    0x00, 0x00, 0x00, 0xff, 0xff, 0xff, 0xff, 0xff, 0xf5, 0x0f, 0xff, 0xf5, 0x00, 0x00, 0x00, 0x00,
    0x00, 0x00, 0x00, 0xff, 0xff, 0xff, 0xff, 0xff, 0xf5, 0x0f, 0xff, 0xff, 0x50, 0x00, 0x00, 0x00,
    0x00, 0x00, 0x00, 0xff, 0xff, 0xff, 0xff, 0xff, 0xf6, 0x07, 0x77, 0x77, 0x70, 0x00, 0x00, 0x00,
    0x00, 0x00, 0x00, 0xff, 0xff, 0xff, 0xff, 0xff, 0xfb, 0x00, 0x00, 0x00, 0x00, 0x00, 0x00, 0x00,
    0x00, 0x00, 0x00, 0xff, 0xff, 0xff, 0xff, 0xff, 0xff, 0xfd, 0xdd, 0xdd, 0xd3, 0x00, 0x00, 0x00,
    0x00, 0x00, 0x00, 0xff, 0xff, 0xff, 0xff, 0xff, 0xff, 0xff, 0xff, 0xff, 0xf3, 0x00, 0x00, 0x00,
    0x00, 0x00, 0x00, 0xff, 0xff, 0xff, 0xff, 0xff, 0xff, 0xff, 0xff, 0xff, 0xf3, 0x00, 0x00, 0x00,
    0x00, 0x00, 0x00, 0xff, 0xff, 0xff, 0xff, 0xff, 0xff, 0xce, 0xff, 0xff, 0xf3, 0x00, 0x00, 0x00,
    0x00, 0x00, 0x00, 0xff, 0xff, 0xff, 0xff, 0xff, 0xff, 0x01, 0xdf, 0xff, 0xf3, 0x00, 0x00, 0x00,
    0x00, 0x00, 0x00, 0xff, 0xff, 0xff, 0xf4, 0x3f, 0xff, 0xb0, 0x2f, 0xff, 0xf3, 0x00, 0x00, 0x00,
    0x00, 0x00, 0x00, 0xff, 0xff, 0xff, 0x40, 0x0f, 0xff, 0xfa, 0x09, 0xff, 0xf3, 0x00, 0x00, 0x00,
    0x00, 0x00, 0x00, 0xff, 0xf6, 0x00, 0x00, 0x0f, 0xd0, 0x9f, 0x33, 0xff, 0xf3, 0x00, 0x00, 0x00,
    0x00, 0x00, 0x00, 0xff, 0xf3, 0x00, 0x00, 0x0f, 0xf2, 0x2f, 0x81, 0xff, 0xf3, 0x00, 0x00, 0x00,
    0x00, 0x00, 0x00, 0xff, 0xf3, 0x00, 0x00, 0x0f, 0xf5, 0x0f, 0x90, 0xff, 0xf3, 0x00, 0x00, 0x00,
    0x00, 0x00, 0x00, 0xff, 0xf5, 0x00, 0x00, 0x0f, 0xe0, 0x4f, 0x72, 0xff, 0xf3, 0x00, 0x00, 0x00,
    0x00, 0x00, 0x00, 0xff, 0xff, 0xed, 0x30, 0x0f, 0xf5, 0xdf, 0x15, 0xff, 0xf3, 0x00, 0x00, 0x00,
    0x00, 0x00, 0x00, 0xff, 0xff, 0xff, 0xf3, 0x2f, 0xff, 0xf6, 0x0b, 0xff, 0xf3, 0x00, 0x00, 0x00,
    0x00, 0x00, 0x00, 0xff, 0xff, 0xff, 0xff, 0xff, 0xff, 0x40, 0x6f, 0xff, 0xf3, 0x00, 0x00, 0x00,
    0x00, 0x00, 0x00, 0xff, 0xff, 0xff, 0xff, 0xff, 0xff, 0x26, 0xff, 0xff, 0xf3, 0x00, 0x00, 0x00,
    0x00, 0x00, 0x00, 0xdf, 0xff, 0xff, 0xff, 0xff, 0xff, 0xff, 0xff, 0xff, 0xf1, 0x00, 0x00, 0x00,
    0x00, 0x00, 0x00, 0x6f, 0xff, 0xff, 0xff, 0xff, 0xff, 0xff, 0xff, 0xff, 0xa0, 0x00, 0x00, 0x00,
    0x00, 0x00, 0x00, 0x06, 0xdf, 0xff, 0xff, 0xff, 0xff, 0xff, 0xff, 0xe9, 0x00, 0x00, 0x00, 0x00,
    0x00, 0x00, 0x00, 0x00, 0x00, 0x00, 0x00, 0x00, 0x00, 0x00, 0x00, 0x00, 0x00, 0x00, 0x00, 0x00,
    0x00, 0x00, 0x00, 0x00, 0x00, 0x00, 0x00, 0x00, 0x00, 0x00, 0x00, 0x00, 0x00, 0x00, 0x00, 0x00,
    0x00, 0x00, 0x00, 0x00, 0x00, 0x00, 0x00, 0x00, 0x00, 0x00, 0x00, 0x00, 0x00, 0x00, 0x00, 0x00,

    /* U+E045 */
    0x00, 0x00, 0x00, 0x00, 0x00, 0x00, 0x00, 0x00, 0x00, 0x00, 0x00, 0x00, 0x00, 0x00, 0x00, 0x00,
    0x00, 0x00, 0x00, 0x00, 0x00, 0x00, 0x00, 0x00, 0x00, 0x00, 0x00, 0x00, 0x00, 0x00, 0x00, 0x00,
    0x00, 0x00, 0x00, 0x00, 0x00, 0x00, 0x00, 0x00, 0x00, 0x00, 0x00, 0x00, 0x00, 0x00, 0x00, 0x00,
    0x00, 0x00, 0x00, 0x07, 0xef, 0xff, 0xff, 0xff, 0xf5, 0x08, 0x00, 0x00, 0x00, 0x00, 0x00, 0x00,
    0x00, 0x00, 0x00, 0x6f, 0xff, 0xff, 0xff, 0xff, 0xf5, 0x0f, 0x70, 0x00, 0x00, 0x00, 0x00, 0x00,
    0x00, 0x00, 0x00, 0xdf, 0xff, 0xff, 0xff, 0xff, 0xf5, 0x0f, 0xf6, 0x00, 0x00, 0x00, 0x00, 0x00,
    0x00, 0x00, 0x00, 0xff, 0xff, 0xff, 0xff, 0xff, 0xf5, 0x0f, 0xff, 0x60, 0x00, 0x00, 0x00, 0x00,
    0x00, 0x00, 0x00, 0xff, 0xff, 0xff, 0xff, 0xff, 0xf5, 0x0f, 0xff, 0xf5, 0x00, 0x00, 0x00, 0x00,
    0x00, 0x00, 0x00, 0xff, 0xff, 0xff, 0xff, 0xff, 0xf5, 0x0f, 0xff, 0xff, 0x50, 0x00, 0x00, 0x00,
    0x00, 0x00, 0x00, 0xff, 0xff, 0xff, 0xff, 0xff, 0xf6, 0x07, 0x77, 0x77, 0x70, 0x00, 0x00, 0x00,
    0x00, 0x00, 0x00, 0xff, 0xff, 0xff, 0xff, 0xff, 0xfb, 0x00, 0x00, 0x00, 0x00, 0x00, 0x00, 0x00,
    0x00, 0x00, 0x00, 0xff, 0xff, 0xff, 0xff, 0xff, 0xff, 0xfd, 0xdd, 0xdd, 0xd3, 0x00, 0x00, 0x00,
    0x00, 0x00, 0x00, 0xff, 0xff, 0xff, 0xff, 0xff, 0xff, 0xff, 0xff, 0xff, 0xf3, 0x00, 0x00, 0x00,
    0x00, 0x00, 0x00, 0xff, 0xff, 0xff, 0xff, 0xff, 0xff, 0xff, 0xff, 0xff, 0xf3, 0x00, 0x00, 0x00,
    0x00, 0x00, 0x00, 0xff, 0xff, 0xff, 0xff, 0xff, 0xff, 0xce, 0xff, 0xff, 0xf3, 0x00, 0x00, 0x00,
    0x00, 0x00, 0x00, 0xff, 0xff, 0xff, 0xff, 0xff, 0xff, 0x01, 0xdf, 0xff, 0xf3, 0x00, 0x00, 0x00,
    0x00, 0x00, 0x00, 0xff, 0xff, 0xff, 0xf4, 0x3f, 0xff, 0xb0, 0x2f, 0xff, 0xf3, 0x00, 0x00, 0x00,
    0x00, 0x00, 0x00, 0xff, 0xff, 0xff, 0x40, 0x0f, 0xff, 0xfa, 0x09, 0xff, 0xf3, 0x00, 0x00, 0x00,
    0x00, 0x00, 0x00, 0xff, 0xf6, 0x00, 0x00, 0x0f, 0xd0, 0x9f, 0x33, 0xff, 0xf3, 0x00, 0x00, 0x00,
    0x00, 0x00, 0x00, 0xff, 0xf3, 0x00, 0x00, 0x0f, 0xf2, 0x2f, 0x81, 0xff, 0xf3, 0x00, 0x00, 0x00,
    0x00, 0x00, 0x00, 0xff, 0xf3, 0x00, 0x00, 0x0f, 0xf5, 0x0f, 0x90, 0xff, 0xf3, 0x00, 0x00, 0x00,
    0x00, 0x00, 0x00, 0x22, 0x22, 0x22, 0x22, 0x22, 0x22, 0x22, 0x22, 0x22, 0x22, 0x20, 0x00, 0x00,
    0x00, 0x00, 0x00, 0x22, 0x22, 0x22, 0x22, 0x22, 0x22, 0x22, 0x22, 0x22, 0x22, 0x20, 0x00, 0x00,
    0x00, 0x00, 0x00, 0x22, 0xab, 0x26, 0xf4, 0xff, 0xe7, 0x22, 0x9f, 0xc3, 0x22, 0x20, 0x00, 0x00,
    0x00, 0x00, 0x00, 0x22, 0xad, 0x2a, 0xe4, 0xc2, 0x5e, 0x25, 0x83, 0x99, 0x22, 0x20, 0x00, 0x00,
    0x00, 0x00, 0x00, 0x22, 0xa9, 0x6a, 0xd4, 0xc2, 0x5e, 0x22, 0x22, 0x98, 0x22, 0x20, 0x00, 0x00,
    0x00, 0x00, 0x00, 0x22, 0xa6, 0xc8, 0xd4, 0xff, 0xe7, 0x22, 0x6f, 0xd3, 0x22, 0x20, 0x00, 0x00,
    0x00, 0x00, 0x00, 0x22, 0xa5, 0xc5, 0xd4, 0xc2, 0x22, 0x22, 0x22, 0x8a, 0x22, 0x20, 0x00, 0x00,
    0x00, 0x00, 0x00, 0x22, 0xa5, 0x22, 0xd4, 0xc2, 0x22, 0x26, 0x63, 0x8b, 0x22, 0x20, 0x00, 0x00,
    0x00, 0x00, 0x00, 0x22, 0xa5, 0x22, 0xd4, 0xc2, 0x22, 0x23, 0xbf, 0xd4, 0x22, 0x20, 0x00, 0x00,
    0x00, 0x00, 0x00, 0x22, 0x22, 0x22, 0x22, 0x22, 0x22, 0x22, 0x22, 0x22, 0x22, 0x20, 0x00, 0x00,
    0x00, 0x00, 0x00, 0x22, 0x22, 0x22, 0x22, 0x22, 0x22, 0x22, 0x22, 0x22, 0x22, 0x20, 0x00, 0x00,

    /* U+E046 */
    0x00, 0x00, 0x00, 0x00, 0x00, 0x00, 0x00, 0x00, 0x00, 0x00, 0x00, 0x00, 0x00, 0x00, 0x00, 0x00,
    0x00, 0x00, 0x00, 0x00, 0x00, 0x00, 0x00, 0x00, 0x00, 0x00, 0x00, 0x00, 0x00, 0x00, 0x00, 0x00,
    0x00, 0x00, 0x00, 0x00, 0x00, 0x00, 0x00, 0x00, 0x00, 0x00, 0x00, 0x00, 0x00, 0x00, 0x00, 0x00,
    0x00, 0x00, 0x00, 0x07, 0xef, 0xff, 0xff, 0xff, 0xf5, 0x08, 0x00, 0x00, 0x00, 0x00, 0x00, 0x00,
    0x00, 0x00, 0x00, 0x6f, 0xff, 0xff, 0xff, 0xff, 0xf5, 0x0f, 0x70, 0x00, 0x00, 0x00, 0x00, 0x00,
    0x00, 0x00, 0x00, 0xdf, 0xff, 0xff, 0xff, 0xff, 0xf5, 0x0f, 0xf6, 0x00, 0x00, 0x00, 0x00, 0x00,
    0x00, 0x00, 0x00, 0xff, 0xff, 0xff, 0xff, 0xff, 0xf5, 0x0f, 0xff, 0x60, 0x00, 0x00, 0x00, 0x00,
    0x00, 0x00, 0x00, 0xff, 0xff, 0xff, 0xff, 0xff, 0xf5, 0x0f, 0xff, 0xf5, 0x00, 0x00, 0x00, 0x00,
    0x00, 0x00, 0x00, 0xff, 0xff, 0xff, 0xff, 0xff, 0xf5, 0x0f, 0xff, 0xff, 0x50, 0x00, 0x00, 0x00,
    0x00, 0x00, 0x00, 0xff, 0xff, 0xff, 0xff, 0xff, 0xf6, 0x07, 0x77, 0x77, 0x70, 0x00, 0x00, 0x00,
    0x00, 0x00, 0x00, 0xff, 0xff, 0xff, 0xff, 0xff, 0xfb, 0x00, 0x00, 0x00, 0x00, 0x00, 0x00, 0x00,
    0x00, 0x00, 0x00, 0xff, 0xff, 0xff, 0xff, 0xff, 0xff, 0xfd, 0xdd, 0xdd, 0xd3, 0x00, 0x00, 0x00,
    0x00, 0x00, 0x00, 0xff, 0xff, 0xff, 0xff, 0xff, 0xff, 0xff, 0xff, 0xff, 0xf3, 0x00, 0x00, 0x00,
    0x00, 0x00, 0x00, 0xff, 0xff, 0xff, 0xff, 0xff, 0xff, 0xff, 0xff, 0xff, 0xf3, 0x00, 0x00, 0x00,
    0x00, 0x00, 0x00, 0xff, 0xff, 0xff, 0xff, 0xff, 0xff, 0xce, 0xff, 0xff, 0xf3, 0x00, 0x00, 0x00,
    0x00, 0x00, 0x00, 0xff, 0xff, 0xff, 0xff, 0xff, 0xff, 0x01, 0xdf, 0xff, 0xf3, 0x00, 0x00, 0x00,
    0x00, 0x00, 0x00, 0xff, 0xff, 0xff, 0xf4, 0x3f, 0xff, 0xb0, 0x2f, 0xff, 0xf3, 0x00, 0x00, 0x00,
    0x00, 0x00, 0x00, 0xff, 0xff, 0xff, 0x40, 0x0f, 0xff, 0xfa, 0x09, 0xff, 0xf3, 0x00, 0x00, 0x00,
    0x00, 0x00, 0x00, 0xff, 0xf6, 0x00, 0x00, 0x0f, 0xd0, 0x9f, 0x33, 0xff, 0xf3, 0x00, 0x00, 0x00,
    0x00, 0x00, 0x00, 0xff, 0xf3, 0x00, 0x00, 0x0f, 0xf2, 0x2f, 0x81, 0xff, 0xf3, 0x00, 0x00, 0x00,
    0x00, 0x00, 0x00, 0xff, 0xf3, 0x00, 0x00, 0x0f, 0xf5, 0x0f, 0x90, 0xff, 0xf3, 0x00, 0x00, 0x00,
    0x00, 0x00, 0x02, 0x22, 0x22, 0x22, 0x22, 0x22, 0x22, 0x22, 0x22, 0x22, 0x22, 0x20, 0x00, 0x00,
    0x00, 0x00, 0x02, 0x22, 0x22, 0x22, 0x22, 0x22, 0x22, 0x22, 0x22, 0x22, 0x22, 0x20, 0x00, 0x00,
    0x00, 0x00, 0x02, 0x2d, 0x22, 0x29, 0x72, 0xf7, 0x22, 0xa6, 0x22, 0xe3, 0x22, 0x20, 0x00, 0x00,
    0x00, 0x00, 0x02, 0x2d, 0x22, 0x2a, 0x56, 0xcb, 0x22, 0x79, 0x24, 0xc2, 0x22, 0x20, 0x00, 0x00,
    0x00, 0x00, 0x02, 0x2b, 0x4e, 0x6c, 0x39, 0x7e, 0x22, 0x3d, 0x27, 0x92, 0x22, 0x20, 0x00, 0x00,
    0x00, 0x00, 0x02, 0x29, 0x6c, 0x8c, 0x2d, 0x4c, 0x52, 0x2c, 0x3a, 0x52, 0x22, 0x20, 0x00, 0x00,
    0x00, 0x00, 0x02, 0x27, 0xa7, 0xac, 0x4e, 0x28, 0x92, 0x29, 0x6d, 0x22, 0x22, 0x20, 0x00, 0x00,
    0x00, 0x00, 0x02, 0x25, 0xe4, 0xbb, 0x8f, 0xff, 0xd2, 0x25, 0xbb, 0x22, 0x22, 0x20, 0x00, 0x00,
    0x00, 0x00, 0x02, 0x23, 0xe2, 0x99, 0xb6, 0x22, 0xe3, 0x22, 0xf7, 0x22, 0x22, 0x20, 0x00, 0x00,
    0x00, 0x00, 0x02, 0x22, 0x22, 0x22, 0x22, 0x22, 0x22, 0x22, 0x22, 0x22, 0x22, 0x20, 0x00, 0x00,
    0x00, 0x00, 0x02, 0x22, 0x22, 0x22, 0x22, 0x22, 0x22, 0x22, 0x22, 0x22, 0x22, 0x20, 0x00, 0x00,

    /* U+E047 */
    0x00, 0x00, 0x00, 0x00, 0x00, 0x00, 0x00, 0x00, 0x00, 0x00, 0x00, 0x00, 0x00, 0x00, 0x00, 0x00,
    0x00, 0x00, 0x00, 0x00, 0x00, 0x00, 0x00, 0x00, 0x00, 0x00, 0x00, 0x00, 0x00, 0x00, 0x00, 0x00,
    0x00, 0x00, 0x00, 0x00, 0x00, 0x00, 0x00, 0x00, 0x00, 0x00, 0x00, 0x00, 0x00, 0x00, 0x00, 0x00,
    0x00, 0x00, 0x00, 0x07, 0xef, 0xff, 0xff, 0xff, 0xf5, 0x08, 0x00, 0x00, 0x00, 0x00, 0x00, 0x00,
    0x00, 0x00, 0x00, 0x6f, 0xff, 0xff, 0xff, 0xff, 0xf5, 0x0f, 0x70, 0x00, 0x00, 0x00, 0x00, 0x00,
    0x00, 0x00, 0x00, 0xdf, 0xff, 0xff, 0xff, 0xff, 0xf5, 0x0f, 0xf6, 0x00, 0x00, 0x00, 0x00, 0x00,
    0x00, 0x00, 0x00, 0xff, 0xff, 0xff, 0xff, 0xff, 0xf5, 0x0f, 0xff, 0x60, 0x00, 0x00, 0x00, 0x00,
    0x00, 0x00, 0x00, 0xff, 0xff, 0xff, 0xff, 0xff, 0xf5, 0x0f, 0xff, 0xf5, 0x00, 0x00, 0x00, 0x00,
    0x00, 0x00, 0x00, 0xff, 0xff, 0xff, 0xff, 0xff, 0xf5, 0x0f, 0xff, 0xff, 0x50, 0x00, 0x00, 0x00,
    0x00, 0x00, 0x00, 0xff, 0xff, 0xff, 0xff, 0xff, 0xf6, 0x07, 0x77, 0x77, 0x70, 0x00, 0x00, 0x00,
    0x00, 0x00, 0x00, 0xff, 0xff, 0xff, 0xff, 0xff, 0xfb, 0x00, 0x00, 0x00, 0x00, 0x00, 0x00, 0x00,
    0x00, 0x00, 0x00, 0xff, 0xff, 0xff, 0xff, 0xff, 0xff, 0xfd, 0xdd, 0xdd, 0xd3, 0x00, 0x00, 0x00,
    0x00, 0x00, 0x00, 0xff, 0xff, 0xff, 0xff, 0xff, 0xff, 0xff, 0xff, 0xff, 0xf3, 0x00, 0x00, 0x00,
    0x00, 0x00, 0x00, 0xff, 0xff, 0xff, 0xff, 0xff, 0xff, 0xff, 0xff, 0xff, 0xf3, 0x00, 0x00, 0x00,
    0x00, 0x00, 0x00, 0xff, 0xff, 0xff, 0xff, 0xff, 0xff, 0xce, 0xff, 0xff, 0xf3, 0x00, 0x00, 0x00,
    0x00, 0x00, 0x00, 0xff, 0xff, 0xff, 0xff, 0xff, 0xff, 0x01, 0xdf, 0xff, 0xf3, 0x00, 0x00, 0x00,
    0x00, 0x00, 0x00, 0xff, 0xff, 0xff, 0xf4, 0x3f, 0xff, 0xb0, 0x2f, 0xff, 0xf3, 0x00, 0x00, 0x00,
    0x00, 0x00, 0x00, 0xff, 0xff, 0xff, 0x40, 0x0f, 0xff, 0xfa, 0x09, 0xff, 0xf3, 0x00, 0x00, 0x00,
    0x00, 0x00, 0x00, 0xff, 0xf6, 0x00, 0x00, 0x0f, 0xd0, 0x9f, 0x33, 0xff, 0xf3, 0x00, 0x00, 0x00,
    0x00, 0x00, 0x00, 0xff, 0xf3, 0x00, 0x00, 0x0f, 0xf2, 0x2f, 0x81, 0xff, 0xf3, 0x00, 0x00, 0x00,
    0x00, 0x00, 0x00, 0xff, 0xf3, 0x00, 0x00, 0x0f, 0xf5, 0x0f, 0x90, 0xff, 0xf3, 0x00, 0x00, 0x00,
    0x00, 0x00, 0x00, 0x22, 0x22, 0x22, 0x22, 0x22, 0x22, 0x22, 0x22, 0x22, 0x22, 0x20, 0x00, 0x00,
    0x00, 0x00, 0x00, 0x22, 0x22, 0x22, 0x22, 0x22, 0x22, 0x22, 0x22, 0x22, 0x22, 0x20, 0x00, 0x00,
    0x00, 0x00, 0x00, 0x22, 0x29, 0xfd, 0x42, 0x7e, 0xfa, 0x22, 0x7e, 0xfa, 0x22, 0x20, 0x00, 0x00,
    0x00, 0x00, 0x00, 0x22, 0x4d, 0x38, 0xa4, 0xe4, 0x22, 0x24, 0xe4, 0x22, 0x22, 0x20, 0x00, 0x00,
    0x00, 0x00, 0x00, 0x22, 0x79, 0x23, 0xd8, 0x92, 0x22, 0x28, 0x92, 0x22, 0x22, 0x20, 0x00, 0x00,
    0x00, 0x00, 0x00, 0x22, 0x88, 0x22, 0xe9, 0x72, 0xfe, 0x29, 0x72, 0xfe, 0x22, 0x20, 0x00, 0x00,
    0x00, 0x00, 0x00, 0x22, 0x79, 0x23, 0xd8, 0x92, 0x2e, 0x28, 0x92, 0x2e, 0x22, 0x20, 0x00, 0x00,
    0x00, 0x00, 0x00, 0x22, 0x5d, 0x38, 0xa4, 0xe4, 0x3e, 0x24, 0xe4, 0x3e, 0x22, 0x20, 0x00, 0x00,
    0x00, 0x00, 0x00, 0x22, 0x29, 0xfd, 0x42, 0x7e, 0xe7, 0x22, 0x7e, 0xe7, 0x22, 0x20, 0x00, 0x00,
    0x00, 0x00, 0x00, 0x22, 0x22, 0x22, 0x22, 0x22, 0x22, 0x22, 0x22, 0x22, 0x22, 0x20, 0x00, 0x00,
    0x00, 0x00, 0x00, 0x22, 0x22, 0x22, 0x22, 0x22, 0x22, 0x22, 0x22, 0x22, 0x22, 0x20, 0x00, 0x00,

    /* U+E048 */
    0x00, 0x00, 0x00, 0x00, 0x00, 0x00, 0x00, 0x00, 0x00, 0x00, 0x00, 0x00, 0x00, 0x00, 0x00, 0x00,
    0x00, 0x00, 0x00, 0x00, 0x00, 0x00, 0x00, 0x00, 0x00, 0x00, 0x00, 0x00, 0x00, 0x00, 0x00, 0x00,
    0x00, 0x00, 0x00, 0x00, 0x00, 0x00, 0x00, 0x00, 0x00, 0x00, 0x00, 0x00, 0x00, 0x00, 0x00, 0x00,
    0x00, 0x00, 0x00, 0x07, 0xef, 0xff, 0xff, 0xff, 0xf5, 0x08, 0x00, 0x00, 0x00, 0x00, 0x00, 0x00,
    0x00, 0x00, 0x00, 0x6f, 0xff, 0xff, 0xff, 0xff, 0xf5, 0x0f, 0x70, 0x00, 0x00, 0x00, 0x00, 0x00,
    0x00, 0x00, 0x00, 0xdf, 0xff, 0xff, 0xff, 0xff, 0xf5, 0x0f, 0xf6, 0x00, 0x00, 0x00, 0x00, 0x00,
    0x00, 0x00, 0x00, 0xff, 0xff, 0xff, 0xff, 0xff, 0xf5, 0x0f, 0xff, 0x60, 0x00, 0x00, 0x00, 0x00,
    0x00, 0x00, 0x00, 0xff, 0xff, 0xff, 0xff, 0xff, 0xf5, 0x0f, 0xff, 0xf5, 0x00, 0x00, 0x00, 0x00,
    0x00, 0x00, 0x00, 0xff, 0xff, 0xff, 0xff, 0xff, 0xf5, 0x0f, 0xff, 0xff, 0x50, 0x00, 0x00, 0x00,
    0x00, 0x00, 0x00, 0xff, 0xff, 0xff, 0xff, 0xff, 0xf6, 0x07, 0x77, 0x77, 0x70, 0x00, 0x00, 0x00,
    0x00, 0x00, 0x00, 0xff, 0xff, 0xff, 0xff, 0xff, 0xfb, 0x00, 0x00, 0x00, 0x00, 0x00, 0x00, 0x00,
    0x00, 0x00, 0x00, 0xff, 0xff, 0xff, 0xff, 0xff, 0xff, 0xfd, 0xdd, 0xdd, 0xd3, 0x00, 0x00, 0x00,
    0x00, 0x00, 0x00, 0xff, 0xff, 0xff, 0xff, 0xff, 0xff, 0xff, 0xff, 0xff, 0xf3, 0x00, 0x00, 0x00,
    0x00, 0x00, 0x00, 0xff, 0xff, 0xff, 0xff, 0xff, 0xff, 0xff, 0xff, 0xff, 0xf3, 0x00, 0x00, 0x00,
    0x00, 0x00, 0x00, 0xff, 0xff, 0xff, 0xff, 0xff, 0xff, 0xce, 0xff, 0xff, 0xf3, 0x00, 0x00, 0x00,
    0x00, 0x00, 0x00, 0xff, 0xff, 0xff, 0xff, 0xff, 0xff, 0x01, 0xdf, 0xff, 0xf3, 0x00, 0x00, 0x00,
    0x00, 0x00, 0x00, 0xff, 0xff, 0xff, 0xf4, 0x3f, 0xff, 0xb0, 0x2f, 0xff, 0xf3, 0x00, 0x00, 0x00,
    0x00, 0x00, 0x00, 0xff, 0xff, 0xff, 0x40, 0x0f, 0xff, 0xfa, 0x09, 0xff, 0xf3, 0x00, 0x00, 0x00,
    0x00, 0x00, 0x00, 0xff, 0xf6, 0x00, 0x00, 0x0f, 0xd0, 0x9f, 0x33, 0xff, 0xf3, 0x00, 0x00, 0x00,
    0x00, 0x00, 0x00, 0xff, 0xf3, 0x00, 0x00, 0x0f, 0xf2, 0x2f, 0x81, 0xff, 0xf3, 0x00, 0x00, 0x00,
    0x00, 0x00, 0x00, 0xff, 0xf3, 0x00, 0x00, 0x0f, 0xf5, 0x0f, 0x90, 0xff, 0xf3, 0x00, 0x00, 0x00,
    0x00, 0x00, 0x00, 0x22, 0x22, 0x22, 0x22, 0x22, 0x22, 0x22, 0x22, 0x22, 0x22, 0x20, 0x00, 0x00,
    0x00, 0x00, 0x00, 0x22, 0x22, 0x22, 0x22, 0x22, 0x22, 0x22, 0x22, 0x22, 0x22, 0x20, 0x00, 0x00,
    0x00, 0x00, 0x00, 0x22, 0x2f, 0xff, 0xe3, 0xd2, 0x22, 0x22, 0x5d, 0xfc, 0x22, 0x20, 0x00, 0x00,
    0x00, 0x00, 0x00, 0x22, 0x2e, 0x22, 0x23, 0xd2, 0x22, 0x23, 0xe5, 0x22, 0x22, 0x20, 0x00, 0x00,
    0x00, 0x00, 0x00, 0x22, 0x2e, 0x22, 0x23, 0xd2, 0x22, 0x26, 0xb2, 0x22, 0x22, 0x20, 0x00, 0x00,
    0x00, 0x00, 0x00, 0x22, 0x2f, 0xff, 0xa3, 0xd2, 0x22, 0x27, 0xa2, 0x22, 0x22, 0x20, 0x00, 0x00,
    0x00, 0x00, 0x00, 0x22, 0x2e, 0x22, 0x23, 0xd2, 0x22, 0x26, 0xb2, 0x22, 0x22, 0x20, 0x00, 0x00,
    0x00, 0x00, 0x00, 0x22, 0x2e, 0x22, 0x23, 0xd2, 0x22, 0x23, 0xe5, 0x22, 0x22, 0x20, 0x00, 0x00,
    0x00, 0x00, 0x00, 0x22, 0x2e, 0x22, 0x23, 0xff, 0xff, 0x22, 0x6d, 0xfc, 0x22, 0x20, 0x00, 0x00,
    0x00, 0x00, 0x00, 0x22, 0x22, 0x22, 0x22, 0x22, 0x22, 0x22, 0x22, 0x22, 0x22, 0x20, 0x00, 0x00,
    0x00, 0x00, 0x00, 0x22, 0x22, 0x22, 0x22, 0x22, 0x22, 0x22, 0x22, 0x22, 0x22, 0x20, 0x00, 0x00,

    /* U+E049 */
    0x00, 0x00, 0x00, 0x00, 0x00, 0x00, 0x00, 0x00, 0x00, 0x00, 0x00, 0x00, 0x00, 0x00, 0x00, 0x00,
    0x00, 0x00, 0x00, 0x00, 0x00, 0x00, 0x00, 0x00, 0x00, 0x00, 0x00, 0x00, 0x00, 0x00, 0x00, 0x00,
    0x00, 0x00, 0x00, 0x00, 0x00, 0x00, 0x00, 0x00, 0x00, 0x00, 0x00, 0x00, 0x00, 0x00, 0x00, 0x00,
    0x00, 0x00, 0x00, 0x07, 0xef, 0xff, 0xff, 0xff, 0xf5, 0x08, 0x00, 0x00, 0x00, 0x00, 0x00, 0x00,
    0x00, 0x00, 0x00, 0x6f, 0xff, 0xff, 0xff, 0xff, 0xf5, 0x0f, 0x70, 0x00, 0x00, 0x00, 0x00, 0x00,
    0x00, 0x00, 0x00, 0xdf, 0xff, 0xff, 0xff, 0xff, 0xf5, 0x0f, 0xf6, 0x00, 0x00, 0x00, 0x00, 0x00,
    0x00, 0x00, 0x00, 0xff, 0xff, 0xff, 0xff, 0xff, 0xf5, 0x0f, 0xff, 0x60, 0x00, 0x00, 0x00, 0x00,
    0x00, 0x00, 0x00, 0xff, 0xff, 0xff, 0xff, 0xff, 0xf5, 0x0f, 0xff, 0xf5, 0x00, 0x00, 0x00, 0x00,
    0x00, 0x00, 0x00, 0xff, 0xff, 0xff, 0xff, 0xff, 0xf5, 0x0f, 0xff, 0xff, 0x50, 0x00, 0x00, 0x00,
    0x00, 0x00, 0x00, 0xff, 0xff, 0xff, 0xff, 0xff, 0xf6, 0x07, 0x77, 0x77, 0x70, 0x00, 0x00, 0x00,
    0x00, 0x00, 0x00, 0xff, 0xff, 0xff, 0xff, 0xff, 0xfb, 0x00, 0x00, 0x00, 0x00, 0x00, 0x00, 0x00,
    0x00, 0x00, 0x00, 0xff, 0xff, 0xff, 0xff, 0xff, 0xff, 0xfd, 0xdd, 0xdd, 0xd3, 0x00, 0x00, 0x00,
    0x00, 0x00, 0x00, 0xff, 0xff, 0xff, 0xff, 0xff, 0xff, 0xff, 0xff, 0xff, 0xf3, 0x00, 0x00, 0x00,
    0x00, 0x00, 0x00, 0xff, 0xff, 0xff, 0xff, 0xff, 0xff, 0xff, 0xff, 0xff, 0xf3, 0x00, 0x00, 0x00,
    0x00, 0x00, 0x00, 0xff, 0xff, 0xff, 0xff, 0xff, 0xff, 0xce, 0xff, 0xff, 0xf3, 0x00, 0x00, 0x00,
    0x00, 0x00, 0x00, 0xff, 0xff, 0xff, 0xff, 0xff, 0xff, 0x01, 0xdf, 0xff, 0xf3, 0x00, 0x00, 0x00,
    0x00, 0x00, 0x00, 0xff, 0xff, 0xff, 0xf4, 0x3f, 0xff, 0xb0, 0x2f, 0xff, 0xf3, 0x00, 0x00, 0x00,
    0x00, 0x00, 0x00, 0xff, 0xff, 0xff, 0x40, 0x0f, 0xff, 0xfa, 0x09, 0xff, 0xf3, 0x00, 0x00, 0x00,
    0x00, 0x00, 0x00, 0xff, 0xf6, 0x00, 0x00, 0x0f, 0xd0, 0x9f, 0x33, 0xff, 0xf3, 0x00, 0x00, 0x00,
    0x00, 0x00, 0x00, 0xff, 0xf3, 0x00, 0x00, 0x0f, 0xf2, 0x2f, 0x81, 0xff, 0xf3, 0x00, 0x00, 0x00,
    0x00, 0x00, 0x00, 0xff, 0xf3, 0x00, 0x00, 0x0f, 0xf5, 0x0f, 0x90, 0xff, 0xf3, 0x00, 0x00, 0x00,
    0x00, 0x00, 0x00, 0x22, 0x22, 0x22, 0x22, 0x22, 0x22, 0x22, 0x22, 0x22, 0x22, 0x20, 0x00, 0x00,
    0x00, 0x00, 0x00, 0x22, 0x22, 0x22, 0x22, 0x22, 0x22, 0x22, 0x22, 0x22, 0x22, 0x20, 0x00, 0x00,
    0x00, 0x00, 0x00, 0x22, 0xab, 0x26, 0xf4, 0xff, 0xf9, 0x27, 0xfe, 0xa2, 0x22, 0x20, 0x00, 0x00,
    0x00, 0x00, 0x00, 0x22, 0xad, 0x2a, 0xe2, 0x2c, 0x42, 0x27, 0x93, 0xb8, 0x22, 0x20, 0x00, 0x00,
    0x00, 0x00, 0x00, 0x22, 0xa9, 0x6a, 0xd2, 0x2c, 0x42, 0x27, 0x92, 0x5c, 0x22, 0x20, 0x00, 0x00,
    0x00, 0x00, 0x00, 0x22, 0xa6, 0xc8, 0xd2, 0x2c, 0x42, 0x27, 0x92, 0x3d, 0x22, 0x20, 0x00, 0x00,
    0x00, 0x00, 0x00, 0x22, 0xa5, 0xc5, 0xd2, 0x2c, 0x42, 0x27, 0x92, 0x5c, 0x22, 0x20, 0x00, 0x00,
    0x00, 0x00, 0x00, 0x22, 0xa5, 0x22, 0xd2, 0x2c, 0x42, 0x27, 0x93, 0xb8, 0x22, 0x20, 0x00, 0x00,
    0x00, 0x00, 0x00, 0x22, 0xa5, 0x22, 0xd4, 0xff, 0xf9, 0x27, 0xfe, 0xa2, 0x22, 0x20, 0x00, 0x00,
    0x00, 0x00, 0x00, 0x22, 0x22, 0x22, 0x22, 0x22, 0x22, 0x22, 0x22, 0x22, 0x22, 0x20, 0x00, 0x00,
    0x00, 0x00, 0x00, 0x22, 0x22, 0x22, 0x22, 0x22, 0x22, 0x22, 0x22, 0x22, 0x22, 0x20, 0x00, 0x00,



    /* U+E04C */
    0x00, 0x00, 0x00, 0x00, 0x00, 0x00, 0x00, 0x00, 0x00, 0x00, 0x00, 0x00, 0x00, 0x00, 0x00, 0x00,
    0x00, 0x00, 0x00, 0x00, 0x00, 0x00, 0x00, 0x00, 0x00, 0x00, 0x00, 0x00, 0x00, 0x00, 0x00, 0x00,
    0x00, 0x00, 0x00, 0x00, 0x00, 0x00, 0x00, 0x00, 0x00, 0x00, 0x00, 0x00, 0x00, 0x00, 0x00, 0x00,
    0x00, 0x00, 0x00, 0x04, 0xbd, 0xdd, 0xdd, 0xdd, 0xd5, 0x05, 0x00, 0x00, 0x00, 0x00, 0x00, 0x00,
    0x00, 0x00, 0x00, 0x4f, 0xff, 0xff, 0xff, 0xff, 0xf5, 0x0f, 0x50, 0x00, 0x00, 0x00, 0x00, 0x00,
    0x00, 0x00, 0x00, 0xcf, 0xff, 0xff, 0xff, 0xff, 0xf5, 0x0f, 0xf4, 0x00, 0x00, 0x00, 0x00, 0x00,
    0x00, 0x00, 0x00, 0xff, 0xff, 0xff, 0xff, 0xff, 0xf5, 0x0f, 0xff, 0x40, 0x00, 0x00, 0x00, 0x00,
    0x00, 0x00, 0x00, 0xff, 0xff, 0xff, 0xff, 0xff, 0xf5, 0x0f, 0xff, 0xf3, 0x00, 0x00, 0x00, 0x00,
    0x00, 0x00, 0x00, 0xff, 0xff, 0xff, 0xff, 0xff, 0xf5, 0x0f, 0xff, 0xff, 0x30, 0x00, 0x00, 0x00,
    0x00, 0x00, 0x00, 0xff, 0xff, 0xff, 0xff, 0xff, 0xf6, 0x0a, 0xaa, 0xaa, 0x90, 0x00, 0x00, 0x00,
    0x00, 0x00, 0x00, 0xff, 0xff, 0xff, 0xff, 0xff, 0xfa, 0x00, 0x00, 0x00, 0x00, 0x00, 0x00, 0x00,
    0x00, 0x00, 0x00, 0xff, 0xff, 0xff, 0xff, 0xff, 0xff, 0xdb, 0xbb, 0xbb, 0xb2, 0x00, 0x00, 0x00,
    0x00, 0x00, 0x00, 0xff, 0xff, 0xff, 0xff, 0xff, 0xff, 0xff, 0xff, 0xff, 0xf3, 0x00, 0x00, 0x00,
    0x00, 0x00, 0x00, 0xff, 0xff, 0xff, 0xff, 0xff, 0xff, 0xff, 0xff, 0xff, 0xf3, 0x00, 0x00, 0x00,
    0x00, 0x00, 0x00, 0xff, 0xff, 0xff, 0xff, 0xff, 0xff, 0xff, 0xff, 0xff, 0xf3, 0x00, 0x00, 0x00,
    0x00, 0x00, 0x00, 0xff, 0xff, 0xff, 0xff, 0xff, 0xff, 0xff, 0xff, 0xff, 0xf3, 0x00, 0x00, 0x00,
    0x00, 0x00, 0x00, 0xff, 0xfc, 0x32, 0x22, 0x22, 0x5f, 0xff, 0xff, 0xff, 0xf3, 0x00, 0x00, 0x00,
    0x00, 0x00, 0x00, 0xff, 0xf4, 0x00, 0x00, 0x00, 0x0a, 0xff, 0x71, 0xff, 0xf3, 0x00, 0x00, 0x00,
    0x00, 0x00, 0x00, 0xff, 0xf3, 0x00, 0x00, 0x00, 0x09, 0xf3, 0x00, 0xff, 0xf3, 0x00, 0x00, 0x00,
    0x00, 0x00, 0x00, 0xff, 0xf3, 0x00, 0x00, 0x00, 0x09, 0xf0, 0x00, 0xff, 0xf3, 0x00, 0x00, 0x00,
    0x00, 0x00, 0x00, 0xff, 0xf3, 0x00, 0x00, 0x00, 0x09, 0xf0, 0x00, 0xff, 0xf3, 0x00, 0x00, 0x00,
    0x00, 0x00, 0x00, 0xff, 0xf3, 0x00, 0x00, 0x00, 0x09, 0xf0, 0x00, 0xff, 0xf3, 0x00, 0x00, 0x00,
    0x00, 0x00, 0x00, 0xff, 0xf4, 0x00, 0x00, 0x00, 0x0a, 0xfd, 0x30, 0xff, 0xf3, 0x00, 0x00, 0x00,
    0x00, 0x00, 0x00, 0xff, 0xf9, 0x00, 0x00, 0x00, 0x1e, 0xff, 0xfc, 0xff, 0xf3, 0x00, 0x00, 0x00,
    0x00, 0x00, 0x00, 0xff, 0xff, 0xfd, 0xdd, 0xde, 0xff, 0xff, 0xff, 0xff, 0xf3, 0x00, 0x00, 0x00,
    0x00, 0x00, 0x00, 0xff, 0xff, 0xff, 0xff, 0xff, 0xff, 0xff, 0xff, 0xff, 0xf3, 0x00, 0x00, 0x00,
    0x00, 0x00, 0x00, 0xdf, 0xff, 0xff, 0xff, 0xff, 0xff, 0xff, 0xff, 0xff, 0xf1, 0x00, 0x00, 0x00,
    0x00, 0x00, 0x00, 0x6f, 0xff, 0xff, 0xff, 0xff, 0xff, 0xff, 0xff, 0xff, 0xa0, 0x00, 0x00, 0x00,
    0x00, 0x00, 0x00, 0x06, 0xdf, 0xff, 0xff, 0xff, 0xff, 0xff, 0xff, 0xe9, 0x00, 0x00, 0x00, 0x00,
    0x00, 0x00, 0x00, 0x00, 0x00, 0x00, 0x00, 0x00, 0x00, 0x00, 0x00, 0x00, 0x00, 0x00, 0x00, 0x00,
    0x00, 0x00, 0x00, 0x00, 0x00, 0x00, 0x00, 0x00, 0x00, 0x00, 0x00, 0x00, 0x00, 0x00, 0x00, 0x00,
    0x00, 0x00, 0x00, 0x00, 0x00, 0x00, 0x00, 0x00, 0x00, 0x00, 0x00, 0x00, 0x00, 0x00, 0x00, 0x00,

    /* U+E04D */
    0x00, 0x00, 0x00, 0x00, 0x00, 0x00, 0x00, 0x00, 0x00, 0x00, 0x00, 0x00, 0x00, 0x00, 0x00, 0x00,
    0x00, 0x00, 0x00, 0x00, 0x00, 0x00, 0x00, 0x00, 0x00, 0x00, 0x00, 0x00, 0x00, 0x00, 0x00, 0x00,
    0x00, 0x00, 0x00, 0x00, 0x00, 0x00, 0x00, 0x00, 0x00, 0x00, 0x00, 0x00, 0x00, 0x00, 0x00, 0x00,
    0x00, 0x00, 0x00, 0x04, 0xbd, 0xdd, 0xdd, 0xdd, 0xd5, 0x05, 0x00, 0x00, 0x00, 0x00, 0x00, 0x00,
    0x00, 0x00, 0x00, 0x4f, 0xff, 0xff, 0xff, 0xff, 0xf5, 0x0f, 0x50, 0x00, 0x00, 0x00, 0x00, 0x00,
    0x00, 0x00, 0x00, 0xcf, 0xff, 0xff, 0xff, 0xff, 0xf5, 0x0f, 0xf4, 0x00, 0x00, 0x00, 0x00, 0x00,
    0x00, 0x00, 0x00, 0xff, 0xff, 0xff, 0xff, 0xff, 0xf5, 0x0f, 0xff, 0x40, 0x00, 0x00, 0x00, 0x00,
    0x00, 0x00, 0x00, 0xff, 0xff, 0xff, 0xff, 0xff, 0xf5, 0x0f, 0xff, 0xf3, 0x00, 0x00, 0x00, 0x00,
    0x00, 0x00, 0x00, 0xff, 0xff, 0xff, 0xff, 0xff, 0xf5, 0x0f, 0xff, 0xff, 0x30, 0x00, 0x00, 0x00,
    0x00, 0x00, 0x00, 0xff, 0xff, 0xff, 0xff, 0xff, 0xf6, 0x0a, 0xaa, 0xaa, 0x90, 0x00, 0x00, 0x00,
    0x00, 0x00, 0x00, 0xff, 0xff, 0xff, 0xff, 0xff, 0xfa, 0x00, 0x00, 0x00, 0x00, 0x00, 0x00, 0x00,
    0x00, 0x00, 0x00, 0xff, 0xff, 0xff, 0xff, 0xff, 0xff, 0xdb, 0xbb, 0xbb, 0xb2, 0x00, 0x00, 0x00,
    0x00, 0x00, 0x00, 0xff, 0xff, 0xff, 0xff, 0xff, 0xff, 0xff, 0xff, 0xff, 0xf3, 0x00, 0x00, 0x00,
    0x00, 0x00, 0x00, 0xff, 0xff, 0xff, 0xff, 0xff, 0xff, 0xff, 0xff, 0xff, 0xf3, 0x00, 0x00, 0x00,
    0x00, 0x00, 0x00, 0xff, 0xff, 0xff, 0xff, 0xff, 0xff, 0xff, 0xff, 0xff, 0xf3, 0x00, 0x00, 0x00,
    0x00, 0x00, 0x00, 0xff, 0xff, 0xff, 0xff, 0xff, 0xff, 0xff, 0xff, 0xff, 0xf3, 0x00, 0x00, 0x00,
    0x00, 0x00, 0x00, 0xff, 0xfc, 0x32, 0x22, 0x22, 0x5f, 0xff, 0xff, 0xff, 0xf3, 0x00, 0x00, 0x00,
    0x00, 0x00, 0x00, 0xff, 0xf4, 0x00, 0x00, 0x00, 0x0a, 0xff, 0x71, 0xff, 0xf3, 0x00, 0x00, 0x00,
    0x00, 0x00, 0x00, 0xff, 0xf3, 0x00, 0x00, 0x00, 0x09, 0xf3, 0x00, 0xff, 0xf3, 0x00, 0x00, 0x00,
    0x00, 0x00, 0x00, 0xff, 0xf3, 0x00, 0x00, 0x00, 0x09, 0xf0, 0x00, 0xff, 0xf3, 0x00, 0x00, 0x00,
    0x00, 0x00, 0x00, 0xff, 0xf3, 0x00, 0x00, 0x00, 0x09, 0xf0, 0x00, 0xff, 0xf3, 0x00, 0x00, 0x00,
    0x00, 0x00, 0x00, 0x22, 0x22, 0x22, 0x22, 0x22, 0x22, 0x22, 0x22, 0x22, 0x22, 0x20, 0x00, 0x00,
    0x00, 0x00, 0x00, 0x22, 0x22, 0x22, 0x22, 0x22, 0x22, 0x22, 0x22, 0x22, 0x22, 0x20, 0x00, 0x00,
    0x00, 0x00, 0x00, 0x22, 0xab, 0x26, 0xf4, 0xff, 0xe7, 0x22, 0x25, 0xf4, 0x22, 0x20, 0x00, 0x00,
    0x00, 0x00, 0x00, 0x22, 0xad, 0x2a, 0xe4, 0xc2, 0x5e, 0x22, 0x2a, 0xd4, 0x22, 0x20, 0x00, 0x00,
    0x00, 0x00, 0x00, 0x22, 0xa9, 0x6a, 0xd4, 0xc2, 0x5e, 0x22, 0x58, 0xc4, 0x22, 0x20, 0x00, 0x00,
    0x00, 0x00, 0x00, 0x22, 0xa6, 0xc8, 0xd4, 0xff, 0xe7, 0x22, 0xb2, 0xc4, 0x22, 0x20, 0x00, 0x00,
    0x00, 0x00, 0x00, 0x22, 0xa5, 0xc5, 0xd4, 0xc2, 0x22, 0x26, 0x82, 0xc4, 0x22, 0x20, 0x00, 0x00,
    0x00, 0x00, 0x00, 0x22, 0xa5, 0x22, 0xd4, 0xc2, 0x22, 0x29, 0xff, 0xff, 0x22, 0x20, 0x00, 0x00,
    0x00, 0x00, 0x00, 0x22, 0xa5, 0x22, 0xd4, 0xc2, 0x22, 0x22, 0x22, 0xc4, 0x22, 0x20, 0x00, 0x00,
    0x00, 0x00, 0x00, 0x22, 0x22, 0x22, 0x22, 0x22, 0x22, 0x22, 0x22, 0x22, 0x22, 0x20, 0x00, 0x00,
    0x00, 0x00, 0x00, 0x22, 0x22, 0x22, 0x22, 0x22, 0x22, 0x22, 0x22, 0x22, 0x22, 0x20, 0x00, 0x00,

    /* U+E04E */
    0x00, 0x00, 0x00, 0x00, 0x00, 0x00, 0x00, 0x00, 0x00, 0x00, 0x00, 0x00, 0x00, 0x00, 0x00, 0x00,
    0x00, 0x00, 0x00, 0x00, 0x00, 0x00, 0x00, 0x00, 0x00, 0x00, 0x00, 0x00, 0x00, 0x00, 0x00, 0x00,
    0x00, 0x00, 0x00, 0x00, 0x00, 0x00, 0x00, 0x00, 0x00, 0x00, 0x00, 0x00, 0x00, 0x00, 0x00, 0x00,
    0x00, 0x00, 0x00, 0x04, 0xbd, 0xdd, 0xdd, 0xdd, 0xd5, 0x05, 0x00, 0x00, 0x00, 0x00, 0x00, 0x00,
    0x00, 0x00, 0x00, 0x4f, 0xff, 0xff, 0xff, 0xff, 0xf5, 0x0f, 0x50, 0x00, 0x00, 0x00, 0x00, 0x00,
    0x00, 0x00, 0x00, 0xcf, 0xff, 0xff, 0xff, 0xff, 0xf5, 0x0f, 0xf4, 0x00, 0x00, 0x00, 0x00, 0x00,
    0x00, 0x00, 0x00, 0xff, 0xff, 0xff, 0xff, 0xff, 0xf5, 0x0f, 0xff, 0x40, 0x00, 0x00, 0x00, 0x00,
    0x00, 0x00, 0x00, 0xff, 0xff, 0xff, 0xff, 0xff, 0xf5, 0x0f, 0xff, 0xf3, 0x00, 0x00, 0x00, 0x00,
    0x00, 0x00, 0x00, 0xff, 0xff, 0xff, 0xff, 0xff, 0xf5, 0x0f, 0xff, 0xff, 0x30, 0x00, 0x00, 0x00,
    0x00, 0x00, 0x00, 0xff, 0xff, 0xff, 0xff, 0xff, 0xf6, 0x0a, 0xaa, 0xaa, 0x90, 0x00, 0x00, 0x00,
    0x00, 0x00, 0x00, 0xff, 0xff, 0xff, 0xff, 0xff, 0xfa, 0x00, 0x00, 0x00, 0x00, 0x00, 0x00, 0x00,
    0x00, 0x00, 0x00, 0xff, 0xff, 0xff, 0xff, 0xff, 0xff, 0xdb, 0xbb, 0xbb, 0xb2, 0x00, 0x00, 0x00,
    0x00, 0x00, 0x00, 0xff, 0xff, 0xff, 0xff, 0xff, 0xff, 0xff, 0xff, 0xff, 0xf3, 0x00, 0x00, 0x00,
    0x00, 0x00, 0x00, 0xff, 0xff, 0xff, 0xff, 0xff, 0xff, 0xff, 0xff, 0xff, 0xf3, 0x00, 0x00, 0x00,
    0x00, 0x00, 0x00, 0xff, 0xff, 0xff, 0xff, 0xff, 0xff, 0xff, 0xff, 0xff, 0xf3, 0x00, 0x00, 0x00,
    0x00, 0x00, 0x00, 0xff, 0xff, 0xff, 0xff, 0xff, 0xff, 0xff, 0xff, 0xff, 0xf3, 0x00, 0x00, 0x00,
    0x00, 0x00, 0x00, 0xff, 0xfc, 0x32, 0x22, 0x22, 0x5f, 0xff, 0xff, 0xff, 0xf3, 0x00, 0x00, 0x00,
    0x00, 0x00, 0x00, 0xff, 0xf4, 0x00, 0x00, 0x00, 0x0a, 0xff, 0x71, 0xff, 0xf3, 0x00, 0x00, 0x00,
    0x00, 0x00, 0x00, 0xff, 0xf3, 0x00, 0x00, 0x00, 0x09, 0xf3, 0x00, 0xff, 0xf3, 0x00, 0x00, 0x00,
    0x00, 0x00, 0x00, 0xff, 0xf3, 0x00, 0x00, 0x00, 0x09, 0xf0, 0x00, 0xff, 0xf3, 0x00, 0x00, 0x00,
    0x00, 0x00, 0x00, 0xff, 0xf3, 0x00, 0x00, 0x00, 0x09, 0xf0, 0x00, 0xff, 0xf3, 0x00, 0x00, 0x00,
    0x00, 0x00, 0x00, 0x22, 0x22, 0x22, 0x22, 0x22, 0x22, 0x22, 0x22, 0x22, 0x22, 0x20, 0x00, 0x00,
    0x00, 0x00, 0x00, 0x22, 0x22, 0x22, 0x22, 0x22, 0x22, 0x22, 0x22, 0x22, 0x22, 0x20, 0x00, 0x00,
    0x00, 0x00, 0x00, 0x22, 0x22, 0xf7, 0x2a, 0x62, 0x2e, 0x34, 0xff, 0xf9, 0x22, 0x20, 0x00, 0x00,
    0x00, 0x00, 0x00, 0x22, 0x26, 0xcb, 0x27, 0x92, 0x4c, 0x22, 0x2c, 0x42, 0x22, 0x20, 0x00, 0x00,
    0x00, 0x00, 0x00, 0x22, 0x29, 0x7e, 0x23, 0xd2, 0x79, 0x22, 0x2c, 0x42, 0x22, 0x20, 0x00, 0x00,
    0x00, 0x00, 0x00, 0x22, 0x2d, 0x4c, 0x52, 0xc3, 0xa5, 0x22, 0x2c, 0x42, 0x22, 0x20, 0x00, 0x00,
    0x00, 0x00, 0x00, 0x22, 0x4e, 0x28, 0x92, 0x96, 0xd2, 0x22, 0x2c, 0x42, 0x22, 0x20, 0x00, 0x00,
    0x00, 0x00, 0x00, 0x22, 0x8f, 0xff, 0xd2, 0x5b, 0xb2, 0x22, 0x2c, 0x42, 0x22, 0x20, 0x00, 0x00,
    0x00, 0x00, 0x00, 0x22, 0xb6, 0x22, 0xe3, 0x2f, 0x72, 0x24, 0xff, 0xf9, 0x22, 0x20, 0x00, 0x00,
    0x00, 0x00, 0x00, 0x22, 0x22, 0x22, 0x22, 0x22, 0x22, 0x22, 0x22, 0x22, 0x22, 0x20, 0x00, 0x00,
    0x00, 0x00, 0x00, 0x22, 0x22, 0x22, 0x22, 0x22, 0x22, 0x22, 0x22, 0x22, 0x22, 0x20, 0x00, 0x00,

    /* U+E04F */
    0x00, 0x00, 0x00, 0x00, 0x00, 0x00, 0x00, 0x00, 0x00, 0x00, 0x00, 0x00, 0x00, 0x00, 0x00, 0x00,
    0x00, 0x00, 0x00, 0x00, 0x00, 0x00, 0x00, 0x00, 0x00, 0x00, 0x00, 0x00, 0x00, 0x00, 0x00, 0x00,
    0x00, 0x00, 0x00, 0x00, 0x00, 0x00, 0x00, 0x00, 0x00, 0x00, 0x00, 0x00, 0x00, 0x00, 0x00, 0x00,
    0x00, 0x00, 0x00, 0x04, 0xbd, 0xdd, 0xdd, 0xdd, 0xd5, 0x05, 0x00, 0x00, 0x00, 0x00, 0x00, 0x00,
    0x00, 0x00, 0x00, 0x4f, 0xff, 0xff, 0xff, 0xff, 0xf5, 0x0f, 0x50, 0x00, 0x00, 0x00, 0x00, 0x00,
    0x00, 0x00, 0x00, 0xcf, 0xff, 0xff, 0xff, 0xff, 0xf5, 0x0f, 0xf4, 0x00, 0x00, 0x00, 0x00, 0x00,
    0x00, 0x00, 0x00, 0xff, 0xff, 0xff, 0xff, 0xff, 0xf5, 0x0f, 0xff, 0x40, 0x00, 0x00, 0x00, 0x00,
    0x00, 0x00, 0x00, 0xff, 0xff, 0xff, 0xff, 0xff, 0xf5, 0x0f, 0xff, 0xf3, 0x00, 0x00, 0x00, 0x00,
    0x00, 0x00, 0x00, 0xff, 0xff, 0xff, 0xff, 0xff, 0xf5, 0x0f, 0xff, 0xff, 0x30, 0x00, 0x00, 0x00,
    0x00, 0x00, 0x00, 0xff, 0xff, 0xff, 0xff, 0xff, 0xf6, 0x0a, 0xaa, 0xaa, 0x90, 0x00, 0x00, 0x00,
    0x00, 0x00, 0x00, 0xff, 0xff, 0xff, 0xff, 0xff, 0xfa, 0x00, 0x00, 0x00, 0x00, 0x00, 0x00, 0x00,
    0x00, 0x00, 0x00, 0xff, 0xff, 0xff, 0xff, 0xff, 0xff, 0xdb, 0xbb, 0xbb, 0xb2, 0x00, 0x00, 0x00,
    0x00, 0x00, 0x00, 0xff, 0xff, 0xff, 0xff, 0xff, 0xff, 0xff, 0xff, 0xff, 0xf3, 0x00, 0x00, 0x00,
    0x00, 0x00, 0x00, 0xff, 0xff, 0xff, 0xff, 0xff, 0xff, 0xff, 0xff, 0xff, 0xf3, 0x00, 0x00, 0x00,
    0x00, 0x00, 0x00, 0xff, 0xff, 0xff, 0xff, 0xff, 0xff, 0xff, 0xff, 0xff, 0xf3, 0x00, 0x00, 0x00,
    0x00, 0x00, 0x00, 0xff, 0xff, 0xff, 0xff, 0xff, 0xff, 0xff, 0xff, 0xff, 0xf3, 0x00, 0x00, 0x00,
    0x00, 0x00, 0x00, 0xff, 0xfc, 0x32, 0x22, 0x22, 0x5f, 0xff, 0xff, 0xff, 0xf3, 0x00, 0x00, 0x00,
    0x00, 0x00, 0x00, 0xff, 0xf4, 0x00, 0x00, 0x00, 0x0a, 0xff, 0x71, 0xff, 0xf3, 0x00, 0x00, 0x00,
    0x00, 0x00, 0x00, 0xff, 0xf3, 0x00, 0x00, 0x00, 0x09, 0xf3, 0x00, 0xff, 0xf3, 0x00, 0x00, 0x00,
    0x00, 0x00, 0x00, 0xff, 0xf3, 0x00, 0x00, 0x00, 0x09, 0xf0, 0x00, 0xff, 0xf3, 0x00, 0x00, 0x00,
    0x00, 0x00, 0x00, 0xff, 0xf3, 0x00, 0x00, 0x00, 0x09, 0xf0, 0x00, 0xff, 0xf3, 0x00, 0x00, 0x00,
    0x00, 0x00, 0x02, 0x22, 0x22, 0x22, 0x22, 0x22, 0x22, 0x22, 0x22, 0x22, 0x22, 0x20, 0x00, 0x00,
    0x00, 0x00, 0x02, 0x22, 0x22, 0x22, 0x22, 0x22, 0x22, 0x22, 0x22, 0x22, 0x22, 0x20, 0x00, 0x00,
    0x00, 0x00, 0x02, 0x2a, 0xb2, 0x6f, 0x89, 0x25, 0xc3, 0xa6, 0x22, 0xe3, 0x22, 0x20, 0x00, 0x00,
    0x00, 0x00, 0x02, 0x2a, 0xd2, 0xae, 0x89, 0x4d, 0x32, 0x79, 0x24, 0xc2, 0x22, 0x20, 0x00, 0x00,
    0x00, 0x00, 0x02, 0x2a, 0x96, 0xad, 0x8a, 0xd4, 0x22, 0x3d, 0x27, 0x92, 0x22, 0x20, 0x00, 0x00,
    0x00, 0x00, 0x02, 0x2a, 0x6c, 0x8d, 0x8f, 0xd4, 0x22, 0x2c, 0x3a, 0x52, 0x22, 0x20, 0x00, 0x00,
    0x00, 0x00, 0x02, 0x2a, 0x5c, 0x5d, 0x89, 0x5d, 0x22, 0x29, 0x6d, 0x22, 0x22, 0x20, 0x00, 0x00,
    0x00, 0x00, 0x02, 0x2a, 0x52, 0x2d, 0x89, 0x2a, 0x82, 0x25, 0xbb, 0x22, 0x22, 0x20, 0x00, 0x00,
    0x00, 0x00, 0x02, 0x2a, 0x52, 0x2d, 0x89, 0x23, 0xe4, 0x22, 0xf7, 0x22, 0x22, 0x20, 0x00, 0x00,
    0x00, 0x00, 0x02, 0x22, 0x22, 0x22, 0x22, 0x22, 0x22, 0x22, 0x22, 0x22, 0x22, 0x20, 0x00, 0x00,
    0x00, 0x00, 0x02, 0x22, 0x22, 0x22, 0x22, 0x22, 0x22, 0x22, 0x22, 0x22, 0x22, 0x20, 0x00, 0x00,

    /* U+E050 */
    0x00, 0x00, 0x00, 0x00, 0x00, 0x00, 0x00, 0x00, 0x00, 0x00, 0x00, 0x00, 0x00, 0x00, 0x00, 0x00,
    0x00, 0x00, 0x00, 0x00, 0x00, 0x00, 0x00, 0x00, 0x00, 0x00, 0x00, 0x00, 0x00, 0x00, 0x00, 0x00,
    0x00, 0x00, 0x00, 0x00, 0x00, 0x00, 0x00, 0x00, 0x00, 0x00, 0x00, 0x00, 0x00, 0x00, 0x00, 0x00,
    0x00, 0x00, 0x00, 0x04, 0xbd, 0xdd, 0xdd, 0xdd, 0xd5, 0x05, 0x00, 0x00, 0x00, 0x00, 0x00, 0x00,
    0x00, 0x00, 0x00, 0x4f, 0xff, 0xff, 0xff, 0xff, 0xf5, 0x0f, 0x50, 0x00, 0x00, 0x00, 0x00, 0x00,
    0x00, 0x00, 0x00, 0xcf, 0xff, 0xff, 0xff, 0xff, 0xf5, 0x0f, 0xf4, 0x00, 0x00, 0x00, 0x00, 0x00,
    0x00, 0x00, 0x00, 0xff, 0xff, 0xff, 0xff, 0xff, 0xf5, 0x0f, 0xff, 0x40, 0x00, 0x00, 0x00, 0x00,
    0x00, 0x00, 0x00, 0xff, 0xff, 0xff, 0xff, 0xff, 0xf5, 0x0f, 0xff, 0xf3, 0x00, 0x00, 0x00, 0x00,
    0x00, 0x00, 0x00, 0xff, 0xff, 0xff, 0xff, 0xff, 0xf5, 0x0f, 0xff, 0xff, 0x30, 0x00, 0x00, 0x00,
    0x00, 0x00, 0x00, 0xff, 0xff, 0xff, 0xff, 0xff, 0xf6, 0x0a, 0xaa, 0xaa, 0x90, 0x00, 0x00, 0x00,
    0x00, 0x00, 0x00, 0xff, 0xff, 0xff, 0xff, 0xff, 0xfa, 0x00, 0x00, 0x00, 0x00, 0x00, 0x00, 0x00,
    0x00, 0x00, 0x00, 0xff, 0xff, 0xff, 0xff, 0xff, 0xff, 0xdb, 0xbb, 0xbb, 0xb2, 0x00, 0x00, 0x00,
    0x00, 0x00, 0x00, 0xff, 0xff, 0xff, 0xff, 0xff, 0xff, 0xff, 0xff, 0xff, 0xf3, 0x00, 0x00, 0x00,
    0x00, 0x00, 0x00, 0xff, 0xff, 0xff, 0xff, 0xff, 0xff, 0xff, 0xff, 0xff, 0xf3, 0x00, 0x00, 0x00,
    0x00, 0x00, 0x00, 0xff, 0xff, 0xff, 0xff, 0xff, 0xff, 0xff, 0xff, 0xff, 0xf3, 0x00, 0x00, 0x00,
    0x00, 0x00, 0x00, 0xff, 0xff, 0xff, 0xff, 0xff, 0xff, 0xff, 0xff, 0xff, 0xf3, 0x00, 0x00, 0x00,
    0x00, 0x00, 0x00, 0xff, 0xfc, 0x32, 0x22, 0x22, 0x5f, 0xff, 0xff, 0xff, 0xf3, 0x00, 0x00, 0x00,
    0x00, 0x00, 0x00, 0xff, 0xf4, 0x00, 0x00, 0x00, 0x0a, 0xff, 0x71, 0xff, 0xf3, 0x00, 0x00, 0x00,
    0x00, 0x00, 0x00, 0xff, 0xf3, 0x00, 0x00, 0x00, 0x09, 0xf3, 0x00, 0xff, 0xf3, 0x00, 0x00, 0x00,
    0x00, 0x00, 0x00, 0xff, 0xf3, 0x00, 0x00, 0x00, 0x09, 0xf0, 0x00, 0xff, 0xf3, 0x00, 0x00, 0x00,
    0x00, 0x00, 0x00, 0xff, 0xf3, 0x00, 0x00, 0x00, 0x09, 0xf0, 0x00, 0xff, 0xf3, 0x00, 0x00, 0x00,
    0x00, 0x00, 0x02, 0x22, 0x22, 0x22, 0x22, 0x22, 0x22, 0x22, 0x22, 0x22, 0x22, 0x20, 0x00, 0x00,
    0x00, 0x00, 0x02, 0x22, 0x22, 0x22, 0x22, 0x22, 0x22, 0x22, 0x22, 0x22, 0x22, 0x20, 0x00, 0x00,
    0x00, 0x00, 0x02, 0x2d, 0x22, 0x29, 0x9f, 0xfd, 0x52, 0xab, 0x26, 0xf2, 0x22, 0x20, 0x00, 0x00,
    0x00, 0x00, 0x02, 0x2d, 0x22, 0x2a, 0x8a, 0x26, 0xb2, 0xad, 0x2a, 0xe2, 0x22, 0x20, 0x00, 0x00,
    0x00, 0x00, 0x02, 0x2b, 0x4e, 0x6c, 0x6a, 0x27, 0xb2, 0xa9, 0x6a, 0xd2, 0x22, 0x20, 0x00, 0x00,
    0x00, 0x00, 0x02, 0x29, 0x6c, 0x8c, 0x6f, 0xff, 0x52, 0xa6, 0xc8, 0xd2, 0x22, 0x20, 0x00, 0x00,
    0x00, 0x00, 0x02, 0x27, 0xa7, 0xac, 0x6a, 0x25, 0xd2, 0xa5, 0xc5, 0xd2, 0x22, 0x20, 0x00, 0x00,
    0x00, 0x00, 0x02, 0x25, 0xe4, 0xbb, 0x6a, 0x24, 0xe2, 0xa5, 0x22, 0xd2, 0x22, 0x20, 0x00, 0x00,
    0x00, 0x00, 0x02, 0x23, 0xe2, 0x99, 0x6f, 0xfe, 0x72, 0xa5, 0x22, 0xd2, 0x22, 0x20, 0x00, 0x00,
    0x00, 0x00, 0x02, 0x22, 0x22, 0x22, 0x22, 0x22, 0x22, 0x22, 0x22, 0x22, 0x22, 0x20, 0x00, 0x00,
    0x00, 0x00, 0x02, 0x22, 0x22, 0x22, 0x22, 0x22, 0x22, 0x22, 0x22, 0x22, 0x22, 0x20, 0x00, 0x00,

    /* U+E051 */
    0x00, 0x00, 0x00, 0x00, 0x00, 0x00, 0x00, 0x00, 0x00, 0x00, 0x00, 0x00, 0x00, 0x00, 0x00, 0x00,
    0x00, 0x00, 0x00, 0x00, 0x00, 0x00, 0x00, 0x00, 0x00, 0x00, 0x00, 0x00, 0x00, 0x00, 0x00, 0x00,
    0x00, 0x00, 0x00, 0x00, 0x00, 0x00, 0x00, 0x00, 0x00, 0x00, 0x00, 0x00, 0x00, 0x00, 0x00, 0x00,
    0x00, 0x00, 0x00, 0x04, 0xbd, 0xdd, 0xdd, 0xdd, 0xd5, 0x05, 0x00, 0x00, 0x00, 0x00, 0x00, 0x00,
    0x00, 0x00, 0x00, 0x4f, 0xff, 0xff, 0xff, 0xff, 0xf5, 0x0f, 0x50, 0x00, 0x00, 0x00, 0x00, 0x00,
    0x00, 0x00, 0x00, 0xcf, 0xff, 0xff, 0xff, 0xff, 0xf5, 0x0f, 0xf4, 0x00, 0x00, 0x00, 0x00, 0x00,
    0x00, 0x00, 0x00, 0xff, 0xff, 0xff, 0xff, 0xff, 0xf5, 0x0f, 0xff, 0x40, 0x00, 0x00, 0x00, 0x00,
    0x00, 0x00, 0x00, 0xff, 0xff, 0xff, 0xff, 0xff, 0xf5, 0x0f, 0xff, 0xf3, 0x00, 0x00, 0x00, 0x00,
    0x00, 0x00, 0x00, 0xff, 0xff, 0xff, 0xff, 0xff, 0xf5, 0x0f, 0xff, 0xff, 0x30, 0x00, 0x00, 0x00,
    0x00, 0x00, 0x00, 0xff, 0xff, 0xff, 0xff, 0xff, 0xf6, 0x0a, 0xaa, 0xaa, 0x90, 0x00, 0x00, 0x00,
    0x00, 0x00, 0x00, 0xff, 0xff, 0xff, 0xff, 0xff, 0xfa, 0x00, 0x00, 0x00, 0x00, 0x00, 0x00, 0x00,
    0x00, 0x00, 0x00, 0xff, 0xff, 0xff, 0xff, 0xff, 0xff, 0xdb, 0xbb, 0xbb, 0xb2, 0x00, 0x00, 0x00,
    0x00, 0x00, 0x00, 0xff, 0xff, 0xff, 0xff, 0xff, 0xff, 0xff, 0xff, 0xff, 0xf3, 0x00, 0x00, 0x00,
    0x00, 0x00, 0x00, 0xff, 0xff, 0xff, 0xff, 0xff, 0xff, 0xff, 0xff, 0xff, 0xf3, 0x00, 0x00, 0x00,
    0x00, 0x00, 0x00, 0xff, 0xff, 0xff, 0xff, 0xff, 0xff, 0xff, 0xff, 0xff, 0xf3, 0x00, 0x00, 0x00,
    0x00, 0x00, 0x00, 0xff, 0xff, 0xff, 0xff, 0xff, 0xff, 0xff, 0xff, 0xff, 0xf3, 0x00, 0x00, 0x00,
    0x00, 0x00, 0x00, 0xff, 0xfc, 0x32, 0x22, 0x22, 0x5f, 0xff, 0xff, 0xff, 0xf3, 0x00, 0x00, 0x00,
    0x00, 0x00, 0x00, 0xff, 0xf4, 0x00, 0x00, 0x00, 0x0a, 0xff, 0x71, 0xff, 0xf3, 0x00, 0x00, 0x00,
    0x00, 0x00, 0x00, 0xff, 0xf3, 0x00, 0x00, 0x00, 0x09, 0xf3, 0x00, 0xff, 0xf3, 0x00, 0x00, 0x00,
    0x00, 0x00, 0x00, 0xff, 0xf3, 0x00, 0x00, 0x00, 0x09, 0xf0, 0x00, 0xff, 0xf3, 0x00, 0x00, 0x00,
    0x00, 0x00, 0x00, 0xff, 0xf3, 0x00, 0x00, 0x00, 0x09, 0xf0, 0x00, 0xff, 0xf3, 0x00, 0x00, 0x00,
    0x00, 0x00, 0x02, 0x22, 0x22, 0x22, 0x22, 0x22, 0x22, 0x22, 0x22, 0x22, 0x22, 0x20, 0x00, 0x00,
    0x00, 0x00, 0x02, 0x22, 0x22, 0x22, 0x22, 0x22, 0x22, 0x22, 0x22, 0x22, 0x22, 0x20, 0x00, 0x00,
    0x00, 0x00, 0x02, 0x2a, 0xb2, 0x6f, 0x29, 0xfd, 0x42, 0xa6, 0x22, 0xe3, 0x22, 0x20, 0x00, 0x00,
    0x00, 0x00, 0x02, 0x2a, 0xd2, 0xae, 0x5d, 0x38, 0xa2, 0x79, 0x24, 0xc2, 0x22, 0x20, 0x00, 0x00,
    0x00, 0x00, 0x02, 0x2a, 0x96, 0xad, 0x89, 0x23, 0xd2, 0x3d, 0x27, 0x92, 0x22, 0x20, 0x00, 0x00,
    0x00, 0x00, 0x02, 0x2a, 0x6c, 0x8d, 0x88, 0x22, 0xe2, 0x2c, 0x3a, 0x52, 0x22, 0x20, 0x00, 0x00,
    0x00, 0x00, 0x02, 0x2a, 0x5c, 0x5d, 0x89, 0x23, 0xd2, 0x29, 0x6d, 0x22, 0x22, 0x20, 0x00, 0x00,
    0x00, 0x00, 0x02, 0x2a, 0x52, 0x2d, 0x5d, 0x38, 0xa2, 0x25, 0xbb, 0x22, 0x22, 0x20, 0x00, 0x00,
    0x00, 0x00, 0x02, 0x2a, 0x52, 0x2d, 0x29, 0xfd, 0x42, 0x22, 0xf7, 0x22, 0x22, 0x20, 0x00, 0x00,
    0x00, 0x00, 0x02, 0x22, 0x22, 0x22, 0x22, 0x22, 0x22, 0x22, 0x22, 0x22, 0x22, 0x20, 0x00, 0x00,
    0x00, 0x00, 0x02, 0x22, 0x22, 0x22, 0x22, 0x22, 0x22, 0x22, 0x22, 0x22, 0x22, 0x20, 0x00, 0x00,



    /* U+E054 */
    0x00, 0x00, 0x00, 0x00, 0x00, 0x00, 0x00, 0x00, 0x00, 0x00, 0x00, 0x00, 0x00, 0x00, 0x00, 0x00,
    0x00, 0x00, 0x00, 0x00, 0x00, 0x00, 0x00, 0x00, 0x00, 0x00, 0x00, 0x00, 0x00, 0x00, 0x00, 0x00,
    0x00, 0x00, 0x00, 0x00, 0x00, 0x00, 0x00, 0x00, 0x00, 0x00, 0x00, 0x00, 0x00, 0x00, 0x00, 0x00,
    0x00, 0x00, 0x00, 0x01, 0x8a, 0xaa, 0xaa, 0xaa, 0xa7, 0x03, 0x00, 0x00, 0x00, 0x00, 0x00, 0x00,
    0x00, 0x00, 0x00, 0x2f, 0xff, 0xff, 0xff, 0xff, 0xfa, 0x0b, 0x70, 0x00, 0x00, 0x00, 0x00, 0x00,
    0x00, 0x00, 0x00, 0xcf, 0xff, 0xf0, 0x00, 0xff, 0xfa, 0x0b, 0xf6, 0x00, 0x00, 0x00, 0x00, 0x00,
    0x00, 0x00, 0x00, 0xff, 0xff, 0xfe, 0xde, 0xff, 0xfa, 0x0b, 0xff, 0x60, 0x00, 0x00, 0x00, 0x00,
    0x00, 0x00, 0x00, 0xff, 0xff, 0xff, 0xff, 0xff, 0xfa, 0x0b, 0xff, 0xf5, 0x00, 0x00, 0x00, 0x00,
    0x00, 0x00, 0x00, 0xff, 0xff, 0xf1, 0x01, 0xff, 0xfa, 0x0b, 0xff, 0xff, 0x50, 0x00, 0x00, 0x00,
    0x00, 0x00, 0x00, 0xff, 0xff, 0xf2, 0x02, 0xff, 0xfb, 0x0b, 0xff, 0xff, 0xf5, 0x00, 0x00, 0x00,
    0x00, 0x00, 0x00, 0xff, 0xff, 0xff, 0xff, 0xff, 0xfe, 0x20, 0x00, 0x00, 0x00, 0x00, 0x00, 0x00,
    0x00, 0x00, 0x00, 0xff, 0xff, 0xfd, 0xcd, 0xff, 0xff, 0xfe, 0xdd, 0xdd, 0xdb, 0x00, 0x00, 0x00,
    0x00, 0x00, 0x00, 0xff, 0xff, 0xf1, 0x01, 0xff, 0xff, 0xff, 0xff, 0xff, 0xfc, 0x00, 0x00, 0x00,
    0x00, 0x00, 0x00, 0xff, 0xff, 0xff, 0xff, 0xff, 0xff, 0xff, 0xff, 0xff, 0xfc, 0x00, 0x00, 0x00,
    0x00, 0x00, 0x00, 0xff, 0xff, 0xff, 0xce, 0xff, 0xff, 0xff, 0xff, 0xff, 0xfc, 0x00, 0x00, 0x00,
    0x00, 0x00, 0x00, 0xff, 0xff, 0xd1, 0x00, 0x9f, 0xff, 0xff, 0xff, 0xff, 0xfc, 0x00, 0x00, 0x00,
    0x00, 0x00, 0x00, 0xff, 0xff, 0x60, 0x00, 0x2f, 0xff, 0xff, 0xff, 0xff, 0xfc, 0x00, 0x00, 0x00,
    0x00, 0x00, 0x00, 0xff, 0xff, 0x20, 0x00, 0x0d, 0xff, 0xff, 0xff, 0xff, 0xfc, 0x00, 0x00, 0x00,
    0x00, 0x00, 0x00, 0xff, 0xfd, 0x00, 0x00, 0x09, 0xff, 0xff, 0xff, 0xff, 0xfc, 0x00, 0x00, 0x00,
    0x00, 0x00, 0x00, 0xff, 0xf9, 0x00, 0x00, 0x04, 0xff, 0xff, 0xff, 0xff, 0xfc, 0x00, 0x00, 0x00,
    0x00, 0x00, 0x00, 0xff, 0xf5, 0x08, 0x98, 0x00, 0xff, 0xff, 0xff, 0xff, 0xfc, 0x00, 0x00, 0x00,
    0x00, 0x00, 0x00, 0xff, 0xf5, 0x0e, 0xfe, 0x01, 0xff, 0xff, 0xff, 0xff, 0xfc, 0x00, 0x00, 0x00,
    0x00, 0x00, 0x00, 0xff, 0xfb, 0x00, 0x00, 0x07, 0xff, 0xff, 0xff, 0xff, 0xfc, 0x00, 0x00, 0x00,
    0x00, 0x00, 0x00, 0xff, 0xff, 0xa1, 0x00, 0x7f, 0xff, 0xff, 0xff, 0xff, 0xfc, 0x00, 0x00, 0x00,
    0x00, 0x00, 0x00, 0xff, 0xff, 0xff, 0xef, 0xff, 0xff, 0xff, 0xff, 0xff, 0xfc, 0x00, 0x00, 0x00,
    0x00, 0x00, 0x00, 0xff, 0xff, 0xff, 0xff, 0xff, 0xff, 0xff, 0xff, 0xff, 0xfc, 0x00, 0x00, 0x00,
    0x00, 0x00, 0x00, 0xdf, 0xff, 0xff, 0xff, 0xff, 0xff, 0xff, 0xff, 0xff, 0xfa, 0x00, 0x00, 0x00,
    0x00, 0x00, 0x00, 0x6f, 0xff, 0xff, 0xff, 0xff, 0xff, 0xff, 0xff, 0xff, 0xf3, 0x00, 0x00, 0x00,
    0x00, 0x00, 0x00, 0x06, 0xdf, 0xff, 0xff, 0xff, 0xff, 0xff, 0xff, 0xfc, 0x30, 0x00, 0x00, 0x00,
    0x00, 0x00, 0x00, 0x00, 0x00, 0x00, 0x00, 0x00, 0x00, 0x00, 0x00, 0x00, 0x00, 0x00, 0x00, 0x00,
    0x00, 0x00, 0x00, 0x00, 0x00, 0x00, 0x00, 0x00, 0x00, 0x00, 0x00, 0x00, 0x00, 0x00, 0x00, 0x00,
    0x00, 0x00, 0x00, 0x00, 0x00, 0x00, 0x00, 0x00, 0x00, 0x00, 0x00, 0x00, 0x00, 0x00, 0x00, 0x00,

    /* U+E055 */
    0x00, 0x00, 0x00, 0x00, 0x00, 0x00, 0x00, 0x00, 0x00, 0x00, 0x00, 0x00, 0x00, 0x00, 0x00, 0x00,
    0x00, 0x00, 0x00, 0x00, 0x00, 0x00, 0x00, 0x00, 0x00, 0x00, 0x00, 0x00, 0x00, 0x00, 0x00, 0x00,
    0x00, 0x00, 0x00, 0x00, 0x00, 0x00, 0x00, 0x00, 0x00, 0x00, 0x00, 0x00, 0x00, 0x00, 0x00, 0x00,
    0x00, 0x00, 0x00, 0x01, 0x8a, 0xaa, 0xaa, 0xaa, 0xa7, 0x03, 0x00, 0x00, 0x00, 0x00, 0x00, 0x00,
    0x00, 0x00, 0x00, 0x2f, 0xff, 0xff, 0xff, 0xff, 0xfa, 0x0b, 0x70, 0x00, 0x00, 0x00, 0x00, 0x00,
    0x00, 0x00, 0x00, 0xcf, 0xff, 0xf0, 0x00, 0xff, 0xfa, 0x0b, 0xf6, 0x00, 0x00, 0x00, 0x00, 0x00,
    0x00, 0x00, 0x00, 0xff, 0xff, 0xfe, 0xde, 0xff, 0xfa, 0x0b, 0xff, 0x60, 0x00, 0x00, 0x00, 0x00,
    0x00, 0x00, 0x00, 0xff, 0xff, 0xff, 0xff, 0xff, 0xfa, 0x0b, 0xff, 0xf5, 0x00, 0x00, 0x00, 0x00,
    0x00, 0x00, 0x00, 0xff, 0xff, 0xf1, 0x01, 0xff, 0xfa, 0x0b, 0xff, 0xff, 0x50, 0x00, 0x00, 0x00,
    0x00, 0x00, 0x00, 0xff, 0xff, 0xf2, 0x02, 0xff, 0xfb, 0x0b, 0xff, 0xff, 0xf5, 0x00, 0x00, 0x00,
    0x00, 0x00, 0x00, 0xff, 0xff, 0xff, 0xff, 0xff, 0xfe, 0x20, 0x00, 0x00, 0x00, 0x00, 0x00, 0x00,
    0x00, 0x00, 0x00, 0xff, 0xff, 0xfd, 0xcd, 0xff, 0xff, 0xfe, 0xdd, 0xdd, 0xdb, 0x00, 0x00, 0x00,
    0x00, 0x00, 0x00, 0xff, 0xff, 0xf1, 0x01, 0xff, 0xff, 0xff, 0xff, 0xff, 0xfc, 0x00, 0x00, 0x00,
    0x00, 0x00, 0x00, 0xff, 0xff, 0xff, 0xff, 0xff, 0xff, 0xff, 0xff, 0xff, 0xfc, 0x00, 0x00, 0x00,
    0x00, 0x00, 0x00, 0xff, 0xff, 0xff, 0xce, 0xff, 0xff, 0xff, 0xff, 0xff, 0xfc, 0x00, 0x00, 0x00,
    0x00, 0x00, 0x00, 0xff, 0xff, 0xd1, 0x00, 0x9f, 0xff, 0xff, 0xff, 0xff, 0xfc, 0x00, 0x00, 0x00,
    0x00, 0x00, 0x00, 0xff, 0xff, 0x60, 0x00, 0x2f, 0xff, 0xff, 0xff, 0xff, 0xfc, 0x00, 0x00, 0x00,
    0x00, 0x00, 0x00, 0xff, 0xff, 0x20, 0x00, 0x0d, 0xff, 0xff, 0xff, 0xff, 0xfc, 0x00, 0x00, 0x00,
    0x00, 0x00, 0x00, 0xff, 0xfd, 0x00, 0x00, 0x09, 0xff, 0xff, 0xff, 0xff, 0xfc, 0x00, 0x00, 0x00,
    0x00, 0x00, 0x00, 0xff, 0xf9, 0x00, 0x00, 0x04, 0xff, 0xff, 0xff, 0xff, 0xfc, 0x00, 0x00, 0x00,
    0x00, 0x00, 0x00, 0xff, 0xf5, 0x08, 0x98, 0x00, 0xff, 0xff, 0xff, 0xff, 0xfc, 0x00, 0x00, 0x00,
    0x00, 0x00, 0x02, 0x22, 0x22, 0x22, 0x22, 0x22, 0x22, 0x22, 0x22, 0x22, 0x22, 0x20, 0x00, 0x00,
    0x00, 0x00, 0x02, 0x22, 0x22, 0x22, 0x22, 0x22, 0x22, 0x22, 0x22, 0x22, 0x22, 0x20, 0x00, 0x00,
    0x00, 0x00, 0x02, 0x25, 0xff, 0xff, 0x4f, 0xff, 0x92, 0x4f, 0xfe, 0x72, 0x22, 0x20, 0x00, 0x00,
    0x00, 0x00, 0x02, 0x22, 0x22, 0x69, 0x22, 0xc4, 0x22, 0x4c, 0x25, 0xe2, 0x22, 0x20, 0x00, 0x00,
    0x00, 0x00, 0x02, 0x22, 0x23, 0xc2, 0x22, 0xc4, 0x22, 0x4c, 0x25, 0xe2, 0x22, 0x20, 0x00, 0x00,
    0x00, 0x00, 0x02, 0x22, 0x29, 0x52, 0x22, 0xc4, 0x22, 0x4f, 0xfe, 0x72, 0x22, 0x20, 0x00, 0x00,
    0x00, 0x00, 0x02, 0x22, 0x5a, 0x22, 0x22, 0xc4, 0x22, 0x4c, 0x22, 0x22, 0x22, 0x20, 0x00, 0x00,
    0x00, 0x00, 0x02, 0x22, 0xb3, 0x22, 0x22, 0xc4, 0x22, 0x4c, 0x22, 0x22, 0x22, 0x20, 0x00, 0x00,
    0x00, 0x00, 0x02, 0x26, 0xff, 0xff, 0x5f, 0xff, 0x92, 0x4c, 0x22, 0x22, 0x22, 0x20, 0x00, 0x00,
    0x00, 0x00, 0x02, 0x22, 0x22, 0x22, 0x22, 0x22, 0x22, 0x22, 0x22, 0x22, 0x22, 0x20, 0x00, 0x00,
    0x00, 0x00, 0x02, 0x22, 0x22, 0x22, 0x22, 0x22, 0x22, 0x22, 0x22, 0x22, 0x22, 0x20, 0x00, 0x00,

    /* U+E056 */
    0x00, 0x00, 0x00, 0x00, 0x00, 0x00, 0x00, 0x00, 0x00, 0x00, 0x00, 0x00, 0x00, 0x00, 0x00, 0x00,
    0x00, 0x00, 0x00, 0x00, 0x00, 0x00, 0x00, 0x00, 0x00, 0x00, 0x00, 0x00, 0x00, 0x00, 0x00, 0x00,
    0x00, 0x00, 0x00, 0x00, 0x00, 0x00, 0x00, 0x00, 0x00, 0x00, 0x00, 0x00, 0x00, 0x00, 0x00, 0x00,
    0x00, 0x00, 0x00, 0x01, 0x8a, 0xaa, 0xaa, 0xaa, 0xa7, 0x03, 0x00, 0x00, 0x00, 0x00, 0x00, 0x00,
    0x00, 0x00, 0x00, 0x2f, 0xff, 0xff, 0xff, 0xff, 0xfa, 0x0b, 0x70, 0x00, 0x00, 0x00, 0x00, 0x00,
    0x00, 0x00, 0x00, 0xcf, 0xff, 0xf0, 0x00, 0xff, 0xfa, 0x0b, 0xf6, 0x00, 0x00, 0x00, 0x00, 0x00,
    0x00, 0x00, 0x00, 0xff, 0xff, 0xfe, 0xde, 0xff, 0xfa, 0x0b, 0xff, 0x60, 0x00, 0x00, 0x00, 0x00,
    0x00, 0x00, 0x00, 0xff, 0xff, 0xff, 0xff, 0xff, 0xfa, 0x0b, 0xff, 0xf5, 0x00, 0x00, 0x00, 0x00,
    0x00, 0x00, 0x00, 0xff, 0xff, 0xf1, 0x01, 0xff, 0xfa, 0x0b, 0xff, 0xff, 0x50, 0x00, 0x00, 0x00,
    0x00, 0x00, 0x00, 0xff, 0xff, 0xf2, 0x02, 0xff, 0xfb, 0x0b, 0xff, 0xff, 0xf5, 0x00, 0x00, 0x00,
    0x00, 0x00, 0x00, 0xff, 0xff, 0xff, 0xff, 0xff, 0xfe, 0x20, 0x00, 0x00, 0x00, 0x00, 0x00, 0x00,
    0x00, 0x00, 0x00, 0xff, 0xff, 0xfd, 0xcd, 0xff, 0xff, 0xfe, 0xdd, 0xdd, 0xdb, 0x00, 0x00, 0x00,
    0x00, 0x00, 0x00, 0xff, 0xff, 0xf1, 0x01, 0xff, 0xff, 0xff, 0xff, 0xff, 0xfc, 0x00, 0x00, 0x00,
    0x00, 0x00, 0x00, 0xff, 0xff, 0xff, 0xff, 0xff, 0xff, 0xff, 0xff, 0xff, 0xfc, 0x00, 0x00, 0x00,
    0x00, 0x00, 0x00, 0xff, 0xff, 0xff, 0xce, 0xff, 0xff, 0xff, 0xff, 0xff, 0xfc, 0x00, 0x00, 0x00,
    0x00, 0x00, 0x00, 0xff, 0xff, 0xd1, 0x00, 0x9f, 0xff, 0xff, 0xff, 0xff, 0xfc, 0x00, 0x00, 0x00,
    0x00, 0x00, 0x00, 0xff, 0xff, 0x60, 0x00, 0x2f, 0xff, 0xff, 0xff, 0xff, 0xfc, 0x00, 0x00, 0x00,
    0x00, 0x00, 0x00, 0xff, 0xff, 0x20, 0x00, 0x0d, 0xff, 0xff, 0xff, 0xff, 0xfc, 0x00, 0x00, 0x00,
    0x00, 0x00, 0x00, 0xff, 0xfd, 0x00, 0x00, 0x09, 0xff, 0xff, 0xff, 0xff, 0xfc, 0x00, 0x00, 0x00,
    0x00, 0x00, 0x00, 0xff, 0xf9, 0x00, 0x00, 0x04, 0xff, 0xff, 0xff, 0xff, 0xfc, 0x00, 0x00, 0x00,
    0x00, 0x00, 0x00, 0xff, 0xf5, 0x08, 0x98, 0x00, 0xff, 0xff, 0xff, 0xff, 0xfc, 0x00, 0x00, 0x00,
    0x00, 0x00, 0x02, 0x22, 0x22, 0x22, 0x22, 0x22, 0x22, 0x22, 0x22, 0x22, 0x22, 0x20, 0x00, 0x00,
    0x00, 0x00, 0x02, 0x22, 0x22, 0x22, 0x22, 0x22, 0x22, 0x22, 0x22, 0x22, 0x22, 0x20, 0x00, 0x00,
    0x00, 0x00, 0x02, 0x2d, 0xff, 0xff, 0x52, 0xf7, 0x22, 0x7f, 0xfd, 0x42, 0x22, 0x20, 0x00, 0x00,
    0x00, 0x00, 0x02, 0x22, 0x2c, 0x42, 0x26, 0xcb, 0x22, 0x79, 0x29, 0xa2, 0x22, 0x20, 0x00, 0x00,
    0x00, 0x00, 0x02, 0x22, 0x2c, 0x42, 0x29, 0x7e, 0x22, 0x79, 0x28, 0xa2, 0x22, 0x20, 0x00, 0x00,
    0x00, 0x00, 0x02, 0x22, 0x2c, 0x42, 0x2d, 0x4c, 0x52, 0x7f, 0xfd, 0x32, 0x22, 0x20, 0x00, 0x00,
    0x00, 0x00, 0x02, 0x22, 0x2c, 0x42, 0x4e, 0x28, 0x92, 0x79, 0x3c, 0x52, 0x22, 0x20, 0x00, 0x00,
    0x00, 0x00, 0x02, 0x22, 0x2c, 0x42, 0x8f, 0xff, 0xd2, 0x79, 0x25, 0xc2, 0x22, 0x20, 0x00, 0x00,
    0x00, 0x00, 0x02, 0x22, 0x2c, 0x42, 0xb6, 0x22, 0xe3, 0x79, 0x22, 0xc5, 0x22, 0x20, 0x00, 0x00,
    0x00, 0x00, 0x02, 0x22, 0x22, 0x22, 0x22, 0x22, 0x22, 0x22, 0x22, 0x22, 0x22, 0x20, 0x00, 0x00,
    0x00, 0x00, 0x02, 0x22, 0x22, 0x22, 0x22, 0x22, 0x22, 0x22, 0x22, 0x22, 0x22, 0x20, 0x00, 0x00,

    /* U+E057 */
    0x00, 0x00, 0x00, 0x00, 0x00, 0x00, 0x00, 0x00, 0x00, 0x00, 0x00, 0x00, 0x00, 0x00, 0x00, 0x00,
    0x00, 0x00, 0x00, 0x00, 0x00, 0x00, 0x00, 0x00, 0x00, 0x00, 0x00, 0x00, 0x00, 0x00, 0x00, 0x00,
    0x00, 0x00, 0x00, 0x00, 0x00, 0x00, 0x00, 0x00, 0x00, 0x00, 0x00, 0x00, 0x00, 0x00, 0x00, 0x00,
    0x00, 0x00, 0x00, 0x01, 0x8a, 0xaa, 0xaa, 0xaa, 0xa7, 0x03, 0x00, 0x00, 0x00, 0x00, 0x00, 0x00,
    0x00, 0x00, 0x00, 0x2f, 0xff, 0xff, 0xff, 0xff, 0xfa, 0x0b, 0x70, 0x00, 0x00, 0x00, 0x00, 0x00,
    0x00, 0x00, 0x00, 0xcf, 0xff, 0xf0, 0x00, 0xff, 0xfa, 0x0b, 0xf6, 0x00, 0x00, 0x00, 0x00, 0x00,
    0x00, 0x00, 0x00, 0xff, 0xff, 0xfe, 0xde, 0xff, 0xfa, 0x0b, 0xff, 0x60, 0x00, 0x00, 0x00, 0x00,
    0x00, 0x00, 0x00, 0xff, 0xff, 0xff, 0xff, 0xff, 0xfa, 0x0b, 0xff, 0xf5, 0x00, 0x00, 0x00, 0x00,
    0x00, 0x00, 0x00, 0xff, 0xff, 0xf1, 0x01, 0xff, 0xfa, 0x0b, 0xff, 0xff, 0x50, 0x00, 0x00, 0x00,
    0x00, 0x00, 0x00, 0xff, 0xff, 0xf2, 0x02, 0xff, 0xfb, 0x0b, 0xff, 0xff, 0xf5, 0x00, 0x00, 0x00,
    0x00, 0x00, 0x00, 0xff, 0xff, 0xff, 0xff, 0xff, 0xfe, 0x20, 0x00, 0x00, 0x00, 0x00, 0x00, 0x00,
    0x00, 0x00, 0x00, 0xff, 0xff, 0xfd, 0xcd, 0xff, 0xff, 0xfe, 0xdd, 0xdd, 0xdb, 0x00, 0x00, 0x00,
    0x00, 0x00, 0x00, 0xff, 0xff, 0xf1, 0x01, 0xff, 0xff, 0xff, 0xff, 0xff, 0xfc, 0x00, 0x00, 0x00,
    0x00, 0x00, 0x00, 0xff, 0xff, 0xff, 0xff, 0xff, 0xff, 0xff, 0xff, 0xff, 0xfc, 0x00, 0x00, 0x00,
    0x00, 0x00, 0x00, 0xff, 0xff, 0xff, 0xce, 0xff, 0xff, 0xff, 0xff, 0xff, 0xfc, 0x00, 0x00, 0x00,
    0x00, 0x00, 0x00, 0xff, 0xff, 0xd1, 0x00, 0x9f, 0xff, 0xff, 0xff, 0xff, 0xfc, 0x00, 0x00, 0x00,
    0x00, 0x00, 0x00, 0xff, 0xff, 0x60, 0x00, 0x2f, 0xff, 0xff, 0xff, 0xff, 0xfc, 0x00, 0x00, 0x00,
    0x00, 0x00, 0x00, 0xff, 0xff, 0x20, 0x00, 0x0d, 0xff, 0xff, 0xff, 0xff, 0xfc, 0x00, 0x00, 0x00,
    0x00, 0x00, 0x00, 0xff, 0xfd, 0x00, 0x00, 0x09, 0xff, 0xff, 0xff, 0xff, 0xfc, 0x00, 0x00, 0x00,
    0x00, 0x00, 0x00, 0xff, 0xf9, 0x00, 0x00, 0x04, 0xff, 0xff, 0xff, 0xff, 0xfc, 0x00, 0x00, 0x00,
    0x00, 0x00, 0x00, 0xff, 0xf5, 0x08, 0x98, 0x00, 0xff, 0xff, 0xff, 0xff, 0xfc, 0x00, 0x00, 0x00,
    0x00, 0x00, 0x00, 0xff, 0x22, 0x22, 0x22, 0x22, 0x22, 0x22, 0x22, 0x22, 0xfc, 0x00, 0x00, 0x00,
    0x00, 0x00, 0x00, 0xff, 0x22, 0x22, 0x22, 0x22, 0x22, 0x22, 0x22, 0x22, 0xfc, 0x00, 0x00, 0x00,
    0x00, 0x00, 0x00, 0xff, 0x22, 0x27, 0xef, 0xa5, 0xff, 0xff, 0x22, 0x22, 0xfc, 0x00, 0x00, 0x00,
    0x00, 0x00, 0x00, 0xff, 0x22, 0x4e, 0x42, 0x22, 0x22, 0x69, 0x22, 0x22, 0xfc, 0x00, 0x00, 0x00,
    0x00, 0x00, 0x00, 0xff, 0x22, 0x89, 0x22, 0x22, 0x23, 0xc2, 0x22, 0x22, 0xfc, 0x00, 0x00, 0x00,
    0x00, 0x00, 0x00, 0xdf, 0x22, 0x97, 0x2f, 0xe2, 0x29, 0x52, 0x22, 0x22, 0xfa, 0x00, 0x00, 0x00,
    0x00, 0x00, 0x00, 0x6f, 0x22, 0x89, 0x22, 0xe2, 0x5a, 0x22, 0x22, 0x22, 0xf3, 0x00, 0x00, 0x00,
    0x00, 0x00, 0x00, 0x06, 0x22, 0x4e, 0x43, 0xe2, 0xb3, 0x22, 0x22, 0x22, 0x30, 0x00, 0x00, 0x00,
    0x00, 0x00, 0x00, 0x00, 0x22, 0x27, 0xee, 0x76, 0xff, 0xff, 0x42, 0x22, 0x00, 0x00, 0x00, 0x00,
    0x00, 0x00, 0x00, 0x00, 0x22, 0x22, 0x22, 0x22, 0x22, 0x22, 0x22, 0x22, 0x00, 0x00, 0x00, 0x00,
    0x00, 0x00, 0x00, 0x00, 0x22, 0x22, 0x22, 0x22, 0x22, 0x22, 0x22, 0x22, 0x00, 0x00, 0x00, 0x00,

    /* U+E058 */
    0x00, 0x00, 0x00, 0x00, 0x00, 0x00, 0x00, 0x00, 0x00, 0x00, 0x00, 0x00, 0x00, 0x00, 0x00, 0x00,
    0x00, 0x00, 0x00, 0x00, 0x00, 0x00, 0x00, 0x00, 0x00, 0x00, 0x00, 0x00, 0x00, 0x00, 0x00, 0x00,
    0x00, 0x00, 0x00, 0x00, 0x00, 0x00, 0x00, 0x00, 0x00, 0x00, 0x00, 0x00, 0x00, 0x00, 0x00, 0x00,
    0x00, 0x00, 0x00, 0x01, 0x8a, 0xaa, 0xaa, 0xaa, 0xa7, 0x03, 0x00, 0x00, 0x00, 0x00, 0x00, 0x00,
    0x00, 0x00, 0x00, 0x2f, 0xff, 0xff, 0xff, 0xff, 0xfa, 0x0b, 0x70, 0x00, 0x00, 0x00, 0x00, 0x00,
    0x00, 0x00, 0x00, 0xcf, 0xff, 0xf0, 0x00, 0xff, 0xfa, 0x0b, 0xf6, 0x00, 0x00, 0x00, 0x00, 0x00,
    0x00, 0x00, 0x00, 0xff, 0xff, 0xfe, 0xde, 0xff, 0xfa, 0x0b, 0xff, 0x60, 0x00, 0x00, 0x00, 0x00,
    0x00, 0x00, 0x00, 0xff, 0xff, 0xff, 0xff, 0xff, 0xfa, 0x0b, 0xff, 0xf5, 0x00, 0x00, 0x00, 0x00,
    0x00, 0x00, 0x00, 0xff, 0xff, 0xf1, 0x01, 0xff, 0xfa, 0x0b, 0xff, 0xff, 0x50, 0x00, 0x00, 0x00,
    0x00, 0x00, 0x00, 0xff, 0xff, 0xf2, 0x02, 0xff, 0xfb, 0x0b, 0xff, 0xff, 0xf5, 0x00, 0x00, 0x00,
    0x00, 0x00, 0x00, 0xff, 0xff, 0xff, 0xff, 0xff, 0xfe, 0x20, 0x00, 0x00, 0x00, 0x00, 0x00, 0x00,
    0x00, 0x00, 0x00, 0xff, 0xff, 0xfd, 0xcd, 0xff, 0xff, 0xfe, 0xdd, 0xdd, 0xdb, 0x00, 0x00, 0x00,
    0x00, 0x00, 0x00, 0xff, 0xff, 0xf1, 0x01, 0xff, 0xff, 0xff, 0xff, 0xff, 0xfc, 0x00, 0x00, 0x00,
    0x00, 0x00, 0x00, 0xff, 0xff, 0xff, 0xff, 0xff, 0xff, 0xff, 0xff, 0xff, 0xfc, 0x00, 0x00, 0x00,
    0x00, 0x00, 0x00, 0xff, 0xff, 0xff, 0xce, 0xff, 0xff, 0xff, 0xff, 0xff, 0xfc, 0x00, 0x00, 0x00,
    0x00, 0x00, 0x00, 0xff, 0xff, 0xd1, 0x00, 0x9f, 0xff, 0xff, 0xff, 0xff, 0xfc, 0x00, 0x00, 0x00,
    0x00, 0x00, 0x00, 0xff, 0xff, 0x60, 0x00, 0x2f, 0xff, 0xff, 0xff, 0xff, 0xfc, 0x00, 0x00, 0x00,
    0x00, 0x00, 0x00, 0xff, 0xff, 0x20, 0x00, 0x0d, 0xff, 0xff, 0xff, 0xff, 0xfc, 0x00, 0x00, 0x00,
    0x00, 0x00, 0x00, 0xff, 0xfd, 0x00, 0x00, 0x09, 0xff, 0xff, 0xff, 0xff, 0xfc, 0x00, 0x00, 0x00,
    0x00, 0x00, 0x00, 0xff, 0xf9, 0x00, 0x00, 0x04, 0xff, 0xff, 0xff, 0xff, 0xfc, 0x00, 0x00, 0x00,
    0x00, 0x00, 0x00, 0xff, 0xf5, 0x08, 0x98, 0x00, 0xff, 0xff, 0xff, 0xff, 0xfc, 0x00, 0x00, 0x00,
    0x00, 0x00, 0x00, 0xff, 0x22, 0x22, 0x22, 0x22, 0x22, 0x22, 0x22, 0x22, 0xfc, 0x00, 0x00, 0x00,
    0x00, 0x00, 0x00, 0xff, 0x22, 0x22, 0x22, 0x22, 0x22, 0x22, 0x22, 0x22, 0xfc, 0x00, 0x00, 0x00,
    0x00, 0x00, 0x00, 0xff, 0x22, 0x7f, 0xff, 0xb5, 0xff, 0xff, 0x22, 0x22, 0xfc, 0x00, 0x00, 0x00,
    0x00, 0x00, 0x00, 0xff, 0x22, 0x22, 0x28, 0x72, 0x22, 0x69, 0x22, 0x22, 0xfc, 0x00, 0x00, 0x00,
    0x00, 0x00, 0x00, 0xff, 0x22, 0x22, 0x2c, 0x32, 0x23, 0xc2, 0x22, 0x22, 0xfc, 0x00, 0x00, 0x00,
    0x00, 0x00, 0x00, 0xdf, 0x22, 0x22, 0x5b, 0x22, 0x29, 0x52, 0x22, 0x22, 0xfa, 0x00, 0x00, 0x00,
    0x00, 0x00, 0x00, 0x6f, 0x22, 0x22, 0xa6, 0x22, 0x5a, 0x22, 0x22, 0x22, 0xf3, 0x00, 0x00, 0x00,
    0x00, 0x00, 0x00, 0x06, 0x22, 0x22, 0xd2, 0x22, 0xb3, 0x22, 0x22, 0x22, 0x30, 0x00, 0x00, 0x00,
    0x00, 0x00, 0x00, 0x00, 0x22, 0x27, 0xa2, 0x26, 0xff, 0xff, 0x42, 0x22, 0x00, 0x00, 0x00, 0x00,
    0x00, 0x00, 0x00, 0x00, 0x22, 0x22, 0x22, 0x22, 0x22, 0x22, 0x22, 0x22, 0x00, 0x00, 0x00, 0x00,
    0x00, 0x00, 0x00, 0x00, 0x22, 0x22, 0x22, 0x22, 0x22, 0x22, 0x22, 0x22, 0x00, 0x00, 0x00, 0x00,

    /* U+E059 */
    0x00, 0x00, 0x00, 0x00, 0x00, 0x00, 0x00, 0x00, 0x00, 0x00, 0x00, 0x00, 0x00, 0x00, 0x00, 0x00,
    0x00, 0x00, 0x00, 0x00, 0x00, 0x00, 0x00, 0x00, 0x00, 0x00, 0x00, 0x00, 0x00, 0x00, 0x00, 0x00,
    0x00, 0x00, 0x00, 0x00, 0x00, 0x00, 0x00, 0x00, 0x00, 0x00, 0x00, 0x00, 0x00, 0x00, 0x00, 0x00,
    0x00, 0x00, 0x00, 0x01, 0x8a, 0xaa, 0xaa, 0xaa, 0xa7, 0x03, 0x00, 0x00, 0x00, 0x00, 0x00, 0x00,
    0x00, 0x00, 0x00, 0x2f, 0xff, 0xff, 0xff, 0xff, 0xfa, 0x0b, 0x70, 0x00, 0x00, 0x00, 0x00, 0x00,
    0x00, 0x00, 0x00, 0xcf, 0xff, 0xf0, 0x00, 0xff, 0xfa, 0x0b, 0xf6, 0x00, 0x00, 0x00, 0x00, 0x00,
    0x00, 0x00, 0x00, 0xff, 0xff, 0xfe, 0xde, 0xff, 0xfa, 0x0b, 0xff, 0x60, 0x00, 0x00, 0x00, 0x00,
    0x00, 0x00, 0x00, 0xff, 0xff, 0xff, 0xff, 0xff, 0xfa, 0x0b, 0xff, 0xf5, 0x00, 0x00, 0x00, 0x00,
    0x00, 0x00, 0x00, 0xff, 0xff, 0xf1, 0x01, 0xff, 0xfa, 0x0b, 0xff, 0xff, 0x50, 0x00, 0x00, 0x00,
    0x00, 0x00, 0x00, 0xff, 0xff, 0xf2, 0x02, 0xff, 0xfb, 0x0b, 0xff, 0xff, 0xf5, 0x00, 0x00, 0x00,
    0x00, 0x00, 0x00, 0xff, 0xff, 0xff, 0xff, 0xff, 0xfe, 0x20, 0x00, 0x00, 0x00, 0x00, 0x00, 0x00,
    0x00, 0x00, 0x00, 0xff, 0xff, 0xfd, 0xcd, 0xff, 0xff, 0xfe, 0xdd, 0xdd, 0xdb, 0x00, 0x00, 0x00,
    0x00, 0x00, 0x00, 0xff, 0xff, 0xf1, 0x01, 0xff, 0xff, 0xff, 0xff, 0xff, 0xfc, 0x00, 0x00, 0x00,
    0x00, 0x00, 0x00, 0xff, 0xff, 0xff, 0xff, 0xff, 0xff, 0xff, 0xff, 0xff, 0xfc, 0x00, 0x00, 0x00,
    0x00, 0x00, 0x00, 0xff, 0xff, 0xff, 0xce, 0xff, 0xff, 0xff, 0xff, 0xff, 0xfc, 0x00, 0x00, 0x00,
    0x00, 0x00, 0x00, 0xff, 0xff, 0xd1, 0x00, 0x9f, 0xff, 0xff, 0xff, 0xff, 0xfc, 0x00, 0x00, 0x00,
    0x00, 0x00, 0x00, 0xff, 0xff, 0x60, 0x00, 0x2f, 0xff, 0xff, 0xff, 0xff, 0xfc, 0x00, 0x00, 0x00,
    0x00, 0x00, 0x00, 0xff, 0xff, 0x20, 0x00, 0x0d, 0xff, 0xff, 0xff, 0xff, 0xfc, 0x00, 0x00, 0x00,
    0x00, 0x00, 0x00, 0xff, 0xfd, 0x00, 0x00, 0x09, 0xff, 0xff, 0xff, 0xff, 0xfc, 0x00, 0x00, 0x00,
    0x00, 0x00, 0x00, 0xff, 0xf9, 0x00, 0x00, 0x04, 0xff, 0xff, 0xff, 0xff, 0xfc, 0x00, 0x00, 0x00,
    0x00, 0x00, 0x00, 0xff, 0xf5, 0x08, 0x98, 0x00, 0xff, 0xff, 0xff, 0xff, 0xfc, 0x00, 0x00, 0x00,
    0x00, 0x00, 0x02, 0x22, 0x22, 0x22, 0x22, 0x22, 0x22, 0x22, 0x22, 0x22, 0x22, 0x20, 0x00, 0x00,
    0x00, 0x00, 0x02, 0x22, 0x22, 0x22, 0x22, 0x22, 0x22, 0x22, 0x22, 0x22, 0x22, 0x20, 0x00, 0x00,
    0x00, 0x00, 0x02, 0x27, 0xff, 0xd4, 0x22, 0xf7, 0x22, 0x7f, 0xfd, 0x42, 0x22, 0x20, 0x00, 0x00,
    0x00, 0x00, 0x02, 0x27, 0x92, 0x9a, 0x26, 0xcb, 0x22, 0x79, 0x29, 0xa2, 0x22, 0x20, 0x00, 0x00,
    0x00, 0x00, 0x02, 0x27, 0x92, 0x8a, 0x29, 0x7e, 0x22, 0x79, 0x28, 0xa2, 0x22, 0x20, 0x00, 0x00,
    0x00, 0x00, 0x02, 0x27, 0xff, 0xd3, 0x2d, 0x4c, 0x52, 0x7f, 0xfd, 0x32, 0x22, 0x20, 0x00, 0x00,
    0x00, 0x00, 0x02, 0x27, 0x93, 0xc5, 0x4e, 0x28, 0x92, 0x79, 0x3c, 0x52, 0x22, 0x20, 0x00, 0x00,
    0x00, 0x00, 0x02, 0x27, 0x92, 0x5c, 0x8f, 0xff, 0xd2, 0x79, 0x25, 0xc2, 0x22, 0x20, 0x00, 0x00,
    0x00, 0x00, 0x02, 0x27, 0x92, 0x2c, 0xc6, 0x22, 0xe3, 0x79, 0x22, 0xc5, 0x22, 0x20, 0x00, 0x00,
    0x00, 0x00, 0x02, 0x22, 0x22, 0x22, 0x22, 0x22, 0x22, 0x22, 0x22, 0x22, 0x22, 0x20, 0x00, 0x00,
    0x00, 0x00, 0x02, 0x22, 0x22, 0x22, 0x22, 0x22, 0x22, 0x22, 0x22, 0x22, 0x22, 0x20, 0x00, 0x00,

    /* U+E05A */
    0x00, 0x00, 0x00, 0x00, 0x00, 0x00, 0x00, 0x00, 0x00, 0x00, 0x00, 0x00, 0x00, 0x00, 0x00, 0x00,
    0x00, 0x00, 0x00, 0x00, 0x00, 0x00, 0x00, 0x00, 0x00, 0x00, 0x00, 0x00, 0x00, 0x00, 0x00, 0x00,
    0x00, 0x00, 0x00, 0x00, 0x00, 0x00, 0x00, 0x00, 0x00, 0x00, 0x00, 0x00, 0x00, 0x00, 0x00, 0x00,
    0x00, 0x00, 0x00, 0x01, 0x8a, 0xaa, 0xaa, 0xaa, 0xa7, 0x03, 0x00, 0x00, 0x00, 0x00, 0x00, 0x00,
    0x00, 0x00, 0x00, 0x2f, 0xff, 0xff, 0xff, 0xff, 0xfa, 0x0b, 0x70, 0x00, 0x00, 0x00, 0x00, 0x00,
    0x00, 0x00, 0x00, 0xcf, 0xff, 0xf0, 0x00, 0xff, 0xfa, 0x0b, 0xf6, 0x00, 0x00, 0x00, 0x00, 0x00,
    0x00, 0x00, 0x00, 0xff, 0xff, 0xfe, 0xde, 0xff, 0xfa, 0x0b, 0xff, 0x60, 0x00, 0x00, 0x00, 0x00,
    0x00, 0x00, 0x00, 0xff, 0xff, 0xff, 0xff, 0xff, 0xfa, 0x0b, 0xff, 0xf5, 0x00, 0x00, 0x00, 0x00,
    0x00, 0x00, 0x00, 0xff, 0xff, 0xf1, 0x01, 0xff, 0xfa, 0x0b, 0xff, 0xff, 0x50, 0x00, 0x00, 0x00,
    0x00, 0x00, 0x00, 0xff, 0xff, 0xf2, 0x02, 0xff, 0xfb, 0x0b, 0xff, 0xff, 0xf5, 0x00, 0x00, 0x00,
    0x00, 0x00, 0x00, 0xff, 0xff, 0xff, 0xff, 0xff, 0xfe, 0x20, 0x00, 0x00, 0x00, 0x00, 0x00, 0x00,
    0x00, 0x00, 0x00, 0xff, 0xff, 0xfd, 0xcd, 0xff, 0xff, 0xfe, 0xdd, 0xdd, 0xdb, 0x00, 0x00, 0x00,
    0x00, 0x00, 0x00, 0xff, 0xff, 0xf1, 0x01, 0xff, 0xff, 0xff, 0xff, 0xff, 0xfc, 0x00, 0x00, 0x00,
    0x00, 0x00, 0x00, 0xff, 0xff, 0xff, 0xff, 0xff, 0xff, 0xff, 0xff, 0xff, 0xfc, 0x00, 0x00, 0x00,
    0x00, 0x00, 0x00, 0xff, 0xff, 0xff, 0xce, 0xff, 0xff, 0xff, 0xff, 0xff, 0xfc, 0x00, 0x00, 0x00,
    0x00, 0x00, 0x00, 0xff, 0xff, 0xd1, 0x00, 0x9f, 0xff, 0xff, 0xff, 0xff, 0xfc, 0x00, 0x00, 0x00,
    0x00, 0x00, 0x00, 0xff, 0xff, 0x60, 0x00, 0x2f, 0xff, 0xff, 0xff, 0xff, 0xfc, 0x00, 0x00, 0x00,
    0x00, 0x00, 0x00, 0xff, 0xff, 0x20, 0x00, 0x0d, 0xff, 0xff, 0xff, 0xff, 0xfc, 0x00, 0x00, 0x00,
    0x00, 0x00, 0x00, 0xff, 0xfd, 0x00, 0x00, 0x09, 0xff, 0xff, 0xff, 0xff, 0xfc, 0x00, 0x00, 0x00,
    0x00, 0x00, 0x00, 0xff, 0xf9, 0x00, 0x00, 0x04, 0xff, 0xff, 0xff, 0xff, 0xfc, 0x00, 0x00, 0x00,
    0x00, 0x00, 0x00, 0xff, 0xf5, 0x08, 0x98, 0x00, 0xff, 0xff, 0xff, 0xff, 0xfc, 0x00, 0x00, 0x00,
    0x00, 0x00, 0x00, 0xff, 0x22, 0x22, 0x22, 0x22, 0x22, 0x22, 0x22, 0x22, 0xfc, 0x00, 0x00, 0x00,
    0x00, 0x00, 0x00, 0xff, 0x22, 0x22, 0x22, 0x22, 0x22, 0x22, 0x22, 0x22, 0xfc, 0x00, 0x00, 0x00,
    0x00, 0x00, 0x00, 0xff, 0x22, 0x7a, 0x23, 0xd5, 0xff, 0xff, 0x22, 0x22, 0xfc, 0x00, 0x00, 0x00,
    0x00, 0x00, 0x00, 0xff, 0x22, 0x2c, 0x4a, 0x62, 0x22, 0x69, 0x22, 0x22, 0xfc, 0x00, 0x00, 0x00,
    0x00, 0x00, 0x00, 0xff, 0x22, 0x25, 0xcb, 0x22, 0x23, 0xc2, 0x22, 0x22, 0xfc, 0x00, 0x00, 0x00,
    0x00, 0x00, 0x00, 0xdf, 0x22, 0x22, 0xe7, 0x22, 0x29, 0x52, 0x22, 0x22, 0xfa, 0x00, 0x00, 0x00,
    0x00, 0x00, 0x00, 0x6f, 0x22, 0x28, 0x9d, 0x22, 0x5a, 0x22, 0x22, 0x22, 0xf3, 0x00, 0x00, 0x00,
    0x00, 0x00, 0x00, 0x06, 0x22, 0x3d, 0x28, 0x82, 0xb3, 0x22, 0x22, 0x22, 0x30, 0x00, 0x00, 0x00,
    0x00, 0x00, 0x00, 0x00, 0x22, 0xa6, 0x22, 0xd7, 0xff, 0xff, 0x42, 0x22, 0x00, 0x00, 0x00, 0x00,
    0x00, 0x00, 0x00, 0x00, 0x22, 0x22, 0x22, 0x22, 0x22, 0x22, 0x22, 0x22, 0x00, 0x00, 0x00, 0x00,
    0x00, 0x00, 0x00, 0x00, 0x22, 0x22, 0x22, 0x22, 0x22, 0x22, 0x22, 0x22, 0x00, 0x00, 0x00, 0x00,

    /* U+E05B */
    0x00, 0x00, 0x00, 0x00, 0x00, 0x00, 0x00, 0x00, 0x00, 0x00, 0x00, 0x00, 0x00, 0x00, 0x00, 0x00,
    0x00, 0x00, 0x00, 0x00, 0x00, 0x00, 0x00, 0x00, 0x00, 0x00, 0x00, 0x00, 0x00, 0x00, 0x00, 0x00,
    0x00, 0x00, 0x00, 0x00, 0x00, 0x00, 0x00, 0x00, 0x00, 0x00, 0x00, 0x00, 0x00, 0x00, 0x00, 0x00,
    0x00, 0x00, 0x00, 0x01, 0x8a, 0xaa, 0xaa, 0xaa, 0xa7, 0x03, 0x00, 0x00, 0x00, 0x00, 0x00, 0x00,
    0x00, 0x00, 0x00, 0x2f, 0xff, 0xff, 0xff, 0xff, 0xfa, 0x0b, 0x70, 0x00, 0x00, 0x00, 0x00, 0x00,
    0x00, 0x00, 0x00, 0xcf, 0xff, 0xf0, 0x00, 0xff, 0xfa, 0x0b, 0xf6, 0x00, 0x00, 0x00, 0x00, 0x00,
    0x00, 0x00, 0x00, 0xff, 0xff, 0xfe, 0xde, 0xff, 0xfa, 0x0b, 0xff, 0x60, 0x00, 0x00, 0x00, 0x00,
    0x00, 0x00, 0x00, 0xff, 0xff, 0xff, 0xff, 0xff, 0xfa, 0x0b, 0xff, 0xf5, 0x00, 0x00, 0x00, 0x00,
    0x00, 0x00, 0x00, 0xff, 0xff, 0xf1, 0x01, 0xff, 0xfa, 0x0b, 0xff, 0xff, 0x50, 0x00, 0x00, 0x00,
    0x00, 0x00, 0x00, 0xff, 0xff, 0xf2, 0x02, 0xff, 0xfb, 0x0b, 0xff, 0xff, 0xf5, 0x00, 0x00, 0x00,
    0x00, 0x00, 0x00, 0xff, 0xff, 0xff, 0xff, 0xff, 0xfe, 0x20, 0x00, 0x00, 0x00, 0x00, 0x00, 0x00,
    0x00, 0x00, 0x00, 0xff, 0xff, 0xfd, 0xcd, 0xff, 0xff, 0xfe, 0xdd, 0xdd, 0xdb, 0x00, 0x00, 0x00,
    0x00, 0x00, 0x00, 0xff, 0xff, 0xf1, 0x01, 0xff, 0xff, 0xff, 0xff, 0xff, 0xfc, 0x00, 0x00, 0x00,
    0x00, 0x00, 0x00, 0xff, 0xff, 0xff, 0xff, 0xff, 0xff, 0xff, 0xff, 0xff, 0xfc, 0x00, 0x00, 0x00,
    0x00, 0x00, 0x00, 0xff, 0xff, 0xff, 0xce, 0xff, 0xff, 0xff, 0xff, 0xff, 0xfc, 0x00, 0x00, 0x00,
    0x00, 0x00, 0x00, 0xff, 0xff, 0xd1, 0x00, 0x9f, 0xff, 0xff, 0xff, 0xff, 0xfc, 0x00, 0x00, 0x00,
    0x00, 0x00, 0x00, 0xff, 0xff, 0x60, 0x00, 0x2f, 0xff, 0xff, 0xff, 0xff, 0xfc, 0x00, 0x00, 0x00,
    0x00, 0x00, 0x00, 0xff, 0xff, 0x20, 0x00, 0x0d, 0xff, 0xff, 0xff, 0xff, 0xfc, 0x00, 0x00, 0x00,
    0x00, 0x00, 0x00, 0xff, 0xfd, 0x00, 0x00, 0x09, 0xff, 0xff, 0xff, 0xff, 0xfc, 0x00, 0x00, 0x00,
    0x00, 0x00, 0x00, 0xff, 0xf9, 0x00, 0x00, 0x04, 0xff, 0xff, 0xff, 0xff, 0xfc, 0x00, 0x00, 0x00,
    0x00, 0x00, 0x00, 0xff, 0xf5, 0x08, 0x98, 0x00, 0xff, 0xff, 0xff, 0xff, 0xfc, 0x00, 0x00, 0x00,
    0x00, 0x00, 0x00, 0x22, 0x22, 0x22, 0x22, 0x22, 0x22, 0x22, 0x22, 0x22, 0x22, 0x20, 0x00, 0x00,
    0x00, 0x00, 0x00, 0x22, 0x22, 0x22, 0x22, 0x22, 0x22, 0x22, 0x22, 0x22, 0x22, 0x20, 0x00, 0x00,
    0x00, 0x00, 0x00, 0x22, 0x6f, 0xfd, 0x55, 0xff, 0xff, 0x22, 0xaf, 0xc3, 0x22, 0x20, 0x00, 0x00,
    0x00, 0x00, 0x00, 0x22, 0x6a, 0x26, 0xb2, 0x22, 0x69, 0x25, 0x73, 0xa9, 0x22, 0x20, 0x00, 0x00,
    0x00, 0x00, 0x00, 0x22, 0x6a, 0x27, 0xb2, 0x23, 0xc2, 0x22, 0x22, 0x78, 0x22, 0x20, 0x00, 0x00,
    0x00, 0x00, 0x00, 0x22, 0x6f, 0xff, 0x52, 0x29, 0x52, 0x22, 0x23, 0xc3, 0x22, 0x20, 0x00, 0x00,
    0x00, 0x00, 0x00, 0x22, 0x6a, 0x25, 0xd2, 0x5a, 0x22, 0x22, 0x3c, 0x42, 0x22, 0x20, 0x00, 0x00,
    0x00, 0x00, 0x00, 0x22, 0x6a, 0x24, 0xe2, 0xb3, 0x22, 0x23, 0xc4, 0x22, 0x22, 0x20, 0x00, 0x00,
    0x00, 0x00, 0x00, 0x22, 0x6f, 0xfe, 0x76, 0xff, 0xff, 0x46, 0xff, 0xfb, 0x22, 0x20, 0x00, 0x00,
    0x00, 0x00, 0x00, 0x22, 0x22, 0x22, 0x22, 0x22, 0x22, 0x22, 0x22, 0x22, 0x22, 0x20, 0x00, 0x00,
    0x00, 0x00, 0x00, 0x22, 0x22, 0x22, 0x22, 0x22, 0x22, 0x22, 0x22, 0x22, 0x22, 0x20, 0x00, 0x00,

    /* U+E05C */
    0x00, 0x00, 0x00, 0x00, 0x00, 0x00, 0x00, 0x00, 0x00, 0x00, 0x00, 0x00, 0x00, 0x00, 0x00, 0x00,
    0x00, 0x00, 0x00, 0x00, 0x00, 0x00, 0x00, 0x00, 0x00, 0x00, 0x00, 0x00, 0x00, 0x00, 0x00, 0x00,
    0x00, 0x00, 0x00, 0x00, 0x00, 0x00, 0x00, 0x00, 0x00, 0x00, 0x00, 0x00, 0x00, 0x00, 0x00, 0x00,
    0x00, 0x00, 0x00, 0x01, 0x8a, 0xaa, 0xaa, 0xaa, 0xa7, 0x03, 0x00, 0x00, 0x00, 0x00, 0x00, 0x00,
    0x00, 0x00, 0x00, 0x2f, 0xff, 0xff, 0xff, 0xff, 0xfa, 0x0b, 0x70, 0x00, 0x00, 0x00, 0x00, 0x00,
    0x00, 0x00, 0x00, 0xcf, 0xff, 0xf0, 0x00, 0xff, 0xfa, 0x0b, 0xf6, 0x00, 0x00, 0x00, 0x00, 0x00,
    0x00, 0x00, 0x00, 0xff, 0xff, 0xfe, 0xde, 0xff, 0xfa, 0x0b, 0xff, 0x60, 0x00, 0x00, 0x00, 0x00,
    0x00, 0x00, 0x00, 0xff, 0xff, 0xff, 0xff, 0xff, 0xfa, 0x0b, 0xff, 0xf5, 0x00, 0x00, 0x00, 0x00,
    0x00, 0x00, 0x00, 0xff, 0xff, 0xf1, 0x01, 0xff, 0xfa, 0x0b, 0xff, 0xff, 0x50, 0x00, 0x00, 0x00,
    0x00, 0x00, 0x00, 0xff, 0xff, 0xf2, 0x02, 0xff, 0xfb, 0x0b, 0xff, 0xff, 0xf5, 0x00, 0x00, 0x00,
    0x00, 0x00, 0x00, 0xff, 0xff, 0xff, 0xff, 0xff, 0xfe, 0x20, 0x00, 0x00, 0x00, 0x00, 0x00, 0x00,
    0x00, 0x00, 0x00, 0xff, 0xff, 0xfd, 0xcd, 0xff, 0xff, 0xfe, 0xdd, 0xdd, 0xdb, 0x00, 0x00, 0x00,
    0x00, 0x00, 0x00, 0xff, 0xff, 0xf1, 0x01, 0xff, 0xff, 0xff, 0xff, 0xff, 0xfc, 0x00, 0x00, 0x00,
    0x00, 0x00, 0x00, 0xff, 0xff, 0xff, 0xff, 0xff, 0xff, 0xff, 0xff, 0xff, 0xfc, 0x00, 0x00, 0x00,
    0x00, 0x00, 0x00, 0xff, 0xff, 0xff, 0xce, 0xff, 0xff, 0xff, 0xff, 0xff, 0xfc, 0x00, 0x00, 0x00,
    0x00, 0x00, 0x00, 0xff, 0xff, 0xd1, 0x00, 0x9f, 0xff, 0xff, 0xff, 0xff, 0xfc, 0x00, 0x00, 0x00,
    0x00, 0x00, 0x00, 0xff, 0xff, 0x60, 0x00, 0x2f, 0xff, 0xff, 0xff, 0xff, 0xfc, 0x00, 0x00, 0x00,
    0x00, 0x00, 0x00, 0xff, 0xff, 0x20, 0x00, 0x0d, 0xff, 0xff, 0xff, 0xff, 0xfc, 0x00, 0x00, 0x00,
    0x00, 0x00, 0x00, 0xff, 0xfd, 0x00, 0x00, 0x09, 0xff, 0xff, 0xff, 0xff, 0xfc, 0x00, 0x00, 0x00,
    0x00, 0x00, 0x00, 0xff, 0xf9, 0x00, 0x00, 0x04, 0xff, 0xff, 0xff, 0xff, 0xfc, 0x00, 0x00, 0x00,
    0x00, 0x00, 0x00, 0xff, 0xf5, 0x08, 0x98, 0x00, 0xff, 0xff, 0xff, 0xff, 0xfc, 0x00, 0x00, 0x00,
    0x00, 0x00, 0x00, 0x22, 0x22, 0x22, 0x22, 0x22, 0x22, 0x22, 0x22, 0x22, 0x22, 0x20, 0x00, 0x00,
    0x00, 0x00, 0x00, 0x22, 0x22, 0x22, 0x22, 0x22, 0x22, 0x22, 0x22, 0x22, 0x22, 0x20, 0x00, 0x00,
    0x00, 0x00, 0x00, 0x22, 0x4f, 0xff, 0x92, 0xaf, 0xc3, 0x22, 0x9f, 0xd4, 0x22, 0x20, 0x00, 0x00,
    0x00, 0x00, 0x00, 0x22, 0x22, 0xc4, 0x26, 0xc3, 0x57, 0x24, 0xd3, 0x8a, 0x22, 0x20, 0x00, 0x00,
    0x00, 0x00, 0x00, 0x22, 0x22, 0xc4, 0x26, 0xb2, 0x22, 0x27, 0x92, 0x3d, 0x22, 0x20, 0x00, 0x00,
    0x00, 0x00, 0x00, 0x22, 0x22, 0xc4, 0x22, 0x7b, 0xa3, 0x28, 0x82, 0x2e, 0x22, 0x20, 0x00, 0x00,
    0x00, 0x00, 0x00, 0x22, 0x22, 0xc4, 0x22, 0x22, 0x4b, 0x27, 0x92, 0x3d, 0x22, 0x20, 0x00, 0x00,
    0x00, 0x00, 0x00, 0x22, 0x22, 0xc4, 0x26, 0x73, 0x6c, 0x25, 0xd3, 0x8a, 0x22, 0x20, 0x00, 0x00,
    0x00, 0x00, 0x00, 0x22, 0x4f, 0xff, 0x93, 0xaf, 0xd5, 0x22, 0x9f, 0xd4, 0x22, 0x20, 0x00, 0x00,
    0x00, 0x00, 0x00, 0x22, 0x22, 0x22, 0x22, 0x22, 0x22, 0x22, 0x22, 0x22, 0x22, 0x20, 0x00, 0x00,
    0x00, 0x00, 0x00, 0x22, 0x22, 0x22, 0x22, 0x22, 0x22, 0x22, 0x22, 0x22, 0x22, 0x20, 0x00, 0x00,




    /* U+E060 */
    0x00, 0x00, 0x00, 0x00, 0x00, 0x00, 0x00, 0x00, 0x00, 0x00, 0x00, 0x00, 0x00, 0x00, 0x00, 0x00,
    0x00, 0x00, 0x00, 0x00, 0x00, 0x00, 0x00, 0x00, 0x00, 0x00, 0x00, 0x00, 0x00, 0x00, 0x00, 0x00,
    0x00, 0x00, 0x00, 0x00, 0x00, 0x00, 0x00, 0x00, 0x00, 0x00, 0x00, 0x00, 0x00, 0x00, 0x00, 0x00,
    0x00, 0x00, 0x00, 0x00, 0x00, 0x00, 0x1b, 0xdf, 0xed, 0x60, 0x00, 0x00, 0x00, 0x00, 0x00, 0x00,
    0x00, 0x00, 0x00, 0x00, 0x00, 0x00, 0x6f, 0xff, 0xff, 0xe0, 0x00, 0x00, 0x00, 0x00, 0x00, 0x00,
    0x00, 0x00, 0x00, 0x00, 0x00, 0x00, 0xaf, 0xff, 0xff, 0xf2, 0x00, 0x00, 0x00, 0x00, 0x00, 0x00,
    0x00, 0x00, 0x00, 0x00, 0x00, 0x00, 0xdf, 0xff, 0xff, 0xf5, 0x00, 0x00, 0x00, 0x00, 0x00, 0x00,
    0x00, 0x00, 0x01, 0x97, 0x20, 0x3c, 0xff, 0xff, 0xff, 0xff, 0x70, 0x04, 0x96, 0x00, 0x00, 0x00,
    0x00, 0x00, 0x0c, 0xff, 0xfd, 0xff, 0xff, 0xff, 0xff, 0xff, 0xfd, 0xff, 0xff, 0x50, 0x00, 0x00,
    0x00, 0x00, 0x7f, 0xff, 0xff, 0xff, 0xff, 0xff, 0xff, 0xff, 0xff, 0xff, 0xff, 0xe1, 0x00, 0x00,
    0x00, 0x00, 0xef, 0xff, 0xff, 0xff, 0xff, 0xff, 0xff, 0xff, 0xff, 0xff, 0xff, 0xf7, 0x00, 0x00,
    0x00, 0x06, 0xff, 0xff, 0xff, 0xff, 0xff, 0xff, 0xff, 0xff, 0xff, 0xff, 0xff, 0xfe, 0x00, 0x00,
    0x00, 0x03, 0xff, 0xff, 0xff, 0xff, 0xfd, 0x40, 0x04, 0xdf, 0xff, 0xff, 0xff, 0xfb, 0x00, 0x00,
    0x00, 0x00, 0x4f, 0xff, 0xff, 0xff, 0xd0, 0x00, 0x00, 0x0d, 0xff, 0xff, 0xff, 0xb0, 0x00, 0x00,
    0x00, 0x00, 0x03, 0xff, 0xff, 0xff, 0x40, 0x00, 0x00, 0x04, 0xff, 0xff, 0xfb, 0x00, 0x00, 0x00,
    0x00, 0x00, 0x00, 0xff, 0xff, 0xff, 0x00, 0x00, 0x00, 0x00, 0xff, 0xff, 0xf7, 0x00, 0x00, 0x00,
    0x00, 0x00, 0x00, 0xff, 0xff, 0xff, 0x00, 0x00, 0x00, 0x00, 0xff, 0xff, 0xf7, 0x00, 0x00, 0x00,
    0x00, 0x00, 0x03, 0xff, 0xff, 0xff, 0x40, 0x00, 0x00, 0x04, 0xff, 0xff, 0xfa, 0x00, 0x00, 0x00,
    0x00, 0x00, 0x4f, 0xff, 0xff, 0xff, 0xd0, 0x00, 0x00, 0x0d, 0xff, 0xff, 0xff, 0xb0, 0x00, 0x00,
    0x00, 0x03, 0xff, 0xff, 0xff, 0xff, 0xfc, 0x40, 0x04, 0xcf, 0xff, 0xff, 0xff, 0xfb, 0x00, 0x00,
    0x00, 0x06, 0xff, 0xff, 0xff, 0xff, 0xff, 0xff, 0xff, 0xff, 0xff, 0xff, 0xff, 0xfe, 0x00, 0x00,
    0x00, 0x00, 0xff, 0xff, 0xff, 0xff, 0xff, 0xff, 0xff, 0xff, 0xff, 0xff, 0xff, 0xf7, 0x00, 0x00,
    0x00, 0x00, 0x7f, 0xff, 0xff, 0xff, 0xff, 0xff, 0xff, 0xff, 0xff, 0xff, 0xff, 0xe1, 0x00, 0x00,
    0x00, 0x00, 0x0c, 0xff, 0xfd, 0xff, 0xff, 0xff, 0xff, 0xff, 0xfd, 0xff, 0xff, 0x40, 0x00, 0x00,
    0x00, 0x00, 0x01, 0x97, 0x20, 0x3b, 0xff, 0xff, 0xff, 0xfe, 0x70, 0x04, 0x96, 0x00, 0x00, 0x00,
    0x00, 0x00, 0x00, 0x00, 0x00, 0x00, 0xdf, 0xff, 0xff, 0xf5, 0x00, 0x00, 0x00, 0x00, 0x00, 0x00,
    0x00, 0x00, 0x00, 0x00, 0x00, 0x00, 0xaf, 0xff, 0xff, 0xf2, 0x00, 0x00, 0x00, 0x00, 0x00, 0x00,
    0x00, 0x00, 0x00, 0x00, 0x00, 0x00, 0x6f, 0xff, 0xff, 0xe0, 0x00, 0x00, 0x00, 0x00, 0x00, 0x00,
    0x00, 0x00, 0x00, 0x00, 0x00, 0x00, 0x1b, 0xef, 0xed, 0x60, 0x00, 0x00, 0x00, 0x00, 0x00, 0x00,
    0x00, 0x00, 0x00, 0x00, 0x00, 0x00, 0x00, 0x00, 0x00, 0x00, 0x00, 0x00, 0x00, 0x00, 0x00, 0x00,
    0x00, 0x00, 0x00, 0x00, 0x00, 0x00, 0x00, 0x00, 0x00, 0x00, 0x00, 0x00, 0x00, 0x00, 0x00, 0x00,
    0x00, 0x00, 0x00, 0x00, 0x00, 0x00, 0x00, 0x00, 0x00, 0x00, 0x00, 0x00, 0x00, 0x00, 0x00, 0x00,

    /* U+E061 */
    0x00, 0x00, 0x00, 0x00, 0x00, 0x00, 0x00, 0x00, 0x00, 0x00, 0x00, 0x00, 0x00, 0x00, 0x00, 0x00,
    0x00, 0x00, 0x00, 0x00, 0x00, 0x00, 0x00, 0x00, 0x00, 0x00, 0x00, 0x00, 0x00, 0x00, 0x00, 0x00,
    0x00, 0x00, 0x00, 0x00, 0x00, 0x00, 0x00, 0x00, 0x00, 0x00, 0x00, 0x00, 0x00, 0x00, 0x00, 0x00,
    0x00, 0x00, 0x00, 0x06, 0xdf, 0xff, 0xff, 0xff, 0xf6, 0x08, 0x00, 0x00, 0x00, 0x00, 0x00, 0x00,
    0x00, 0x00, 0x00, 0x6f, 0xff, 0xff, 0xff, 0xff, 0xf6, 0x0f, 0x80, 0x00, 0x00, 0x00, 0x00, 0x00,
    0x00, 0x00, 0x00, 0xdf, 0xff, 0xff, 0xff, 0xff, 0xf6, 0x0f, 0xf8, 0x00, 0x00, 0x00, 0x00, 0x00,
    0x00, 0x00, 0x00, 0xff, 0xff, 0xff, 0xff, 0xff, 0xf6, 0x0f, 0xff, 0x80, 0x00, 0x00, 0x00, 0x00,
    0x00, 0x00, 0x00, 0xff, 0xff, 0xff, 0xff, 0xff, 0xf6, 0x0f, 0xff, 0xf8, 0x00, 0x00, 0x00, 0x00,
    0x00, 0x00, 0x00, 0xff, 0xff, 0xff, 0xff, 0xff, 0xf6, 0x0f, 0xff, 0xff, 0x80, 0x00, 0x00, 0x00,
    0x00, 0x00, 0x00, 0xff, 0xff, 0xff, 0xff, 0xff, 0xf6, 0x08, 0x88, 0x88, 0x82, 0x00, 0x00, 0x00,
    0x00, 0x00, 0x00, 0xff, 0xff, 0xff, 0xff, 0xff, 0xfb, 0x00, 0x00, 0x00, 0x00, 0x00, 0x00, 0x00,
    0x00, 0x00, 0x00, 0xff, 0xff, 0xff, 0xff, 0xff, 0xff, 0xfe, 0xee, 0xee, 0xe7, 0x00, 0x00, 0x00,
    0x00, 0x00, 0x00, 0xff, 0xff, 0xff, 0xff, 0xff, 0xff, 0xff, 0xff, 0xff, 0xf8, 0x00, 0x00, 0x00,
    0x00, 0x00, 0x00, 0xff, 0xff, 0xff, 0xff, 0xff, 0xff, 0xff, 0xff, 0xff, 0xf8, 0x00, 0x00, 0x00,
    0x00, 0x00, 0x00, 0xff, 0xff, 0xff, 0xff, 0xff, 0xff, 0xff, 0xff, 0xff, 0xf8, 0x00, 0x00, 0x00,
    0x00, 0x00, 0x00, 0xff, 0xff, 0xff, 0xff, 0xff, 0xff, 0xff, 0xff, 0xff, 0xf8, 0x00, 0x00, 0x00,
    0x00, 0x00, 0x00, 0xff, 0xff, 0xff, 0xff, 0xff, 0xff, 0xff, 0xff, 0xff, 0xf8, 0x00, 0x00, 0x00,
    0x00, 0x00, 0x00, 0xff, 0xff, 0xff, 0xff, 0xff, 0xff, 0xff, 0xff, 0xff, 0xf8, 0x00, 0x00, 0x00,
    0x00, 0x00, 0x00, 0xff, 0xff, 0xff, 0xff, 0xff, 0xff, 0xff, 0xff, 0xff, 0xf8, 0x00, 0x00, 0x00,
    0x00, 0x00, 0x00, 0xff, 0xff, 0xff, 0xff, 0xff, 0xff, 0xff, 0xff, 0xff, 0xf8, 0x00, 0x00, 0x00,
    0x00, 0x00, 0x00, 0xff, 0xff, 0xff, 0xff, 0xff, 0xff, 0xff, 0xff, 0xff, 0xf8, 0x00, 0x00, 0x00,
    0x00, 0x00, 0x00, 0x22, 0x22, 0x22, 0x22, 0x22, 0x22, 0x22, 0x22, 0x22, 0x22, 0x20, 0x00, 0x00,
    0x00, 0x00, 0x00, 0x22, 0x22, 0x22, 0x22, 0x22, 0x22, 0x22, 0x22, 0x22, 0x22, 0x20, 0x00, 0x00,
    0x00, 0x00, 0x00, 0x22, 0x6f, 0xfd, 0x54, 0xff, 0xf9, 0x27, 0xe2, 0x3d, 0x22, 0x20, 0x00, 0x00,
    0x00, 0x00, 0x00, 0x22, 0x6a, 0x26, 0xb2, 0x2c, 0x42, 0x27, 0xe6, 0x3d, 0x22, 0x20, 0x00, 0x00,
    0x00, 0x00, 0x00, 0x22, 0x6a, 0x27, 0xb2, 0x2c, 0x42, 0x27, 0x9b, 0x3d, 0x22, 0x20, 0x00, 0x00,
    0x00, 0x00, 0x00, 0x22, 0x6f, 0xff, 0x52, 0x2c, 0x42, 0x27, 0x8b, 0x4d, 0x22, 0x20, 0x00, 0x00,
    0x00, 0x00, 0x00, 0x22, 0x6a, 0x25, 0xd2, 0x2c, 0x42, 0x27, 0x86, 0x9d, 0x22, 0x20, 0x00, 0x00,
    0x00, 0x00, 0x00, 0x22, 0x6a, 0x24, 0xe2, 0x2c, 0x42, 0x27, 0x82, 0xcd, 0x22, 0x20, 0x00, 0x00,
    0x00, 0x00, 0x00, 0x22, 0x6f, 0xfe, 0x74, 0xff, 0xf9, 0x27, 0x82, 0x9d, 0x22, 0x20, 0x00, 0x00,
    0x00, 0x00, 0x00, 0x22, 0x22, 0x22, 0x22, 0x22, 0x22, 0x22, 0x22, 0x22, 0x22, 0x20, 0x00, 0x00,
    0x00, 0x00, 0x00, 0x22, 0x22, 0x22, 0x22, 0x22, 0x22, 0x22, 0x22, 0x22, 0x22, 0x20, 0x00, 0x00,

    /* U+E062 */
    0x00, 0x00, 0x00, 0x00, 0x00, 0x00, 0x00, 0x00, 0x00, 0x00, 0x00, 0x00, 0x00, 0x00, 0x00, 0x00,
    0x00, 0x00, 0x00, 0x00, 0x00, 0x00, 0x00, 0x00, 0x00, 0x00, 0x00, 0x00, 0x00, 0x00, 0x00, 0x00,
    0x00, 0x00, 0x00, 0x00, 0x00, 0x00, 0x00, 0x00, 0x00, 0x00, 0x00, 0x00, 0x00, 0x00, 0x00, 0x00,
    0x00, 0x00, 0x00, 0x06, 0xdf, 0xff, 0xff, 0xff, 0xf6, 0x08, 0x00, 0x00, 0x00, 0x00, 0x00, 0x00,
    0x00, 0x00, 0x00, 0x6f, 0xff, 0xff, 0xff, 0xff, 0xf6, 0x0f, 0x80, 0x00, 0x00, 0x00, 0x00, 0x00,
    0x00, 0x00, 0x00, 0xdf, 0xff, 0xff, 0xff, 0xff, 0xf6, 0x0f, 0xf8, 0x00, 0x00, 0x00, 0x00, 0x00,
    0x00, 0x00, 0x00, 0xff, 0xff, 0xff, 0xff, 0xff, 0xf6, 0x0f, 0xff, 0x80, 0x00, 0x00, 0x00, 0x00,
    0x00, 0x00, 0x00, 0xff, 0xff, 0xff, 0xff, 0xff, 0xf6, 0x0f, 0xff, 0xf8, 0x00, 0x00, 0x00, 0x00,
    0x00, 0x00, 0x00, 0xff, 0xff, 0xff, 0xff, 0xff, 0xf6, 0x0f, 0xff, 0xff, 0x80, 0x00, 0x00, 0x00,
    0x00, 0x00, 0x00, 0xff, 0xff, 0xff, 0xff, 0xff, 0xf6, 0x08, 0x88, 0x88, 0x82, 0x00, 0x00, 0x00,
    0x00, 0x00, 0x00, 0xff, 0xff, 0xff, 0xff, 0xff, 0xfb, 0x00, 0x00, 0x00, 0x00, 0x00, 0x00, 0x00,
    0x00, 0x00, 0x00, 0xff, 0xff, 0xff, 0xff, 0xff, 0xff, 0xfe, 0xee, 0xee, 0xe7, 0x00, 0x00, 0x00,
    0x00, 0x00, 0x00, 0xff, 0xff, 0xff, 0xff, 0xff, 0xff, 0xff, 0xff, 0xff, 0xf8, 0x00, 0x00, 0x00,
    0x00, 0x00, 0x00, 0xff, 0xff, 0xff, 0xff, 0xff, 0xff, 0xff, 0xff, 0xff, 0xf8, 0x00, 0x00, 0x00,
    0x00, 0x00, 0x00, 0xff, 0xff, 0xff, 0xff, 0xff, 0xff, 0xff, 0xff, 0xff, 0xf8, 0x00, 0x00, 0x00,
    0x00, 0x00, 0x00, 0xff, 0xff, 0xff, 0xff, 0xff, 0xff, 0xff, 0xff, 0xff, 0xf8, 0x00, 0x00, 0x00,
    0x00, 0x00, 0x00, 0xff, 0xff, 0xff, 0xff, 0xff, 0xff, 0xff, 0xff, 0xff, 0xf8, 0x00, 0x00, 0x00,
    0x00, 0x00, 0x00, 0xff, 0xff, 0xff, 0xff, 0xff, 0xff, 0xff, 0xff, 0xff, 0xf8, 0x00, 0x00, 0x00,
    0x00, 0x00, 0x00, 0xff, 0xff, 0xff, 0xff, 0xff, 0xff, 0xff, 0xff, 0xff, 0xf8, 0x00, 0x00, 0x00,
    0x00, 0x00, 0x00, 0xff, 0xff, 0xff, 0xff, 0xff, 0xff, 0xff, 0xff, 0xff, 0xf8, 0x00, 0x00, 0x00,
    0x00, 0x00, 0x00, 0xff, 0xff, 0xff, 0xff, 0xff, 0xff, 0xff, 0xff, 0xff, 0xf8, 0x00, 0x00, 0x00,
    0x00, 0x00, 0x00, 0x22, 0x22, 0x22, 0x22, 0x22, 0x22, 0x22, 0x22, 0x22, 0x22, 0x20, 0x00, 0x00,
    0x00, 0x00, 0x00, 0x22, 0x22, 0x22, 0x22, 0x22, 0x22, 0x22, 0x22, 0x22, 0x22, 0x20, 0x00, 0x00,
    0x00, 0x00, 0x00, 0x22, 0x4f, 0xff, 0xc7, 0xa2, 0x3d, 0x24, 0xff, 0xfc, 0x22, 0x20, 0x00, 0x00,
    0x00, 0x00, 0x00, 0x22, 0x4c, 0x22, 0x22, 0xc4, 0xa6, 0x24, 0xc2, 0x22, 0x22, 0x20, 0x00, 0x00,
    0x00, 0x00, 0x00, 0x22, 0x4c, 0x22, 0x22, 0x5c, 0xb2, 0x24, 0xc2, 0x22, 0x22, 0x20, 0x00, 0x00,
    0x00, 0x00, 0x00, 0x22, 0x4f, 0xff, 0xa2, 0x2e, 0x72, 0x24, 0xff, 0xfa, 0x22, 0x20, 0x00, 0x00,
    0x00, 0x00, 0x00, 0x22, 0x4c, 0x22, 0x22, 0x89, 0xd2, 0x24, 0xc2, 0x22, 0x22, 0x20, 0x00, 0x00,
    0x00, 0x00, 0x00, 0x22, 0x4c, 0x22, 0x23, 0xd2, 0x88, 0x24, 0xc2, 0x22, 0x22, 0x20, 0x00, 0x00,
    0x00, 0x00, 0x00, 0x22, 0x4f, 0xff, 0xda, 0x62, 0x2d, 0x34, 0xff, 0xfd, 0x22, 0x20, 0x00, 0x00,
    0x00, 0x00, 0x00, 0x22, 0x22, 0x22, 0x22, 0x22, 0x22, 0x22, 0x22, 0x22, 0x22, 0x20, 0x00, 0x00,
    0x00, 0x00, 0x00, 0x22, 0x22, 0x22, 0x22, 0x22, 0x22, 0x22, 0x22, 0x22, 0x22, 0x20, 0x00, 0x00,

    /* U+E063 */
    0x00, 0x00, 0x00, 0x00, 0x00, 0x00, 0x00, 0x00, 0x00, 0x00, 0x00, 0x00, 0x00, 0x00, 0x00, 0x00,
    0x00, 0x00, 0x00, 0x00, 0x00, 0x00, 0x00, 0x00, 0x00, 0x00, 0x00, 0x00, 0x00, 0x00, 0x00, 0x00,
    0x00, 0x00, 0x00, 0x00, 0x00, 0x00, 0x00, 0x00, 0x00, 0x00, 0x00, 0x00, 0x00, 0x00, 0x00, 0x00,
    0x00, 0x00, 0x00, 0x06, 0xdf, 0xff, 0xff, 0xff, 0xf6, 0x08, 0x00, 0x00, 0x00, 0x00, 0x00, 0x00,
    0x00, 0x00, 0x00, 0x6f, 0xff, 0xff, 0xff, 0xff, 0xf6, 0x0f, 0x80, 0x00, 0x00, 0x00, 0x00, 0x00,
    0x00, 0x00, 0x00, 0xdf, 0xff, 0xff, 0xff, 0xff, 0xf6, 0x0f, 0xf8, 0x00, 0x00, 0x00, 0x00, 0x00,
    0x00, 0x00, 0x00, 0xff, 0xff, 0xff, 0xff, 0xff, 0xf6, 0x0f, 0xff, 0x80, 0x00, 0x00, 0x00, 0x00,
    0x00, 0x00, 0x00, 0xff, 0xff, 0xff, 0xff, 0xff, 0xf6, 0x0f, 0xff, 0xf8, 0x00, 0x00, 0x00, 0x00,
    0x00, 0x00, 0x00, 0xff, 0xff, 0xff, 0xff, 0xff, 0xf6, 0x0f, 0xff, 0xff, 0x80, 0x00, 0x00, 0x00,
    0x00, 0x00, 0x00, 0xff, 0xff, 0xff, 0xff, 0xff, 0xf6, 0x08, 0x88, 0x88, 0x82, 0x00, 0x00, 0x00,
    0x00, 0x00, 0x00, 0xff, 0xff, 0xff, 0xff, 0xff, 0xfb, 0x00, 0x00, 0x00, 0x00, 0x00, 0x00, 0x00,
    0x00, 0x00, 0x00, 0xff, 0xff, 0xff, 0xff, 0xff, 0xff, 0xfe, 0xee, 0xee, 0xe7, 0x00, 0x00, 0x00,
    0x00, 0x00, 0x00, 0xff, 0xff, 0xff, 0xff, 0xff, 0xff, 0xff, 0xff, 0xff, 0xf8, 0x00, 0x00, 0x00,
    0x00, 0x00, 0x00, 0xff, 0xff, 0xff, 0xff, 0xff, 0xff, 0xff, 0xff, 0xff, 0xf8, 0x00, 0x00, 0x00,
    0x00, 0x00, 0x00, 0xff, 0xff, 0xff, 0xff, 0xff, 0xff, 0xff, 0xff, 0xff, 0xf8, 0x00, 0x00, 0x00,
    0x00, 0x00, 0x00, 0xff, 0xff, 0xff, 0xff, 0xff, 0xff, 0xff, 0xff, 0xff, 0xf8, 0x00, 0x00, 0x00,
    0x00, 0x00, 0x00, 0xff, 0xff, 0xff, 0xff, 0xff, 0xff, 0xff, 0xff, 0xff, 0xf8, 0x00, 0x00, 0x00,
    0x00, 0x00, 0x00, 0xff, 0xff, 0xff, 0xff, 0xff, 0xff, 0xff, 0xff, 0xff, 0xf8, 0x00, 0x00, 0x00,
    0x00, 0x00, 0x00, 0xff, 0xff, 0xff, 0xff, 0xff, 0xff, 0xff, 0xff, 0xff, 0xf8, 0x00, 0x00, 0x00,
    0x00, 0x00, 0x00, 0xff, 0xff, 0xff, 0xff, 0xff, 0xff, 0xff, 0xff, 0xff, 0xf8, 0x00, 0x00, 0x00,
    0x00, 0x00, 0x00, 0xff, 0xff, 0xff, 0xff, 0xff, 0xff, 0xff, 0xff, 0xff, 0xf8, 0x00, 0x00, 0x00,
    0x00, 0x00, 0x00, 0x22, 0x22, 0x22, 0x22, 0x22, 0x22, 0x22, 0x22, 0x22, 0x22, 0x20, 0x00, 0x00,
    0x00, 0x00, 0x00, 0x22, 0x22, 0x22, 0x22, 0x22, 0x22, 0x22, 0x22, 0x22, 0x22, 0x20, 0x00, 0x00,
    0x00, 0x00, 0x00, 0x22, 0x7f, 0xea, 0x23, 0xd2, 0x22, 0x23, 0xd2, 0x22, 0x22, 0x20, 0x00, 0x00,
    0x00, 0x00, 0x00, 0x22, 0x79, 0x3b, 0x83, 0xd2, 0x22, 0x23, 0xd2, 0x22, 0x22, 0x20, 0x00, 0x00,
    0x00, 0x00, 0x00, 0x22, 0x79, 0x25, 0xc3, 0xd2, 0x22, 0x23, 0xd2, 0x22, 0x22, 0x20, 0x00, 0x00,
    0x00, 0x00, 0x00, 0x22, 0x79, 0x23, 0xd3, 0xd2, 0x22, 0x23, 0xd2, 0x22, 0x22, 0x20, 0x00, 0x00,
    0x00, 0x00, 0x00, 0x22, 0x79, 0x25, 0xc3, 0xd2, 0x22, 0x23, 0xd2, 0x22, 0x22, 0x20, 0x00, 0x00,
    0x00, 0x00, 0x00, 0x22, 0x79, 0x3b, 0x83, 0xd2, 0x22, 0x23, 0xd2, 0x22, 0x22, 0x20, 0x00, 0x00,
    0x00, 0x00, 0x00, 0x22, 0x7f, 0xea, 0x23, 0xff, 0xff, 0x23, 0xff, 0xff, 0x22, 0x20, 0x00, 0x00,
    0x00, 0x00, 0x00, 0x22, 0x22, 0x22, 0x22, 0x22, 0x22, 0x22, 0x22, 0x22, 0x22, 0x20, 0x00, 0x00,
    0x00, 0x00, 0x00, 0x22, 0x22, 0x22, 0x22, 0x22, 0x22, 0x22, 0x22, 0x22, 0x22, 0x20, 0x00, 0x00,

    /* U+E064 */
    0x00, 0x00, 0x00, 0x00, 0x00, 0x00, 0x00, 0x00, 0x00, 0x00, 0x00, 0x00, 0x00, 0x00, 0x00, 0x00,
    0x00, 0x00, 0x00, 0x00, 0x00, 0x00, 0x00, 0x00, 0x00, 0x00, 0x00, 0x00, 0x00, 0x00, 0x00, 0x00,
    0x00, 0x00, 0x00, 0x00, 0x00, 0x00, 0x00, 0x00, 0x00, 0x00, 0x00, 0x00, 0x00, 0x00, 0x00, 0x00,
    0x00, 0x00, 0x00, 0x06, 0xdf, 0xff, 0xff, 0xff, 0xf6, 0x08, 0x00, 0x00, 0x00, 0x00, 0x00, 0x00,
    0x00, 0x00, 0x00, 0x6f, 0xff, 0xff, 0xff, 0xff, 0xf6, 0x0f, 0x80, 0x00, 0x00, 0x00, 0x00, 0x00,
    0x00, 0x00, 0x00, 0xdf, 0xff, 0xff, 0xff, 0xff, 0xf6, 0x0f, 0xf8, 0x00, 0x00, 0x00, 0x00, 0x00,
    0x00, 0x00, 0x00, 0xff, 0xff, 0xff, 0xff, 0xff, 0xf6, 0x0f, 0xff, 0x80, 0x00, 0x00, 0x00, 0x00,
    0x00, 0x00, 0x00, 0xff, 0xff, 0xff, 0xff, 0xff, 0xf6, 0x0f, 0xff, 0xf8, 0x00, 0x00, 0x00, 0x00,
    0x00, 0x00, 0x00, 0xff, 0xff, 0xff, 0xff, 0xff, 0xf6, 0x0f, 0xff, 0xff, 0x80, 0x00, 0x00, 0x00,
    0x00, 0x00, 0x00, 0xff, 0xff, 0xff, 0xff, 0xff, 0xf6, 0x08, 0x88, 0x88, 0x82, 0x00, 0x00, 0x00,
    0x00, 0x00, 0x00, 0xff, 0xff, 0xff, 0xff, 0xff, 0xfb, 0x00, 0x00, 0x00, 0x00, 0x00, 0x00, 0x00,
    0x00, 0x00, 0x00, 0xff, 0xff, 0xff, 0xff, 0xff, 0xff, 0xfe, 0xee, 0xee, 0xe7, 0x00, 0x00, 0x00,
    0x00, 0x00, 0x00, 0xff, 0xff, 0xff, 0xff, 0xff, 0xff, 0xff, 0xff, 0xff, 0xf8, 0x00, 0x00, 0x00,
    0x00, 0x00, 0x00, 0xff, 0xff, 0xff, 0xff, 0xff, 0xff, 0xff, 0xff, 0xff, 0xf8, 0x00, 0x00, 0x00,
    0x00, 0x00, 0x00, 0xff, 0xff, 0xff, 0xff, 0xff, 0xff, 0xff, 0xff, 0xff, 0xf8, 0x00, 0x00, 0x00,
    0x00, 0x00, 0x00, 0xff, 0xff, 0xff, 0xff, 0xff, 0xff, 0xff, 0xff, 0xff, 0xf8, 0x00, 0x00, 0x00,
    0x00, 0x00, 0x00, 0xff, 0xff, 0xff, 0xff, 0xff, 0xff, 0xff, 0xff, 0xff, 0xf8, 0x00, 0x00, 0x00,
    0x00, 0x00, 0x00, 0xff, 0xff, 0xff, 0xff, 0xff, 0xff, 0xff, 0xff, 0xff, 0xf8, 0x00, 0x00, 0x00,
    0x00, 0x00, 0x00, 0xff, 0xff, 0xff, 0xff, 0xff, 0xff, 0xff, 0xff, 0xff, 0xf8, 0x00, 0x00, 0x00,
    0x00, 0x00, 0x00, 0xff, 0xff, 0xff, 0xff, 0xff, 0xff, 0xff, 0xff, 0xff, 0xf8, 0x00, 0x00, 0x00,
    0x00, 0x00, 0x00, 0xff, 0xff, 0xff, 0xff, 0xff, 0xff, 0xff, 0xff, 0xff, 0xf8, 0x00, 0x00, 0x00,
    0x00, 0x00, 0x00, 0xff, 0x22, 0x22, 0x22, 0x22, 0x22, 0x22, 0x22, 0x22, 0xf8, 0x00, 0x00, 0x00,
    0x00, 0x00, 0x00, 0xff, 0x22, 0x22, 0x22, 0x22, 0x22, 0x22, 0x22, 0x22, 0xf8, 0x00, 0x00, 0x00,
    0x00, 0x00, 0x00, 0xff, 0x22, 0x2a, 0xfc, 0x32, 0x9f, 0xd4, 0x22, 0x22, 0xf8, 0x00, 0x00, 0x00,
    0x00, 0x00, 0x00, 0xff, 0x22, 0x6c, 0x35, 0x74, 0xd3, 0x8a, 0x22, 0x22, 0xf8, 0x00, 0x00, 0x00,
    0x00, 0x00, 0x00, 0xff, 0x22, 0x6b, 0x22, 0x27, 0x92, 0x3d, 0x22, 0x22, 0xf7, 0x00, 0x00, 0x00,
    0x00, 0x00, 0x00, 0xdf, 0x22, 0x27, 0xba, 0x38, 0x82, 0x2e, 0x22, 0x22, 0xf5, 0x00, 0x00, 0x00,
    0x00, 0x00, 0x00, 0x6f, 0x22, 0x22, 0x24, 0xb7, 0x92, 0x3d, 0x22, 0x22, 0xd0, 0x00, 0x00, 0x00,
    0x00, 0x00, 0x00, 0x06, 0x22, 0x67, 0x36, 0xc5, 0xd3, 0x8a, 0x22, 0x22, 0x10, 0x00, 0x00, 0x00,
    0x00, 0x00, 0x00, 0x00, 0x22, 0x3a, 0xfd, 0x52, 0x9f, 0xd4, 0x22, 0x22, 0x00, 0x00, 0x00, 0x00,
    0x00, 0x00, 0x00, 0x00, 0x22, 0x22, 0x22, 0x22, 0x22, 0x22, 0x22, 0x22, 0x00, 0x00, 0x00, 0x00,
    0x00, 0x00, 0x00, 0x00, 0x22, 0x22, 0x22, 0x22, 0x22, 0x22, 0x22, 0x22, 0x00, 0x00, 0x00, 0x00,

    /* U+E065 */
    0x00, 0x00, 0x00, 0x00, 0x00, 0x00, 0x00, 0x00, 0x00, 0x00, 0x00, 0x00, 0x00, 0x00, 0x00, 0x00,
    0x00, 0x00, 0x00, 0x00, 0x00, 0x00, 0x00, 0x00, 0x00, 0x00, 0x00, 0x00, 0x00, 0x00, 0x00, 0x00,
    0x00, 0x00, 0x00, 0x00, 0x00, 0x00, 0x00, 0x00, 0x00, 0x00, 0x00, 0x00, 0x00, 0x00, 0x00, 0x00,
    0x00, 0x00, 0x00, 0x06, 0xdf, 0xff, 0xff, 0xff, 0xf6, 0x08, 0x00, 0x00, 0x00, 0x00, 0x00, 0x00,
    0x00, 0x00, 0x00, 0x6f, 0xff, 0xff, 0xff, 0xff, 0xf6, 0x0f, 0x80, 0x00, 0x00, 0x00, 0x00, 0x00,
    0x00, 0x00, 0x00, 0xdf, 0xff, 0xff, 0xff, 0xff, 0xf6, 0x0f, 0xf8, 0x00, 0x00, 0x00, 0x00, 0x00,
    0x00, 0x00, 0x00, 0xff, 0xff, 0xff, 0xff, 0xff, 0xf6, 0x0f, 0xff, 0x80, 0x00, 0x00, 0x00, 0x00,
    0x00, 0x00, 0x00, 0xff, 0xff, 0xff, 0xff, 0xff, 0xf6, 0x0f, 0xff, 0xf8, 0x00, 0x00, 0x00, 0x00,
    0x00, 0x00, 0x00, 0xff, 0xff, 0xff, 0xff, 0xff, 0xf6, 0x0f, 0xff, 0xff, 0x80, 0x00, 0x00, 0x00,
    0x00, 0x00, 0x00, 0xff, 0xff, 0xff, 0xff, 0xff, 0xf6, 0x08, 0x88, 0x88, 0x82, 0x00, 0x00, 0x00,
    0x00, 0x00, 0x00, 0xff, 0xff, 0xff, 0xff, 0xff, 0xfb, 0x00, 0x00, 0x00, 0x00, 0x00, 0x00, 0x00,
    0x00, 0x00, 0x00, 0xff, 0xff, 0xff, 0xff, 0xff, 0xff, 0xfe, 0xee, 0xee, 0xe7, 0x00, 0x00, 0x00,
    0x00, 0x00, 0x00, 0xff, 0xff, 0xff, 0xff, 0xff, 0xff, 0xff, 0xff, 0xff, 0xf8, 0x00, 0x00, 0x00,
    0x00, 0x00, 0x00, 0xff, 0xff, 0xff, 0xff, 0xff, 0xff, 0xff, 0xff, 0xff, 0xf8, 0x00, 0x00, 0x00,
    0x00, 0x00, 0x00, 0xff, 0xff, 0xff, 0xff, 0xff, 0xff, 0xff, 0xff, 0xff, 0xf8, 0x00, 0x00, 0x00,
    0x00, 0x00, 0x00, 0xff, 0xff, 0xff, 0xff, 0xff, 0xff, 0xff, 0xff, 0xff, 0xf8, 0x00, 0x00, 0x00,
    0x00, 0x00, 0x00, 0xff, 0xff, 0xff, 0xff, 0xff, 0xff, 0xff, 0xff, 0xff, 0xf8, 0x00, 0x00, 0x00,
    0x00, 0x00, 0x00, 0xff, 0xff, 0xff, 0xff, 0xff, 0xff, 0xff, 0xff, 0xff, 0xf8, 0x00, 0x00, 0x00,
    0x00, 0x00, 0x00, 0xff, 0xff, 0xff, 0xff, 0xff, 0xff, 0xff, 0xff, 0xff, 0xf8, 0x00, 0x00, 0x00,
    0x00, 0x00, 0x00, 0xff, 0xff, 0xff, 0xff, 0xff, 0xff, 0xff, 0xff, 0xff, 0xf8, 0x00, 0x00, 0x00,
    0x00, 0x00, 0x00, 0xff, 0xff, 0xff, 0xff, 0xff, 0xff, 0xff, 0xff, 0xff, 0xf8, 0x00, 0x00, 0x00,
    0x00, 0x00, 0x00, 0x22, 0x22, 0x22, 0x22, 0x22, 0x22, 0x22, 0x22, 0x22, 0x22, 0x20, 0x00, 0x00,
    0x00, 0x00, 0x00, 0x22, 0x22, 0x22, 0x22, 0x22, 0x22, 0x22, 0x22, 0x22, 0x22, 0x20, 0x00, 0x00,
    0x00, 0x00, 0x00, 0x22, 0x4f, 0xfe, 0x74, 0xff, 0xe7, 0x27, 0x92, 0x4c, 0x22, 0x20, 0x00, 0x00,
    0x00, 0x00, 0x00, 0x22, 0x4c, 0x25, 0xe4, 0xc2, 0x5e, 0x27, 0x92, 0x4c, 0x22, 0x20, 0x00, 0x00,
    0x00, 0x00, 0x00, 0x22, 0x4c, 0x25, 0xe4, 0xc2, 0x5e, 0x27, 0x92, 0x4c, 0x22, 0x20, 0x00, 0x00,
    0x00, 0x00, 0x00, 0x22, 0x4f, 0xfe, 0x74, 0xff, 0xe7, 0x27, 0x92, 0x4c, 0x22, 0x20, 0x00, 0x00,
    0x00, 0x00, 0x00, 0x22, 0x4c, 0x22, 0x24, 0xc2, 0x22, 0x27, 0x92, 0x4c, 0x22, 0x20, 0x00, 0x00,
    0x00, 0x00, 0x00, 0x22, 0x4c, 0x22, 0x24, 0xc2, 0x22, 0x25, 0xc3, 0x7b, 0x22, 0x20, 0x00, 0x00,
    0x00, 0x00, 0x00, 0x22, 0x4c, 0x22, 0x24, 0xc2, 0x22, 0x22, 0xaf, 0xd4, 0x22, 0x20, 0x00, 0x00,
    0x00, 0x00, 0x00, 0x22, 0x22, 0x22, 0x22, 0x22, 0x22, 0x22, 0x22, 0x22, 0x22, 0x20, 0x00, 0x00,
    0x00, 0x00, 0x00, 0x22, 0x22, 0x22, 0x22, 0x22, 0x22, 0x22, 0x22, 0x22, 0x22, 0x20, 0x00, 0x00,

    /* U+E066 */
    0x00, 0x00, 0x00, 0x00, 0x00, 0x00, 0x00, 0x00, 0x00, 0x00, 0x00, 0x00, 0x00, 0x00, 0x00, 0x00,
    0x00, 0x00, 0x00, 0x00, 0x00, 0x00, 0x00, 0x00, 0x00, 0x00, 0x00, 0x00, 0x00, 0x00, 0x00, 0x00,
    0x00, 0x00, 0x00, 0x00, 0x00, 0x00, 0x00, 0x00, 0x00, 0x00, 0x00, 0x00, 0x00, 0x00, 0x00, 0x00,
    0x00, 0x00, 0x00, 0x06, 0xdf, 0xff, 0xff, 0xff, 0xf6, 0x08, 0x00, 0x00, 0x00, 0x00, 0x00, 0x00,
    0x00, 0x00, 0x00, 0x6f, 0xff, 0xff, 0xff, 0xff, 0xf6, 0x0f, 0x80, 0x00, 0x00, 0x00, 0x00, 0x00,
    0x00, 0x00, 0x00, 0xdf, 0xff, 0xff, 0xff, 0xff, 0xf6, 0x0f, 0xf8, 0x00, 0x00, 0x00, 0x00, 0x00,
    0x00, 0x00, 0x00, 0xff, 0xff, 0xff, 0xff, 0xff, 0xf6, 0x0f, 0xff, 0x80, 0x00, 0x00, 0x00, 0x00,
    0x00, 0x00, 0x00, 0xff, 0xff, 0xff, 0xff, 0xff, 0xf6, 0x0f, 0xff, 0xf8, 0x00, 0x00, 0x00, 0x00,
    0x00, 0x00, 0x00, 0xff, 0xff, 0xff, 0xff, 0xff, 0xf6, 0x0f, 0xff, 0xff, 0x80, 0x00, 0x00, 0x00,
    0x00, 0x00, 0x00, 0xff, 0xff, 0xff, 0xff, 0xff, 0xf6, 0x08, 0x88, 0x88, 0x82, 0x00, 0x00, 0x00,
    0x00, 0x00, 0x00, 0xff, 0xff, 0xff, 0xff, 0xff, 0xfb, 0x00, 0x00, 0x00, 0x00, 0x00, 0x00, 0x00,
    0x00, 0x00, 0x00, 0xff, 0xff, 0xff, 0xff, 0xff, 0xff, 0xfe, 0xee, 0xee, 0xe7, 0x00, 0x00, 0x00,
    0x00, 0x00, 0x00, 0xff, 0xff, 0xff, 0xff, 0xff, 0xff, 0xff, 0xff, 0xff, 0xf8, 0x00, 0x00, 0x00,
    0x00, 0x00, 0x00, 0xff, 0xff, 0xff, 0xff, 0xff, 0xff, 0xff, 0xff, 0xff, 0xf8, 0x00, 0x00, 0x00,
    0x00, 0x00, 0x00, 0xff, 0xff, 0xff, 0xff, 0xff, 0xff, 0xff, 0xff, 0xff, 0xf8, 0x00, 0x00, 0x00,
    0x00, 0x00, 0x00, 0xff, 0xff, 0xff, 0xff, 0xff, 0xff, 0xff, 0xff, 0xff, 0xf8, 0x00, 0x00, 0x00,
    0x00, 0x00, 0x00, 0xff, 0xff, 0xff, 0xff, 0xff, 0xff, 0xff, 0xff, 0xff, 0xf8, 0x00, 0x00, 0x00,
    0x00, 0x00, 0x00, 0xff, 0xff, 0xff, 0xff, 0xff, 0xff, 0xff, 0xff, 0xff, 0xf8, 0x00, 0x00, 0x00,
    0x00, 0x00, 0x00, 0xff, 0xff, 0xff, 0xff, 0xff, 0xff, 0xff, 0xff, 0xff, 0xf8, 0x00, 0x00, 0x00,
    0x00, 0x00, 0x00, 0xff, 0xff, 0xff, 0xff, 0xff, 0xff, 0xff, 0xff, 0xff, 0xf8, 0x00, 0x00, 0x00,
    0x00, 0x00, 0x00, 0xff, 0xff, 0xff, 0xff, 0xff, 0xff, 0xff, 0xff, 0xff, 0xf8, 0x00, 0x00, 0x00,
    0x00, 0x00, 0x00, 0x22, 0x22, 0x22, 0x22, 0x22, 0x22, 0x22, 0x22, 0x22, 0x22, 0x20, 0x00, 0x00,
    0x00, 0x00, 0x00, 0x22, 0x22, 0x22, 0x22, 0x22, 0x22, 0x22, 0x22, 0x22, 0x22, 0x20, 0x00, 0x00,
    0x00, 0x00, 0x00, 0x22, 0x29, 0xfd, 0x46, 0xff, 0xd5, 0x22, 0x7f, 0xf5, 0x22, 0x20, 0x00, 0x00,
    0x00, 0x00, 0x00, 0x22, 0x4d, 0x38, 0xa6, 0xa2, 0x6b, 0x22, 0x22, 0xb5, 0x22, 0x20, 0x00, 0x00,
    0x00, 0x00, 0x00, 0x22, 0x79, 0x23, 0xd6, 0xa2, 0x7b, 0x22, 0x22, 0xb5, 0x22, 0x20, 0x00, 0x00,
    0x00, 0x00, 0x00, 0x22, 0x88, 0x22, 0xe6, 0xff, 0xf5, 0x22, 0x22, 0xb5, 0x22, 0x20, 0x00, 0x00,
    0x00, 0x00, 0x00, 0x22, 0x79, 0x23, 0xd6, 0xa2, 0x5d, 0x22, 0x22, 0xb5, 0x22, 0x20, 0x00, 0x00,
    0x00, 0x00, 0x00, 0x22, 0x5d, 0x38, 0xa6, 0xa2, 0x4e, 0x22, 0x23, 0xd4, 0x22, 0x20, 0x00, 0x00,
    0x00, 0x00, 0x00, 0x22, 0x29, 0xfd, 0x46, 0xff, 0xe7, 0x29, 0xff, 0xb2, 0x22, 0x20, 0x00, 0x00,
    0x00, 0x00, 0x00, 0x22, 0x22, 0x22, 0x22, 0x22, 0x22, 0x22, 0x22, 0x22, 0x22, 0x20, 0x00, 0x00,
    0x00, 0x00, 0x00, 0x22, 0x22, 0x22, 0x22, 0x22, 0x22, 0x22, 0x22, 0x22, 0x22, 0x20, 0x00, 0x00,

    /* U+E067 */
    0x00, 0x00, 0x00, 0x00, 0x00, 0x00, 0x00, 0x00, 0x00, 0x00, 0x00, 0x00, 0x00, 0x00, 0x00, 0x00,
    0x00, 0x00, 0x00, 0x00, 0x00, 0x00, 0x00, 0x00, 0x00, 0x00, 0x00, 0x00, 0x00, 0x00, 0x00, 0x00,
    0x00, 0x00, 0x00, 0x00, 0x00, 0x00, 0x00, 0x00, 0x00, 0x00, 0x00, 0x00, 0x00, 0x00, 0x00, 0x00,
    0x00, 0x00, 0x00, 0x06, 0xdf, 0xff, 0xff, 0xff, 0xf6, 0x08, 0x00, 0x00, 0x00, 0x00, 0x00, 0x00,
    0x00, 0x00, 0x00, 0x6f, 0xff, 0xff, 0xff, 0xff, 0xf6, 0x0f, 0x80, 0x00, 0x00, 0x00, 0x00, 0x00,
    0x00, 0x00, 0x00, 0xdf, 0xff, 0xff, 0xff, 0xff, 0xf6, 0x0f, 0xf8, 0x00, 0x00, 0x00, 0x00, 0x00,
    0x00, 0x00, 0x00, 0xff, 0xff, 0xff, 0xff, 0xff, 0xf6, 0x0f, 0xff, 0x80, 0x00, 0x00, 0x00, 0x00,
    0x00, 0x00, 0x00, 0xff, 0xff, 0xff, 0xff, 0xff, 0xf6, 0x0f, 0xff, 0xf8, 0x00, 0x00, 0x00, 0x00,
    0x00, 0x00, 0x00, 0xff, 0xff, 0xff, 0xff, 0xff, 0xf6, 0x0f, 0xff, 0xff, 0x80, 0x00, 0x00, 0x00,
    0x00, 0x00, 0x00, 0xff, 0xff, 0xff, 0xff, 0xff, 0xf6, 0x08, 0x88, 0x88, 0x82, 0x00, 0x00, 0x00,
    0x00, 0x00, 0x00, 0xff, 0xff, 0xff, 0xff, 0xff, 0xfb, 0x00, 0x00, 0x00, 0x00, 0x00, 0x00, 0x00,
    0x00, 0x00, 0x00, 0xff, 0xff, 0xff, 0xff, 0xff, 0xff, 0xfe, 0xee, 0xee, 0xe7, 0x00, 0x00, 0x00,
    0x00, 0x00, 0x00, 0xff, 0xff, 0xff, 0xff, 0xff, 0xff, 0xff, 0xff, 0xff, 0xf8, 0x00, 0x00, 0x00,
    0x00, 0x00, 0x00, 0xff, 0xff, 0xff, 0xff, 0xff, 0xff, 0xff, 0xff, 0xff, 0xf8, 0x00, 0x00, 0x00,
    0x00, 0x00, 0x00, 0xff, 0xff, 0xff, 0xff, 0xff, 0xff, 0xff, 0xff, 0xff, 0xf8, 0x00, 0x00, 0x00,
    0x00, 0x00, 0x00, 0xff, 0xff, 0xff, 0xff, 0xff, 0xff, 0xff, 0xff, 0xff, 0xf8, 0x00, 0x00, 0x00,
    0x00, 0x00, 0x00, 0xff, 0xff, 0xff, 0xff, 0xff, 0xff, 0xff, 0xff, 0xff, 0xf8, 0x00, 0x00, 0x00,
    0x00, 0x00, 0x00, 0xff, 0xff, 0xff, 0xff, 0xff, 0xff, 0xff, 0xff, 0xff, 0xf8, 0x00, 0x00, 0x00,
    0x00, 0x00, 0x00, 0xff, 0xff, 0xff, 0xff, 0xff, 0xff, 0xff, 0xff, 0xff, 0xf8, 0x00, 0x00, 0x00,
    0x00, 0x00, 0x00, 0xff, 0xff, 0xff, 0xff, 0xff, 0xff, 0xff, 0xff, 0xff, 0xf8, 0x00, 0x00, 0x00,
    0x00, 0x00, 0x00, 0xff, 0xff, 0xff, 0xff, 0xff, 0xff, 0xff, 0xff, 0xff, 0xf8, 0x00, 0x00, 0x00,
    0x00, 0x00, 0x02, 0x22, 0x22, 0x22, 0x22, 0x22, 0x22, 0x22, 0x22, 0x22, 0x22, 0x20, 0x00, 0x00,
    0x00, 0x00, 0x02, 0x22, 0x22, 0x22, 0x22, 0x22, 0x22, 0x22, 0x22, 0x22, 0x22, 0x20, 0x00, 0x00,
    0x00, 0x00, 0x02, 0x2d, 0x22, 0x29, 0x7a, 0xfc, 0x32, 0xab, 0x26, 0xf2, 0x22, 0x20, 0x00, 0x00,
    0x00, 0x00, 0x02, 0x2d, 0x22, 0x2a, 0x8c, 0x35, 0x72, 0xad, 0x2a, 0xe2, 0x22, 0x20, 0x00, 0x00,
    0x00, 0x00, 0x02, 0x2b, 0x4e, 0x6c, 0x6b, 0x22, 0x22, 0xa9, 0x6a, 0xd2, 0x22, 0x20, 0x00, 0x00,
    0x00, 0x00, 0x02, 0x29, 0x6c, 0x8c, 0x27, 0xba, 0x32, 0xa6, 0xc8, 0xd2, 0x22, 0x20, 0x00, 0x00,
    0x00, 0x00, 0x02, 0x27, 0xa7, 0xac, 0x22, 0x24, 0xb2, 0xa5, 0xc5, 0xd2, 0x22, 0x20, 0x00, 0x00,
    0x00, 0x00, 0x02, 0x25, 0xe4, 0xbb, 0x67, 0x36, 0xc2, 0xa5, 0x22, 0xd2, 0x22, 0x20, 0x00, 0x00,
    0x00, 0x00, 0x02, 0x23, 0xe2, 0x99, 0x3a, 0xfd, 0x52, 0xa5, 0x22, 0xd2, 0x22, 0x20, 0x00, 0x00,
    0x00, 0x00, 0x02, 0x22, 0x22, 0x22, 0x22, 0x22, 0x22, 0x22, 0x22, 0x22, 0x22, 0x20, 0x00, 0x00,
    0x00, 0x00, 0x02, 0x22, 0x22, 0x22, 0x22, 0x22, 0x22, 0x22, 0x22, 0x22, 0x22, 0x20, 0x00, 0x00,

    /* U+E068 */
    0x00, 0x00, 0x00, 0x00, 0x00, 0x00, 0x00, 0x00, 0x00, 0x00, 0x00, 0x00, 0x00, 0x00, 0x00, 0x00,
    0x00, 0x00, 0x00, 0x00, 0x00, 0x00, 0x00, 0x00, 0x00, 0x00, 0x00, 0x00, 0x00, 0x00, 0x00, 0x00,
    0x00, 0x00, 0x00, 0x00, 0x00, 0x00, 0x00, 0x00, 0x00, 0x00, 0x00, 0x00, 0x00, 0x00, 0x00, 0x00,
    0x00, 0x00, 0x00, 0x06, 0xdf, 0xff, 0xff, 0xff, 0xf6, 0x08, 0x00, 0x00, 0x00, 0x00, 0x00, 0x00,
    0x00, 0x00, 0x00, 0x6f, 0xff, 0xff, 0xff, 0xff, 0xf6, 0x0f, 0x80, 0x00, 0x00, 0x00, 0x00, 0x00,
    0x00, 0x00, 0x00, 0xdf, 0xff, 0xff, 0xff, 0xff, 0xf6, 0x0f, 0xf8, 0x00, 0x00, 0x00, 0x00, 0x00,
    0x00, 0x00, 0x00, 0xff, 0xff, 0xff, 0xff, 0xff, 0xf6, 0x0f, 0xff, 0x80, 0x00, 0x00, 0x00, 0x00,
    0x00, 0x00, 0x00, 0xff, 0xff, 0xff, 0xff, 0xff, 0xf6, 0x0f, 0xff, 0xf8, 0x00, 0x00, 0x00, 0x00,
    0x00, 0x00, 0x00, 0xff, 0xff, 0xff, 0xff, 0xff, 0xf6, 0x0f, 0xff, 0xff, 0x80, 0x00, 0x00, 0x00,
    0x00, 0x00, 0x00, 0xff, 0xff, 0xff, 0xff, 0xff, 0xf6, 0x08, 0x88, 0x88, 0x82, 0x00, 0x00, 0x00,
    0x00, 0x00, 0x00, 0xff, 0xff, 0xff, 0xff, 0xff, 0xfb, 0x00, 0x00, 0x00, 0x00, 0x00, 0x00, 0x00,
    0x00, 0x00, 0x00, 0xff, 0xff, 0xff, 0xff, 0xff, 0xff, 0xfe, 0xee, 0xee, 0xe7, 0x00, 0x00, 0x00,
    0x00, 0x00, 0x00, 0xff, 0xff, 0xff, 0xff, 0xff, 0xff, 0xff, 0xff, 0xff, 0xf8, 0x00, 0x00, 0x00,
    0x00, 0x00, 0x00, 0xff, 0xff, 0xff, 0xff, 0xff, 0xff, 0xff, 0xff, 0xff, 0xf8, 0x00, 0x00, 0x00,
    0x00, 0x00, 0x00, 0xff, 0xff, 0xff, 0xff, 0xff, 0xff, 0xff, 0xff, 0xff, 0xf8, 0x00, 0x00, 0x00,
    0x00, 0x00, 0x00, 0xff, 0xff, 0xff, 0xff, 0xff, 0xff, 0xff, 0xff, 0xff, 0xf8, 0x00, 0x00, 0x00,
    0x00, 0x00, 0x00, 0xff, 0xff, 0xff, 0xff, 0xff, 0xff, 0xff, 0xff, 0xff, 0xf8, 0x00, 0x00, 0x00,
    0x00, 0x00, 0x00, 0xff, 0xff, 0xff, 0xff, 0xff, 0xff, 0xff, 0xff, 0xff, 0xf8, 0x00, 0x00, 0x00,
    0x00, 0x00, 0x00, 0xff, 0xff, 0xff, 0xff, 0xff, 0xff, 0xff, 0xff, 0xff, 0xf8, 0x00, 0x00, 0x00,
    0x00, 0x00, 0x00, 0xff, 0xff, 0xff, 0xff, 0xff, 0xff, 0xff, 0xff, 0xff, 0xf8, 0x00, 0x00, 0x00,
    0x00, 0x00, 0x00, 0xff, 0xff, 0xff, 0xff, 0xff, 0xff, 0xff, 0xff, 0xff, 0xf8, 0x00, 0x00, 0x00,
    0x00, 0x00, 0x00, 0x22, 0x22, 0x22, 0x22, 0x22, 0x22, 0x22, 0x22, 0x22, 0x22, 0x20, 0x00, 0x00,
    0x00, 0x00, 0x00, 0x22, 0x22, 0x22, 0x22, 0x22, 0x22, 0x22, 0x22, 0x22, 0x22, 0x20, 0x00, 0x00,
    0x00, 0x00, 0x00, 0x22, 0x4f, 0xff, 0xc3, 0xd2, 0x22, 0x22, 0xff, 0xfe, 0x22, 0x20, 0x00, 0x00,
    0x00, 0x00, 0x00, 0x22, 0x4c, 0x22, 0x23, 0xd2, 0x22, 0x22, 0xe2, 0x22, 0x22, 0x20, 0x00, 0x00,
    0x00, 0x00, 0x00, 0x22, 0x4c, 0x22, 0x23, 0xd2, 0x22, 0x22, 0xe2, 0x22, 0x22, 0x20, 0x00, 0x00,
    0x00, 0x00, 0x00, 0x22, 0x4f, 0xff, 0xa3, 0xd2, 0x22, 0x22, 0xff, 0xfa, 0x22, 0x20, 0x00, 0x00,
    0x00, 0x00, 0x00, 0x22, 0x4c, 0x22, 0x23, 0xd2, 0x22, 0x22, 0xe2, 0x22, 0x22, 0x20, 0x00, 0x00,
    0x00, 0x00, 0x00, 0x22, 0x4c, 0x22, 0x23, 0xd2, 0x22, 0x22, 0xe2, 0x22, 0x22, 0x20, 0x00, 0x00,
    0x00, 0x00, 0x00, 0x22, 0x4f, 0xff, 0xd3, 0xff, 0xff, 0x22, 0xe2, 0x22, 0x22, 0x20, 0x00, 0x00,
    0x00, 0x00, 0x00, 0x22, 0x22, 0x22, 0x22, 0x22, 0x22, 0x22, 0x22, 0x22, 0x22, 0x20, 0x00, 0x00,
    0x00, 0x00, 0x00, 0x22, 0x22, 0x22, 0x22, 0x22, 0x22, 0x22, 0x22, 0x22, 0x22, 0x20, 0x00, 0x00,

    /* U+E069 */
    0x00, 0x00, 0x00, 0x00, 0x00, 0x00, 0x00, 0x00, 0x00, 0x00, 0x00, 0x00, 0x00, 0x00, 0x00, 0x00,
    0x00, 0x00, 0x00, 0x00, 0x00, 0x00, 0x00, 0x00, 0x00, 0x00, 0x00, 0x00, 0x00, 0x00, 0x00, 0x00,
    0x00, 0x00, 0x00, 0x00, 0x00, 0x00, 0x00, 0x00, 0x00, 0x00, 0x00, 0x00, 0x00, 0x00, 0x00, 0x00,
    0x00, 0x00, 0x00, 0x00, 0x00, 0x00, 0x1b, 0xdf, 0xed, 0x60, 0x00, 0x00, 0x00, 0x00, 0x00, 0x00,
    0x00, 0x00, 0x00, 0x00, 0x00, 0x00, 0x6f, 0xff, 0xff, 0xe0, 0x00, 0x00, 0x00, 0x00, 0x00, 0x00,
    0x00, 0x00, 0x00, 0x00, 0x00, 0x00, 0xaf, 0xff, 0xff, 0xf2, 0x00, 0x00, 0x00, 0x00, 0x00, 0x00,
    0x00, 0x00, 0x00, 0x00, 0x00, 0x00, 0xdf, 0xff, 0xff, 0xf5, 0x00, 0x00, 0x00, 0x00, 0x00, 0x00,
    0x00, 0x00, 0x01, 0x97, 0x20, 0x3c, 0xff, 0xff, 0xff, 0xff, 0x70, 0x04, 0x96, 0x00, 0x00, 0x00,
    0x00, 0x00, 0x0c, 0xff, 0xfd, 0xff, 0xff, 0xff, 0xff, 0xff, 0xfd, 0xff, 0xff, 0x50, 0x00, 0x00,
    0x00, 0x00, 0x7f, 0xff, 0xff, 0xff, 0xff, 0xff, 0xff, 0xff, 0xff, 0xff, 0xff, 0xe1, 0x00, 0x00,
    0x00, 0x00, 0xef, 0xff, 0xff, 0xff, 0xff, 0xff, 0xff, 0xff, 0xff, 0xff, 0xff, 0xf7, 0x00, 0x00,
    0x00, 0x06, 0xff, 0xff, 0xff, 0xff, 0xff, 0xff, 0xff, 0xff, 0xff, 0xff, 0xff, 0xfe, 0x00, 0x00,
    0x00, 0x03, 0xff, 0xff, 0xff, 0xff, 0xfd, 0x40, 0x04, 0xdf, 0xff, 0xff, 0xff, 0xfb, 0x00, 0x00,
    0x00, 0x00, 0x4f, 0xff, 0xff, 0xff, 0xd0, 0x00, 0x00, 0x0d, 0xff, 0xff, 0xff, 0xb0, 0x00, 0x00,
    0x00, 0x00, 0x03, 0xff, 0xff, 0xff, 0x40, 0x00, 0x00, 0x04, 0xff, 0xff, 0xfb, 0x00, 0x00, 0x00,
    0x00, 0x00, 0x00, 0xff, 0xff, 0xff, 0x00, 0x00, 0x00, 0x00, 0xff, 0xff, 0xf7, 0x00, 0x00, 0x00,
    0x00, 0x00, 0x00, 0xff, 0xff, 0xff, 0x00, 0x00, 0x00, 0x00, 0xff, 0xff, 0xf7, 0x00, 0x00, 0x00,
    0x00, 0x00, 0x03, 0xff, 0xff, 0xff, 0x40, 0x00, 0x00, 0x04, 0xff, 0xff, 0xfa, 0x00, 0x00, 0x00,
    0x00, 0x00, 0x4f, 0xff, 0xff, 0xff, 0xd0, 0x00, 0x00, 0x0d, 0xff, 0xff, 0xff, 0xb0, 0x00, 0x00,
    0x00, 0x03, 0xff, 0xff, 0xff, 0xff, 0xfc, 0x40, 0x04, 0xcf, 0xff, 0xff, 0xff, 0xfb, 0x00, 0x00,
    0x00, 0x06, 0xff, 0xff, 0xff, 0xff, 0xff, 0xff, 0xff, 0xff, 0xff, 0xff, 0xff, 0xfe, 0x00, 0x00,
    0x00, 0x00, 0xff, 0x22, 0x22, 0x22, 0x22, 0x22, 0x22, 0x22, 0x22, 0x22, 0x22, 0x27, 0x00, 0x00,
    0x00, 0x00, 0x7f, 0x22, 0x22, 0x22, 0x22, 0x22, 0x22, 0x22, 0x22, 0x22, 0x22, 0x21, 0x00, 0x00,
    0x00, 0x00, 0x0c, 0x22, 0x79, 0x25, 0xc8, 0xff, 0xd4, 0x27, 0xe2, 0x3d, 0x22, 0x20, 0x00, 0x00,
    0x00, 0x00, 0x01, 0x22, 0x79, 0x4d, 0x37, 0x92, 0x9a, 0x27, 0xe6, 0x3d, 0x22, 0x20, 0x00, 0x00,
    0x00, 0x00, 0x00, 0x22, 0x7a, 0xd4, 0x27, 0x92, 0x8a, 0x27, 0x9b, 0x3d, 0x22, 0x20, 0x00, 0x00,
    0x00, 0x00, 0x00, 0x22, 0x7f, 0xd4, 0x27, 0xff, 0xd3, 0x27, 0x8b, 0x4d, 0x22, 0x20, 0x00, 0x00,
    0x00, 0x00, 0x00, 0x22, 0x79, 0x5d, 0x27, 0x93, 0xc5, 0x27, 0x86, 0x9d, 0x22, 0x20, 0x00, 0x00,
    0x00, 0x00, 0x00, 0x22, 0x79, 0x2a, 0x87, 0x92, 0x5c, 0x27, 0x82, 0xcd, 0x22, 0x20, 0x00, 0x00,
    0x00, 0x00, 0x00, 0x22, 0x79, 0x23, 0xe8, 0x92, 0x2c, 0x57, 0x82, 0x9d, 0x22, 0x20, 0x00, 0x00,
    0x00, 0x00, 0x00, 0x22, 0x22, 0x22, 0x22, 0x22, 0x22, 0x22, 0x22, 0x22, 0x22, 0x20, 0x00, 0x00,
    0x00, 0x00, 0x00, 0x22, 0x22, 0x22, 0x22, 0x22, 0x22, 0x22, 0x22, 0x22, 0x22, 0x20, 0x00, 0x00,



    /* U+E06C */
    0x00, 0x00, 0x00, 0x00, 0x00, 0x00, 0x00, 0x00, 0x00, 0x00, 0x00, 0x00, 0x00, 0x00, 0x00, 0x00,
    0x00, 0x00, 0x00, 0x00, 0x00, 0x00, 0x00, 0x00, 0x00, 0x00, 0x00, 0x00, 0x00, 0x00, 0x00, 0x00,
    0x00, 0x00, 0x00, 0x00, 0x00, 0x00, 0x00, 0x00, 0x00, 0x00, 0x00, 0x00, 0x00, 0x00, 0x00, 0x00,
    0x00, 0x00, 0x00, 0x00, 0x00, 0x00, 0x00, 0x00, 0x00, 0x00, 0x00, 0x00, 0x00, 0x00, 0x00, 0x00,
    0x00, 0x00, 0x00, 0x00, 0x00, 0x00, 0x00, 0x00, 0x00, 0x00, 0x00, 0x00, 0x00, 0x00, 0x00, 0x00,
    0x00, 0x00, 0x00, 0x00, 0x00, 0x00, 0x00, 0x9f, 0x90, 0x00, 0x00, 0x00, 0x00, 0x00, 0x00, 0x00,
    0x00, 0x00, 0x00, 0x00, 0x00, 0x00, 0x03, 0xff, 0xf3, 0x00, 0x00, 0x00, 0x00, 0x00, 0x00, 0x00,
    0x00, 0x00, 0x00, 0x00, 0x00, 0x00, 0x09, 0xff, 0xf9, 0x00, 0x00, 0x00, 0x00, 0x00, 0x00, 0x00,
    0x00, 0x00, 0x00, 0x00, 0x00, 0x00, 0x0e, 0xff, 0xff, 0x00, 0x00, 0x00, 0x00, 0x00, 0x00, 0x00,
    0x00, 0x00, 0x00, 0x00, 0x00, 0x00, 0x5f, 0xff, 0xff, 0x50, 0x00, 0x00, 0x00, 0x00, 0x00, 0x00,
    0x00, 0x00, 0x00, 0x00, 0x00, 0x00, 0xbf, 0xff, 0xff, 0xb0, 0x00, 0x00, 0x00, 0x00, 0x00, 0x00,
    0x00, 0x00, 0x00, 0x00, 0x00, 0x01, 0xff, 0xfb, 0xff, 0xf1, 0x00, 0x00, 0x00, 0x00, 0x00, 0x00,
    0x00, 0x00, 0x00, 0x00, 0x00, 0x07, 0xff, 0xf1, 0xff, 0xf7, 0x00, 0x00, 0x00, 0x00, 0x00, 0x00,
    0x00, 0x00, 0x00, 0x00, 0x00, 0x0d, 0xff, 0x90, 0x9f, 0xfd, 0x00, 0x00, 0x00, 0x00, 0x00, 0x00,
    0x00, 0x00, 0x00, 0x00, 0x00, 0x3f, 0xff, 0x30, 0x3f, 0xff, 0x30, 0x00, 0x00, 0x00, 0x00, 0x00,
    0x00, 0x00, 0x00, 0x00, 0x00, 0x9f, 0xfd, 0x00, 0x0d, 0xff, 0x90, 0x00, 0x00, 0x00, 0x00, 0x00,
    0x00, 0x00, 0x00, 0x00, 0x00, 0xef, 0xf6, 0x00, 0x06, 0xff, 0xf0, 0x00, 0x00, 0x00, 0x00, 0x00,
    0x00, 0x00, 0x00, 0x00, 0x05, 0xff, 0xf1, 0x00, 0x01, 0xff, 0xf5, 0x00, 0x00, 0x00, 0x00, 0x00,
    0x00, 0x00, 0x00, 0x00, 0x0b, 0xff, 0xc3, 0x33, 0x33, 0xcf, 0xfb, 0x00, 0x00, 0x00, 0x00, 0x00,
    0x00, 0x00, 0x00, 0x00, 0x1f, 0xff, 0xff, 0xff, 0xff, 0xff, 0xff, 0x10, 0x00, 0x00, 0x00, 0x00,
    0x00, 0x00, 0x00, 0x00, 0x7f, 0xff, 0xff, 0xff, 0xff, 0xff, 0xff, 0x70, 0x00, 0x00, 0x00, 0x00,
    0x00, 0x00, 0x00, 0x00, 0xdf, 0xff, 0xff, 0xff, 0xff, 0xff, 0xff, 0xd0, 0x00, 0x00, 0x00, 0x00,
    0x00, 0x00, 0x00, 0x03, 0xff, 0xf2, 0x00, 0x00, 0x00, 0x02, 0xff, 0xf3, 0x00, 0x00, 0x00, 0x00,
    0x00, 0x00, 0x00, 0x09, 0xff, 0xd0, 0x00, 0x00, 0x00, 0x00, 0xcf, 0xf9, 0x00, 0x00, 0x00, 0x00,
    0x00, 0x00, 0x03, 0x4e, 0xff, 0x90, 0x00, 0x00, 0x00, 0x00, 0x9f, 0xfe, 0x43, 0x00, 0x00, 0x00,
    0x00, 0x00, 0xbf, 0xff, 0xff, 0xfd, 0x00, 0x00, 0x00, 0x0d, 0xff, 0xff, 0xff, 0xb0, 0x00, 0x00,
    0x00, 0x00, 0xff, 0xff, 0xff, 0xff, 0x10, 0x00, 0x00, 0x1f, 0xff, 0xff, 0xff, 0xf0, 0x00, 0x00,
    0x00, 0x00, 0x7f, 0xff, 0xff, 0xf9, 0x00, 0x00, 0x00, 0x09, 0xff, 0xff, 0xff, 0x70, 0x00, 0x00,
    0x00, 0x00, 0x00, 0x00, 0x00, 0x00, 0x00, 0x00, 0x00, 0x00, 0x00, 0x00, 0x00, 0x00, 0x00, 0x00,
    0x00, 0x00, 0x00, 0x00, 0x00, 0x00, 0x00, 0x00, 0x00, 0x00, 0x00, 0x00, 0x00, 0x00, 0x00, 0x00,
    0x00, 0x00, 0x00, 0x00, 0x00, 0x00, 0x00, 0x00, 0x00, 0x00, 0x00, 0x00, 0x00, 0x00, 0x00, 0x00,
    0x00, 0x00, 0x00, 0x00, 0x00, 0x00, 0x00, 0x00, 0x00, 0x00, 0x00, 0x00, 0x00, 0x00, 0x00, 0x00,

    /* U+E06D */
    0x00, 0x00, 0x00, 0x00, 0x00, 0x00, 0x00, 0x00, 0x00, 0x00, 0x00, 0x00, 0x00, 0x00, 0x00, 0x00,
    0x00, 0x00, 0x00, 0x00, 0x00, 0x00, 0x00, 0x00, 0x00, 0x00, 0x00, 0x00, 0x00, 0x00, 0x00, 0x00,
    0x00, 0x00, 0x00, 0x00, 0x00, 0x00, 0x00, 0x00, 0x00, 0x00, 0x00, 0x00, 0x00, 0x00, 0x00, 0x00,
    0x00, 0x00, 0x00, 0x00, 0x00, 0x00, 0x00, 0x00, 0x00, 0x00, 0x00, 0x00, 0x00, 0x00, 0x00, 0x00,
    0x00, 0x00, 0x00, 0x00, 0x00, 0x00, 0x00, 0x00, 0x00, 0x00, 0x00, 0x00, 0x00, 0x00, 0x00, 0x00,
    0x00, 0x00, 0x00, 0x00, 0x00, 0x00, 0x00, 0x9f, 0x90, 0x00, 0x00, 0x00, 0x00, 0x00, 0x00, 0x00,
    0x00, 0x00, 0x00, 0x00, 0x00, 0x00, 0x03, 0xff, 0xf3, 0x00, 0x00, 0x00, 0x00, 0x00, 0x00, 0x00,
    0x00, 0x00, 0x00, 0x00, 0x00, 0x00, 0x09, 0xff, 0xf9, 0x00, 0x00, 0x00, 0x00, 0x00, 0x00, 0x00,
    0x00, 0x00, 0x00, 0x00, 0x00, 0x00, 0x0e, 0xff, 0xff, 0x00, 0x00, 0x00, 0x00, 0x00, 0x00, 0x00,
    0x00, 0x00, 0x00, 0x00, 0x00, 0x00, 0x5f, 0xff, 0xff, 0x50, 0x00, 0x00, 0x00, 0x00, 0x00, 0x00,
    0x00, 0x00, 0x00, 0x00, 0x00, 0x00, 0xbf, 0xff, 0xff, 0xb0, 0x00, 0x00, 0x00, 0x00, 0x00, 0x00,
    0x00, 0x00, 0x00, 0x00, 0x00, 0x01, 0xff, 0xfb, 0xff, 0xf1, 0x00, 0x00, 0x00, 0x00, 0x00, 0x00,
    0x00, 0x00, 0x00, 0x00, 0x00, 0x07, 0xff, 0xf1, 0xff, 0xf7, 0x00, 0x00, 0x00, 0x00, 0x00, 0x00,
    0x00, 0x00, 0x00, 0x00, 0x00, 0x0d, 0xff, 0x90, 0x9f, 0xfd, 0x00, 0x00, 0x00, 0x00, 0x00, 0x00,
    0x00, 0x00, 0x00, 0x00, 0x00, 0x3f, 0xff, 0x30, 0x3f, 0xff, 0x30, 0x00, 0x00, 0x00, 0x00, 0x00,
    0x00, 0x00, 0x00, 0x00, 0x00, 0x9f, 0xfd, 0x00, 0x0d, 0xff, 0x90, 0x00, 0x00, 0x00, 0x00, 0x00,
    0x00, 0x00, 0x00, 0x00, 0x00, 0xef, 0xf6, 0x00, 0x06, 0xff, 0xf0, 0x00, 0x00, 0x00, 0x00, 0x00,
    0x00, 0x00, 0x00, 0x00, 0x05, 0xff, 0xf1, 0x00, 0x01, 0xff, 0xf5, 0x00, 0x00, 0x00, 0x00, 0x00,
    0x00, 0x00, 0x00, 0x00, 0x0b, 0xff, 0xc3, 0x33, 0x33, 0xcf, 0xfb, 0x00, 0x00, 0x00, 0x00, 0x00,
    0x00, 0x00, 0x00, 0x00, 0x1f, 0xff, 0xff, 0xff, 0xff, 0xff, 0xff, 0x10, 0x00, 0x00, 0x00, 0x00,
    0x00, 0x00, 0x00, 0x00, 0x7f, 0xff, 0xff, 0xff, 0xff, 0xff, 0xff, 0x70, 0x00, 0x00, 0x00, 0x00,
    0x00, 0x00, 0x00, 0x22, 0x22, 0x22, 0x22, 0x22, 0x22, 0x22, 0x22, 0x22, 0x22, 0x20, 0x00, 0x00,
    0x00, 0x00, 0x00, 0x22, 0x22, 0x22, 0x22, 0x22, 0x22, 0x22, 0x22, 0x22, 0x22, 0x20, 0x00, 0x00,
    0x00, 0x00, 0x00, 0x22, 0xdf, 0xff, 0xfd, 0xff, 0xff, 0x52, 0xff, 0xfe, 0x22, 0x20, 0x00, 0x00,
    0x00, 0x00, 0x03, 0x22, 0x22, 0xc4, 0x22, 0x2c, 0x42, 0x22, 0xe2, 0x22, 0x22, 0x20, 0x00, 0x00,
    0x00, 0x00, 0xbf, 0x22, 0x22, 0xc4, 0x22, 0x2c, 0x42, 0x22, 0xe2, 0x22, 0x22, 0x20, 0x00, 0x00,
    0x00, 0x00, 0xff, 0x22, 0x22, 0xc4, 0x22, 0x2c, 0x42, 0x22, 0xff, 0xfa, 0x22, 0x20, 0x00, 0x00,
    0x00, 0x00, 0x7f, 0x22, 0x22, 0xc4, 0x22, 0x2c, 0x42, 0x22, 0xe2, 0x22, 0x22, 0x20, 0x00, 0x00,
    0x00, 0x00, 0x00, 0x22, 0x22, 0xc4, 0x22, 0x2c, 0x42, 0x22, 0xe2, 0x22, 0x22, 0x20, 0x00, 0x00,
    0x00, 0x00, 0x00, 0x22, 0x22, 0xc4, 0x22, 0x2c, 0x42, 0x22, 0xe2, 0x22, 0x22, 0x20, 0x00, 0x00,
    0x00, 0x00, 0x00, 0x22, 0x22, 0x22, 0x22, 0x22, 0x22, 0x22, 0x22, 0x22, 0x22, 0x20, 0x00, 0x00,
    0x00, 0x00, 0x00, 0x22, 0x22, 0x22, 0x22, 0x22, 0x22, 0x22, 0x22, 0x22, 0x22, 0x20, 0x00, 0x00,

    /* U+E06E */
    0x00, 0x00, 0x00, 0x00, 0x00, 0x00, 0x00, 0x00, 0x00, 0x00, 0x00, 0x00, 0x00, 0x00, 0x00, 0x00,
    0x00, 0x00, 0x00, 0x00, 0x00, 0x00, 0x00, 0x00, 0x00, 0x00, 0x00, 0x00, 0x00, 0x00, 0x00, 0x00,
    0x00, 0x00, 0x00, 0x00, 0x00, 0x00, 0x00, 0x00, 0x00, 0x00, 0x00, 0x00, 0x00, 0x00, 0x00, 0x00,
    0x00, 0x00, 0x00, 0x00, 0x00, 0x00, 0x00, 0x00, 0x00, 0x00, 0x00, 0x00, 0x00, 0x00, 0x00, 0x00,
    0x00, 0x00, 0x00, 0x00, 0x00, 0x00, 0x00, 0x00, 0x00, 0x00, 0x00, 0x00, 0x00, 0x00, 0x00, 0x00,
    0x00, 0x00, 0x00, 0x00, 0x00, 0x00, 0x00, 0x9f, 0x90, 0x00, 0x00, 0x00, 0x00, 0x00, 0x00, 0x00,
    0x00, 0x00, 0x00, 0x00, 0x00, 0x00, 0x03, 0xff, 0xf3, 0x00, 0x00, 0x00, 0x00, 0x00, 0x00, 0x00,
    0x00, 0x00, 0x00, 0x00, 0x00, 0x00, 0x09, 0xff, 0xf9, 0x00, 0x00, 0x00, 0x00, 0x00, 0x00, 0x00,
    0x00, 0x00, 0x00, 0x00, 0x00, 0x00, 0x0e, 0xff, 0xff, 0x00, 0x00, 0x00, 0x00, 0x00, 0x00, 0x00,
    0x00, 0x00, 0x00, 0x00, 0x00, 0x00, 0x5f, 0xff, 0xff, 0x50, 0x00, 0x00, 0x00, 0x00, 0x00, 0x00,
    0x00, 0x00, 0x00, 0x00, 0x00, 0x00, 0xbf, 0xff, 0xff, 0xb0, 0x00, 0x00, 0x00, 0x00, 0x00, 0x00,
    0x00, 0x00, 0x00, 0x00, 0x00, 0x01, 0xff, 0xfb, 0xff, 0xf1, 0x00, 0x00, 0x00, 0x00, 0x00, 0x00,
    0x00, 0x00, 0x00, 0x00, 0x00, 0x07, 0xff, 0xf1, 0xff, 0xf7, 0x00, 0x00, 0x00, 0x00, 0x00, 0x00,
    0x00, 0x00, 0x00, 0x00, 0x00, 0x0d, 0xff, 0x90, 0x9f, 0xfd, 0x00, 0x00, 0x00, 0x00, 0x00, 0x00,
    0x00, 0x00, 0x00, 0x00, 0x00, 0x3f, 0xff, 0x30, 0x3f, 0xff, 0x30, 0x00, 0x00, 0x00, 0x00, 0x00,
    0x00, 0x00, 0x00, 0x00, 0x00, 0x9f, 0xfd, 0x00, 0x0d, 0xff, 0x90, 0x00, 0x00, 0x00, 0x00, 0x00,
    0x00, 0x00, 0x00, 0x00, 0x00, 0xef, 0xf6, 0x00, 0x06, 0xff, 0xf0, 0x00, 0x00, 0x00, 0x00, 0x00,
    0x00, 0x00, 0x00, 0x00, 0x05, 0xff, 0xf1, 0x00, 0x01, 0xff, 0xf5, 0x00, 0x00, 0x00, 0x00, 0x00,
    0x00, 0x00, 0x00, 0x00, 0x0b, 0xff, 0xc3, 0x33, 0x33, 0xcf, 0xfb, 0x00, 0x00, 0x00, 0x00, 0x00,
    0x00, 0x00, 0x00, 0x00, 0x1f, 0xff, 0xff, 0xff, 0xff, 0xff, 0xff, 0x10, 0x00, 0x00, 0x00, 0x00,
    0x00, 0x00, 0x00, 0x00, 0x7f, 0xff, 0xff, 0xff, 0xff, 0xff, 0xff, 0x70, 0x00, 0x00, 0x00, 0x00,
    0x00, 0x00, 0x00, 0x22, 0x22, 0x22, 0x22, 0x22, 0x22, 0x22, 0x22, 0x22, 0x22, 0x20, 0x00, 0x00,
    0x00, 0x00, 0x00, 0x22, 0x22, 0x22, 0x22, 0x22, 0x22, 0x22, 0x22, 0x22, 0x22, 0x20, 0x00, 0x00,
    0x00, 0x00, 0x00, 0x22, 0x29, 0xfd, 0x4d, 0xff, 0xff, 0x52, 0xff, 0xfe, 0x22, 0x20, 0x00, 0x00,
    0x00, 0x00, 0x03, 0x22, 0x4d, 0x38, 0xa2, 0x2c, 0x42, 0x22, 0xe2, 0x22, 0x22, 0x20, 0x00, 0x00,
    0x00, 0x00, 0xbf, 0x22, 0x79, 0x23, 0xd2, 0x2c, 0x42, 0x22, 0xe2, 0x22, 0x22, 0x20, 0x00, 0x00,
    0x00, 0x00, 0xff, 0x22, 0x88, 0x22, 0xe2, 0x2c, 0x42, 0x22, 0xff, 0xfa, 0x22, 0x20, 0x00, 0x00,
    0x00, 0x00, 0x7f, 0x22, 0x79, 0x23, 0xd2, 0x2c, 0x42, 0x22, 0xe2, 0x22, 0x22, 0x20, 0x00, 0x00,
    0x00, 0x00, 0x00, 0x22, 0x5d, 0x38, 0xa2, 0x2c, 0x42, 0x22, 0xe2, 0x22, 0x22, 0x20, 0x00, 0x00,
    0x00, 0x00, 0x00, 0x22, 0x29, 0xfd, 0x42, 0x2c, 0x42, 0x22, 0xe2, 0x22, 0x22, 0x20, 0x00, 0x00,
    0x00, 0x00, 0x00, 0x22, 0x22, 0x22, 0x22, 0x22, 0x22, 0x22, 0x22, 0x22, 0x22, 0x20, 0x00, 0x00,
    0x00, 0x00, 0x00, 0x22, 0x22, 0x22, 0x22, 0x22, 0x22, 0x22, 0x22, 0x22, 0x22, 0x20, 0x00, 0x00,

    /* U+E06F */
    0x00, 0x00, 0x00, 0x00, 0x00, 0x00, 0x00, 0x00, 0x00, 0x00, 0x00, 0x00, 0x00, 0x00, 0x00, 0x00,
    0x00, 0x00, 0x00, 0x00, 0x00, 0x00, 0x00, 0x00, 0x00, 0x00, 0x00, 0x00, 0x00, 0x00, 0x00, 0x00,
    0x00, 0x00, 0x00, 0x00, 0x00, 0x00, 0x00, 0x00, 0x00, 0x00, 0x00, 0x00, 0x00, 0x00, 0x00, 0x00,
    0x00, 0x00, 0x00, 0x00, 0x00, 0x00, 0x00, 0x00, 0x00, 0x00, 0x00, 0x00, 0x00, 0x00, 0x00, 0x00,
    0x00, 0x00, 0x00, 0x00, 0x00, 0x00, 0x00, 0x00, 0x00, 0x00, 0x00, 0x00, 0x00, 0x00, 0x00, 0x00,
    0x00, 0x00, 0x00, 0x00, 0x00, 0x00, 0x00, 0x9f, 0x90, 0x00, 0x00, 0x00, 0x00, 0x00, 0x00, 0x00,
    0x00, 0x00, 0x00, 0x00, 0x00, 0x00, 0x03, 0xff, 0xf3, 0x00, 0x00, 0x00, 0x00, 0x00, 0x00, 0x00,
    0x00, 0x00, 0x00, 0x00, 0x00, 0x00, 0x09, 0xff, 0xf9, 0x00, 0x00, 0x00, 0x00, 0x00, 0x00, 0x00,
    0x00, 0x00, 0x00, 0x00, 0x00, 0x00, 0x0e, 0xff, 0xff, 0x00, 0x00, 0x00, 0x00, 0x00, 0x00, 0x00,
    0x00, 0x00, 0x00, 0x00, 0x00, 0x00, 0x5f, 0xff, 0xff, 0x50, 0x00, 0x00, 0x00, 0x00, 0x00, 0x00,
    0x00, 0x00, 0x00, 0x00, 0x00, 0x00, 0xbf, 0xff, 0xff, 0xb0, 0x00, 0x00, 0x00, 0x00, 0x00, 0x00,
    0x00, 0x00, 0x00, 0x00, 0x00, 0x01, 0xff, 0xfb, 0xff, 0xf1, 0x00, 0x00, 0x00, 0x00, 0x00, 0x00,
    0x00, 0x00, 0x00, 0x00, 0x00, 0x07, 0xff, 0xf1, 0xff, 0xf7, 0x00, 0x00, 0x00, 0x00, 0x00, 0x00,
    0x00, 0x00, 0x00, 0x00, 0x00, 0x0d, 0xff, 0x90, 0x9f, 0xfd, 0x00, 0x00, 0x00, 0x00, 0x00, 0x00,
    0x00, 0x00, 0x00, 0x00, 0x00, 0x3f, 0xff, 0x30, 0x3f, 0xff, 0x30, 0x00, 0x00, 0x00, 0x00, 0x00,
    0x00, 0x00, 0x00, 0x00, 0x00, 0x9f, 0xfd, 0x00, 0x0d, 0xff, 0x90, 0x00, 0x00, 0x00, 0x00, 0x00,
    0x00, 0x00, 0x00, 0x00, 0x00, 0xef, 0xf6, 0x00, 0x06, 0xff, 0xf0, 0x00, 0x00, 0x00, 0x00, 0x00,
    0x00, 0x00, 0x00, 0x00, 0x05, 0xff, 0xf1, 0x00, 0x01, 0xff, 0xf5, 0x00, 0x00, 0x00, 0x00, 0x00,
    0x00, 0x00, 0x00, 0x00, 0x0b, 0xff, 0xc3, 0x33, 0x33, 0xcf, 0xfb, 0x00, 0x00, 0x00, 0x00, 0x00,
    0x00, 0x00, 0x00, 0x00, 0x1f, 0xff, 0xff, 0xff, 0xff, 0xff, 0xff, 0x10, 0x00, 0x00, 0x00, 0x00,
    0x00, 0x00, 0x00, 0x00, 0x7f, 0xff, 0xff, 0xff, 0xff, 0xff, 0xff, 0x70, 0x00, 0x00, 0x00, 0x00,
    0x00, 0x00, 0x00, 0x22, 0x22, 0x22, 0x22, 0x22, 0x22, 0x22, 0x22, 0x22, 0x22, 0x20, 0x00, 0x00,
    0x00, 0x00, 0x00, 0x22, 0x22, 0x22, 0x22, 0x22, 0x22, 0x22, 0x22, 0x22, 0x22, 0x20, 0x00, 0x00,
    0x00, 0x00, 0x00, 0x22, 0xd2, 0x22, 0x97, 0x9f, 0xd4, 0x22, 0xff, 0xfe, 0x22, 0x20, 0x00, 0x00,
    0x00, 0x00, 0x03, 0x22, 0xd2, 0x22, 0xa7, 0xd3, 0x8a, 0x22, 0xe2, 0x22, 0x22, 0x20, 0x00, 0x00,
    0x00, 0x00, 0xbf, 0x22, 0xb4, 0xe6, 0xc8, 0x92, 0x3d, 0x22, 0xe2, 0x22, 0x22, 0x20, 0x00, 0x00,
    0x00, 0x00, 0xff, 0x22, 0x96, 0xc8, 0xc8, 0x82, 0x2e, 0x22, 0xff, 0xfa, 0x22, 0x20, 0x00, 0x00,
    0x00, 0x00, 0x7f, 0x22, 0x7a, 0x7a, 0xc7, 0x92, 0x3d, 0x22, 0xe2, 0x22, 0x22, 0x20, 0x00, 0x00,
    0x00, 0x00, 0x00, 0x22, 0x5e, 0x4b, 0xb5, 0xd3, 0x8a, 0x22, 0xe2, 0x22, 0x22, 0x20, 0x00, 0x00,
    0x00, 0x00, 0x00, 0x22, 0x3e, 0x29, 0x92, 0x9f, 0xd4, 0x22, 0xe2, 0x22, 0x22, 0x20, 0x00, 0x00,
    0x00, 0x00, 0x00, 0x22, 0x22, 0x22, 0x22, 0x22, 0x22, 0x22, 0x22, 0x22, 0x22, 0x20, 0x00, 0x00,
    0x00, 0x00, 0x00, 0x22, 0x22, 0x22, 0x22, 0x22, 0x22, 0x22, 0x22, 0x22, 0x22, 0x20, 0x00, 0x00,

    /* U+E070 */
    0x00, 0x00, 0x00, 0x00, 0x00, 0x00, 0x00, 0x00, 0x00, 0x00, 0x00, 0x00, 0x00, 0x00, 0x00, 0x00,
    0x00, 0x00, 0x00, 0x00, 0x00, 0x00, 0x00, 0x00, 0x00, 0x00, 0x00, 0x00, 0x00, 0x00, 0x00, 0x00,
    0x00, 0x00, 0x00, 0x00, 0x00, 0x00, 0x00, 0x00, 0x00, 0x00, 0x00, 0x00, 0x00, 0x00, 0x00, 0x00,
    0x00, 0x00, 0x00, 0x00, 0x00, 0x00, 0x00, 0x00, 0x00, 0x00, 0x38, 0xaa, 0x83, 0x00, 0x00, 0x00,
    0x00, 0x00, 0x00, 0x00, 0x00, 0x00, 0x00, 0x00, 0x00, 0x2c, 0xff, 0xff, 0xff, 0xb2, 0x00, 0x00,
    0x00, 0x00, 0x00, 0x00, 0x00, 0x00, 0x00, 0x00, 0x00, 0xef, 0xff, 0xff, 0xff, 0xfe, 0x30, 0x00,
    0x00, 0x00, 0x00, 0x00, 0x00, 0x00, 0x21, 0x00, 0x00, 0xef, 0xfe, 0xaa, 0xef, 0xff, 0xd0, 0x00,
    0x00, 0x00, 0x00, 0x00, 0x05, 0xcf, 0xff, 0xf9, 0x20, 0x3a, 0x60, 0x00, 0x08, 0xff, 0xf8, 0x00,
    0x00, 0x00, 0x00, 0x00, 0xaf, 0xff, 0xff, 0xff, 0xf5, 0x00, 0x00, 0x00, 0x00, 0xaf, 0xfe, 0x00,
    0x00, 0x00, 0x00, 0x0c, 0xff, 0xff, 0xff, 0xff, 0xff, 0x50, 0x00, 0x00, 0x00, 0x3f, 0xff, 0x20,
    0x00, 0x00, 0x00, 0xbf, 0xff, 0xd5, 0x12, 0x7f, 0xff, 0xf1, 0x00, 0x00, 0x00, 0x0f, 0xff, 0x30,
    0x00, 0x00, 0x0b, 0xff, 0xfb, 0x00, 0x64, 0x03, 0xff, 0xf8, 0x00, 0x00, 0x00, 0x1f, 0xff, 0x20,
    0x00, 0x00, 0xbf, 0xff, 0xc0, 0x0a, 0xff, 0x30, 0x9f, 0xfe, 0x00, 0x00, 0x00, 0x6f, 0xff, 0x00,
    0x00, 0x0b, 0xff, 0xfc, 0x00, 0x3f, 0xff, 0x50, 0x4f, 0xff, 0x00, 0x00, 0x01, 0xef, 0xfb, 0x00,
    0x00, 0xaf, 0xff, 0xd1, 0x00, 0x9f, 0xfe, 0x00, 0x3f, 0xff, 0x10, 0x00, 0x1d, 0xff, 0xf3, 0x00,
    0x08, 0xff, 0xfd, 0x10, 0x00, 0xdf, 0xf8, 0x00, 0x6f, 0xff, 0x00, 0x01, 0xdf, 0xff, 0x80, 0x00,
    0x2f, 0xff, 0xd1, 0x00, 0x00, 0xef, 0xf5, 0x00, 0xdf, 0xfb, 0x00, 0x0c, 0xff, 0xfa, 0x00, 0x00,
    0x9f, 0xff, 0x20, 0x00, 0x00, 0xdf, 0xf7, 0x03, 0xff, 0xf4, 0x00, 0xcf, 0xff, 0xb0, 0x00, 0x00,
    0xef, 0xf8, 0x00, 0x00, 0x00, 0xaf, 0xfc, 0x00, 0xef, 0xa0, 0x0b, 0xff, 0xfb, 0x00, 0x00, 0x00,
    0xff, 0xf3, 0x00, 0x00, 0x00, 0x5f, 0xff, 0x70, 0x13, 0x00, 0xbf, 0xff, 0xb0, 0x00, 0x00, 0x00,
    0xff, 0xf3, 0x00, 0x00, 0x00, 0x0c, 0xff, 0xfb, 0x54, 0x7d, 0xff, 0xfc, 0x00, 0x00, 0x00, 0x00,
    0xef, 0xf6, 0x02, 0x22, 0x22, 0x22, 0x22, 0x22, 0x22, 0x22, 0x22, 0x22, 0x22, 0x20, 0x00, 0x00,
    0xaf, 0xfd, 0x02, 0x22, 0x22, 0x22, 0x22, 0x22, 0x22, 0x22, 0x22, 0x22, 0x22, 0x20, 0x00, 0x00,
    0x3f, 0xff, 0xc2, 0x23, 0xd2, 0x22, 0x7e, 0x23, 0xd2, 0x79, 0x25, 0xc3, 0x22, 0x20, 0x00, 0x00,
    0x0a, 0xff, 0xf2, 0x23, 0xd2, 0x22, 0x7e, 0x63, 0xd2, 0x79, 0x4d, 0x32, 0x22, 0x20, 0x00, 0x00,
    0x00, 0xbf, 0xf2, 0x23, 0xd2, 0x22, 0x79, 0xb3, 0xd2, 0x7a, 0xd4, 0x22, 0x22, 0x20, 0x00, 0x00,
    0x00, 0x07, 0xf2, 0x23, 0xd2, 0x22, 0x78, 0xb4, 0xd2, 0x7f, 0xd4, 0x22, 0x22, 0x20, 0x00, 0x00,
    0x00, 0x00, 0x02, 0x23, 0xd2, 0x22, 0x78, 0x69, 0xd2, 0x79, 0x5d, 0x22, 0x22, 0x20, 0x00, 0x00,
    0x00, 0x00, 0x02, 0x23, 0xd2, 0x22, 0x78, 0x2c, 0xd2, 0x79, 0x2a, 0x82, 0x22, 0x20, 0x00, 0x00,
    0x00, 0x00, 0x02, 0x23, 0xff, 0xff, 0x78, 0x29, 0xd2, 0x79, 0x23, 0xe4, 0x22, 0x20, 0x00, 0x00,
    0x00, 0x00, 0x02, 0x22, 0x22, 0x22, 0x22, 0x22, 0x22, 0x22, 0x22, 0x22, 0x22, 0x20, 0x00, 0x00,
    0x00, 0x00, 0x02, 0x22, 0x22, 0x22, 0x22, 0x22, 0x22, 0x22, 0x22, 0x22, 0x22, 0x20, 0x00, 0x00,

    /* U+E071 */
    0x00, 0x00, 0x00, 0x00, 0x00, 0x00, 0x00, 0x00, 0x00, 0x00, 0x00, 0x00, 0x00, 0x00, 0x00, 0x00,
    0x00, 0x00, 0x00, 0x00, 0x00, 0x00, 0x00, 0x00, 0x00, 0x00, 0x00, 0x00, 0x00, 0x00, 0x00, 0x00,
    0x00, 0x00, 0x00, 0x00, 0x00, 0x00, 0x00, 0x00, 0x00, 0x00, 0x00, 0x00, 0x00, 0x00, 0x00, 0x00,
    0x00, 0x00, 0x00, 0x06, 0xdf, 0xff, 0xff, 0xff, 0xf6, 0x08, 0x00, 0x00, 0x00, 0x00, 0x00, 0x00,
    0x00, 0x00, 0x00, 0x6f, 0xff, 0xff, 0xff, 0xff, 0xf6, 0x0f, 0x80, 0x00, 0x00, 0x00, 0x00, 0x00,
    0x00, 0x00, 0x00, 0xdf, 0xff, 0xff, 0xff, 0xff, 0xf6, 0x0f, 0xf8, 0x00, 0x00, 0x00, 0x00, 0x00,
    0x00, 0x00, 0x00, 0xff, 0xff, 0xff, 0xff, 0xff, 0xf6, 0x0f, 0xff, 0x80, 0x00, 0x00, 0x00, 0x00,
    0x00, 0x00, 0x00, 0xff, 0xff, 0xff, 0xff, 0xff, 0xf6, 0x0f, 0xff, 0xf8, 0x00, 0x00, 0x00, 0x00,
    0x00, 0x00, 0x00, 0xff, 0xff, 0xff, 0xff, 0xff, 0xf6, 0x0f, 0xff, 0xff, 0x80, 0x00, 0x00, 0x00,
    0x00, 0x00, 0x00, 0xff, 0xff, 0xff, 0xff, 0xff, 0xf6, 0x08, 0x88, 0x88, 0x82, 0x00, 0x00, 0x00,
    0x00, 0x00, 0x00, 0xff, 0xff, 0xff, 0xff, 0xff, 0xfb, 0x00, 0x00, 0x00, 0x00, 0x00, 0x00, 0x00,
    0x00, 0x00, 0x00, 0xff, 0xff, 0xff, 0xff, 0xff, 0xff, 0xfe, 0xee, 0xee, 0xe7, 0x00, 0x00, 0x00,
    0x00, 0x00, 0x00, 0xff, 0xff, 0xff, 0xff, 0xff, 0xff, 0xff, 0xff, 0xff, 0xf8, 0x00, 0x00, 0x00,
    0x00, 0x00, 0x00, 0xff, 0xff, 0xff, 0xff, 0xff, 0xff, 0xff, 0xff, 0xff, 0xf8, 0x00, 0x00, 0x00,
    0x00, 0x00, 0x00, 0xff, 0xff, 0xff, 0xff, 0xff, 0xff, 0xff, 0xff, 0xff, 0xf8, 0x00, 0x00, 0x00,
    0x00, 0x00, 0x00, 0xff, 0xff, 0xff, 0xff, 0xff, 0xff, 0xff, 0xff, 0xff, 0xf8, 0x00, 0x00, 0x00,
    0x00, 0x00, 0x00, 0xff, 0xff, 0xff, 0xff, 0xff, 0xff, 0xff, 0xff, 0xff, 0xf8, 0x00, 0x00, 0x00,
    0x00, 0x00, 0x00, 0xff, 0xff, 0xff, 0xff, 0xff, 0xff, 0xff, 0xff, 0xff, 0xf8, 0x00, 0x00, 0x00,
    0x00, 0x00, 0x00, 0xff, 0xff, 0xff, 0xff, 0xff, 0xff, 0xff, 0xff, 0xff, 0xf8, 0x00, 0x00, 0x00,
    0x00, 0x00, 0x00, 0xff, 0xff, 0xff, 0xff, 0xff, 0xff, 0xff, 0xff, 0xff, 0xf8, 0x00, 0x00, 0x00,
    0x00, 0x00, 0x00, 0xff, 0xff, 0xff, 0xff, 0xff, 0xff, 0xff, 0xff, 0xff, 0xf8, 0x00, 0x00, 0x00,
    0x00, 0x00, 0x02, 0x22, 0x22, 0x22, 0x22, 0x22, 0x22, 0x22, 0x22, 0x22, 0x22, 0x20, 0x00, 0x00,
    0x00, 0x00, 0x02, 0x22, 0x22, 0x22, 0x22, 0x22, 0x22, 0x22, 0x22, 0x22, 0x22, 0x20, 0x00, 0x00,
    0x00, 0x00, 0x02, 0x26, 0xff, 0xd5, 0x22, 0xf7, 0x22, 0x79, 0x25, 0xc3, 0x22, 0x20, 0x00, 0x00,
    0x00, 0x00, 0x02, 0x26, 0xa2, 0x6b, 0x26, 0xcb, 0x22, 0x79, 0x4d, 0x32, 0x22, 0x20, 0x00, 0x00,
    0x00, 0x00, 0x02, 0x26, 0xa2, 0x7b, 0x29, 0x7e, 0x22, 0x7a, 0xd4, 0x22, 0x22, 0x20, 0x00, 0x00,
    0x00, 0x00, 0x02, 0x26, 0xff, 0xf5, 0x2d, 0x4c, 0x52, 0x7f, 0xd4, 0x22, 0x22, 0x20, 0x00, 0x00,
    0x00, 0x00, 0x02, 0x26, 0xa2, 0x5d, 0x4e, 0x28, 0x92, 0x79, 0x5d, 0x22, 0x22, 0x20, 0x00, 0x00,
    0x00, 0x00, 0x02, 0x26, 0xa2, 0x4e, 0x8f, 0xff, 0xd2, 0x79, 0x2a, 0x82, 0x22, 0x20, 0x00, 0x00,
    0x00, 0x00, 0x02, 0x26, 0xff, 0xe7, 0xb6, 0x22, 0xe3, 0x79, 0x23, 0xe4, 0x22, 0x20, 0x00, 0x00,
    0x00, 0x00, 0x02, 0x22, 0x22, 0x22, 0x22, 0x22, 0x22, 0x22, 0x22, 0x22, 0x22, 0x20, 0x00, 0x00,
    0x00, 0x00, 0x02, 0x22, 0x22, 0x22, 0x22, 0x22, 0x22, 0x22, 0x22, 0x22, 0x22, 0x20, 0x00, 0x00,

    /* U+E072 */
    0x00, 0x00, 0x00, 0x00, 0x00, 0x00, 0x00, 0x00, 0x00, 0x00, 0x00, 0x00, 0x00, 0x00, 0x00, 0x00,
    0x00, 0x00, 0x00, 0x00, 0x00, 0x00, 0x00, 0x00, 0x00, 0x00, 0x00, 0x00, 0x00, 0x00, 0x00, 0x00,
    0x00, 0x00, 0x00, 0x00, 0x00, 0x00, 0x00, 0x00, 0x00, 0x00, 0x00, 0x00, 0x00, 0x00, 0x00, 0x00,
    0x00, 0x00, 0x00, 0x06, 0xdf, 0xff, 0xff, 0xff, 0xf6, 0x08, 0x00, 0x00, 0x00, 0x00, 0x00, 0x00,
    0x00, 0x00, 0x00, 0x6f, 0xff, 0xff, 0xff, 0xff, 0xf6, 0x0f, 0x80, 0x00, 0x00, 0x00, 0x00, 0x00,
    0x00, 0x00, 0x00, 0xdf, 0xff, 0xff, 0xff, 0xff, 0xf6, 0x0f, 0xf8, 0x00, 0x00, 0x00, 0x00, 0x00,
    0x00, 0x00, 0x00, 0xff, 0xff, 0xff, 0xff, 0xff, 0xf6, 0x0f, 0xff, 0x80, 0x00, 0x00, 0x00, 0x00,
    0x00, 0x00, 0x00, 0xff, 0xff, 0xff, 0xff, 0xff, 0xf6, 0x0f, 0xff, 0xf8, 0x00, 0x00, 0x00, 0x00,
    0x00, 0x00, 0x00, 0xff, 0xff, 0xff, 0xff, 0xff, 0xf6, 0x0f, 0xff, 0xff, 0x80, 0x00, 0x00, 0x00,
    0x00, 0x00, 0x00, 0xff, 0xff, 0xff, 0xff, 0xff, 0xf6, 0x08, 0x88, 0x88, 0x82, 0x00, 0x00, 0x00,
    0x00, 0x00, 0x00, 0xff, 0xff, 0xff, 0xff, 0xff, 0xfb, 0x00, 0x00, 0x00, 0x00, 0x00, 0x00, 0x00,
    0x00, 0x00, 0x00, 0xff, 0xff, 0xff, 0xff, 0xff, 0xff, 0xfe, 0xee, 0xee, 0xe7, 0x00, 0x00, 0x00,
    0x00, 0x00, 0x00, 0xff, 0xff, 0xff, 0xff, 0xff, 0xff, 0xff, 0xff, 0xff, 0xf8, 0x00, 0x00, 0x00,
    0x00, 0x00, 0x00, 0xff, 0xff, 0xff, 0xff, 0xff, 0xff, 0xff, 0xff, 0xff, 0xf8, 0x00, 0x00, 0x00,
    0x00, 0x00, 0x00, 0xff, 0xff, 0xff, 0xff, 0xff, 0xff, 0xff, 0xff, 0xff, 0xf8, 0x00, 0x00, 0x00,
    0x00, 0x00, 0x00, 0xff, 0xff, 0xff, 0xff, 0xff, 0xff, 0xff, 0xff, 0xff, 0xf8, 0x00, 0x00, 0x00,
    0x00, 0x00, 0x00, 0xff, 0xff, 0xff, 0xff, 0xff, 0xff, 0xff, 0xff, 0xff, 0xf8, 0x00, 0x00, 0x00,
    0x00, 0x00, 0x00, 0xff, 0xff, 0xff, 0xff, 0xff, 0xff, 0xff, 0xff, 0xff, 0xf8, 0x00, 0x00, 0x00,
    0x00, 0x00, 0x00, 0xff, 0xff, 0xff, 0xff, 0xff, 0xff, 0xff, 0xff, 0xff, 0xf8, 0x00, 0x00, 0x00,
    0x00, 0x00, 0x00, 0xff, 0xff, 0xff, 0xff, 0xff, 0xff, 0xff, 0xff, 0xff, 0xf8, 0x00, 0x00, 0x00,
    0x00, 0x00, 0x00, 0xff, 0xff, 0xff, 0xff, 0xff, 0xff, 0xff, 0xff, 0xff, 0xf8, 0x00, 0x00, 0x00,
    0x00, 0x00, 0x02, 0x22, 0x22, 0x22, 0x22, 0x22, 0x22, 0x22, 0x22, 0x22, 0x22, 0x20, 0x00, 0x00,
    0x00, 0x00, 0x02, 0x22, 0x22, 0x22, 0x22, 0x22, 0x22, 0x22, 0x22, 0x22, 0x22, 0x20, 0x00, 0x00,
    0x00, 0x00, 0x02, 0x2d, 0xff, 0xff, 0xcb, 0x26, 0xf2, 0x4f, 0xfe, 0x72, 0x22, 0x20, 0x00, 0x00,
    0x00, 0x00, 0x02, 0x22, 0x2c, 0x42, 0xad, 0x2a, 0xe2, 0x4c, 0x25, 0xe2, 0x22, 0x20, 0x00, 0x00,
    0x00, 0x00, 0x02, 0x22, 0x2c, 0x42, 0xa9, 0x6a, 0xd2, 0x4c, 0x25, 0xe2, 0x22, 0x20, 0x00, 0x00,
    0x00, 0x00, 0x02, 0x22, 0x2c, 0x42, 0xa6, 0xc8, 0xd2, 0x4f, 0xfe, 0x72, 0x22, 0x20, 0x00, 0x00,
    0x00, 0x00, 0x02, 0x22, 0x2c, 0x42, 0xa5, 0xc5, 0xd2, 0x4c, 0x22, 0x22, 0x22, 0x20, 0x00, 0x00,
    0x00, 0x00, 0x02, 0x22, 0x2c, 0x42, 0xa5, 0x22, 0xd2, 0x4c, 0x22, 0x22, 0x22, 0x20, 0x00, 0x00,
    0x00, 0x00, 0x02, 0x22, 0x2c, 0x42, 0xa5, 0x22, 0xd2, 0x4c, 0x22, 0x22, 0x22, 0x20, 0x00, 0x00,
    0x00, 0x00, 0x02, 0x22, 0x22, 0x22, 0x22, 0x22, 0x22, 0x22, 0x22, 0x22, 0x22, 0x20, 0x00, 0x00,
    0x00, 0x00, 0x02, 0x22, 0x22, 0x22, 0x22, 0x22, 0x22, 0x22, 0x22, 0x22, 0x22, 0x20, 0x00, 0x00,

    /* U+E073 */
    0x00, 0x00, 0x00, 0x00, 0x00, 0x00, 0x00, 0x00, 0x00, 0x00, 0x00, 0x00, 0x00, 0x00, 0x00, 0x00,
    0x00, 0x00, 0x00, 0x00, 0x00, 0x00, 0x00, 0x00, 0x00, 0x00, 0x00, 0x00, 0x00, 0x00, 0x00, 0x00,
    0x00, 0x00, 0x00, 0x00, 0x00, 0x00, 0x00, 0x00, 0x00, 0x00, 0x00, 0x00, 0x00, 0x00, 0x00, 0x00,
    0x00, 0x00, 0x00, 0x06, 0xdf, 0xff, 0xff, 0xff, 0xf6, 0x08, 0x00, 0x00, 0x00, 0x00, 0x00, 0x00,
    0x00, 0x00, 0x00, 0x6f, 0xff, 0xff, 0xff, 0xff, 0xf6, 0x0f, 0x80, 0x00, 0x00, 0x00, 0x00, 0x00,
    0x00, 0x00, 0x00, 0xdf, 0xff, 0xff, 0xff, 0xff, 0xf6, 0x0f, 0xf8, 0x00, 0x00, 0x00, 0x00, 0x00,
    0x00, 0x00, 0x00, 0xff, 0xff, 0xff, 0xff, 0xff, 0xf6, 0x0f, 0xff, 0x80, 0x00, 0x00, 0x00, 0x00,
    0x00, 0x00, 0x00, 0xff, 0xff, 0xff, 0xff, 0xff, 0xf6, 0x0f, 0xff, 0xf8, 0x00, 0x00, 0x00, 0x00,
    0x00, 0x00, 0x00, 0xff, 0xff, 0xff, 0xff, 0xff, 0xf6, 0x0f, 0xff, 0xff, 0x80, 0x00, 0x00, 0x00,
    0x00, 0x00, 0x00, 0xff, 0xff, 0xff, 0xff, 0xff, 0xf6, 0x08, 0x88, 0x88, 0x82, 0x00, 0x00, 0x00,
    0x00, 0x00, 0x00, 0xff, 0xff, 0xff, 0xff, 0xff, 0xfb, 0x00, 0x00, 0x00, 0x00, 0x00, 0x00, 0x00,
    0x00, 0x00, 0x00, 0xff, 0xff, 0xff, 0xff, 0xff, 0xff, 0xfe, 0xee, 0xee, 0xe7, 0x00, 0x00, 0x00,
    0x00, 0x00, 0x00, 0xff, 0xff, 0xff, 0xff, 0xff, 0xff, 0xff, 0xff, 0xff, 0xf8, 0x00, 0x00, 0x00,
    0x00, 0x00, 0x00, 0xff, 0xff, 0xff, 0xff, 0xff, 0xff, 0xff, 0xff, 0xff, 0xf8, 0x00, 0x00, 0x00,
    0x00, 0x00, 0x00, 0xff, 0xff, 0xff, 0xff, 0xff, 0xff, 0xff, 0xff, 0xff, 0xf8, 0x00, 0x00, 0x00,
    0x00, 0x00, 0x00, 0xff, 0xff, 0xff, 0xff, 0xff, 0xff, 0xff, 0xff, 0xff, 0xf8, 0x00, 0x00, 0x00,
    0x00, 0x00, 0x00, 0xff, 0xff, 0xff, 0xff, 0xff, 0xff, 0xff, 0xff, 0xff, 0xf8, 0x00, 0x00, 0x00,
    0x00, 0x00, 0x00, 0xff, 0xff, 0xff, 0xff, 0xff, 0xff, 0xff, 0xff, 0xff, 0xf8, 0x00, 0x00, 0x00,
    0x00, 0x00, 0x00, 0xff, 0xff, 0xff, 0xff, 0xff, 0xff, 0xff, 0xff, 0xff, 0xf8, 0x00, 0x00, 0x00,
    0x00, 0x00, 0x00, 0xff, 0xff, 0xff, 0xff, 0xff, 0xff, 0xff, 0xff, 0xff, 0xf8, 0x00, 0x00, 0x00,
    0x00, 0x00, 0x00, 0xff, 0xff, 0xff, 0xff, 0xff, 0xff, 0xff, 0xff, 0xff, 0xf8, 0x00, 0x00, 0x00,
    0x00, 0x00, 0x02, 0x22, 0x22, 0x22, 0x22, 0x22, 0x22, 0x22, 0x22, 0x22, 0x22, 0x20, 0x00, 0x00,
    0x00, 0x00, 0x02, 0x22, 0x22, 0x22, 0x22, 0x22, 0x22, 0x22, 0x22, 0x22, 0x22, 0x20, 0x00, 0x00,
    0x00, 0x00, 0x02, 0x23, 0xd2, 0x22, 0x25, 0xdf, 0xc2, 0x79, 0x25, 0xc3, 0x22, 0x20, 0x00, 0x00,
    0x00, 0x00, 0x02, 0x23, 0xd2, 0x22, 0x3e, 0x52, 0x22, 0x79, 0x4d, 0x32, 0x22, 0x20, 0x00, 0x00,
    0x00, 0x00, 0x02, 0x23, 0xd2, 0x22, 0x6b, 0x22, 0x22, 0x7a, 0xd4, 0x22, 0x22, 0x20, 0x00, 0x00,
    0x00, 0x00, 0x02, 0x23, 0xd2, 0x22, 0x7a, 0x22, 0x22, 0x7f, 0xd4, 0x22, 0x22, 0x20, 0x00, 0x00,
    0x00, 0x00, 0x02, 0x23, 0xd2, 0x22, 0x6b, 0x22, 0x22, 0x79, 0x5d, 0x22, 0x22, 0x20, 0x00, 0x00,
    0x00, 0x00, 0x02, 0x23, 0xd2, 0x22, 0x3e, 0x52, 0x22, 0x79, 0x2a, 0x82, 0x22, 0x20, 0x00, 0x00,
    0x00, 0x00, 0x02, 0x23, 0xff, 0xff, 0x26, 0xdf, 0xc2, 0x79, 0x23, 0xe4, 0x22, 0x20, 0x00, 0x00,
    0x00, 0x00, 0x02, 0x22, 0x22, 0x22, 0x22, 0x22, 0x22, 0x22, 0x22, 0x22, 0x22, 0x20, 0x00, 0x00,
    0x00, 0x00, 0x02, 0x22, 0x22, 0x22, 0x22, 0x22, 0x22, 0x22, 0x22, 0x22, 0x22, 0x20, 0x00, 0x00,

    /* U+E074 */
    0x00, 0x00, 0x00, 0x00, 0x00, 0x00, 0x00, 0x00, 0x00, 0x00, 0x00, 0x00, 0x00, 0x00, 0x00, 0x00,
    0x00, 0x00, 0x00, 0x00, 0x00, 0x00, 0x00, 0x00, 0x00, 0x00, 0x00, 0x00, 0x00, 0x00, 0x00, 0x00,
    0x00, 0x00, 0x00, 0x00, 0x00, 0x00, 0x00, 0x02, 0x7b, 0xde, 0xc8, 0x30, 0x00, 0x00, 0x00, 0x00,
    0x00, 0x00, 0x00, 0x00, 0x00, 0x00, 0x00, 0x9f, 0xff, 0xff, 0xff, 0xfb, 0x10, 0x00, 0x00, 0x00,
    0x00, 0x00, 0x00, 0x00, 0x00, 0x00, 0x1c, 0xff, 0xff, 0xff, 0xff, 0xff, 0xe3, 0x00, 0x00, 0x00,
    0x00, 0x00, 0x00, 0x00, 0x00, 0x00, 0xcf, 0xff, 0xff, 0xff, 0xff, 0xff, 0xfe, 0x20, 0x00, 0x00,
    0x00, 0x00, 0x00, 0x00, 0x00, 0x08, 0xff, 0xff, 0xff, 0xff, 0xff, 0xff, 0xff, 0xc0, 0x00, 0x00,
    0x00, 0x00, 0x00, 0x00, 0x00, 0x1f, 0xff, 0xff, 0xff, 0xfc, 0x11, 0x9f, 0xff, 0xf4, 0x00, 0x00,
    0x00, 0x00, 0x00, 0x00, 0x00, 0x6f, 0xff, 0xff, 0xff, 0xf2, 0x00, 0x0f, 0xff, 0xf9, 0x00, 0x00,
    0x00, 0x00, 0x00, 0x00, 0x00, 0xaf, 0xff, 0xff, 0xff, 0xf2, 0x00, 0x0f, 0xff, 0xfd, 0x00, 0x00,
    0x00, 0x00, 0x00, 0x00, 0x00, 0xcf, 0xff, 0xff, 0xff, 0xfb, 0x10, 0x8f, 0xff, 0xff, 0x00, 0x00,
    0x00, 0x00, 0x00, 0x00, 0x00, 0xcf, 0xff, 0xff, 0xff, 0xff, 0xff, 0xff, 0xff, 0xff, 0x00, 0x00,
    0x00, 0x00, 0x00, 0x00, 0x00, 0xbf, 0xff, 0xff, 0xff, 0xff, 0xff, 0xff, 0xff, 0xfe, 0x00, 0x00,
    0x00, 0x00, 0x00, 0x00, 0x00, 0x8f, 0xff, 0xff, 0xff, 0xff, 0xff, 0xff, 0xff, 0xfa, 0x00, 0x00,
    0x00, 0x00, 0x00, 0x00, 0x03, 0xef, 0xff, 0xff, 0xff, 0xff, 0xff, 0xff, 0xff, 0xf5, 0x00, 0x00,
    0x00, 0x00, 0x00, 0x00, 0x3e, 0xff, 0xff, 0xff, 0xff, 0xff, 0xff, 0xff, 0xff, 0xd0, 0x00, 0x00,
    0x00, 0x00, 0x00, 0x03, 0xef, 0xff, 0xff, 0xff, 0xff, 0xff, 0xff, 0xff, 0xff, 0x30, 0x00, 0x00,
    0x00, 0x00, 0x00, 0x3e, 0xff, 0xff, 0xff, 0xff, 0xff, 0xff, 0xff, 0xff, 0xf4, 0x00, 0x00, 0x00,
    0x00, 0x00, 0x03, 0xef, 0xff, 0xff, 0xff, 0xff, 0xff, 0xff, 0xff, 0xfc, 0x30, 0x00, 0x00, 0x00,
    0x00, 0x00, 0x3e, 0xff, 0xff, 0xff, 0xff, 0xff, 0xbe, 0xff, 0xea, 0x50, 0x00, 0x00, 0x00, 0x00,
    0x00, 0x03, 0xef, 0xff, 0xff, 0xff, 0xff, 0xf7, 0x00, 0x00, 0x00, 0x00, 0x00, 0x00, 0x00, 0x00,
    0x00, 0x3e, 0xff, 0xff, 0xff, 0xfe, 0xaa, 0x60, 0x00, 0x00, 0x00, 0x00, 0x00, 0x00, 0x00, 0x00,
    0x00, 0xef, 0xff, 0xff, 0xff, 0xfb, 0x00, 0x00, 0x00, 0x00, 0x00, 0x00, 0x00, 0x00, 0x00, 0x00,
    0x00, 0xff, 0xff, 0xff, 0xff, 0xfb, 0x00, 0x00, 0x00, 0x00, 0x00, 0x00, 0x00, 0x00, 0x00, 0x00,
    0x00, 0xff, 0xff, 0xff, 0xfe, 0xe5, 0x00, 0x00, 0x00, 0x00, 0x00, 0x00, 0x00, 0x00, 0x00, 0x00,
    0x00, 0xff, 0xff, 0xff, 0x70, 0x00, 0x00, 0x00, 0x00, 0x00, 0x00, 0x00, 0x00, 0x00, 0x00, 0x00,
    0x00, 0xff, 0xff, 0xff, 0x70, 0x00, 0x00, 0x00, 0x00, 0x00, 0x00, 0x00, 0x00, 0x00, 0x00, 0x00,
    0x00, 0xcf, 0xff, 0xff, 0x40, 0x00, 0x00, 0x00, 0x00, 0x00, 0x00, 0x00, 0x00, 0x00, 0x00, 0x00,
    0x00, 0x02, 0x22, 0x21, 0x00, 0x00, 0x00, 0x00, 0x00, 0x00, 0x00, 0x00, 0x00, 0x00, 0x00, 0x00,
    0x00, 0x00, 0x00, 0x00, 0x00, 0x00, 0x00, 0x00, 0x00, 0x00, 0x00, 0x00, 0x00, 0x00, 0x00, 0x00,
    0x00, 0x00, 0x00, 0x00, 0x00, 0x00, 0x00, 0x00, 0x00, 0x00, 0x00, 0x00, 0x00, 0x00, 0x00, 0x00,
    0x00, 0x00, 0x00, 0x00, 0x00, 0x00, 0x00, 0x00, 0x00, 0x00, 0x00, 0x00, 0x00, 0x00, 0x00, 0x00,

    /* U+E075 */
    0x00, 0x00, 0x00, 0x00, 0x00, 0x00, 0x00, 0x00, 0x00, 0x00, 0x00, 0x00, 0x00, 0x00, 0x00, 0x00,
    0x00, 0x00, 0x00, 0x00, 0x00, 0x00, 0x00, 0x00, 0x00, 0x00, 0x00, 0x00, 0x00, 0x00, 0x00, 0x00,
    0x00, 0x00, 0x00, 0x00, 0x00, 0x00, 0x00, 0x00, 0x00, 0x00, 0x00, 0x00, 0x00, 0x00, 0x00, 0x00,
    0x00, 0x00, 0x00, 0x00, 0x00, 0x02, 0x46, 0x78, 0x88, 0x76, 0x41, 0x00, 0x00, 0x00, 0x00, 0x00,
    0x00, 0x00, 0x00, 0x01, 0x7b, 0xff, 0xff, 0xff, 0xff, 0xff, 0xff, 0xea, 0x50, 0x00, 0x00, 0x00,
    0x00, 0x00, 0x00, 0x8f, 0xff, 0xff, 0xff, 0xff, 0xff, 0xff, 0xff, 0xff, 0xfe, 0x40, 0x00, 0x00,
    0x00, 0x00, 0x09, 0xff, 0xff, 0xff, 0xff, 0xff, 0xff, 0xff, 0xff, 0xff, 0xff, 0xf4, 0x00, 0x00,
    0x00, 0x00, 0x0f, 0xff, 0xff, 0xff, 0xff, 0xff, 0xff, 0xff, 0xff, 0xff, 0xff, 0xfa, 0x00, 0x00,
    0x00, 0x00, 0x0f, 0xff, 0xff, 0xff, 0xff, 0xff, 0xff, 0xff, 0xff, 0xff, 0xff, 0xfb, 0x00, 0x00,
    0x00, 0x00, 0x0f, 0xff, 0xff, 0xff, 0xff, 0xff, 0xff, 0xff, 0xff, 0xff, 0xff, 0xfb, 0x00, 0x00,
    0x00, 0x00, 0x0d, 0xff, 0xff, 0xff, 0xff, 0xff, 0xff, 0xff, 0xff, 0xff, 0xff, 0xf8, 0x00, 0x00,
    0x00, 0x00, 0x03, 0xef, 0xff, 0xff, 0xff, 0xff, 0xff, 0xff, 0xff, 0xff, 0xff, 0xb0, 0x00, 0x00,
    0x00, 0x00, 0x00, 0x07, 0xef, 0xff, 0xff, 0xff, 0xff, 0xff, 0xff, 0xff, 0xc5, 0x00, 0x00, 0x00,
    0x00, 0x00, 0x0c, 0x30, 0x02, 0x69, 0xcd, 0xef, 0xff, 0xed, 0xb8, 0x51, 0x00, 0x6a, 0x00, 0x00,
    0x00, 0x00, 0x0f, 0xfc, 0x73, 0x00, 0x00, 0x00, 0x00, 0x00, 0x00, 0x15, 0x9e, 0xfb, 0x00, 0x00,
    0x00, 0x00, 0x0f, 0xff, 0xff, 0xfd, 0xba, 0x98, 0x88, 0x9a, 0xce, 0xff, 0xff, 0xfb, 0x00, 0x00,
    0x00, 0x00, 0x0f, 0xff, 0xff, 0xff, 0xff, 0xff, 0xff, 0xff, 0xff, 0xff, 0xff, 0xfb, 0x00, 0x00,
    0x00, 0x00, 0x0f, 0xff, 0xff, 0xff, 0xff, 0xff, 0xff, 0xff, 0xff, 0xff, 0xff, 0xfb, 0x00, 0x00,
    0x00, 0x00, 0x0e, 0xff, 0xff, 0xff, 0xff, 0xff, 0xff, 0xff, 0xff, 0xff, 0xff, 0xf8, 0x00, 0x00,
    0x00, 0x00, 0x03, 0xef, 0xff, 0xff, 0xff, 0xff, 0xff, 0xff, 0xff, 0xff, 0xff, 0xb0, 0x00, 0x00,
    0x00, 0x00, 0x00, 0x17, 0xef, 0xff, 0xff, 0xff, 0xff, 0xff, 0xff, 0xff, 0xc5, 0x00, 0x00, 0x00,
    0x00, 0x00, 0x0c, 0x40, 0x03, 0x69, 0xcd, 0xef, 0xff, 0xed, 0xb8, 0x51, 0x01, 0x7a, 0x00, 0x00,
    0x00, 0x00, 0x0f, 0xfe, 0x95, 0x20, 0x00, 0x00, 0x00, 0x00, 0x01, 0x37, 0xbf, 0xfb, 0x00, 0x00,
    0x00, 0x00, 0x0f, 0xff, 0xff, 0xff, 0xec, 0xcb, 0xbb, 0xcd, 0xff, 0xff, 0xff, 0xfb, 0x00, 0x00,
    0x00, 0x00, 0x0f, 0xff, 0xff, 0xff, 0xff, 0xff, 0xff, 0xff, 0xff, 0xff, 0xff, 0xfb, 0x00, 0x00,
    0x00, 0x00, 0x0e, 0xff, 0xff, 0xff, 0xff, 0xff, 0xff, 0xff, 0xff, 0xff, 0xff, 0xf9, 0x00, 0x00,
    0x00, 0x00, 0x04, 0xff, 0xff, 0xff, 0xff, 0xff, 0xff, 0xff, 0xff, 0xff, 0xff, 0xc1, 0x00, 0x00,
    0x00, 0x00, 0x00, 0x18, 0xef, 0xff, 0xff, 0xff, 0xff, 0xff, 0xff, 0xff, 0xc6, 0x00, 0x00, 0x00,
    0x00, 0x00, 0x00, 0x00, 0x03, 0x79, 0xcd, 0xef, 0xff, 0xed, 0xb9, 0x61, 0x00, 0x00, 0x00, 0x00,
    0x00, 0x00, 0x00, 0x00, 0x00, 0x00, 0x00, 0x00, 0x00, 0x00, 0x00, 0x00, 0x00, 0x00, 0x00, 0x00,
    0x00, 0x00, 0x00, 0x00, 0x00, 0x00, 0x00, 0x00, 0x00, 0x00, 0x00, 0x00, 0x00, 0x00, 0x00, 0x00,
    0x00, 0x00, 0x00, 0x00, 0x00, 0x00, 0x00, 0x00, 0x00, 0x00, 0x00, 0x00, 0x00, 0x00, 0x00, 0x00,

    /* U+E076 */
    0x00, 0x00, 0x00, 0x00, 0x00, 0x00, 0x00, 0x00, 0x00, 0x00, 0x00, 0x00, 0x00, 0x00, 0x00, 0x00,
    0x00, 0x00, 0x00, 0x00, 0x00, 0x00, 0x00, 0x00, 0x00, 0x00, 0x00, 0x00, 0x00, 0x00, 0x00, 0x00,
    0x00, 0x00, 0x00, 0x00, 0x00, 0x00, 0x00, 0x00, 0x05, 0xb5, 0x00, 0x00, 0x00, 0x00, 0x00, 0x00,
    0x00, 0x00, 0x00, 0x00, 0x00, 0x00, 0x00, 0x00, 0x1f, 0xff, 0x00, 0x00, 0x00, 0x00, 0x00, 0x00,
    0x00, 0x00, 0x00, 0x00, 0x00, 0x00, 0x00, 0x00, 0x6f, 0xff, 0x00, 0x00, 0x00, 0x00, 0x00, 0x00,
    0x00, 0x00, 0x00, 0x00, 0x00, 0x00, 0x00, 0x00, 0xaf, 0xfb, 0x00, 0x00, 0x00, 0x00, 0x00, 0x00,
    0x00, 0x00, 0x00, 0x00, 0x00, 0x00, 0x00, 0x00, 0xff, 0xf7, 0x00, 0x00, 0x00, 0x00, 0x00, 0x00,
    0x00, 0x00, 0x00, 0x00, 0x00, 0x00, 0x00, 0x03, 0xff, 0xf2, 0x00, 0x00, 0x00, 0x00, 0x00, 0x00,
    0x00, 0x00, 0x1b, 0xf6, 0x00, 0x00, 0x00, 0x08, 0xff, 0xe0, 0x00, 0x1c, 0xe6, 0x00, 0x00, 0x00,
    0x00, 0x01, 0xdf, 0xfe, 0x00, 0x00, 0x00, 0x0d, 0xff, 0x90, 0x00, 0x6f, 0xff, 0x60, 0x00, 0x00,
    0x00, 0x1d, 0xff, 0xfa, 0x00, 0x00, 0x00, 0x1f, 0xff, 0x40, 0x00, 0x2f, 0xff, 0xf6, 0x00, 0x00,
    0x01, 0xdf, 0xff, 0xb0, 0x00, 0x00, 0x00, 0x6f, 0xff, 0x00, 0x00, 0x04, 0xff, 0xff, 0x60, 0x00,
    0x1d, 0xff, 0xfb, 0x00, 0x00, 0x00, 0x00, 0xaf, 0xfb, 0x00, 0x00, 0x00, 0x4f, 0xff, 0xf6, 0x00,
    0xdf, 0xff, 0xb0, 0x00, 0x00, 0x00, 0x00, 0xff, 0xf7, 0x00, 0x00, 0x00, 0x04, 0xff, 0xff, 0x60,
    0xff, 0xfb, 0x00, 0x00, 0x00, 0x00, 0x03, 0xff, 0xf2, 0x00, 0x00, 0x00, 0x00, 0x4f, 0xff, 0xf3,
    0xff, 0xf3, 0x00, 0x00, 0x00, 0x00, 0x08, 0xff, 0xe0, 0x00, 0x00, 0x00, 0x00, 0x0b, 0xff, 0xf7,
    0xff, 0xfe, 0x20, 0x00, 0x00, 0x00, 0x0d, 0xff, 0x90, 0x00, 0x00, 0x00, 0x00, 0x9f, 0xff, 0xe1,
    0x8f, 0xff, 0xe3, 0x00, 0x00, 0x00, 0x1f, 0xff, 0x40, 0x00, 0x00, 0x00, 0x09, 0xff, 0xfe, 0x20,
    0x08, 0xff, 0xfe, 0x30, 0x00, 0x00, 0x6f, 0xff, 0x00, 0x00, 0x00, 0x00, 0xaf, 0xff, 0xe2, 0x00,
    0x00, 0x8f, 0xff, 0xf3, 0x00, 0x00, 0xaf, 0xfb, 0x00, 0x00, 0x00, 0x0a, 0xff, 0xfe, 0x20, 0x00,
    0x00, 0x08, 0xff, 0xfd, 0x00, 0x00, 0xff, 0xf7, 0x00, 0x00, 0x00, 0x5f, 0xff, 0xe2, 0x00, 0x00,
    0x00, 0x00, 0x82, 0x22, 0x22, 0x22, 0x22, 0x22, 0x22, 0x22, 0x22, 0x22, 0x22, 0x20, 0x00, 0x00,
    0x00, 0x00, 0x02, 0x22, 0x22, 0x22, 0x22, 0x22, 0x22, 0x22, 0x22, 0x22, 0x22, 0x20, 0x00, 0x00,
    0x00, 0x00, 0x02, 0x22, 0x7e, 0xfa, 0x4f, 0xff, 0x92, 0xdf, 0xff, 0xf5, 0x22, 0x20, 0x00, 0x00,
    0x00, 0x00, 0x02, 0x24, 0xe4, 0x22, 0x22, 0xc4, 0x22, 0x22, 0xc4, 0x22, 0x22, 0x20, 0x00, 0x00,
    0x00, 0x00, 0x02, 0x28, 0x92, 0x22, 0x22, 0xc4, 0x22, 0x22, 0xc4, 0x22, 0x22, 0x20, 0x00, 0x00,
    0x00, 0x00, 0x02, 0x29, 0x72, 0xfe, 0x22, 0xc4, 0x22, 0x22, 0xc4, 0x22, 0x22, 0x20, 0x00, 0x00,
    0x00, 0x00, 0x02, 0x28, 0x92, 0x2e, 0x22, 0xc4, 0x22, 0x22, 0xc4, 0x22, 0x22, 0x20, 0x00, 0x00,
    0x00, 0x00, 0x02, 0x24, 0xe4, 0x3e, 0x22, 0xc4, 0x22, 0x22, 0xc4, 0x22, 0x22, 0x20, 0x00, 0x00,
    0x00, 0x00, 0x02, 0x22, 0x7e, 0xe7, 0x4f, 0xff, 0x92, 0x22, 0xc4, 0x22, 0x22, 0x20, 0x00, 0x00,
    0x00, 0x00, 0x02, 0x22, 0x22, 0x22, 0x22, 0x22, 0x22, 0x22, 0x22, 0x22, 0x22, 0x20, 0x00, 0x00,
    0x00, 0x00, 0x02, 0x22, 0x22, 0x22, 0x22, 0x22, 0x22, 0x22, 0x22, 0x22, 0x22, 0x20, 0x00, 0x00,

    /* U+E077 */
    0x00, 0x00, 0x00, 0x00, 0x00, 0x00, 0x00, 0x00, 0x00, 0x00, 0x00, 0x00, 0x00, 0x00, 0x00, 0x00,
    0x00, 0x00, 0x00, 0x00, 0x00, 0x00, 0x00, 0x00, 0x00, 0x00, 0x00, 0x00, 0x00, 0x00, 0x00, 0x00,
    0x00, 0x00, 0x00, 0x00, 0x00, 0x00, 0x00, 0x00, 0x00, 0x00, 0x00, 0x00, 0x00, 0x00, 0x00, 0x00,
    0x00, 0x00, 0x00, 0x06, 0xdf, 0xff, 0xff, 0xff, 0xf6, 0x08, 0x00, 0x00, 0x00, 0x00, 0x00, 0x00,
    0x00, 0x00, 0x00, 0x6f, 0xff, 0xff, 0xff, 0xff, 0xf6, 0x0f, 0x80, 0x00, 0x00, 0x00, 0x00, 0x00,
    0x00, 0x00, 0x00, 0xdf, 0xff, 0xff, 0xff, 0xff, 0xf6, 0x0f, 0xf8, 0x00, 0x00, 0x00, 0x00, 0x00,
    0x00, 0x00, 0x00, 0xff, 0xff, 0xff, 0xff, 0xff, 0xf6, 0x0f, 0xff, 0x80, 0x00, 0x00, 0x00, 0x00,
    0x00, 0x00, 0x00, 0xff, 0xff, 0xff, 0xff, 0xff, 0xf6, 0x0f, 0xff, 0xf8, 0x00, 0x00, 0x00, 0x00,
    0x00, 0x00, 0x00, 0xff, 0xff, 0xff, 0xff, 0xff, 0xf6, 0x0f, 0xff, 0xff, 0x80, 0x00, 0x00, 0x00,
    0x00, 0x00, 0x00, 0xff, 0xff, 0xff, 0xff, 0xff, 0xf6, 0x08, 0x88, 0x88, 0x82, 0x00, 0x00, 0x00,
    0x00, 0x00, 0x00, 0xff, 0xff, 0xff, 0xff, 0xff, 0xfb, 0x00, 0x00, 0x00, 0x00, 0x00, 0x00, 0x00,
    0x00, 0x00, 0x00, 0xff, 0xff, 0xff, 0xff, 0xff, 0xff, 0xfe, 0xee, 0xee, 0xe7, 0x00, 0x00, 0x00,
    0x00, 0x00, 0x00, 0xff, 0xff, 0xff, 0xff, 0xff, 0xff, 0xff, 0xff, 0xff, 0xf8, 0x00, 0x00, 0x00,
    0x00, 0x00, 0x00, 0xff, 0xff, 0xff, 0xff, 0xff, 0xff, 0xff, 0xff, 0xff, 0xf8, 0x00, 0x00, 0x00,
    0x00, 0x00, 0x00, 0xff, 0xff, 0xff, 0xff, 0xff, 0xff, 0xff, 0xff, 0xff, 0xf8, 0x00, 0x00, 0x00,
    0x00, 0x00, 0x00, 0xff, 0xff, 0xff, 0xff, 0xff, 0xff, 0xff, 0xff, 0xff, 0xf8, 0x00, 0x00, 0x00,
    0x00, 0x00, 0x00, 0xff, 0xff, 0xff, 0xff, 0xff, 0xff, 0xff, 0xff, 0xff, 0xf8, 0x00, 0x00, 0x00,
    0x00, 0x00, 0x00, 0xff, 0xff, 0xff, 0xff, 0xff, 0xff, 0xff, 0xff, 0xff, 0xf8, 0x00, 0x00, 0x00,
    0x00, 0x00, 0x00, 0xff, 0xff, 0xff, 0xff, 0xff, 0xff, 0xff, 0xff, 0xff, 0xf8, 0x00, 0x00, 0x00,
    0x00, 0x00, 0x00, 0xff, 0xff, 0xff, 0xff, 0xff, 0xff, 0xff, 0xff, 0xff, 0xf8, 0x00, 0x00, 0x00,
    0x00, 0x00, 0x00, 0xff, 0xff, 0xff, 0xff, 0xff, 0xff, 0xff, 0xff, 0xff, 0xf8, 0x00, 0x00, 0x00,
    0x00, 0x00, 0x00, 0xff, 0x22, 0x22, 0x22, 0x22, 0x22, 0x22, 0x22, 0x22, 0xf8, 0x00, 0x00, 0x00,
    0x00, 0x00, 0x00, 0xff, 0x22, 0x22, 0x22, 0x22, 0x22, 0x22, 0x22, 0x22, 0xf8, 0x00, 0x00, 0x00,
    0x00, 0x00, 0x00, 0xff, 0x22, 0xab, 0x26, 0xf8, 0x92, 0x5c, 0x32, 0x22, 0xf8, 0x00, 0x00, 0x00,
    0x00, 0x00, 0x00, 0xff, 0x22, 0xad, 0x2a, 0xe8, 0x94, 0xd3, 0x22, 0x22, 0xf8, 0x00, 0x00, 0x00,
    0x00, 0x00, 0x00, 0xff, 0x22, 0xa9, 0x6a, 0xd8, 0xad, 0x42, 0x22, 0x22, 0xf7, 0x00, 0x00, 0x00,
    0x00, 0x00, 0x00, 0xdf, 0x22, 0xa6, 0xc8, 0xd8, 0xfd, 0x42, 0x22, 0x22, 0xf5, 0x00, 0x00, 0x00,
    0x00, 0x00, 0x00, 0x6f, 0x22, 0xa5, 0xc5, 0xd8, 0x95, 0xd2, 0x22, 0x22, 0xd0, 0x00, 0x00, 0x00,
    0x00, 0x00, 0x00, 0x06, 0x22, 0xa5, 0x22, 0xd8, 0x92, 0xa8, 0x22, 0x22, 0x10, 0x00, 0x00, 0x00,
    0x00, 0x00, 0x00, 0x00, 0x22, 0xa5, 0x22, 0xd8, 0x92, 0x3e, 0x42, 0x22, 0x00, 0x00, 0x00, 0x00,
    0x00, 0x00, 0x00, 0x00, 0x22, 0x22, 0x22, 0x22, 0x22, 0x22, 0x22, 0x22, 0x00, 0x00, 0x00, 0x00,
    0x00, 0x00, 0x00, 0x00, 0x22, 0x22, 0x22, 0x22, 0x22, 0x22, 0x22, 0x22, 0x00, 0x00, 0x00, 0x00,

    /* U+E078 */
    0x00, 0x00, 0x00, 0x00, 0x00, 0x00, 0x00, 0x00, 0x00, 0x00, 0x00, 0x00, 0x00, 0x00, 0x00, 0x00,
    0x00, 0x00, 0x00, 0x00, 0x00, 0x00, 0x00, 0x00, 0x00, 0x00, 0x00, 0x00, 0x00, 0x00, 0x00, 0x00,
    0x00, 0x00, 0x00, 0x00, 0x00, 0x00, 0x00, 0x00, 0x00, 0x00, 0x00, 0x00, 0x00, 0x00, 0x00, 0x00,
    0x00, 0x00, 0x00, 0x06, 0xdf, 0xff, 0xff, 0xff, 0xf6, 0x08, 0x00, 0x00, 0x00, 0x00, 0x00, 0x00,
    0x00, 0x00, 0x00, 0x6f, 0xff, 0xff, 0xff, 0xff, 0xf6, 0x0f, 0x80, 0x00, 0x00, 0x00, 0x00, 0x00,
    0x00, 0x00, 0x00, 0xdf, 0xff, 0xff, 0xff, 0xff, 0xf6, 0x0f, 0xf8, 0x00, 0x00, 0x00, 0x00, 0x00,
    0x00, 0x00, 0x00, 0xff, 0xff, 0xff, 0xff, 0xff, 0xf6, 0x0f, 0xff, 0x80, 0x00, 0x00, 0x00, 0x00,
    0x00, 0x00, 0x00, 0xff, 0xff, 0xff, 0xff, 0xff, 0xf6, 0x0f, 0xff, 0xf8, 0x00, 0x00, 0x00, 0x00,
    0x00, 0x00, 0x00, 0xff, 0xff, 0xff, 0xff, 0xff, 0xf6, 0x0f, 0xff, 0xff, 0x80, 0x00, 0x00, 0x00,
    0x00, 0x00, 0x00, 0xff, 0xff, 0xff, 0xff, 0xff, 0xf6, 0x08, 0x88, 0x88, 0x82, 0x00, 0x00, 0x00,
    0x00, 0x00, 0x00, 0xff, 0xff, 0xff, 0xff, 0xff, 0xfb, 0x00, 0x00, 0x00, 0x00, 0x00, 0x00, 0x00,
    0x00, 0x00, 0x00, 0xff, 0xff, 0xff, 0xff, 0xff, 0xff, 0xfe, 0xee, 0xee, 0xe7, 0x00, 0x00, 0x00,
    0x00, 0x00, 0x00, 0xff, 0xff, 0xff, 0xff, 0xff, 0xff, 0xff, 0xff, 0xff, 0xf8, 0x00, 0x00, 0x00,
    0x00, 0x00, 0x00, 0xff, 0xff, 0xff, 0xff, 0xff, 0xff, 0xff, 0xff, 0xff, 0xf8, 0x00, 0x00, 0x00,
    0x00, 0x00, 0x00, 0xff, 0xff, 0xff, 0xff, 0xff, 0xff, 0xff, 0xff, 0xff, 0xf8, 0x00, 0x00, 0x00,
    0x00, 0x00, 0x00, 0xff, 0xff, 0xff, 0xff, 0xff, 0xff, 0xff, 0xff, 0xff, 0xf8, 0x00, 0x00, 0x00,
    0x00, 0x00, 0x00, 0xff, 0xff, 0xff, 0xff, 0xff, 0xff, 0xff, 0xff, 0xff, 0xf8, 0x00, 0x00, 0x00,
    0x00, 0x00, 0x00, 0xff, 0xff, 0xff, 0xff, 0xff, 0xff, 0xff, 0xff, 0xff, 0xf8, 0x00, 0x00, 0x00,
    0x00, 0x00, 0x00, 0xff, 0xff, 0xff, 0xff, 0xff, 0xff, 0xff, 0xff, 0xff, 0xf8, 0x00, 0x00, 0x00,
    0x00, 0x00, 0x00, 0xff, 0xff, 0xff, 0xff, 0xff, 0xff, 0xff, 0xff, 0xff, 0xf8, 0x00, 0x00, 0x00,
    0x00, 0x00, 0x00, 0xff, 0xff, 0xff, 0xff, 0xff, 0xff, 0xff, 0xff, 0xff, 0xf8, 0x00, 0x00, 0x00,
    0x00, 0x00, 0x02, 0x22, 0x22, 0x22, 0x22, 0x22, 0x22, 0x22, 0x22, 0x22, 0x22, 0x20, 0x00, 0x00,
    0x00, 0x00, 0x02, 0x22, 0x22, 0x22, 0x22, 0x22, 0x22, 0x22, 0x22, 0x22, 0x22, 0x20, 0x00, 0x00,
    0x00, 0x00, 0x02, 0x27, 0xfe, 0xa2, 0x79, 0x25, 0xc3, 0x7f, 0xfd, 0x42, 0x22, 0x20, 0x00, 0x00,
    0x00, 0x00, 0x02, 0x27, 0x93, 0xb8, 0x79, 0x4d, 0x32, 0x79, 0x29, 0xa2, 0x22, 0x20, 0x00, 0x00,
    0x00, 0x00, 0x02, 0x27, 0x92, 0x5c, 0x7a, 0xd4, 0x22, 0x79, 0x28, 0xa2, 0x22, 0x20, 0x00, 0x00,
    0x00, 0x00, 0x02, 0x27, 0x92, 0x3d, 0x7f, 0xd4, 0x22, 0x7f, 0xfd, 0x32, 0x22, 0x20, 0x00, 0x00,
    0x00, 0x00, 0x02, 0x27, 0x92, 0x5c, 0x79, 0x5d, 0x22, 0x79, 0x3c, 0x52, 0x22, 0x20, 0x00, 0x00,
    0x00, 0x00, 0x02, 0x27, 0x93, 0xb8, 0x79, 0x2a, 0x82, 0x79, 0x25, 0xc2, 0x22, 0x20, 0x00, 0x00,
    0x00, 0x00, 0x02, 0x27, 0xfe, 0xa2, 0x79, 0x23, 0xe4, 0x79, 0x22, 0xc5, 0x22, 0x20, 0x00, 0x00,
    0x00, 0x00, 0x02, 0x22, 0x22, 0x22, 0x22, 0x22, 0x22, 0x22, 0x22, 0x22, 0x22, 0x20, 0x00, 0x00,
    0x00, 0x00, 0x02, 0x22, 0x22, 0x22, 0x22, 0x22, 0x22, 0x22, 0x22, 0x22, 0x22, 0x20, 0x00, 0x00,

};

/*-----------------------
 *  Glyph descriptors
 *-----------------------*/

static const lv_font_fmt_txt_glyph_dsc_t glyph_dsc[] = {
    {.bitmap_index = 0, .adv_w = 0, .box_w = 0, .box_h = 0, .ofs_x = 0, .ofs_y = 0},    /* sentinel */
    {.bitmap_index = 0, .adv_w = 528, .box_w = 32, .box_h = 32, .ofs_x = 0, .ofs_y = 0},    /* U+E000 */
    {.bitmap_index = 512, .adv_w = 528, .box_w = 32, .box_h = 32, .ofs_x = 0, .ofs_y = 0},    /* U+E001 */
    {.bitmap_index = 1024, .adv_w = 528, .box_w = 32, .box_h = 32, .ofs_x = 0, .ofs_y = 0},    /* U+E002 */
    {.bitmap_index = 1536, .adv_w = 528, .box_w = 32, .box_h = 32, .ofs_x = 0, .ofs_y = 0},    /* U+E003 */
    {.bitmap_index = 2048, .adv_w = 528, .box_w = 32, .box_h = 32, .ofs_x = 0, .ofs_y = 0},    /* U+E004 */
    {.bitmap_index = 2560, .adv_w = 528, .box_w = 32, .box_h = 32, .ofs_x = 0, .ofs_y = 0},    /* U+E005 */
    {.bitmap_index = 0, .adv_w = 512, .box_w = 0, .box_h = 0, .ofs_x = 0, .ofs_y = 0},    /* U+E006 empty */
    {.bitmap_index = 0, .adv_w = 512, .box_w = 0, .box_h = 0, .ofs_x = 0, .ofs_y = 0},    /* U+E007 empty */
    {.bitmap_index = 0, .adv_w = 512, .box_w = 0, .box_h = 0, .ofs_x = 0, .ofs_y = 0},    /* U+E008 empty */
    {.bitmap_index = 0, .adv_w = 512, .box_w = 0, .box_h = 0, .ofs_x = 0, .ofs_y = 0},    /* U+E009 empty */
    {.bitmap_index = 0, .adv_w = 512, .box_w = 0, .box_h = 0, .ofs_x = 0, .ofs_y = 0},    /* U+E00A empty */
    {.bitmap_index = 0, .adv_w = 512, .box_w = 0, .box_h = 0, .ofs_x = 0, .ofs_y = 0},    /* U+E00B empty */
    {.bitmap_index = 0, .adv_w = 512, .box_w = 0, .box_h = 0, .ofs_x = 0, .ofs_y = 0},    /* U+E00C empty */
    {.bitmap_index = 0, .adv_w = 512, .box_w = 0, .box_h = 0, .ofs_x = 0, .ofs_y = 0},    /* U+E00D empty */
    {.bitmap_index = 0, .adv_w = 512, .box_w = 0, .box_h = 0, .ofs_x = 0, .ofs_y = 0},    /* U+E00E empty */
    {.bitmap_index = 0, .adv_w = 512, .box_w = 0, .box_h = 0, .ofs_x = 0, .ofs_y = 0},    /* U+E00F empty */
    {.bitmap_index = 3072, .adv_w = 528, .box_w = 32, .box_h = 32, .ofs_x = 0, .ofs_y = 0},    /* U+E010 */
    {.bitmap_index = 3584, .adv_w = 528, .box_w = 32, .box_h = 32, .ofs_x = 0, .ofs_y = 0},    /* U+E011 */
    {.bitmap_index = 4096, .adv_w = 528, .box_w = 32, .box_h = 32, .ofs_x = 0, .ofs_y = 0},    /* U+E012 */
    {.bitmap_index = 4608, .adv_w = 528, .box_w = 32, .box_h = 32, .ofs_x = 0, .ofs_y = 0},    /* U+E013 */
    {.bitmap_index = 5120, .adv_w = 528, .box_w = 32, .box_h = 32, .ofs_x = 0, .ofs_y = 0},    /* U+E014 */
    {.bitmap_index = 5632, .adv_w = 528, .box_w = 32, .box_h = 32, .ofs_x = 0, .ofs_y = 0},    /* U+E015 */
    {.bitmap_index = 6144, .adv_w = 528, .box_w = 32, .box_h = 32, .ofs_x = 0, .ofs_y = 0},    /* U+E016 */
    {.bitmap_index = 6656, .adv_w = 528, .box_w = 32, .box_h = 32, .ofs_x = 0, .ofs_y = 0},    /* U+E017 */
    {.bitmap_index = 7168, .adv_w = 528, .box_w = 32, .box_h = 32, .ofs_x = 0, .ofs_y = 0},    /* U+E018 */
    {.bitmap_index = 7680, .adv_w = 528, .box_w = 32, .box_h = 32, .ofs_x = 0, .ofs_y = 0},    /* U+E019 */
    {.bitmap_index = 8192, .adv_w = 528, .box_w = 32, .box_h = 32, .ofs_x = 0, .ofs_y = 0},    /* U+E01A */
    {.bitmap_index = 8704, .adv_w = 528, .box_w = 32, .box_h = 32, .ofs_x = 0, .ofs_y = 0},    /* U+E01B */
    {.bitmap_index = 9216, .adv_w = 528, .box_w = 32, .box_h = 32, .ofs_x = 0, .ofs_y = 0},    /* U+E01C */
    {.bitmap_index = 9728, .adv_w = 528, .box_w = 32, .box_h = 32, .ofs_x = 0, .ofs_y = 0},    /* U+E01D */
    {.bitmap_index = 10240, .adv_w = 528, .box_w = 32, .box_h = 32, .ofs_x = 0, .ofs_y = 0},    /* U+E01E */
    {.bitmap_index = 10752, .adv_w = 528, .box_w = 32, .box_h = 32, .ofs_x = 0, .ofs_y = 0},    /* U+E01F */
    {.bitmap_index = 11264, .adv_w = 528, .box_w = 32, .box_h = 32, .ofs_x = 0, .ofs_y = 0},    /* U+E020 */
    {.bitmap_index = 11776, .adv_w = 528, .box_w = 32, .box_h = 32, .ofs_x = 0, .ofs_y = 0},    /* U+E021 */
    {.bitmap_index = 12288, .adv_w = 528, .box_w = 32, .box_h = 32, .ofs_x = 0, .ofs_y = 0},    /* U+E022 */
    {.bitmap_index = 12800, .adv_w = 528, .box_w = 32, .box_h = 32, .ofs_x = 0, .ofs_y = 0},    /* U+E023 */
    {.bitmap_index = 0, .adv_w = 512, .box_w = 0, .box_h = 0, .ofs_x = 0, .ofs_y = 0},    /* U+E024 empty */
    {.bitmap_index = 0, .adv_w = 512, .box_w = 0, .box_h = 0, .ofs_x = 0, .ofs_y = 0},    /* U+E025 empty */
    {.bitmap_index = 0, .adv_w = 512, .box_w = 0, .box_h = 0, .ofs_x = 0, .ofs_y = 0},    /* U+E026 empty */
    {.bitmap_index = 0, .adv_w = 512, .box_w = 0, .box_h = 0, .ofs_x = 0, .ofs_y = 0},    /* U+E027 empty */
    {.bitmap_index = 13312, .adv_w = 528, .box_w = 32, .box_h = 32, .ofs_x = 0, .ofs_y = 0},    /* U+E028 */
    {.bitmap_index = 13824, .adv_w = 528, .box_w = 32, .box_h = 32, .ofs_x = 0, .ofs_y = 0},    /* U+E029 */
    {.bitmap_index = 14336, .adv_w = 528, .box_w = 32, .box_h = 32, .ofs_x = 0, .ofs_y = 0},    /* U+E02A */
    {.bitmap_index = 14848, .adv_w = 528, .box_w = 32, .box_h = 32, .ofs_x = 0, .ofs_y = 0},    /* U+E02B */
    {.bitmap_index = 15360, .adv_w = 528, .box_w = 32, .box_h = 32, .ofs_x = 0, .ofs_y = 0},    /* U+E02C */
    {.bitmap_index = 15872, .adv_w = 528, .box_w = 32, .box_h = 32, .ofs_x = 0, .ofs_y = 0},    /* U+E02D */
    {.bitmap_index = 16384, .adv_w = 528, .box_w = 32, .box_h = 32, .ofs_x = 0, .ofs_y = 0},    /* U+E02E */
    {.bitmap_index = 16896, .adv_w = 528, .box_w = 32, .box_h = 32, .ofs_x = 0, .ofs_y = 0},    /* U+E02F */
    {.bitmap_index = 17408, .adv_w = 528, .box_w = 32, .box_h = 32, .ofs_x = 0, .ofs_y = 0},    /* U+E030 */
    {.bitmap_index = 17920, .adv_w = 528, .box_w = 32, .box_h = 32, .ofs_x = 0, .ofs_y = 0},    /* U+E031 */
    {.bitmap_index = 18432, .adv_w = 528, .box_w = 32, .box_h = 32, .ofs_x = 0, .ofs_y = 0},    /* U+E032 */
    {.bitmap_index = 18944, .adv_w = 528, .box_w = 32, .box_h = 32, .ofs_x = 0, .ofs_y = 0},    /* U+E033 */
    {.bitmap_index = 19456, .adv_w = 528, .box_w = 32, .box_h = 32, .ofs_x = 0, .ofs_y = 0},    /* U+E034 */
    {.bitmap_index = 19968, .adv_w = 528, .box_w = 32, .box_h = 32, .ofs_x = 0, .ofs_y = 0},    /* U+E035 */
    {.bitmap_index = 20480, .adv_w = 528, .box_w = 32, .box_h = 32, .ofs_x = 0, .ofs_y = 0},    /* U+E036 */
    {.bitmap_index = 0, .adv_w = 512, .box_w = 0, .box_h = 0, .ofs_x = 0, .ofs_y = 0},    /* U+E037 empty */
    {.bitmap_index = 20992, .adv_w = 528, .box_w = 32, .box_h = 32, .ofs_x = 0, .ofs_y = 0},    /* U+E038 */
    {.bitmap_index = 21504, .adv_w = 528, .box_w = 32, .box_h = 32, .ofs_x = 0, .ofs_y = 0},    /* U+E039 */
    {.bitmap_index = 22016, .adv_w = 528, .box_w = 32, .box_h = 32, .ofs_x = 0, .ofs_y = 0},    /* U+E03A */
    {.bitmap_index = 22528, .adv_w = 528, .box_w = 32, .box_h = 32, .ofs_x = 0, .ofs_y = 0},    /* U+E03B */
    {.bitmap_index = 23040, .adv_w = 528, .box_w = 32, .box_h = 32, .ofs_x = 0, .ofs_y = 0},    /* U+E03C */
    {.bitmap_index = 23552, .adv_w = 528, .box_w = 32, .box_h = 32, .ofs_x = 0, .ofs_y = 0},    /* U+E03D */
    {.bitmap_index = 24064, .adv_w = 528, .box_w = 32, .box_h = 32, .ofs_x = 0, .ofs_y = 0},    /* U+E03E */
    {.bitmap_index = 24576, .adv_w = 528, .box_w = 32, .box_h = 32, .ofs_x = 0, .ofs_y = 0},    /* U+E03F */
    {.bitmap_index = 25088, .adv_w = 528, .box_w = 32, .box_h = 32, .ofs_x = 0, .ofs_y = 0},    /* U+E040 */
    {.bitmap_index = 25600, .adv_w = 528, .box_w = 32, .box_h = 32, .ofs_x = 0, .ofs_y = 0},    /* U+E041 */
    {.bitmap_index = 0, .adv_w = 512, .box_w = 0, .box_h = 0, .ofs_x = 0, .ofs_y = 0},    /* U+E042 empty */
    {.bitmap_index = 0, .adv_w = 512, .box_w = 0, .box_h = 0, .ofs_x = 0, .ofs_y = 0},    /* U+E043 empty */
    {.bitmap_index = 26112, .adv_w = 528, .box_w = 32, .box_h = 32, .ofs_x = 0, .ofs_y = 0},    /* U+E044 */
    {.bitmap_index = 26624, .adv_w = 528, .box_w = 32, .box_h = 32, .ofs_x = 0, .ofs_y = 0},    /* U+E045 */
    {.bitmap_index = 27136, .adv_w = 528, .box_w = 32, .box_h = 32, .ofs_x = 0, .ofs_y = 0},    /* U+E046 */
    {.bitmap_index = 27648, .adv_w = 528, .box_w = 32, .box_h = 32, .ofs_x = 0, .ofs_y = 0},    /* U+E047 */
    {.bitmap_index = 28160, .adv_w = 528, .box_w = 32, .box_h = 32, .ofs_x = 0, .ofs_y = 0},    /* U+E048 */
    {.bitmap_index = 28672, .adv_w = 528, .box_w = 32, .box_h = 32, .ofs_x = 0, .ofs_y = 0},    /* U+E049 */
    {.bitmap_index = 0, .adv_w = 512, .box_w = 0, .box_h = 0, .ofs_x = 0, .ofs_y = 0},    /* U+E04A empty */
    {.bitmap_index = 0, .adv_w = 512, .box_w = 0, .box_h = 0, .ofs_x = 0, .ofs_y = 0},    /* U+E04B empty */
    {.bitmap_index = 29184, .adv_w = 528, .box_w = 32, .box_h = 32, .ofs_x = 0, .ofs_y = 0},    /* U+E04C */
    {.bitmap_index = 29696, .adv_w = 528, .box_w = 32, .box_h = 32, .ofs_x = 0, .ofs_y = 0},    /* U+E04D */
    {.bitmap_index = 30208, .adv_w = 528, .box_w = 32, .box_h = 32, .ofs_x = 0, .ofs_y = 0},    /* U+E04E */
    {.bitmap_index = 30720, .adv_w = 528, .box_w = 32, .box_h = 32, .ofs_x = 0, .ofs_y = 0},    /* U+E04F */
    {.bitmap_index = 31232, .adv_w = 528, .box_w = 32, .box_h = 32, .ofs_x = 0, .ofs_y = 0},    /* U+E050 */
    {.bitmap_index = 31744, .adv_w = 528, .box_w = 32, .box_h = 32, .ofs_x = 0, .ofs_y = 0},    /* U+E051 */
    {.bitmap_index = 0, .adv_w = 512, .box_w = 0, .box_h = 0, .ofs_x = 0, .ofs_y = 0},    /* U+E052 empty */
    {.bitmap_index = 0, .adv_w = 512, .box_w = 0, .box_h = 0, .ofs_x = 0, .ofs_y = 0},    /* U+E053 empty */
    {.bitmap_index = 32256, .adv_w = 528, .box_w = 32, .box_h = 32, .ofs_x = 0, .ofs_y = 0},    /* U+E054 */
    {.bitmap_index = 32768, .adv_w = 528, .box_w = 32, .box_h = 32, .ofs_x = 0, .ofs_y = 0},    /* U+E055 */
    {.bitmap_index = 33280, .adv_w = 528, .box_w = 32, .box_h = 32, .ofs_x = 0, .ofs_y = 0},    /* U+E056 */
    {.bitmap_index = 33792, .adv_w = 528, .box_w = 32, .box_h = 32, .ofs_x = 0, .ofs_y = 0},    /* U+E057 */
    {.bitmap_index = 34304, .adv_w = 528, .box_w = 32, .box_h = 32, .ofs_x = 0, .ofs_y = 0},    /* U+E058 */
    {.bitmap_index = 34816, .adv_w = 528, .box_w = 32, .box_h = 32, .ofs_x = 0, .ofs_y = 0},    /* U+E059 */
    {.bitmap_index = 35328, .adv_w = 528, .box_w = 32, .box_h = 32, .ofs_x = 0, .ofs_y = 0},    /* U+E05A */
    {.bitmap_index = 35840, .adv_w = 528, .box_w = 32, .box_h = 32, .ofs_x = 0, .ofs_y = 0},    /* U+E05B */
    {.bitmap_index = 36352, .adv_w = 528, .box_w = 32, .box_h = 32, .ofs_x = 0, .ofs_y = 0},    /* U+E05C */
    {.bitmap_index = 0, .adv_w = 512, .box_w = 0, .box_h = 0, .ofs_x = 0, .ofs_y = 0},    /* U+E05D empty */
    {.bitmap_index = 0, .adv_w = 512, .box_w = 0, .box_h = 0, .ofs_x = 0, .ofs_y = 0},    /* U+E05E empty */
    {.bitmap_index = 0, .adv_w = 512, .box_w = 0, .box_h = 0, .ofs_x = 0, .ofs_y = 0},    /* U+E05F empty */
    {.bitmap_index = 36864, .adv_w = 528, .box_w = 32, .box_h = 32, .ofs_x = 0, .ofs_y = 0},    /* U+E060 */
    {.bitmap_index = 37376, .adv_w = 528, .box_w = 32, .box_h = 32, .ofs_x = 0, .ofs_y = 0},    /* U+E061 */
    {.bitmap_index = 37888, .adv_w = 528, .box_w = 32, .box_h = 32, .ofs_x = 0, .ofs_y = 0},    /* U+E062 */
    {.bitmap_index = 38400, .adv_w = 528, .box_w = 32, .box_h = 32, .ofs_x = 0, .ofs_y = 0},    /* U+E063 */
    {.bitmap_index = 38912, .adv_w = 528, .box_w = 32, .box_h = 32, .ofs_x = 0, .ofs_y = 0},    /* U+E064 */
    {.bitmap_index = 39424, .adv_w = 528, .box_w = 32, .box_h = 32, .ofs_x = 0, .ofs_y = 0},    /* U+E065 */
    {.bitmap_index = 39936, .adv_w = 528, .box_w = 32, .box_h = 32, .ofs_x = 0, .ofs_y = 0},    /* U+E066 */
    {.bitmap_index = 40448, .adv_w = 528, .box_w = 32, .box_h = 32, .ofs_x = 0, .ofs_y = 0},    /* U+E067 */
    {.bitmap_index = 40960, .adv_w = 528, .box_w = 32, .box_h = 32, .ofs_x = 0, .ofs_y = 0},    /* U+E068 */
    {.bitmap_index = 41472, .adv_w = 528, .box_w = 32, .box_h = 32, .ofs_x = 0, .ofs_y = 0},    /* U+E069 */
    {.bitmap_index = 0, .adv_w = 512, .box_w = 0, .box_h = 0, .ofs_x = 0, .ofs_y = 0},    /* U+E06A empty */
    {.bitmap_index = 0, .adv_w = 512, .box_w = 0, .box_h = 0, .ofs_x = 0, .ofs_y = 0},    /* U+E06B empty */
    {.bitmap_index = 41984, .adv_w = 528, .box_w = 32, .box_h = 32, .ofs_x = 0, .ofs_y = 0},    /* U+E06C */
    {.bitmap_index = 42496, .adv_w = 528, .box_w = 32, .box_h = 32, .ofs_x = 0, .ofs_y = 0},    /* U+E06D */
    {.bitmap_index = 43008, .adv_w = 528, .box_w = 32, .box_h = 32, .ofs_x = 0, .ofs_y = 0},    /* U+E06E */
    {.bitmap_index = 43520, .adv_w = 528, .box_w = 32, .box_h = 32, .ofs_x = 0, .ofs_y = 0},    /* U+E06F */
    {.bitmap_index = 44032, .adv_w = 528, .box_w = 32, .box_h = 32, .ofs_x = 0, .ofs_y = 0},    /* U+E070 */
    {.bitmap_index = 44544, .adv_w = 528, .box_w = 32, .box_h = 32, .ofs_x = 0, .ofs_y = 0},    /* U+E071 */
    {.bitmap_index = 45056, .adv_w = 528, .box_w = 32, .box_h = 32, .ofs_x = 0, .ofs_y = 0},    /* U+E072 */
    {.bitmap_index = 45568, .adv_w = 528, .box_w = 32, .box_h = 32, .ofs_x = 0, .ofs_y = 0},    /* U+E073 */
    {.bitmap_index = 46080, .adv_w = 528, .box_w = 32, .box_h = 32, .ofs_x = 0, .ofs_y = 0},    /* U+E074 */
    {.bitmap_index = 46592, .adv_w = 528, .box_w = 32, .box_h = 32, .ofs_x = 0, .ofs_y = 0},    /* U+E075 */
    {.bitmap_index = 47104, .adv_w = 528, .box_w = 32, .box_h = 32, .ofs_x = 0, .ofs_y = 0},    /* U+E076 */
    {.bitmap_index = 47616, .adv_w = 528, .box_w = 32, .box_h = 32, .ofs_x = 0, .ofs_y = 0},    /* U+E077 */
    {.bitmap_index = 48128, .adv_w = 528, .box_w = 32, .box_h = 32, .ofs_x = 0, .ofs_y = 0},    /* U+E078 */
};

/*-----------------------
 *  Character map
 *-----------------------*/

static const lv_font_fmt_txt_cmap_t cmaps[] = {
    {
        .range_start = 57344, .range_length = 121, .glyph_id_start = 1,
        .unicode_list = NULL, .glyph_id_ofs_list = NULL, .list_length = 0,
        .type = LV_FONT_FMT_TXT_CMAP_FORMAT0_TINY
    }
};

/*-----------------------
 *  Font descriptor
 *-----------------------*/

static const lv_font_fmt_txt_dsc_t font_dsc = {
    .glyph_bitmap = glyph_bitmap,
    .glyph_dsc = glyph_dsc,
    .cmaps = cmaps,
    .kern_dsc = NULL,
    .kern_scale = 0,
    .cmap_num = 1,
    .bpp = 4,
    .kern_classes = 0,
    .bitmap_format = 0
};

/*-----------------------
 *  Public font
 *-----------------------*/

const lv_font_t asuro_icons_32 = {
    .get_glyph_dsc = lv_font_get_glyph_dsc_fmt_txt,
    .get_glyph_bitmap = lv_font_get_bitmap_fmt_txt,
    .line_height = 32,
    .base_line = 0,
    .subpx = LV_FONT_SUBPX_NONE,
    .underline_position = 0,
    .underline_thickness = 0,
    .dsc = &font_dsc,
    .fallback = NULL,
    .user_data = NULL
};

#endif /* ASURO_ICONS_32 */
