/*******************************************************************************
 * Size: 14 px
 * Bpp: 4
 * Opts: --bpp 4 --size 14 --no-compress --stride 1 --align 1 --font Hack-Regular.ttf --range 0-65535 --format lvgl -o hack_14.c
 ******************************************************************************/

#ifdef __has_include
    #if __has_include("lvgl.h")
        #ifndef LV_LVGL_H_INCLUDE_SIMPLE
            #define LV_LVGL_H_INCLUDE_SIMPLE
        #endif
    #endif
#endif

#ifdef LV_LVGL_H_INCLUDE_SIMPLE
    #include "lvgl.h"
#else
    #include "lvgl/lvgl.h"
#endif



#ifndef HACK_14
#define HACK_14 1
#endif

#if HACK_14

/*-----------------
 *    BITMAPS
 *----------------*/

/*Store the image of the glyphs*/
static LV_ATTRIBUTE_LARGE_CONST const uint8_t glyph_bitmap[] = {
    /* U+0000 "\u0000" */

    /* U+000D "\r" */

    /* U+0020 " " */

    /* U+0021 "!" */
    0xbf, 0x1b, 0xf1, 0xbf, 0x1a, 0xf0, 0x8e, 0x6,
    0xd0, 0x4b, 0x2, 0x50, 0xdf, 0x39, 0xe1,

    /* U+0022 "\"" */
    0xb8, 0x1f, 0x2b, 0x81, 0xf2, 0xb8, 0x1f, 0x29,
    0x61, 0xd1,

    /* U+0023 "#" */
    0x0, 0x8, 0x80, 0xc5, 0x0, 0x0, 0xc5, 0xf,
    0x10, 0x0, 0xf, 0x13, 0xd0, 0x3, 0xff, 0xff,
    0xff, 0xf6, 0x2, 0x9a, 0x2c, 0x62, 0x0, 0xc,
    0x40, 0xf1, 0x0, 0xef, 0xff, 0xff, 0xf9, 0x1,
    0x6c, 0x29, 0x92, 0x10, 0x9, 0x80, 0xc4, 0x0,
    0x0, 0xd4, 0xf, 0x0, 0x0,

    /* U+0024 "$" */
    0x0, 0x3f, 0x0, 0x0, 0x6, 0xf4, 0x10, 0x1e,
    0xbe, 0xbe, 0x9, 0xa0, 0xc0, 0x10, 0xaa, 0xc,
    0x0, 0x4, 0xf9, 0xd1, 0x0, 0x3, 0xaf, 0xfa,
    0x0, 0x0, 0xc2, 0xe6, 0x0, 0xc, 0xb, 0x87,
    0x41, 0xc2, 0xe5, 0x5c, 0xff, 0xe7, 0x0, 0x3,
    0xf0, 0x0, 0x0, 0x3f, 0x0, 0x0, 0x0, 0x20,
    0x0,

    /* U+0025 "%" */
    0x1c, 0xea, 0x0, 0x0, 0xa, 0x60, 0x97, 0x0,
    0x0, 0xa6, 0x9, 0x70, 0x1, 0x2, 0xce, 0xa0,
    0x18, 0x90, 0x0, 0x1, 0x89, 0x20, 0x0, 0x18,
    0x92, 0x0, 0x0, 0x69, 0x20, 0x5e, 0xe5, 0x1,
    0x0, 0x1e, 0x11, 0xe1, 0x0, 0x1, 0xe1, 0x1e,
    0x10, 0x0, 0x6, 0xee, 0x60,

    /* U+0026 "&" */
    0x0, 0x8e, 0xfc, 0x0, 0x0, 0x4f, 0x31, 0x40,
    0x0, 0x4, 0xe0, 0x0, 0x0, 0x0, 0xe, 0x60,
    0x0, 0x0, 0xa, 0x9e, 0x30, 0x6, 0x14, 0xd0,
    0x4e, 0x10, 0xe2, 0x9a, 0x0, 0x8d, 0x1f, 0x8,
    0xd0, 0x0, 0xce, 0x90, 0x1f, 0x92, 0x2a, 0xf6,
    0x0, 0x3b, 0xfe, 0x97, 0xe1,

    /* U+0027 "'" */
    0x6c, 0x6c, 0x6c, 0x5a,

    /* U+0028 "(" */
    0x3, 0xd0, 0xc, 0x60, 0x3f, 0x0, 0x8b, 0x0,
    0xc8, 0x0, 0xe6, 0x0, 0xf6, 0x0, 0xd7, 0x0,
    0xa9, 0x0, 0x6d, 0x0, 0xf, 0x30, 0x7, 0xa0,
    0x0, 0x70,

    /* U+0029 ")" */
    0x7a, 0x0, 0xe, 0x30, 0x9, 0xa0, 0x4, 0xf0,
    0x1, 0xf3, 0x0, 0xf5, 0x0, 0xf6, 0x0, 0xf4,
    0x3, 0xf1, 0x6, 0xd0, 0xc, 0x60, 0x3e, 0x0,
    0x44, 0x0,

    /* U+002A "*" */
    0x0, 0x3, 0x90, 0x0, 0x0, 0x3, 0xa0, 0x0,
    0xb, 0x66, 0xb4, 0xa5, 0x1, 0x8f, 0xfb, 0x40,
    0x0, 0x1e, 0xd6, 0x0, 0x0, 0xa7, 0x1d, 0x10,
    0x1, 0xa0, 0x5, 0x70,

    /* U+002B "+" */
    0x0, 0x2, 0x40, 0x0, 0x0, 0x5, 0xc0, 0x0,
    0x0, 0x5, 0xc0, 0x0, 0x0, 0x5, 0xc0, 0x0,
    0x6f, 0xff, 0xff, 0xfd, 0x12, 0x27, 0xd2, 0x22,
    0x0, 0x5, 0xc0, 0x0, 0x0, 0x5, 0xc0, 0x0,

    /* U+002C "," */
    0x0, 0x0, 0xb, 0xf2, 0xa, 0xf6, 0x0, 0xa5,
    0x3, 0xd0, 0x1c, 0x20, 0x0, 0x0,

    /* U+002D "-" */
    0x9f, 0xff, 0xff, 0x1, 0x22, 0x22, 0x20,

    /* U+002E "." */
    0x24, 0xd, 0xf3, 0xae, 0x10,

    /* U+002F "/" */
    0x0, 0x0, 0x2, 0xf2, 0x0, 0x0, 0xa, 0xa0,
    0x0, 0x0, 0x1f, 0x30, 0x0, 0x0, 0x8b, 0x0,
    0x0, 0x1, 0xf4, 0x0, 0x0, 0x7, 0xc0, 0x0,
    0x0, 0xe, 0x50, 0x0, 0x0, 0x6d, 0x0, 0x0,
    0x0, 0xe6, 0x0, 0x0, 0x5, 0xe0, 0x0, 0x0,
    0xd, 0x70, 0x0, 0x0, 0x18, 0x0, 0x0, 0x0,

    /* U+0030 "0" */
    0x0, 0x7e, 0xfb, 0x10, 0x5, 0xf6, 0x3c, 0xc0,
    0xc, 0xa2, 0x83, 0xf3, 0xf, 0x66, 0xd0, 0xf6,
    0x1f, 0x47, 0xe0, 0xe7, 0x1f, 0x45, 0xd0, 0xe7,
    0xf, 0x62, 0x80, 0xf6, 0xc, 0xa0, 0x3, 0xf3,
    0x5, 0xf6, 0x3c, 0xc0, 0x0, 0x7e, 0xfb, 0x10,

    /* U+0031 "1" */
    0x0, 0x7f, 0x50, 0x0, 0x6f, 0xf5, 0x0, 0x2f,
    0x4f, 0x50, 0x0, 0x30, 0xf5, 0x0, 0x0, 0xf,
    0x50, 0x0, 0x0, 0xf5, 0x0, 0x0, 0xf, 0x50,
    0x0, 0x0, 0xf5, 0x0, 0x3, 0x3f, 0x73, 0x12,
    0xff, 0xff, 0xf7,

    /* U+0032 "2" */
    0x6c, 0xfe, 0xa1, 0xb, 0x74, 0x4d, 0xc0, 0x0,
    0x0, 0x5f, 0x10, 0x0, 0x6, 0xf0, 0x0, 0x0,
    0xd9, 0x0, 0x0, 0xab, 0x0, 0x0, 0x9c, 0x0,
    0x0, 0x9c, 0x0, 0x0, 0x8d, 0x33, 0x33, 0xf,
    0xff, 0xff, 0xf3,

    /* U+0033 "3" */
    0x6d, 0xfe, 0xb2, 0x6, 0x53, 0x4b, 0xe0, 0x0,
    0x0, 0x3f, 0x20, 0x0, 0x19, 0xe0, 0x3, 0xff,
    0xd2, 0x0, 0x2, 0x4b, 0xc0, 0x0, 0x0, 0xf,
    0x50, 0x0, 0x0, 0xf6, 0xa5, 0x34, 0xbf, 0x1a,
    0xdf, 0xeb, 0x30,

    /* U+0034 "4" */
    0x0, 0x0, 0x8f, 0x60, 0x0, 0x4, 0xcf, 0x60,
    0x0, 0x1d, 0x2f, 0x60, 0x0, 0xa7, 0xf, 0x60,
    0x5, 0xc0, 0xf, 0x60, 0x1e, 0x20, 0xf, 0x60,
    0x4f, 0xff, 0xff, 0xfb, 0x2, 0x22, 0x2f, 0x71,
    0x0, 0x0, 0xf, 0x60, 0x0, 0x0, 0xf, 0x60,

    /* U+0035 "5" */
    0x9, 0xff, 0xff, 0x90, 0x9, 0xb3, 0x33, 0x10,
    0x9, 0xa0, 0x0, 0x0, 0x9, 0xff, 0xe9, 0x10,
    0x5, 0x53, 0x6e, 0xb0, 0x0, 0x0, 0x4, 0xf2,
    0x0, 0x0, 0x1, 0xf4, 0x0, 0x0, 0x4, 0xf2,
    0xa, 0x53, 0x5e, 0xb0, 0xb, 0xef, 0xd9, 0x10,

    /* U+0036 "6" */
    0x0, 0x4c, 0xfe, 0x80, 0x3, 0xf9, 0x43, 0x50,
    0xb, 0x90, 0x0, 0x0, 0xf, 0x7c, 0xec, 0x30,
    0x1f, 0xe6, 0x3a, 0xe1, 0x1f, 0x90, 0x0, 0xf6,
    0xf, 0x70, 0x0, 0xd7, 0xc, 0x90, 0x0, 0xf6,
    0x6, 0xf5, 0x29, 0xf1, 0x0, 0x7e, 0xfc, 0x30,

    /* U+0037 "7" */
    0xf, 0xff, 0xff, 0xf5, 0x3, 0x33, 0x37, 0xf0,
    0x0, 0x0, 0xb, 0xa0, 0x0, 0x0, 0x1f, 0x30,
    0x0, 0x0, 0x7d, 0x0, 0x0, 0x0, 0xe7, 0x0,
    0x0, 0x4, 0xf1, 0x0, 0x0, 0xb, 0xb0, 0x0,
    0x0, 0x1f, 0x40, 0x0, 0x0, 0x8e, 0x0, 0x0,

    /* U+0038 "8" */
    0x1, 0x9e, 0xfc, 0x40, 0x9, 0xe3, 0x19, 0xf1,
    0xd, 0x80, 0x1, 0xf4, 0x8, 0xd1, 0x7, 0xe0,
    0x0, 0x9f, 0xfd, 0x20, 0x8, 0xd4, 0x39, 0xd1,
    0xf, 0x50, 0x0, 0xf6, 0xf, 0x50, 0x0, 0xe7,
    0xc, 0xd4, 0x29, 0xf2, 0x1, 0xae, 0xfc, 0x40,

    /* U+0039 "9" */
    0x1, 0xae, 0xfb, 0x10, 0xb, 0xc3, 0x2b, 0xc0,
    0xf, 0x50, 0x2, 0xf3, 0xf, 0x40, 0x1, 0xf5,
    0xc, 0xb0, 0x9, 0xf7, 0x2, 0xdf, 0xf9, 0xd7,
    0x0, 0x1, 0x10, 0xf5, 0x0, 0x0, 0x5, 0xf1,
    0x4, 0x63, 0x6e, 0x90, 0x4, 0xdf, 0xe8, 0x0,

    /* U+003A ":" */
    0x9e, 0x2c, 0xf4, 0x14, 0x0, 0x0, 0x0, 0x9,
    0xe2, 0xcf, 0x41, 0x40,

    /* U+003B ";" */
    0x3, 0x50, 0xe, 0xf4, 0xa, 0xe1, 0x0, 0x0,
    0x0, 0x0, 0x0, 0x20, 0xc, 0xf4, 0xa, 0xf8,
    0x0, 0x96, 0x2, 0xe1, 0x2d, 0x30, 0x0, 0x0,

    /* U+003C "<" */
    0x0, 0x0, 0x1, 0x6a, 0x0, 0x3, 0xaf, 0xc6,
    0x6, 0xde, 0x93, 0x0, 0x6f, 0xa0, 0x0, 0x0,
    0x17, 0xde, 0x82, 0x0, 0x0, 0x4, 0xaf, 0xc5,
    0x0, 0x0, 0x1, 0x7b, 0x0, 0x0, 0x0, 0x0,

    /* U+003D "=" */
    0x6f, 0xff, 0xff, 0xfd, 0x13, 0x33, 0x33, 0x32,
    0x0, 0x0, 0x0, 0x0, 0x6f, 0xff, 0xff, 0xfd,
    0x13, 0x33, 0x33, 0x32,

    /* U+003E ">" */
    0x59, 0x30, 0x0, 0x0, 0x2a, 0xfc, 0x60, 0x0,
    0x0, 0x6, 0xcf, 0x93, 0x0, 0x0, 0x4, 0xed,
    0x0, 0x5, 0xbf, 0xa3, 0x29, 0xfd, 0x71, 0x0,
    0x5a, 0x40, 0x0, 0x0, 0x0, 0x0, 0x0, 0x0,

    /* U+003F "?" */
    0x19, 0xef, 0xc3, 0x4, 0x84, 0x3b, 0xe0, 0x0,
    0x0, 0x5f, 0x0, 0x0, 0x1d, 0x80, 0x0, 0x1e,
    0x80, 0x0, 0x8, 0xc0, 0x0, 0x0, 0x56, 0x0,
    0x0, 0x0, 0x0, 0x0, 0x0, 0xce, 0x0, 0x0,
    0xb, 0xc0, 0x0,

    /* U+0040 "@" */
    0x0, 0x4c, 0xfd, 0x80, 0x0, 0x6d, 0x40, 0x2b,
    0x80, 0x1f, 0x20, 0x0, 0x2e, 0x7, 0xa0, 0x1b,
    0xd7, 0xf0, 0xb6, 0xc, 0x82, 0x8f, 0xc, 0x41,
    0xf0, 0x0, 0xf0, 0xc3, 0x1e, 0x0, 0xf, 0xa,
    0x50, 0xd6, 0x6, 0xf0, 0x6a, 0x2, 0xbd, 0x9e,
    0x0, 0xe4, 0x0, 0x0, 0x0, 0x4, 0xe7, 0x10,
    0x20, 0x0, 0x2, 0xae, 0xfd, 0x0,

    /* U+0041 "A" */
    0x0, 0xc, 0xf3, 0x0, 0x0, 0x1, 0xfc, 0x80,
    0x0, 0x0, 0x6c, 0x6d, 0x0, 0x0, 0xb, 0x81,
    0xf2, 0x0, 0x0, 0xf3, 0xc, 0x70, 0x0, 0x5e,
    0x0, 0x7c, 0x0, 0xa, 0xff, 0xff, 0xf1, 0x0,
    0xf6, 0x22, 0x2e, 0x60, 0x4f, 0x10, 0x0, 0xab,
    0x9, 0xd0, 0x0, 0x6, 0xf0,

    /* U+0042 "B" */
    0xdf, 0xff, 0xc5, 0xd, 0x92, 0x38, 0xf2, 0xd8,
    0x0, 0xf, 0x6d, 0x80, 0x6, 0xf2, 0xdf, 0xff,
    0xf5, 0xd, 0x92, 0x37, 0xf3, 0xd8, 0x0, 0xb,
    0xad, 0x80, 0x0, 0xab, 0xd9, 0x23, 0x6f, 0x6d,
    0xff, 0xfd, 0x70,

    /* U+0043 "C" */
    0x0, 0x2a, 0xef, 0xc2, 0x1, 0xeb, 0x43, 0x74,
    0x9, 0xe0, 0x0, 0x0, 0xe, 0x80, 0x0, 0x0,
    0xf, 0x70, 0x0, 0x0, 0xf, 0x70, 0x0, 0x0,
    0xe, 0x80, 0x0, 0x0, 0x9, 0xe0, 0x0, 0x0,
    0x2, 0xfb, 0x43, 0x74, 0x0, 0x2b, 0xff, 0xc2,

    /* U+0044 "D" */
    0x1f, 0xff, 0xd7, 0x0, 0x1f, 0x63, 0x6e, 0xa0,
    0x1f, 0x50, 0x4, 0xf2, 0x1f, 0x50, 0x0, 0xf6,
    0x1f, 0x50, 0x0, 0xe8, 0x1f, 0x50, 0x0, 0xe8,
    0x1f, 0x50, 0x0, 0xf6, 0x1f, 0x50, 0x4, 0xf2,
    0x1f, 0x63, 0x6e, 0xa0, 0x1f, 0xff, 0xd7, 0x0,

    /* U+0045 "E" */
    0xaf, 0xff, 0xff, 0x6a, 0xc3, 0x33, 0x31, 0xab,
    0x0, 0x0, 0xa, 0xb0, 0x0, 0x0, 0xaf, 0xff,
    0xff, 0x3a, 0xc3, 0x33, 0x30, 0xab, 0x0, 0x0,
    0xa, 0xb0, 0x0, 0x0, 0xac, 0x33, 0x33, 0x1a,
    0xff, 0xff, 0xf8,

    /* U+0046 "F" */
    0x6f, 0xff, 0xff, 0x96, 0xf3, 0x33, 0x31, 0x6f,
    0x0, 0x0, 0x6, 0xf0, 0x0, 0x0, 0x6f, 0xff,
    0xff, 0x26, 0xf3, 0x33, 0x30, 0x6f, 0x0, 0x0,
    0x6, 0xf0, 0x0, 0x0, 0x6f, 0x0, 0x0, 0x6,
    0xf0, 0x0, 0x0,

    /* U+0047 "G" */
    0x0, 0x4c, 0xfe, 0x90, 0x5, 0xf8, 0x33, 0x82,
    0xd, 0xa0, 0x0, 0x0, 0x2f, 0x40, 0x0, 0x0,
    0x4f, 0x30, 0x3f, 0xf8, 0x4f, 0x20, 0x2, 0xc8,
    0x2f, 0x40, 0x0, 0xc8, 0xd, 0xa0, 0x0, 0xc8,
    0x5, 0xf8, 0x34, 0xe8, 0x0, 0x5c, 0xfe, 0x91,

    /* U+0048 "H" */
    0x1f, 0x50, 0x0, 0xe8, 0x1f, 0x50, 0x0, 0xe8,
    0x1f, 0x50, 0x0, 0xe8, 0x1f, 0x50, 0x0, 0xe8,
    0x1f, 0xff, 0xff, 0xf8, 0x1f, 0x73, 0x33, 0xe8,
    0x1f, 0x50, 0x0, 0xe8, 0x1f, 0x50, 0x0, 0xe8,
    0x1f, 0x50, 0x0, 0xe8, 0x1f, 0x50, 0x0, 0xe8,

    /* U+0049 "I" */
    0xaf, 0xff, 0xff, 0x1, 0x39, 0xe3, 0x30, 0x0,
    0x7e, 0x0, 0x0, 0x7, 0xe0, 0x0, 0x0, 0x7e,
    0x0, 0x0, 0x7, 0xe0, 0x0, 0x0, 0x7e, 0x0,
    0x0, 0x7, 0xe0, 0x0, 0x13, 0x9e, 0x33, 0xa,
    0xff, 0xff, 0xf0,

    /* U+004A "J" */
    0x0, 0x7f, 0xff, 0x80, 0x1, 0x33, 0xd8, 0x0,
    0x0, 0xd, 0x80, 0x0, 0x0, 0xd8, 0x0, 0x0,
    0xd, 0x80, 0x0, 0x0, 0xd8, 0x0, 0x0, 0xd,
    0x80, 0x0, 0x0, 0xe7, 0x4a, 0x42, 0x7f, 0x31,
    0xae, 0xfe, 0x70,

    /* U+004B "K" */
    0x1f, 0x50, 0x0, 0xcb, 0x1, 0xf5, 0x0, 0xcc,
    0x0, 0x1f, 0x50, 0xbc, 0x0, 0x1, 0xf5, 0xbc,
    0x0, 0x0, 0x1f, 0xef, 0x90, 0x0, 0x1, 0xfd,
    0x5f, 0x40, 0x0, 0x1f, 0x50, 0x9e, 0x10, 0x1,
    0xf5, 0x1, 0xea, 0x0, 0x1f, 0x50, 0x4, 0xf5,
    0x1, 0xf5, 0x0, 0xa, 0xe1,

    /* U+004C "L" */
    0x8d, 0x0, 0x0, 0x8, 0xd0, 0x0, 0x0, 0x8d,
    0x0, 0x0, 0x8, 0xd0, 0x0, 0x0, 0x8d, 0x0,
    0x0, 0x8, 0xd0, 0x0, 0x0, 0x8d, 0x0, 0x0,
    0x8, 0xd0, 0x0, 0x0, 0x8e, 0x33, 0x33, 0x28,
    0xff, 0xff, 0xfc,

    /* U+004D "M" */
    0x6f, 0x90, 0x3, 0xfd, 0x6e, 0xe0, 0x8, 0xed,
    0x6d, 0xa4, 0xe, 0x8d, 0x6d, 0x5a, 0x3b, 0x7d,
    0x6d, 0xe, 0xa6, 0x7d, 0x6d, 0xa, 0xf1, 0x7d,
    0x6d, 0x2, 0x50, 0x7d, 0x6d, 0x0, 0x0, 0x7d,
    0x6d, 0x0, 0x0, 0x7d, 0x6d, 0x0, 0x0, 0x7d,

    /* U+004E "N" */
    0xf, 0xe0, 0x0, 0xd7, 0xf, 0xf5, 0x0, 0xd7,
    0xf, 0xbb, 0x0, 0xd7, 0xf, 0x5f, 0x20, 0xd7,
    0xf, 0x49, 0x90, 0xd7, 0xf, 0x42, 0xf0, 0xd7,
    0xf, 0x40, 0xb6, 0xd7, 0xf, 0x40, 0x5d, 0xd7,
    0xf, 0x40, 0xe, 0xf7, 0xf, 0x40, 0x7, 0xf7,

    /* U+004F "O" */
    0x0, 0x8e, 0xfb, 0x20, 0x7, 0xf5, 0x3b, 0xe0,
    0xe, 0x80, 0x1, 0xf5, 0x1f, 0x50, 0x0, 0xe8,
    0x2f, 0x40, 0x0, 0xd9, 0x2f, 0x40, 0x0, 0xd9,
    0x1f, 0x50, 0x0, 0xe8, 0xe, 0x80, 0x1, 0xf5,
    0x7, 0xf5, 0x3b, 0xd0, 0x0, 0x8e, 0xfb, 0x20,

    /* U+0050 "P" */
    0xdf, 0xff, 0xc5, 0xd, 0xa2, 0x39, 0xf3, 0xd9,
    0x0, 0xe, 0x8d, 0x90, 0x0, 0xe8, 0xd9, 0x0,
    0x7f, 0x4d, 0xff, 0xff, 0x70, 0xda, 0x22, 0x0,
    0xd, 0x90, 0x0, 0x0, 0xd9, 0x0, 0x0, 0xd,
    0x90, 0x0, 0x0,

    /* U+0051 "Q" */
    0x0, 0x8e, 0xfb, 0x20, 0x0, 0x7f, 0x53, 0xbe,
    0x0, 0xe, 0x80, 0x1, 0xf5, 0x1, 0xf5, 0x0,
    0xe, 0x80, 0x2f, 0x40, 0x0, 0xd9, 0x2, 0xf4,
    0x0, 0xd, 0x90, 0x1f, 0x50, 0x0, 0xe8, 0x0,
    0xe8, 0x0, 0x1f, 0x40, 0x7, 0xf5, 0x3b, 0xd0,
    0x0, 0x8, 0xef, 0xf2, 0x0, 0x0, 0x0, 0x2d,
    0xa0, 0x0, 0x0, 0x0, 0x1d, 0xa0,

    /* U+0052 "R" */
    0xf, 0xff, 0xeb, 0x30, 0x0, 0xf7, 0x23, 0xbf,
    0x10, 0xf, 0x50, 0x3, 0xf3, 0x0, 0xf5, 0x0,
    0x9f, 0x10, 0xf, 0xff, 0xfc, 0x20, 0x0, 0xf7,
    0x26, 0xf4, 0x0, 0xf, 0x50, 0x9, 0xd0, 0x0,
    0xf5, 0x0, 0x1f, 0x40, 0xf, 0x50, 0x0, 0xac,
    0x0, 0xf5, 0x0, 0x4, 0xf3,

    /* U+0053 "S" */
    0x0, 0x9e, 0xfd, 0x80, 0xa, 0xd4, 0x25, 0x90,
    0xf, 0x50, 0x0, 0x0, 0xe, 0x90, 0x0, 0x0,
    0x4, 0xee, 0xa5, 0x0, 0x0, 0x4, 0x8e, 0xd0,
    0x0, 0x0, 0x1, 0xf6, 0x0, 0x0, 0x0, 0xe6,
    0xc, 0x63, 0x39, 0xf2, 0x7, 0xcf, 0xfc, 0x40,

    /* U+0054 "T" */
    0xaf, 0xff, 0xff, 0xff, 0x12, 0x33, 0x9e, 0x33,
    0x30, 0x0, 0x7, 0xe0, 0x0, 0x0, 0x0, 0x7e,
    0x0, 0x0, 0x0, 0x7, 0xe0, 0x0, 0x0, 0x0,
    0x7e, 0x0, 0x0, 0x0, 0x7, 0xe0, 0x0, 0x0,
    0x0, 0x7e, 0x0, 0x0, 0x0, 0x7, 0xe0, 0x0,
    0x0, 0x0, 0x7e, 0x0, 0x0,

    /* U+0055 "U" */
    0xf6, 0x0, 0xf, 0x6f, 0x60, 0x0, 0xf6, 0xf6,
    0x0, 0xf, 0x6f, 0x60, 0x0, 0xf6, 0xf6, 0x0,
    0xf, 0x6f, 0x60, 0x0, 0xf6, 0xf6, 0x0, 0xf,
    0x6e, 0x70, 0x0, 0xf5, 0xae, 0x43, 0x9f, 0x11,
    0x9e, 0xfc, 0x40,

    /* U+0056 "V" */
    0x7e, 0x0, 0x0, 0x8e, 0x2, 0xf3, 0x0, 0xc,
    0x90, 0xd, 0x70, 0x1, 0xf4, 0x0, 0x9c, 0x0,
    0x5f, 0x0, 0x4, 0xf0, 0x9, 0xb0, 0x0, 0xf,
    0x40, 0xe6, 0x0, 0x0, 0xa9, 0x2f, 0x10, 0x0,
    0x5, 0xd6, 0xc0, 0x0, 0x0, 0x1f, 0xc7, 0x0,
    0x0, 0x0, 0xcf, 0x30, 0x0,

    /* U+0057 "W" */
    0xe6, 0x0, 0x0, 0xf, 0x5c, 0x80, 0x0, 0x1,
    0xf3, 0x9a, 0x9, 0xf0, 0x3f, 0x7, 0xc0, 0xce,
    0x35, 0xe0, 0x5e, 0xf, 0x96, 0x7b, 0x2, 0xf3,
    0xc5, 0x99, 0x90, 0xf, 0x89, 0x2d, 0xb6, 0x0,
    0xdd, 0x50, 0xed, 0x40, 0xb, 0xf2, 0xb, 0xf2,
    0x0, 0x8e, 0x0, 0x8f, 0x0,

    /* U+0058 "X" */
    0x2f, 0x50, 0x0, 0xbb, 0x0, 0x7e, 0x0, 0x5f,
    0x20, 0x0, 0xd8, 0xe, 0x70, 0x0, 0x3, 0xfa,
    0xc0, 0x0, 0x0, 0xa, 0xf3, 0x0, 0x0, 0x1,
    0xef, 0x80, 0x0, 0x0, 0x9c, 0x3f, 0x20, 0x0,
    0x4f, 0x30, 0xac, 0x0, 0xd, 0x80, 0x1, 0xf5,
    0x8, 0xe0, 0x0, 0x7, 0xe1,

    /* U+0059 "Y" */
    0x7e, 0x10, 0x0, 0x9d, 0x0, 0xd9, 0x0, 0x2f,
    0x40, 0x4, 0xf2, 0xb, 0xb0, 0x0, 0xa, 0xb4,
    0xf2, 0x0, 0x0, 0x1f, 0xe8, 0x0, 0x0, 0x0,
    0x9f, 0x0, 0x0, 0x0, 0x7, 0xe0, 0x0, 0x0,
    0x0, 0x7e, 0x0, 0x0, 0x0, 0x7, 0xe0, 0x0,
    0x0, 0x0, 0x7e, 0x0, 0x0,

    /* U+005A "Z" */
    0x1f, 0xff, 0xff, 0xf8, 0x3, 0x33, 0x37, 0xf3,
    0x0, 0x0, 0xe, 0x80, 0x0, 0x0, 0x9d, 0x0,
    0x0, 0x4, 0xf3, 0x0, 0x0, 0x1e, 0x70, 0x0,
    0x0, 0xac, 0x0, 0x0, 0x4, 0xf2, 0x0, 0x0,
    0x1e, 0x93, 0x33, 0x32, 0x4f, 0xff, 0xff, 0xfa,

    /* U+005B "[" */
    0xcf, 0xff, 0x7c, 0x70, 0x0, 0xc7, 0x0, 0xc,
    0x70, 0x0, 0xc7, 0x0, 0xc, 0x70, 0x0, 0xc7,
    0x0, 0xc, 0x70, 0x0, 0xc7, 0x0, 0xc, 0x70,
    0x0, 0xc7, 0x0, 0xc, 0x70, 0x0, 0xcf, 0xff,
    0x70,

    /* U+005C "\\" */
    0xe, 0x60, 0x0, 0x0, 0x6, 0xd0, 0x0, 0x0,
    0x0, 0xe5, 0x0, 0x0, 0x0, 0x7d, 0x0, 0x0,
    0x0, 0x1f, 0x40, 0x0, 0x0, 0x8, 0xb0, 0x0,
    0x0, 0x1, 0xf3, 0x0, 0x0, 0x0, 0x9a, 0x0,
    0x0, 0x0, 0x2f, 0x20, 0x0, 0x0, 0xb, 0x90,
    0x0, 0x0, 0x3, 0xf1, 0x0, 0x0, 0x0, 0x63,

    /* U+005D "]" */
    0xf, 0xff, 0xf3, 0x0, 0x0, 0xf3, 0x0, 0x0,
    0xf3, 0x0, 0x0, 0xf3, 0x0, 0x0, 0xf3, 0x0,
    0x0, 0xf3, 0x0, 0x0, 0xf3, 0x0, 0x0, 0xf3,
    0x0, 0x0, 0xf3, 0x0, 0x0, 0xf3, 0x0, 0x0,
    0xf3, 0x0, 0x0, 0xf3, 0xf, 0xff, 0xf3,

    /* U+005E "^" */
    0x0, 0xc, 0xf3, 0x0, 0x0, 0x8d, 0x8e, 0x10,
    0x5, 0xe2, 0x9, 0xb0, 0x2e, 0x30, 0x0, 0xb8,

    /* U+005F "_" */
    0x4d, 0xdd, 0xdd, 0xda,

    /* U+0060 "`" */
    0x6, 0x30, 0x0, 0x3e, 0x10, 0x0, 0x5c, 0x0,

    /* U+0061 "a" */
    0x4, 0xce, 0xeb, 0x20, 0x5, 0x62, 0x29, 0xe0,
    0x0, 0x0, 0x0, 0xf3, 0x2, 0xbe, 0xff, 0xf4,
    0xd, 0xa1, 0x0, 0xf4, 0xf, 0x30, 0x4, 0xf4,
    0xd, 0xa2, 0x3c, 0xf5, 0x3, 0xcf, 0xd4, 0xb8,

    /* U+0062 "b" */
    0xb9, 0x0, 0x0, 0xb, 0x90, 0x0, 0x0, 0xb9,
    0x0, 0x0, 0xb, 0xab, 0xfd, 0x30, 0xbf, 0x72,
    0x9f, 0x1b, 0xc0, 0x0, 0xe6, 0xb9, 0x0, 0xc,
    0x8b, 0x90, 0x0, 0xc8, 0xbc, 0x0, 0xe, 0x6b,
    0xf6, 0x18, 0xf1, 0xb8, 0xbf, 0xd3, 0x0,

    /* U+0063 "c" */
    0x3, 0xcf, 0xea, 0x3, 0xf8, 0x23, 0x90, 0xab,
    0x0, 0x0, 0xd, 0x80, 0x0, 0x0, 0xd8, 0x0,
    0x0, 0xa, 0xb0, 0x0, 0x0, 0x3f, 0x82, 0x28,
    0x0, 0x4c, 0xfe, 0xa0,

    /* U+0064 "d" */
    0x0, 0x0, 0x2, 0xf2, 0x0, 0x0, 0x2, 0xf2,
    0x0, 0x0, 0x2, 0xf2, 0x0, 0xaf, 0xe7, 0xf2,
    0x9, 0xd3, 0x3d, 0xf2, 0xf, 0x60, 0x5, 0xf2,
    0x1f, 0x30, 0x2, 0xf2, 0x1f, 0x30, 0x2, 0xf2,
    0xf, 0x60, 0x5, 0xf2, 0x9, 0xd3, 0x3d, 0xf2,
    0x0, 0xaf, 0xe5, 0xf2,

    /* U+0065 "e" */
    0x0, 0x7d, 0xfc, 0x40, 0x7, 0xe4, 0x16, 0xf1,
    0xe, 0x60, 0x0, 0xc7, 0x1f, 0xee, 0xee, 0xf9,
    0x1f, 0x41, 0x11, 0x10, 0xe, 0x70, 0x0, 0x0,
    0x6, 0xf6, 0x23, 0x84, 0x0, 0x6d, 0xfe, 0xa2,

    /* U+0066 "f" */
    0x0, 0x2c, 0xff, 0x10, 0xa, 0xa1, 0x10, 0x0,
    0xc7, 0x0, 0xd, 0xff, 0xff, 0xf1, 0x0, 0xd7,
    0x0, 0x0, 0xd, 0x70, 0x0, 0x0, 0xd7, 0x0,
    0x0, 0xd, 0x70, 0x0, 0x0, 0xd7, 0x0, 0x0,
    0xd, 0x70, 0x0, 0x0, 0xd7, 0x0, 0x0,

    /* U+0067 "g" */
    0x7, 0xee, 0x6d, 0x55, 0xf5, 0x2b, 0xf5, 0xc9,
    0x0, 0x2f, 0x5e, 0x60, 0x0, 0xf5, 0xe6, 0x0,
    0xf, 0x5c, 0x90, 0x2, 0xf5, 0x5f, 0x52, 0xbf,
    0x50, 0x7e, 0xe6, 0xf4, 0x0, 0x0, 0x1f, 0x21,
    0x61, 0x9, 0xc0, 0x1c, 0xfe, 0xb2, 0x0,

    /* U+0068 "h" */
    0xa9, 0x0, 0x0, 0xa, 0x90, 0x0, 0x0, 0xa9,
    0x0, 0x0, 0xa, 0x99, 0xfe, 0x40, 0xaf, 0x72,
    0xae, 0xa, 0xc0, 0x2, 0xf1, 0xa9, 0x0, 0x1f,
    0x2a, 0x90, 0x1, 0xf3, 0xa9, 0x0, 0x1f, 0x3a,
    0x90, 0x1, 0xf3, 0xa9, 0x0, 0x1f, 0x30,

    /* U+0069 "i" */
    0x0, 0x9b, 0x0, 0x0, 0x5, 0x70, 0x0, 0x0,
    0x0, 0x0, 0x2, 0xff, 0xc0, 0x0, 0x0, 0x8c,
    0x0, 0x0, 0x8, 0xc0, 0x0, 0x0, 0x8c, 0x0,
    0x0, 0x8, 0xc0, 0x0, 0x0, 0x7c, 0x0, 0x0,
    0x3, 0xf4, 0x10, 0x0, 0x8, 0xef, 0x70,

    /* U+006A "j" */
    0x0, 0xb, 0x90, 0x0, 0x76, 0x0, 0x0, 0x0,
    0xbf, 0xfb, 0x0, 0x8, 0xb0, 0x0, 0x8b, 0x0,
    0x8, 0xb0, 0x0, 0x8b, 0x0, 0x8, 0xb0, 0x0,
    0x8b, 0x0, 0x8, 0xb0, 0x0, 0x9a, 0x1, 0x2e,
    0x76, 0xff, 0xa0,

    /* U+006B "k" */
    0x7d, 0x0, 0x0, 0x0, 0x7d, 0x0, 0x0, 0x0,
    0x7d, 0x0, 0x0, 0x0, 0x7d, 0x0, 0x5e, 0x30,
    0x7d, 0x5, 0xe3, 0x0, 0x7d, 0x5e, 0x30, 0x0,
    0x7f, 0xfe, 0x10, 0x0, 0x7f, 0x3c, 0xb0, 0x0,
    0x7d, 0x2, 0xf6, 0x0, 0x7d, 0x0, 0x6f, 0x20,
    0x7d, 0x0, 0xb, 0xc0,

    /* U+006C "l" */
    0xcf, 0xf8, 0x0, 0x0, 0xc, 0x80, 0x0, 0x0,
    0xc8, 0x0, 0x0, 0xc, 0x80, 0x0, 0x0, 0xc8,
    0x0, 0x0, 0xc, 0x80, 0x0, 0x0, 0xc8, 0x0,
    0x0, 0xc, 0x80, 0x0, 0x0, 0xb8, 0x0, 0x0,
    0x7, 0xd2, 0x10, 0x0, 0xb, 0xff, 0x30,

    /* U+006D "m" */
    0x4e, 0xbe, 0x7c, 0xe3, 0x4f, 0x18, 0xf0, 0x89,
    0x4e, 0x5, 0xd0, 0x6b, 0x4e, 0x5, 0xd0, 0x6c,
    0x4e, 0x5, 0xd0, 0x6c, 0x4e, 0x5, 0xd0, 0x6c,
    0x4e, 0x5, 0xd0, 0x6c, 0x4e, 0x5, 0xd0, 0x6c,

    /* U+006E "n" */
    0xa9, 0xaf, 0xd4, 0xa, 0xf4, 0x8, 0xe0, 0xab,
    0x0, 0x2f, 0x1a, 0x90, 0x1, 0xf2, 0xa9, 0x0,
    0x1f, 0x3a, 0x90, 0x1, 0xf3, 0xa9, 0x0, 0x1f,
    0x3a, 0x90, 0x1, 0xf3,

    /* U+006F "o" */
    0x0, 0x8e, 0xfc, 0x20, 0x7, 0xe4, 0x2b, 0xd0,
    0xd, 0x80, 0x1, 0xf4, 0xf, 0x50, 0x0, 0xe6,
    0xf, 0x50, 0x0, 0xe6, 0xd, 0x80, 0x1, 0xf4,
    0x7, 0xe4, 0x2b, 0xe0, 0x0, 0x8e, 0xfc, 0x20,

    /* U+0070 "p" */
    0xb9, 0xbe, 0xd3, 0xb, 0xf4, 0x6, 0xe0, 0xbc,
    0x0, 0xe, 0x6b, 0x90, 0x0, 0xc8, 0xb9, 0x0,
    0xc, 0x8b, 0xc0, 0x0, 0xf6, 0xbf, 0x72, 0x9e,
    0xb, 0xab, 0xfd, 0x30, 0xb9, 0x0, 0x0, 0xb,
    0x90, 0x0, 0x0, 0xb9, 0x0, 0x0, 0x0,

    /* U+0071 "q" */
    0x0, 0x9f, 0xe5, 0xf3, 0x7, 0xe4, 0x3c, 0xf3,
    0xd, 0x70, 0x4, 0xf3, 0xf, 0x50, 0x1, 0xf3,
    0xf, 0x40, 0x1, 0xf3, 0xd, 0x70, 0x4, 0xf3,
    0x7, 0xe4, 0x3c, 0xf3, 0x0, 0x9f, 0xe6, 0xf3,
    0x0, 0x0, 0x0, 0xf3, 0x0, 0x0, 0x0, 0xf3,
    0x0, 0x0, 0x0, 0xf3,

    /* U+0072 "r" */
    0xf4, 0xaf, 0xe5, 0xfd, 0x60, 0x23, 0xf9, 0x0,
    0x0, 0xf6, 0x0, 0x0, 0xf5, 0x0, 0x0, 0xf5,
    0x0, 0x0, 0xf5, 0x0, 0x0, 0xf5, 0x0, 0x0,

    /* U+0073 "s" */
    0x8, 0xef, 0xd6, 0x5, 0xe3, 0x14, 0x50, 0x7d,
    0x0, 0x0, 0x2, 0xed, 0x95, 0x0, 0x0, 0x59,
    0xeb, 0x0, 0x0, 0x5, 0xf0, 0x66, 0x22, 0xac,
    0x5, 0xcf, 0xfb, 0x20,

    /* U+0074 "t" */
    0x0, 0x4, 0x10, 0x0, 0x0, 0x1f, 0x30, 0x0,
    0x0, 0x1f, 0x30, 0x0, 0x1f, 0xff, 0xff, 0xf1,
    0x0, 0x1f, 0x30, 0x0, 0x0, 0x1f, 0x30, 0x0,
    0x0, 0x1f, 0x30, 0x0, 0x0, 0x1f, 0x30, 0x0,
    0x0, 0xf, 0x30, 0x0, 0x0, 0xe, 0x80, 0x0,
    0x0, 0x4, 0xdf, 0xf1,

    /* U+0075 "u" */
    0xa9, 0x0, 0x1f, 0x3a, 0x90, 0x1, 0xf3, 0xa9,
    0x0, 0x1f, 0x3a, 0x90, 0x1, 0xf3, 0xa9, 0x0,
    0x1f, 0x39, 0xa0, 0x4, 0xf3, 0x6f, 0x43, 0xbf,
    0x30, 0xaf, 0xd4, 0xf3,

    /* U+0076 "v" */
    0x2f, 0x20, 0x0, 0xb9, 0xc, 0x70, 0x1, 0xf3,
    0x7, 0xd0, 0x6, 0xe0, 0x2, 0xf2, 0xb, 0x80,
    0x0, 0xc7, 0x1f, 0x30, 0x0, 0x7c, 0x6e, 0x0,
    0x0, 0x1f, 0xd8, 0x0, 0x0, 0xc, 0xf3, 0x0,

    /* U+0077 "w" */
    0xe5, 0x0, 0x0, 0xe, 0x4a, 0x80, 0x0, 0x1,
    0xf1, 0x7c, 0x4, 0x80, 0x5d, 0x3, 0xf0, 0xaf,
    0x18, 0xa0, 0xf, 0x2d, 0x95, 0xb6, 0x0, 0xc8,
    0xb4, 0x9e, 0x30, 0x8, 0xf6, 0xe, 0xf0, 0x0,
    0x5f, 0x20, 0xbc, 0x0,

    /* U+0078 "x" */
    0xd, 0x80, 0x2, 0xf4, 0x2, 0xf3, 0xc, 0x90,
    0x0, 0x6e, 0x9d, 0x0, 0x0, 0xb, 0xf2, 0x0,
    0x0, 0x1e, 0xf6, 0x0, 0x0, 0xab, 0x4f, 0x20,
    0x6, 0xe1, 0x9, 0xc0, 0x2f, 0x50, 0x0, 0xd8,

    /* U+0079 "y" */
    0x1f, 0x30, 0x0, 0xaa, 0xb, 0x90, 0x0, 0xf5,
    0x5, 0xe0, 0x5, 0xe0, 0x0, 0xe5, 0xb, 0x90,
    0x0, 0x9a, 0x1f, 0x30, 0x0, 0x3f, 0x7d, 0x0,
    0x0, 0xd, 0xf7, 0x0, 0x0, 0x7, 0xf1, 0x0,
    0x0, 0x9, 0xb0, 0x0, 0x0, 0x3f, 0x50, 0x0,
    0xb, 0xf9, 0x0, 0x0,

    /* U+007A "z" */
    0x7f, 0xff, 0xff, 0x10, 0x0, 0x9, 0xd0, 0x0,
    0x5, 0xf2, 0x0, 0x2, 0xf5, 0x0, 0x0, 0xd9,
    0x0, 0x0, 0x9c, 0x0, 0x0, 0x5f, 0x20, 0x0,
    0x9, 0xff, 0xff, 0xf1,

    /* U+007B "{" */
    0x0, 0x1, 0xcf, 0x90, 0x0, 0x8d, 0x10, 0x0,
    0xa, 0xa0, 0x0, 0x0, 0xaa, 0x0, 0x0, 0xb,
    0x90, 0x0, 0x2, 0xe6, 0x0, 0x1f, 0xfc, 0x0,
    0x0, 0x2, 0xe6, 0x0, 0x0, 0xb, 0x90, 0x0,
    0x0, 0xaa, 0x0, 0x0, 0xa, 0xa0, 0x0, 0x0,
    0x8d, 0x10, 0x0, 0x1, 0xcf, 0xa0,

    /* U+007C "|" */
    0x6c, 0x6c, 0x6c, 0x6c, 0x6c, 0x6c, 0x6c, 0x6c,
    0x6c, 0x6c, 0x6c, 0x6c, 0x6c, 0x6c, 0x36,

    /* U+007D "}" */
    0x3f, 0xd6, 0x0, 0x0, 0x7, 0xf0, 0x0, 0x0,
    0x3f, 0x0, 0x0, 0x3, 0xf1, 0x0, 0x0, 0x2f,
    0x10, 0x0, 0x0, 0xf9, 0x10, 0x0, 0x6, 0xff,
    0x90, 0x0, 0xf9, 0x10, 0x0, 0x2f, 0x10, 0x0,
    0x3, 0xf1, 0x0, 0x0, 0x3f, 0x0, 0x0, 0x7,
    0xe0, 0x0, 0x3f, 0xe6, 0x0, 0x0,

    /* U+007E "~" */
    0x7, 0xeb, 0x10, 0x3c, 0x2e, 0x39, 0xc1, 0x8a,
    0x5b, 0x0, 0xaf, 0xe2, 0x1, 0x0, 0x1, 0x0,

    /* U+00A0 " " */

    /* U+00A1 "¡" */
    0x8e, 0x2c, 0xf5, 0x15, 0x0, 0x0, 0x3c, 0x5,
    0xe0, 0x7f, 0x9, 0xf1, 0xaf, 0x2a, 0xf2, 0xaf,
    0x20,

    /* U+00A2 "¢" */
    0x0, 0x3, 0x70, 0x0, 0x0, 0x37, 0x0, 0x1,
    0xaf, 0xfd, 0x20, 0xcb, 0x57, 0x42, 0x4f, 0x13,
    0x70, 0x7, 0xd0, 0x37, 0x0, 0x7d, 0x3, 0x70,
    0x4, 0xf1, 0x37, 0x0, 0xc, 0xb6, 0x84, 0x20,
    0x1a, 0xef, 0xc2, 0x0, 0x3, 0x70, 0x0, 0x0,
    0x37, 0x0,

    /* U+00A3 "£" */
    0x0, 0x4, 0xdf, 0xe5, 0x0, 0x1f, 0x91, 0x33,
    0x0, 0x5f, 0x10, 0x0, 0x0, 0x6f, 0x0, 0x0,
    0x0, 0x7f, 0x0, 0x0, 0xc, 0xff, 0xff, 0x70,
    0x0, 0x7f, 0x0, 0x0, 0x0, 0x7f, 0x0, 0x0,
    0x3, 0x8f, 0x33, 0x31, 0xf, 0xff, 0xff, 0xf9,

    /* U+00A4 "¤" */
    0x33, 0x0, 0x4, 0x22, 0xdb, 0xdb, 0xd1, 0xa,
    0x60, 0x78, 0x0, 0xd0, 0x1, 0xb0, 0xa, 0x60,
    0x78, 0x2, 0xdb, 0xea, 0xd2, 0x33, 0x0, 0x4,
    0x20,

    /* U+00A5 "¥" */
    0x6f, 0x10, 0x0, 0xac, 0x0, 0xab, 0x0, 0x4f,
    0x20, 0x1, 0xe5, 0xe, 0x50, 0x2, 0xcd, 0xea,
    0xec, 0x80, 0x0, 0xb, 0xf2, 0x0, 0x2, 0xcc,
    0xdf, 0xcc, 0x70, 0x0, 0x7, 0xe0, 0x0, 0x0,
    0x0, 0x7e, 0x0, 0x0, 0x0, 0x7, 0xe0, 0x0,
    0x0, 0x0, 0x7e, 0x0, 0x0,

    /* U+00A6 "¦" */
    0x13, 0x6c, 0x6c, 0x6c, 0x6c, 0x6c, 0x0, 0x13,
    0x6c, 0x6c, 0x6c, 0x6c, 0x6c,

    /* U+00A7 "§" */
    0x6, 0xef, 0xd4, 0x1, 0xf5, 0x3, 0x30, 0x1f,
    0x40, 0x0, 0x0, 0xaf, 0x70, 0x0, 0x4d, 0x4c,
    0xd2, 0x9, 0x80, 0x9, 0xd0, 0x5f, 0x40, 0x1f,
    0x0, 0x6f, 0x9a, 0xa0, 0x0, 0x1b, 0xf1, 0x0,
    0x0, 0xc, 0x90, 0x5, 0x11, 0xd7, 0x0, 0xcf,
    0xfa, 0x0,

    /* U+00A8 "¨" */
    0x10, 0x1, 0xc, 0x82, 0xf3, 0x32, 0x4, 0x0,

    /* U+00A9 "©" */
    0x0, 0x7b, 0xba, 0x20, 0x0, 0xb6, 0x0, 0x2b,
    0x40, 0x84, 0x3a, 0xa9, 0xc, 0xb, 0x1d, 0x10,
    0x0, 0x74, 0xb4, 0xa0, 0x0, 0x5, 0x6b, 0x1d,
    0x10, 0x0, 0x74, 0x85, 0x3a, 0xa9, 0xc, 0x0,
    0xb6, 0x0, 0x2b, 0x30, 0x0, 0x7b, 0xb9, 0x20,
    0x0,

    /* U+00AA "ª" */
    0x7, 0xcc, 0x80, 0x2, 0x0, 0xb5, 0x3, 0xac,
    0xe7, 0xe, 0x30, 0x78, 0x1e, 0x11, 0xd8, 0x7,
    0xdb, 0x76, 0xd, 0xdd, 0xd7,

    /* U+00AB "«" */
    0x0, 0x1, 0x0, 0x10, 0x4, 0xb0, 0x3c, 0x5,
    0xe3, 0x4e, 0x44, 0xe2, 0x3f, 0x30, 0x2d, 0x71,
    0xd8, 0x0, 0x1d, 0x71, 0xc9, 0x0, 0x8, 0x0,
    0x80, 0x0, 0x0, 0x0,

    /* U+00AC "¬" */
    0x0, 0x0, 0x0, 0x0, 0x6f, 0xff, 0xff, 0xfd,
    0x13, 0x33, 0x33, 0x7d, 0x0, 0x0, 0x0, 0x5d,
    0x0, 0x0, 0x0, 0x2,

    /* U+00AD "­" */
    0x8f, 0xff, 0x12, 0x22,

    /* U+00AE "®" */
    0x0, 0x7b, 0xba, 0x20, 0x0, 0xb6, 0x0, 0x2b,
    0x40, 0x84, 0x6a, 0x97, 0xc, 0xb, 0x8, 0x50,
    0xe0, 0x74, 0xb0, 0x8b, 0xc6, 0x5, 0x6b, 0x8,
    0x54, 0xa0, 0x74, 0x85, 0x75, 0xa, 0x4c, 0x0,
    0xb6, 0x0, 0x2b, 0x30, 0x0, 0x7b, 0xb9, 0x20,
    0x0,

    /* U+00AF "¯" */
    0xce, 0xee, 0x31, 0x11, 0x10,

    /* U+00B0 "°" */
    0x2c, 0xd6, 0xb, 0x40, 0xc2, 0xd0, 0x8, 0x5b,
    0x40, 0xc2, 0x2c, 0xd6, 0x0,

    /* U+00B1 "±" */
    0x0, 0x5, 0xc0, 0x0, 0x0, 0x5, 0xc0, 0x0,
    0x6f, 0xff, 0xff, 0xfd, 0x13, 0x37, 0xd3, 0x32,
    0x0, 0x5, 0xc0, 0x0, 0x0, 0x4, 0x90, 0x0,
    0x13, 0x33, 0x33, 0x32, 0x6f, 0xff, 0xff, 0xfd,

    /* U+00B2 "²" */
    0x8b, 0xd8, 0x0, 0x1, 0xf0, 0x0, 0x95, 0x1,
    0xa4, 0x0, 0xce, 0xcc, 0x10,

    /* U+00B3 "³" */
    0x5b, 0xcc, 0x0, 0x7d, 0xa0, 0x0, 0xd, 0x20,
    0x0, 0xd3, 0x9c, 0xd8, 0x0,

    /* U+00B4 "´" */
    0x0, 0x72, 0x9, 0xa0, 0x5b, 0x0,

    /* U+00B5 "µ" */
    0xe6, 0x0, 0x4f, 0xe, 0x60, 0x4, 0xf0, 0xe6,
    0x0, 0x4f, 0xe, 0x60, 0x4, 0xf0, 0xe6, 0x0,
    0x4f, 0xe, 0x70, 0x6, 0xf0, 0xee, 0x33, 0xdf,
    0x3e, 0x8e, 0xe6, 0xdc, 0xe4, 0x0, 0x0, 0xe,
    0x40, 0x0, 0x0, 0xe4, 0x0, 0x0, 0x0,

    /* U+00B6 "¶" */
    0x1, 0xae, 0xfd, 0xf0, 0xd, 0xff, 0xc0, 0xe0,
    0x3f, 0xff, 0xc0, 0xe0, 0x3f, 0xff, 0xc0, 0xe0,
    0xc, 0xff, 0xc0, 0xe0, 0x1, 0x9d, 0xc0, 0xe0,
    0x0, 0x3, 0xc0, 0xe0, 0x0, 0x3, 0xc0, 0xe0,
    0x0, 0x3, 0xc0, 0xe0, 0x0, 0x3, 0xc0, 0xe0,
    0x0, 0x3, 0xc0, 0xe0, 0x0, 0x2, 0xa0, 0xc0,

    /* U+00B7 "·" */
    0x14, 0xc, 0xf3, 0x9e, 0x10,

    /* U+00B8 "¸" */
    0x0, 0x0, 0x0, 0xb2, 0x0, 0x87, 0x3e, 0xd3,

    /* U+00B9 "¹" */
    0x6b, 0xd0, 0x0, 0x2d, 0x0, 0x2, 0xd0, 0x0,
    0x2d, 0x0, 0x6c, 0xfc, 0x30,

    /* U+00BA "º" */
    0x4, 0xcc, 0x90, 0x1e, 0x10, 0x98, 0x4c, 0x0,
    0x5b, 0x1e, 0x20, 0xa8, 0x4, 0xcc, 0x90, 0x0,
    0x0, 0x0, 0x1d, 0xdd, 0xd6,

    /* U+00BB "»" */
    0x10, 0x1, 0x0, 0x6, 0x80, 0x4a, 0x0, 0xc,
    0xa0, 0xab, 0x0, 0xb, 0xa0, 0xab, 0x3, 0xe5,
    0x2d, 0x73, 0xe4, 0x2e, 0x60, 0x53, 0x4, 0x40,
    0x0, 0x0, 0x0, 0x0,

    /* U+00BC "¼" */
    0x0, 0x10, 0x0, 0x0, 0x5c, 0xf1, 0x0, 0x0,
    0x0, 0xe1, 0x0, 0x0, 0x0, 0xe1, 0x0, 0x0,
    0x0, 0xe1, 0x0, 0x0, 0x0, 0xe1, 0x0, 0x0,
    0x3c, 0xdc, 0x50, 0x33, 0x0, 0x48, 0xbb, 0x83,
    0x8b, 0x73, 0x3, 0x40, 0x0, 0x0, 0x2d, 0xa0,
    0x0, 0x0, 0xa5, 0xa0, 0x0, 0x8, 0x44, 0xa0,
    0x0, 0xc, 0xcd, 0xe5, 0x0, 0x0, 0x4, 0xa0,
    0x0, 0x0, 0x1, 0x40,

    /* U+00BD "½" */
    0x28, 0x90, 0x0, 0x0, 0x23, 0xe1, 0x0, 0x0,
    0x0, 0xe1, 0x0, 0x0, 0x0, 0xe1, 0x0, 0x0,
    0x0, 0xe1, 0x0, 0x0, 0x3c, 0xdc, 0x50, 0x23,
    0x0, 0x4, 0x9d, 0xc4, 0x4a, 0xeb, 0x61, 0x0,
    0x64, 0x3, 0xbc, 0x90, 0x0, 0x1, 0x0, 0xb5,
    0x0, 0x0, 0x0, 0xd2, 0x0, 0x0, 0xa, 0x50,
    0x0, 0x0, 0xb5, 0x0, 0x0, 0x5, 0xdc, 0xc6,

    /* U+00BE "¾" */
    0x1b, 0xca, 0x10, 0x0, 0x1, 0x9, 0x80, 0x0,
    0x0, 0x9, 0x70, 0x0, 0x2, 0xdd, 0x10, 0x0,
    0x0, 0x7, 0xa0, 0x0, 0x10, 0x7, 0xa0, 0x0,
    0x3c, 0xca, 0x11, 0x54, 0x2, 0x59, 0xca, 0x72,
    0x9a, 0x62, 0x4, 0x50, 0x0, 0x0, 0x2d, 0xa0,
    0x0, 0x0, 0xa5, 0xa0, 0x0, 0x8, 0x44, 0xa0,
    0x0, 0xc, 0xcd, 0xe5, 0x0, 0x0, 0x4, 0xa0,
    0x0, 0x0, 0x1, 0x40,

    /* U+00BF "¿" */
    0x0, 0x5f, 0x40, 0x0, 0x5f, 0x50, 0x0, 0x0,
    0x0, 0x0, 0x4f, 0x0, 0x0, 0x5f, 0x0, 0x0,
    0xcb, 0x0, 0xb, 0xd1, 0x0, 0x7f, 0x20, 0x0,
    0xab, 0x0, 0x0, 0x7f, 0x52, 0x7a, 0x9, 0xef,
    0xc5,

    /* U+00C0 "À" */
    0x0, 0x3e, 0x10, 0x0, 0x0, 0x0, 0x6b, 0x0,
    0x0, 0x0, 0x0, 0x0, 0x0, 0x0, 0x0, 0xcf,
    0x30, 0x0, 0x0, 0x1f, 0xc8, 0x0, 0x0, 0x6,
    0xc6, 0xd0, 0x0, 0x0, 0xb8, 0x1f, 0x20, 0x0,
    0xf, 0x30, 0xc7, 0x0, 0x5, 0xe0, 0x7, 0xc0,
    0x0, 0xaf, 0xff, 0xff, 0x10, 0xf, 0x62, 0x22,
    0xe6, 0x4, 0xf1, 0x0, 0xa, 0xb0, 0x9d, 0x0,
    0x0, 0x6f, 0x0,

    /* U+00C1 "Á" */
    0x0, 0x0, 0x99, 0x0, 0x0, 0x0, 0x4c, 0x0,
    0x0, 0x0, 0x0, 0x0, 0x0, 0x0, 0x0, 0xcf,
    0x30, 0x0, 0x0, 0x1f, 0xc8, 0x0, 0x0, 0x6,
    0xc6, 0xd0, 0x0, 0x0, 0xb8, 0x1f, 0x20, 0x0,
    0xf, 0x30, 0xc7, 0x0, 0x5, 0xe0, 0x7, 0xc0,
    0x0, 0xaf, 0xff, 0xff, 0x10, 0xf, 0x62, 0x22,
    0xe6, 0x4, 0xf1, 0x0, 0xa, 0xb0, 0x9d, 0x0,
    0x0, 0x6f, 0x0,

    /* U+00C2 "Â" */
    0x0, 0xc, 0xe3, 0x0, 0x0, 0x8, 0x82, 0xc0,
    0x0, 0x0, 0x0, 0x0, 0x0, 0x0, 0x0, 0xcf,
    0x30, 0x0, 0x0, 0x1f, 0xc8, 0x0, 0x0, 0x6,
    0xc6, 0xd0, 0x0, 0x0, 0xb8, 0x1f, 0x20, 0x0,
    0xf, 0x30, 0xc7, 0x0, 0x5, 0xe0, 0x7, 0xc0,
    0x0, 0xaf, 0xff, 0xff, 0x10, 0xf, 0x62, 0x22,
    0xe6, 0x4, 0xf1, 0x0, 0xa, 0xb0, 0x9d, 0x0,
    0x0, 0x6f, 0x0,

    /* U+00C3 "Ã" */
    0x0, 0x8c, 0x47, 0x50, 0x0, 0xc, 0x1a, 0xc1,
    0x0, 0x0, 0x0, 0x0, 0x0, 0x0, 0x0, 0xcf,
    0x30, 0x0, 0x0, 0x1f, 0xc8, 0x0, 0x0, 0x6,
    0xc6, 0xd0, 0x0, 0x0, 0xb8, 0x1f, 0x20, 0x0,
    0xf, 0x30, 0xc7, 0x0, 0x5, 0xe0, 0x7, 0xc0,
    0x0, 0xaf, 0xff, 0xff, 0x10, 0xf, 0x62, 0x22,
    0xe6, 0x4, 0xf1, 0x0, 0xa, 0xb0, 0x9d, 0x0,
    0x0, 0x6f, 0x0,

    /* U+00C4 "Ä" */
    0x0, 0x10, 0x1, 0x0, 0x0, 0xc, 0x82, 0xf3,
    0x0, 0x0, 0x32, 0x4, 0x0, 0x0, 0x0, 0x0,
    0x0, 0x0, 0x0, 0xc, 0xf3, 0x0, 0x0, 0x1,
    0xfc, 0x80, 0x0, 0x0, 0x6c, 0x6d, 0x0, 0x0,
    0xb, 0x81, 0xf2, 0x0, 0x0, 0xf3, 0xc, 0x70,
    0x0, 0x5e, 0x0, 0x7c, 0x0, 0xa, 0xff, 0xff,
    0xf1, 0x0, 0xf6, 0x22, 0x2e, 0x60, 0x4f, 0x10,
    0x0, 0xab, 0x9, 0xd0, 0x0, 0x6, 0xf0,

    /* U+00C5 "Å" */
    0x0, 0x1b, 0xd5, 0x0, 0x0, 0x8, 0x50, 0xd0,
    0x0, 0x0, 0x86, 0x1d, 0x0, 0x0, 0x0, 0xef,
    0x60, 0x0, 0x0, 0x2f, 0xc8, 0x0, 0x0, 0x7,
    0xc5, 0xd0, 0x0, 0x0, 0xc8, 0x1f, 0x20, 0x0,
    0x1f, 0x30, 0xc7, 0x0, 0x5, 0xe0, 0x7, 0xc0,
    0x0, 0xaf, 0xff, 0xff, 0x10, 0xf, 0x62, 0x22,
    0xe6, 0x4, 0xf1, 0x0, 0xa, 0xb0, 0x9d, 0x0,
    0x0, 0x6f, 0x0,

    /* U+00C6 "Æ" */
    0x0, 0x5f, 0xff, 0xff, 0x0, 0xa, 0x9b, 0xb3,
    0x20, 0x0, 0xe3, 0xaa, 0x0, 0x0, 0x2f, 0xa,
    0xa0, 0x0, 0x7, 0xa0, 0xaf, 0xfb, 0x0, 0xb6,
    0xa, 0xb3, 0x20, 0xf, 0xff, 0xfa, 0x0, 0x4,
    0xe2, 0x2b, 0xa0, 0x0, 0x9a, 0x0, 0xab, 0x33,
    0xd, 0x60, 0xa, 0xff, 0xf1,

    /* U+00C7 "Ç" */
    0x0, 0x2b, 0xff, 0xc2, 0x2, 0xeb, 0x43, 0x74,
    0x9, 0xe0, 0x0, 0x0, 0xe, 0x80, 0x0, 0x0,
    0xf, 0x70, 0x0, 0x0, 0xf, 0x60, 0x0, 0x0,
    0xe, 0x80, 0x0, 0x0, 0xa, 0xd0, 0x0, 0x0,
    0x2, 0xfa, 0x32, 0x64, 0x0, 0x3c, 0xff, 0xd2,
    0x0, 0x0, 0xc, 0x0, 0x0, 0x0, 0xd, 0x20,
    0x0, 0x8, 0xec, 0x0,

    /* U+00C8 "È" */
    0x0, 0xd4, 0x0, 0x0, 0x2, 0xd1, 0x0, 0x0,
    0x0, 0x0, 0xa, 0xff, 0xff, 0xf6, 0xac, 0x33,
    0x33, 0x1a, 0xb0, 0x0, 0x0, 0xab, 0x0, 0x0,
    0xa, 0xff, 0xff, 0xf3, 0xac, 0x33, 0x33, 0xa,
    0xb0, 0x0, 0x0, 0xab, 0x0, 0x0, 0xa, 0xc3,
    0x33, 0x31, 0xaf, 0xff, 0xff, 0x80,

    /* U+00C9 "É" */
    0x0, 0x9, 0x90, 0x0, 0x4, 0xc0, 0x0, 0x0,
    0x0, 0x0, 0xa, 0xff, 0xff, 0xf6, 0xac, 0x33,
    0x33, 0x1a, 0xb0, 0x0, 0x0, 0xab, 0x0, 0x0,
    0xa, 0xff, 0xff, 0xf3, 0xac, 0x33, 0x33, 0xa,
    0xb0, 0x0, 0x0, 0xab, 0x0, 0x0, 0xa, 0xc3,
    0x33, 0x31, 0xaf, 0xff, 0xff, 0x80,

    /* U+00CA "Ê" */
    0x0, 0xae, 0x50, 0x0, 0x69, 0x1c, 0x10, 0x0,
    0x0, 0x0, 0xa, 0xff, 0xff, 0xf6, 0xac, 0x33,
    0x33, 0x1a, 0xb0, 0x0, 0x0, 0xab, 0x0, 0x0,
    0xa, 0xff, 0xff, 0xf3, 0xac, 0x33, 0x33, 0xa,
    0xb0, 0x0, 0x0, 0xab, 0x0, 0x0, 0xa, 0xc3,
    0x33, 0x31, 0xaf, 0xff, 0xff, 0x80,

    /* U+00CB "Ë" */
    0x0, 0x0, 0x10, 0x0, 0xba, 0xf, 0x50, 0x2,
    0x20, 0x41, 0x0, 0x0, 0x0, 0x0, 0xaf, 0xff,
    0xff, 0x6a, 0xc3, 0x33, 0x31, 0xab, 0x0, 0x0,
    0xa, 0xb0, 0x0, 0x0, 0xaf, 0xff, 0xff, 0x3a,
    0xc3, 0x33, 0x30, 0xab, 0x0, 0x0, 0xa, 0xb0,
    0x0, 0x0, 0xac, 0x33, 0x33, 0x1a, 0xff, 0xff,
    0xf8,

    /* U+00CC "Ì" */
    0x2, 0xe2, 0x0, 0x0, 0x4, 0xc0, 0x0, 0x0,
    0x0, 0x0, 0xa, 0xff, 0xff, 0xf0, 0x13, 0x9e,
    0x33, 0x0, 0x7, 0xe0, 0x0, 0x0, 0x7e, 0x0,
    0x0, 0x7, 0xe0, 0x0, 0x0, 0x7e, 0x0, 0x0,
    0x7, 0xe0, 0x0, 0x0, 0x7e, 0x0, 0x1, 0x39,
    0xe3, 0x30, 0xaf, 0xff, 0xff, 0x0,

    /* U+00CD "Í" */
    0x0, 0x9, 0x90, 0x0, 0x4, 0xc0, 0x0, 0x0,
    0x0, 0x0, 0xa, 0xff, 0xff, 0xf0, 0x13, 0x9e,
    0x33, 0x0, 0x7, 0xe0, 0x0, 0x0, 0x7e, 0x0,
    0x0, 0x7, 0xe0, 0x0, 0x0, 0x7e, 0x0, 0x0,
    0x7, 0xe0, 0x0, 0x0, 0x7e, 0x0, 0x1, 0x39,
    0xe3, 0x30, 0xaf, 0xff, 0xff, 0x0,

    /* U+00CE "Î" */
    0x0, 0xce, 0x30, 0x0, 0x87, 0x2c, 0x0, 0x0,
    0x0, 0x0, 0xa, 0xff, 0xff, 0xf0, 0x13, 0x9e,
    0x33, 0x0, 0x7, 0xe0, 0x0, 0x0, 0x7e, 0x0,
    0x0, 0x7, 0xe0, 0x0, 0x0, 0x7e, 0x0, 0x0,
    0x7, 0xe0, 0x0, 0x0, 0x7e, 0x0, 0x1, 0x39,
    0xe3, 0x30, 0xaf, 0xff, 0xff, 0x0,

    /* U+00CF "Ï" */
    0x1, 0x0, 0x10, 0x0, 0xc8, 0x2f, 0x30, 0x3,
    0x20, 0x40, 0x0, 0x0, 0x0, 0x0, 0xaf, 0xff,
    0xff, 0x1, 0x39, 0xe3, 0x30, 0x0, 0x7e, 0x0,
    0x0, 0x7, 0xe0, 0x0, 0x0, 0x7e, 0x0, 0x0,
    0x7, 0xe0, 0x0, 0x0, 0x7e, 0x0, 0x0, 0x7,
    0xe0, 0x0, 0x13, 0x9e, 0x33, 0xa, 0xff, 0xff,
    0xf0,

    /* U+00D0 "Ð" */
    0x1f, 0xff, 0xd7, 0x0, 0x1f, 0x63, 0x6f, 0x90,
    0x1f, 0x50, 0x5, 0xf2, 0x1f, 0x50, 0x0, 0xf6,
    0xdf, 0xfe, 0x10, 0xe8, 0x2f, 0x61, 0x0, 0xe7,
    0x1f, 0x50, 0x0, 0xf6, 0x1f, 0x50, 0x5, 0xf2,
    0x1f, 0x63, 0x6f, 0x90, 0x1f, 0xff, 0xd7, 0x0,

    /* U+00D1 "Ñ" */
    0x0, 0x8c, 0x47, 0x50, 0x0, 0xc1, 0xac, 0x10,
    0x0, 0x0, 0x0, 0x0, 0xf, 0xe0, 0x0, 0xd7,
    0xf, 0xf5, 0x0, 0xd7, 0xf, 0xbb, 0x0, 0xd7,
    0xf, 0x5f, 0x20, 0xd7, 0xf, 0x49, 0x90, 0xd7,
    0xf, 0x42, 0xf0, 0xd7, 0xf, 0x40, 0xb6, 0xd7,
    0xf, 0x40, 0x5d, 0xd7, 0xf, 0x40, 0xe, 0xf7,
    0xf, 0x40, 0x7, 0xf7,

    /* U+00D2 "Ò" */
    0x0, 0x1c, 0x50, 0x0, 0x0, 0x1, 0x70, 0x0,
    0x0, 0x0, 0x0, 0x0, 0x0, 0x8e, 0xfb, 0x20,
    0x7, 0xf5, 0x3b, 0xe0, 0xe, 0x80, 0x1, 0xf5,
    0x1f, 0x50, 0x0, 0xe8, 0x2f, 0x40, 0x0, 0xd9,
    0x2f, 0x40, 0x0, 0xd9, 0x1f, 0x50, 0x0, 0xe8,
    0xe, 0x80, 0x1, 0xf5, 0x7, 0xf5, 0x3b, 0xd0,
    0x0, 0x8e, 0xfb, 0x20,

    /* U+00D3 "Ó" */
    0x0, 0x0, 0xa8, 0x0, 0x0, 0x2, 0x60, 0x0,
    0x0, 0x0, 0x0, 0x0, 0x0, 0x8e, 0xfb, 0x20,
    0x7, 0xf5, 0x3b, 0xe0, 0xe, 0x80, 0x1, 0xf5,
    0x1f, 0x50, 0x0, 0xe8, 0x2f, 0x40, 0x0, 0xd9,
    0x2f, 0x40, 0x0, 0xd9, 0x1f, 0x50, 0x0, 0xe8,
    0xe, 0x80, 0x1, 0xf5, 0x7, 0xf5, 0x3b, 0xd0,
    0x0, 0x8e, 0xfb, 0x20,

    /* U+00D4 "Ô" */
    0x0, 0xb, 0xb7, 0x0, 0x0, 0x43, 0x6, 0x10,
    0x0, 0x0, 0x0, 0x0, 0x0, 0x8e, 0xfb, 0x20,
    0x7, 0xf5, 0x3b, 0xe0, 0xe, 0x80, 0x1, 0xf5,
    0x1f, 0x50, 0x0, 0xe8, 0x2f, 0x40, 0x0, 0xd9,
    0x2f, 0x40, 0x0, 0xd9, 0x1f, 0x50, 0x0, 0xe8,
    0xe, 0x80, 0x1, 0xf5, 0x7, 0xf5, 0x3b, 0xd0,
    0x0, 0x8e, 0xfb, 0x20,

    /* U+00D5 "Õ" */
    0x0, 0x9c, 0xdc, 0x30, 0x0, 0x0, 0x0, 0x0,
    0x0, 0x0, 0x0, 0x0, 0x0, 0x8e, 0xfb, 0x20,
    0x7, 0xf5, 0x3b, 0xe0, 0xe, 0x80, 0x1, 0xf5,
    0x1f, 0x50, 0x0, 0xe8, 0x2f, 0x40, 0x0, 0xd9,
    0x2f, 0x40, 0x0, 0xd9, 0x1f, 0x50, 0x0, 0xe8,
    0xe, 0x80, 0x1, 0xf5, 0x7, 0xf5, 0x3b, 0xd0,
    0x0, 0x8e, 0xfb, 0x20,

    /* U+00D6 "Ö" */
    0x0, 0x10, 0x1, 0x0, 0x0, 0xc8, 0x2f, 0x30,
    0x0, 0x32, 0x4, 0x0, 0x0, 0x0, 0x0, 0x0,
    0x0, 0x8e, 0xfb, 0x20, 0x7, 0xf5, 0x3b, 0xe0,
    0xe, 0x80, 0x1, 0xf5, 0x1f, 0x50, 0x0, 0xe8,
    0x2f, 0x40, 0x0, 0xd9, 0x2f, 0x40, 0x0, 0xd9,
    0x1f, 0x50, 0x0, 0xe8, 0xe, 0x80, 0x1, 0xf5,
    0x7, 0xf5, 0x3b, 0xd0, 0x0, 0x8e, 0xfb, 0x20,

    /* U+00D7 "×" */
    0x52, 0x0, 0x7, 0x9, 0xe2, 0x9, 0xe1, 0x9,
    0xe9, 0xe2, 0x0, 0xd, 0xf4, 0x0, 0x8, 0xea,
    0xd1, 0x8, 0xe2, 0xa, 0xd1, 0x62, 0x0, 0x8,
    0x0,

    /* U+00D8 "Ø" */
    0x0, 0x0, 0x0, 0x1, 0x0, 0x8, 0xef, 0xb3,
    0xd0, 0x7, 0xf5, 0x3b, 0xf5, 0x0, 0xe8, 0x0,
    0x8f, 0x40, 0x1f, 0x50, 0x4c, 0xe8, 0x2, 0xf4,
    0x1d, 0x1d, 0x90, 0x3f, 0x4b, 0x40, 0xd9, 0x1,
    0xfc, 0x80, 0xe, 0x80, 0xe, 0xc0, 0x1, 0xf5,
    0x1, 0xef, 0x53, 0xbe, 0x0, 0xa5, 0x8e, 0xfc,
    0x20, 0x1, 0x0, 0x0, 0x0, 0x0,

    /* U+00D9 "Ù" */
    0x1, 0xc4, 0x0, 0x0, 0x1, 0x70, 0x0, 0x0,
    0x0, 0x0, 0xf, 0x60, 0x0, 0xf6, 0xf6, 0x0,
    0xf, 0x6f, 0x60, 0x0, 0xf6, 0xf6, 0x0, 0xf,
    0x6f, 0x60, 0x0, 0xf6, 0xf6, 0x0, 0xf, 0x6f,
    0x60, 0x0, 0xf6, 0xe7, 0x0, 0xf, 0x5a, 0xe4,
    0x39, 0xf1, 0x19, 0xef, 0xc4, 0x0,

    /* U+00DA "Ú" */
    0x0, 0xc, 0x50, 0x0, 0x4, 0x40, 0x0, 0x0,
    0x0, 0x0, 0xf, 0x60, 0x0, 0xf6, 0xf6, 0x0,
    0xf, 0x6f, 0x60, 0x0, 0xf6, 0xf6, 0x0, 0xf,
    0x6f, 0x60, 0x0, 0xf6, 0xf6, 0x0, 0xf, 0x6f,
    0x60, 0x0, 0xf6, 0xe7, 0x0, 0xf, 0x5a, 0xe4,
    0x39, 0xf1, 0x19, 0xef, 0xc4, 0x0,

    /* U+00DB "Û" */
    0x1, 0xcc, 0x50, 0x0, 0x52, 0x6, 0x0, 0x0,
    0x0, 0x0, 0xf, 0x60, 0x0, 0xf6, 0xf6, 0x0,
    0xf, 0x6f, 0x60, 0x0, 0xf6, 0xf6, 0x0, 0xf,
    0x6f, 0x60, 0x0, 0xf6, 0xf6, 0x0, 0xf, 0x6f,
    0x60, 0x0, 0xf6, 0xe7, 0x0, 0xf, 0x5a, 0xe4,
    0x39, 0xf1, 0x19, 0xef, 0xc4, 0x0,

    /* U+00DC "Ü" */
    0x1, 0x0, 0x10, 0x0, 0xc8, 0x2f, 0x30, 0x3,
    0x20, 0x40, 0x0, 0x0, 0x0, 0x0, 0xf6, 0x0,
    0xf, 0x6f, 0x60, 0x0, 0xf6, 0xf6, 0x0, 0xf,
    0x6f, 0x60, 0x0, 0xf6, 0xf6, 0x0, 0xf, 0x6f,
    0x60, 0x0, 0xf6, 0xf6, 0x0, 0xf, 0x6e, 0x70,
    0x0, 0xf5, 0xae, 0x43, 0x9f, 0x11, 0x9e, 0xfc,
    0x40,

    /* U+00DD "Ý" */
    0x0, 0x0, 0xb7, 0x0, 0x0, 0x0, 0x6a, 0x0,
    0x0, 0x0, 0x0, 0x0, 0x0, 0x7, 0xe1, 0x0,
    0x9, 0xd0, 0xd, 0x90, 0x2, 0xf4, 0x0, 0x4f,
    0x20, 0xbb, 0x0, 0x0, 0xab, 0x4f, 0x20, 0x0,
    0x1, 0xfe, 0x80, 0x0, 0x0, 0x9, 0xf0, 0x0,
    0x0, 0x0, 0x7e, 0x0, 0x0, 0x0, 0x7, 0xe0,
    0x0, 0x0, 0x0, 0x7e, 0x0, 0x0, 0x0, 0x7,
    0xe0, 0x0, 0x0,

    /* U+00DE "Þ" */
    0xac, 0x0, 0x0, 0xa, 0xff, 0xfd, 0x80, 0xac,
    0x23, 0x6f, 0x9a, 0xc0, 0x0, 0x9d, 0xac, 0x0,
    0x8, 0xea, 0xc0, 0x3, 0xea, 0xaf, 0xff, 0xfb,
    0x1a, 0xc2, 0x20, 0x0, 0xac, 0x0, 0x0, 0xa,
    0xc0, 0x0, 0x0,

    /* U+00DF "ß" */
    0x9, 0xef, 0xb1, 0x6, 0xe3, 0x1a, 0xb0, 0xa9,
    0x0, 0x7f, 0xb, 0x90, 0xc9, 0x20, 0xb9, 0x5e,
    0x0, 0xb, 0x93, 0xf4, 0x0, 0xb9, 0x7, 0xf9,
    0xb, 0x90, 0x3, 0xe8, 0xb9, 0x0, 0x7, 0xdb,
    0x94, 0x12, 0xca, 0xb9, 0xaf, 0xea, 0x10,

    /* U+00E0 "à" */
    0x0, 0xaa, 0x0, 0x0, 0x0, 0xb, 0x60, 0x0,
    0x0, 0x0, 0x70, 0x0, 0x0, 0x0, 0x0, 0x0,
    0x4, 0xce, 0xfb, 0x20, 0x5, 0x62, 0x29, 0xe0,
    0x0, 0x0, 0x0, 0xf3, 0x2, 0xae, 0xff, 0xf4,
    0xc, 0xa1, 0x0, 0xf4, 0xf, 0x30, 0x3, 0xf4,
    0xd, 0xa1, 0x3d, 0xf5, 0x3, 0xcf, 0xe7, 0xb8,

    /* U+00E1 "á" */
    0x0, 0x0, 0x3e, 0x20, 0x0, 0x1, 0xd3, 0x0,
    0x0, 0x4, 0x40, 0x0, 0x0, 0x0, 0x0, 0x0,
    0x4, 0xce, 0xfb, 0x20, 0x5, 0x62, 0x29, 0xe0,
    0x0, 0x0, 0x0, 0xf3, 0x2, 0xae, 0xff, 0xf4,
    0xc, 0xa1, 0x0, 0xf4, 0xf, 0x30, 0x3, 0xf4,
    0xd, 0xa1, 0x3d, 0xf5, 0x3, 0xcf, 0xe7, 0xb8,

    /* U+00E2 "â" */
    0x0, 0x9, 0xe1, 0x0, 0x0, 0x4b, 0x4b, 0x0,
    0x0, 0x61, 0x5, 0x20, 0x0, 0x0, 0x0, 0x0,
    0x4, 0xce, 0xfb, 0x20, 0x5, 0x62, 0x29, 0xe0,
    0x0, 0x0, 0x0, 0xf3, 0x2, 0xae, 0xff, 0xf4,
    0xc, 0xa1, 0x0, 0xf4, 0xf, 0x30, 0x3, 0xf4,
    0xd, 0xa1, 0x3d, 0xf5, 0x3, 0xcf, 0xe7, 0xb8,

    /* U+00E3 "ã" */
    0x0, 0x6c, 0x15, 0x60, 0x0, 0xc3, 0xa8, 0x40,
    0x0, 0xb0, 0x7b, 0x0, 0x0, 0x0, 0x0, 0x0,
    0x4, 0xce, 0xfb, 0x20, 0x5, 0x62, 0x29, 0xe0,
    0x0, 0x0, 0x0, 0xf3, 0x2, 0xae, 0xff, 0xf4,
    0xc, 0xa1, 0x0, 0xf4, 0xf, 0x30, 0x3, 0xf4,
    0xd, 0xa1, 0x3d, 0xf5, 0x3, 0xcf, 0xe7, 0xb8,

    /* U+00E4 "ä" */
    0x0, 0xc9, 0x1f, 0x30, 0x0, 0x53, 0x6, 0x10,
    0x0, 0x0, 0x0, 0x0, 0x4, 0xce, 0xfb, 0x20,
    0x5, 0x62, 0x29, 0xe0, 0x0, 0x0, 0x0, 0xf3,
    0x2, 0xae, 0xff, 0xf4, 0xc, 0xa1, 0x0, 0xf4,
    0xf, 0x30, 0x3, 0xf4, 0xd, 0xa1, 0x3d, 0xf5,
    0x3, 0xcf, 0xe7, 0xb8,

    /* U+00E5 "å" */
    0x0, 0x1b, 0xd5, 0x0, 0x0, 0x86, 0xd, 0x0,
    0x0, 0x86, 0xd, 0x0, 0x0, 0x1b, 0xd5, 0x0,
    0x0, 0x0, 0x0, 0x0, 0x4, 0xce, 0xfb, 0x20,
    0x5, 0x62, 0x29, 0xe0, 0x0, 0x0, 0x0, 0xf3,
    0x2, 0xae, 0xff, 0xf4, 0xc, 0xa1, 0x0, 0xf4,
    0xf, 0x30, 0x3, 0xf4, 0xd, 0xa1, 0x3d, 0xf5,
    0x3, 0xcf, 0xe7, 0xb8,

    /* U+00E6 "æ" */
    0x2c, 0xfb, 0x6e, 0xe6, 0x2, 0x31, 0xaf, 0x34,
    0xf0, 0x0, 0x4, 0xd0, 0xf, 0x20, 0xae, 0xff,
    0xff, 0xf3, 0x8b, 0x14, 0xd0, 0x0, 0xa, 0x70,
    0x5e, 0x0, 0x0, 0x9b, 0x2a, 0xf6, 0x27, 0x1,
    0xcf, 0xa4, 0xdf, 0xb0,

    /* U+00E7 "ç" */
    0x4, 0xcf, 0xe9, 0x2, 0xf8, 0x23, 0x80, 0xac,
    0x0, 0x0, 0xc, 0x80, 0x0, 0x0, 0xc8, 0x0,
    0x0, 0xa, 0xb0, 0x0, 0x0, 0x3f, 0x81, 0x17,
    0x0, 0x4c, 0xff, 0xb0, 0x0, 0x2, 0xb0, 0x0,
    0x0, 0xf, 0x0, 0x0, 0xbe, 0xa0, 0x0,

    /* U+00E8 "è" */
    0x0, 0x8b, 0x0, 0x0, 0x0, 0xa, 0x80, 0x0,
    0x0, 0x0, 0x70, 0x0, 0x0, 0x0, 0x0, 0x0,
    0x0, 0x7d, 0xfc, 0x40, 0x6, 0xe4, 0x26, 0xf2,
    0xe, 0x50, 0x0, 0xb7, 0x1f, 0xff, 0xff, 0xf9,
    0x1f, 0x30, 0x0, 0x0, 0xe, 0x70, 0x0, 0x0,
    0x6, 0xf6, 0x23, 0x84, 0x0, 0x6d, 0xfe, 0xb2,

    /* U+00E9 "é" */
    0x0, 0x0, 0x2e, 0x30, 0x0, 0x0, 0xd4, 0x0,
    0x0, 0x3, 0x50, 0x0, 0x0, 0x0, 0x0, 0x0,
    0x0, 0x7d, 0xfc, 0x40, 0x6, 0xe4, 0x26, 0xf2,
    0xe, 0x50, 0x0, 0xb7, 0x1f, 0xff, 0xff, 0xf9,
    0x1f, 0x30, 0x0, 0x0, 0xe, 0x70, 0x0, 0x0,
    0x6, 0xf6, 0x23, 0x84, 0x0, 0x6d, 0xfe, 0xb2,

    /* U+00EA "ê" */
    0x0, 0x8, 0xf2, 0x0, 0x0, 0x3c, 0x4c, 0x0,
    0x0, 0x52, 0x5, 0x20, 0x0, 0x0, 0x0, 0x0,
    0x0, 0x7d, 0xfc, 0x40, 0x6, 0xe4, 0x26, 0xf2,
    0xe, 0x50, 0x0, 0xb7, 0x1f, 0xff, 0xff, 0xf9,
    0x1f, 0x30, 0x0, 0x0, 0xe, 0x70, 0x0, 0x0,
    0x6, 0xf6, 0x23, 0x84, 0x0, 0x6d, 0xfe, 0xb2,

    /* U+00EB "ë" */
    0x0, 0xba, 0xf, 0x50, 0x0, 0x44, 0x6, 0x10,
    0x0, 0x0, 0x0, 0x0, 0x0, 0x7d, 0xfc, 0x40,
    0x6, 0xe4, 0x26, 0xf2, 0xe, 0x50, 0x0, 0xb7,
    0x1f, 0xff, 0xff, 0xf9, 0x1f, 0x30, 0x0, 0x0,
    0xe, 0x70, 0x0, 0x0, 0x6, 0xf6, 0x23, 0x84,
    0x0, 0x6d, 0xfe, 0xb2,

    /* U+00EC "ì" */
    0x27, 0x0, 0x0, 0x0, 0x99, 0x0, 0x0, 0x0,
    0xb6, 0x0, 0x0, 0x0, 0x0, 0x0, 0x2f, 0xfc,
    0x0, 0x0, 0x8, 0xc0, 0x0, 0x0, 0x8c, 0x0,
    0x0, 0x8, 0xc0, 0x0, 0x0, 0x8c, 0x0, 0x0,
    0x7, 0xc0, 0x0, 0x0, 0x3f, 0x41, 0x0, 0x0,
    0x8e, 0xf7,

    /* U+00ED "í" */
    0x0, 0x0, 0x64, 0x0, 0x0, 0x5d, 0x10, 0x0,
    0x2d, 0x10, 0x0, 0x0, 0x0, 0x0, 0x2f, 0xfc,
    0x0, 0x0, 0x8, 0xc0, 0x0, 0x0, 0x8c, 0x0,
    0x0, 0x8, 0xc0, 0x0, 0x0, 0x8c, 0x0, 0x0,
    0x7, 0xc0, 0x0, 0x0, 0x3f, 0x41, 0x0, 0x0,
    0x8e, 0xf7,

    /* U+00EE "î" */
    0x0, 0x55, 0x0, 0x0, 0x2d, 0xd3, 0x0, 0xc,
    0x32, 0xc0, 0x0, 0x0, 0x0, 0x0, 0x2f, 0xfc,
    0x0, 0x0, 0x8, 0xc0, 0x0, 0x0, 0x8c, 0x0,
    0x0, 0x8, 0xc0, 0x0, 0x0, 0x8c, 0x0, 0x0,
    0x7, 0xc0, 0x0, 0x0, 0x3f, 0x41, 0x0, 0x0,
    0x8e, 0xf7,

    /* U+00EF "ï" */
    0xf, 0x64, 0xf1, 0x0, 0x62, 0x16, 0x0, 0x0,
    0x0, 0x0, 0x2, 0xff, 0xc0, 0x0, 0x0, 0x8c,
    0x0, 0x0, 0x8, 0xc0, 0x0, 0x0, 0x8c, 0x0,
    0x0, 0x8, 0xc0, 0x0, 0x0, 0x7c, 0x0, 0x0,
    0x3, 0xf4, 0x10, 0x0, 0x8, 0xef, 0x70,

    /* U+00F0 "ð" */
    0x0, 0x7e, 0x36, 0x50, 0x1, 0x7e, 0xf5, 0x0,
    0x1, 0x40, 0xab, 0x0, 0x0, 0x8e, 0xff, 0x60,
    0x7, 0xe4, 0x18, 0xe0, 0xd, 0x80, 0x1, 0xf4,
    0xf, 0x50, 0x0, 0xe6, 0xf, 0x50, 0x0, 0xe7,
    0xd, 0x80, 0x1, 0xf4, 0x6, 0xf4, 0x2b, 0xd0,
    0x0, 0x8e, 0xfb, 0x20,

    /* U+00F1 "ñ" */
    0x9, 0xe5, 0x76, 0x0, 0xc1, 0xbc, 0x10, 0x0,
    0x0, 0x0, 0xa, 0x9a, 0xfd, 0x40, 0xaf, 0x40,
    0x8e, 0xa, 0xb0, 0x2, 0xf1, 0xa9, 0x0, 0x1f,
    0x2a, 0x90, 0x1, 0xf3, 0xa9, 0x0, 0x1f, 0x3a,
    0x90, 0x1, 0xf3, 0xa9, 0x0, 0x1f, 0x30,

    /* U+00F2 "ò" */
    0x0, 0xaa, 0x0, 0x0, 0x0, 0xb, 0x60, 0x0,
    0x0, 0x0, 0x70, 0x0, 0x0, 0x0, 0x0, 0x0,
    0x0, 0x8e, 0xfc, 0x20, 0x7, 0xe4, 0x2a, 0xd0,
    0xd, 0x70, 0x1, 0xf4, 0xf, 0x50, 0x0, 0xe7,
    0xf, 0x50, 0x0, 0xe6, 0xd, 0x70, 0x1, 0xf4,
    0x7, 0xe4, 0x2a, 0xe0, 0x0, 0x8e, 0xfc, 0x30,

    /* U+00F3 "ó" */
    0x0, 0x0, 0x3e, 0x20, 0x0, 0x1, 0xd3, 0x0,
    0x0, 0x4, 0x40, 0x0, 0x0, 0x0, 0x0, 0x0,
    0x0, 0x8e, 0xfc, 0x20, 0x7, 0xe4, 0x2a, 0xd0,
    0xd, 0x70, 0x1, 0xf4, 0xf, 0x50, 0x0, 0xe7,
    0xf, 0x50, 0x0, 0xe6, 0xd, 0x70, 0x1, 0xf4,
    0x7, 0xe4, 0x2a, 0xe0, 0x0, 0x8e, 0xfc, 0x30,

    /* U+00F4 "ô" */
    0x0, 0x9, 0xe1, 0x0, 0x0, 0x4b, 0x5b, 0x0,
    0x0, 0x61, 0x5, 0x10, 0x0, 0x0, 0x0, 0x0,
    0x0, 0x8e, 0xfc, 0x20, 0x7, 0xe4, 0x2a, 0xd0,
    0xd, 0x70, 0x1, 0xf4, 0xf, 0x50, 0x0, 0xe7,
    0xf, 0x50, 0x0, 0xe6, 0xd, 0x70, 0x1, 0xf4,
    0x7, 0xe4, 0x2a, 0xe0, 0x0, 0x8e, 0xfc, 0x30,

    /* U+00F5 "õ" */
    0x0, 0x9e, 0x57, 0x60, 0x0, 0xc1, 0xbc, 0x10,
    0x0, 0x0, 0x0, 0x0, 0x0, 0x8e, 0xfc, 0x20,
    0x7, 0xe4, 0x2a, 0xd0, 0xd, 0x70, 0x1, 0xf4,
    0xf, 0x50, 0x0, 0xe7, 0xf, 0x50, 0x0, 0xe6,
    0xd, 0x70, 0x1, 0xf4, 0x7, 0xe4, 0x2a, 0xe0,
    0x0, 0x8e, 0xfc, 0x30,

    /* U+00F6 "ö" */
    0x0, 0xc8, 0x1f, 0x30, 0x0, 0x53, 0x6, 0x10,
    0x0, 0x0, 0x0, 0x0, 0x0, 0x8e, 0xfc, 0x20,
    0x7, 0xe4, 0x2a, 0xd0, 0xd, 0x70, 0x1, 0xf4,
    0xf, 0x50, 0x0, 0xe7, 0xf, 0x50, 0x0, 0xe6,
    0xd, 0x70, 0x1, 0xf4, 0x7, 0xe4, 0x2a, 0xe0,
    0x0, 0x8e, 0xfc, 0x30,

    /* U+00F7 "÷" */
    0x0, 0x9, 0xf0, 0x0, 0x0, 0x6, 0xb0, 0x0,
    0x0, 0x0, 0x0, 0x0, 0x6f, 0xff, 0xff, 0xfd,
    0x12, 0x22, 0x22, 0x22, 0x0, 0x6, 0xb0, 0x0,
    0x0, 0x9, 0xf0, 0x0,

    /* U+00F8 "ø" */
    0x0, 0x0, 0x0, 0x3, 0x0, 0x8, 0xef, 0xc8,
    0xa0, 0x7, 0xe4, 0x2b, 0xf1, 0x0, 0xd7, 0x2,
    0xdf, 0x40, 0xf, 0x41, 0xc3, 0xd7, 0x0, 0xf5,
    0xb5, 0xe, 0x60, 0xe, 0xe7, 0x1, 0xf4, 0x0,
    0xaf, 0x42, 0xae, 0x0, 0x4b, 0x7e, 0xfc, 0x20,
    0x2, 0x10, 0x0, 0x0, 0x0,

    /* U+00F9 "ù" */
    0x6, 0x30, 0x0, 0x0, 0x3e, 0x10, 0x0, 0x0,
    0x5c, 0x0, 0x0, 0x0, 0x0, 0x0, 0xa9, 0x0,
    0x1f, 0x3a, 0x90, 0x1, 0xf3, 0xa9, 0x0, 0x1f,
    0x3a, 0x90, 0x1, 0xf3, 0xa9, 0x0, 0x1f, 0x39,
    0xa0, 0x3, 0xf3, 0x6f, 0x43, 0xbf, 0x30, 0xaf,
    0xd4, 0xf3,

    /* U+00FA "ú" */
    0x0, 0x0, 0x72, 0x0, 0x0, 0x9a, 0x0, 0x0,
    0x5b, 0x0, 0x0, 0x0, 0x0, 0x0, 0xa9, 0x0,
    0x1f, 0x3a, 0x90, 0x1, 0xf3, 0xa9, 0x0, 0x1f,
    0x3a, 0x90, 0x1, 0xf3, 0xa9, 0x0, 0x1f, 0x39,
    0xa0, 0x3, 0xf3, 0x6f, 0x43, 0xbf, 0x30, 0xaf,
    0xd4, 0xf3,

    /* U+00FB "û" */
    0x0, 0x37, 0x0, 0x0, 0x1d, 0xb6, 0x0, 0xa,
    0x51, 0xc1, 0x0, 0x0, 0x0, 0x0, 0xa9, 0x0,
    0x1f, 0x3a, 0x90, 0x1, 0xf3, 0xa9, 0x0, 0x1f,
    0x3a, 0x90, 0x1, 0xf3, 0xa9, 0x0, 0x1f, 0x39,
    0xa0, 0x3, 0xf3, 0x6f, 0x43, 0xbf, 0x30, 0xaf,
    0xd4, 0xf3,

    /* U+00FC "ü" */
    0xc, 0x81, 0xf3, 0x0, 0x53, 0x6, 0x10, 0x0,
    0x0, 0x0, 0xa, 0x90, 0x1, 0xf3, 0xa9, 0x0,
    0x1f, 0x3a, 0x90, 0x1, 0xf3, 0xa9, 0x0, 0x1f,
    0x3a, 0x90, 0x1, 0xf3, 0x9a, 0x0, 0x3f, 0x36,
    0xf4, 0x3b, 0xf3, 0xa, 0xfd, 0x4f, 0x30,

    /* U+00FD "ý" */
    0x0, 0x0, 0x7, 0x20, 0x0, 0x0, 0x9a, 0x0,
    0x0, 0x5, 0xb0, 0x0, 0x0, 0x0, 0x0, 0x0,
    0x1f, 0x30, 0x0, 0xaa, 0xb, 0x90, 0x0, 0xf5,
    0x5, 0xe0, 0x5, 0xe0, 0x0, 0xe5, 0xb, 0x90,
    0x0, 0x9a, 0x1f, 0x30, 0x0, 0x3f, 0x7d, 0x0,
    0x0, 0xd, 0xf7, 0x0, 0x0, 0x7, 0xf1, 0x0,
    0x0, 0x9, 0xb0, 0x0, 0x0, 0x3f, 0x40, 0x0,
    0xb, 0xf9, 0x0, 0x0,

    /* U+00FE "þ" */
    0xb9, 0x0, 0x0, 0xb, 0x90, 0x0, 0x0, 0xb9,
    0x0, 0x0, 0xb, 0xab, 0xfd, 0x30, 0xbf, 0x62,
    0x9e, 0xb, 0xc0, 0x0, 0xe6, 0xb9, 0x0, 0xc,
    0x8b, 0x90, 0x0, 0xc8, 0xbc, 0x0, 0xe, 0x6b,
    0xf7, 0x29, 0xe0, 0xb9, 0xbf, 0xd4, 0xb, 0x90,
    0x0, 0x0, 0xb9, 0x0, 0x0, 0xb, 0x90, 0x0,
    0x0,

    /* U+00FF "ÿ" */
    0x0, 0xc8, 0x1f, 0x30, 0x0, 0x43, 0x6, 0x10,
    0x1f, 0x30, 0x0, 0xaa, 0xb, 0x90, 0x0, 0xf5,
    0x5, 0xe0, 0x5, 0xe0, 0x0, 0xe5, 0xb, 0x90,
    0x0, 0x9a, 0x1f, 0x30, 0x0, 0x3f, 0x7d, 0x0,
    0x0, 0xd, 0xf7, 0x0, 0x0, 0x7, 0xf1, 0x0,
    0x0, 0x9, 0xb0, 0x0, 0x0, 0x3f, 0x50, 0x0,
    0xb, 0xf9, 0x0, 0x0,

    /* U+0100 "Ā" */
    0x0, 0xce, 0xee, 0x30, 0x0, 0x1, 0x11, 0x10,
    0x0, 0x0, 0x0, 0x0, 0x0, 0x0, 0x0, 0xcf,
    0x30, 0x0, 0x0, 0x1f, 0xc8, 0x0, 0x0, 0x6,
    0xc6, 0xd0, 0x0, 0x0, 0xb8, 0x1f, 0x20, 0x0,
    0xf, 0x30, 0xc7, 0x0, 0x5, 0xe0, 0x7, 0xc0,
    0x0, 0xaf, 0xff, 0xff, 0x10, 0xf, 0x62, 0x22,
    0xe6, 0x4, 0xf1, 0x0, 0xa, 0xb0, 0x9d, 0x0,
    0x0, 0x6f, 0x0,

    /* U+0101 "ā" */
    0x0, 0xdf, 0xff, 0x40, 0x0, 0x0, 0x0, 0x0,
    0x4, 0xce, 0xfb, 0x20, 0x5, 0x62, 0x29, 0xe0,
    0x0, 0x0, 0x0, 0xf3, 0x2, 0xae, 0xff, 0xf4,
    0xc, 0xa1, 0x0, 0xf4, 0xf, 0x30, 0x3, 0xf4,
    0xd, 0xa1, 0x3d, 0xf5, 0x3, 0xcf, 0xe7, 0xb8,

    /* U+0102 "Ă" */
    0x0, 0x92, 0x8, 0x30, 0x0, 0x4, 0xde, 0x90,
    0x0, 0x0, 0x0, 0x0, 0x0, 0x0, 0x0, 0xcf,
    0x30, 0x0, 0x0, 0x1f, 0xc8, 0x0, 0x0, 0x6,
    0xc6, 0xd0, 0x0, 0x0, 0xb8, 0x1f, 0x20, 0x0,
    0xf, 0x30, 0xc7, 0x0, 0x5, 0xe0, 0x7, 0xc0,
    0x0, 0xaf, 0xff, 0xff, 0x10, 0xf, 0x62, 0x22,
    0xe6, 0x4, 0xf1, 0x0, 0xa, 0xb0, 0x9d, 0x0,
    0x0, 0x6f, 0x0,

    /* U+0103 "ă" */
    0x0, 0xc3, 0xb, 0x40, 0x0, 0x3d, 0xe9, 0x0,
    0x0, 0x0, 0x0, 0x0, 0x4, 0xce, 0xfb, 0x20,
    0x5, 0x62, 0x29, 0xe0, 0x0, 0x0, 0x0, 0xf3,
    0x2, 0xae, 0xff, 0xf4, 0xc, 0xa1, 0x0, 0xf4,
    0xf, 0x30, 0x3, 0xf4, 0xd, 0xa1, 0x3d, 0xf5,
    0x3, 0xcf, 0xe7, 0xb8,

    /* U+0104 "Ą" */
    0x0, 0xc, 0xf3, 0x0, 0x0, 0x1, 0xfc, 0x80,
    0x0, 0x0, 0x6c, 0x6d, 0x0, 0x0, 0xb, 0x81,
    0xf2, 0x0, 0x0, 0xf3, 0xc, 0x70, 0x0, 0x5e,
    0x0, 0x7c, 0x0, 0xa, 0xff, 0xff, 0xf1, 0x0,
    0xf6, 0x22, 0x2e, 0x60, 0x4f, 0x10, 0x0, 0xab,
    0x9, 0xd0, 0x0, 0x6, 0xf0, 0x0, 0x0, 0x0,
    0x94, 0x0, 0x0, 0x0, 0xf, 0x0, 0x0, 0x0,
    0x0, 0xae, 0x50,

    /* U+0105 "ą" */
    0x4, 0xce, 0xfb, 0x20, 0x0, 0x56, 0x22, 0x9e,
    0x0, 0x0, 0x0, 0x0, 0xf3, 0x0, 0x2a, 0xef,
    0xff, 0x40, 0xc, 0xa1, 0x0, 0xf4, 0x0, 0xf3,
    0x0, 0x3f, 0x40, 0xd, 0xa1, 0x3d, 0xf5, 0x0,
    0x3c, 0xfd, 0x4b, 0x70, 0x0, 0x0, 0x1, 0xe2,
    0x0, 0x0, 0x0, 0x4b, 0x0, 0x0, 0x0, 0x1,
    0xde, 0x30,

    /* U+0106 "Ć" */
    0x0, 0x0, 0x4d, 0x10, 0x0, 0x0, 0x71, 0x0,
    0x0, 0x0, 0x0, 0x0, 0x0, 0x2b, 0xff, 0xc2,
    0x2, 0xfb, 0x43, 0x74, 0x9, 0xe0, 0x0, 0x0,
    0xe, 0x80, 0x0, 0x0, 0xf, 0x70, 0x0, 0x0,
    0xf, 0x70, 0x0, 0x0, 0xe, 0x80, 0x0, 0x0,
    0x9, 0xe0, 0x0, 0x0, 0x2, 0xfb, 0x43, 0x74,
    0x0, 0x2b, 0xff, 0xc2,

    /* U+0107 "ć" */
    0x0, 0x0, 0xc7, 0x0, 0x0, 0x99, 0x0, 0x0,
    0x17, 0x0, 0x0, 0x0, 0x0, 0x0, 0x4, 0xcf,
    0xe9, 0x2, 0xf8, 0x23, 0x80, 0xac, 0x0, 0x0,
    0xc, 0x80, 0x0, 0x0, 0xc8, 0x0, 0x0, 0xa,
    0xc0, 0x0, 0x0, 0x2f, 0x82, 0x28, 0x0, 0x4c,
    0xff, 0xa0,

    /* U+0108 "Ĉ" */
    0x0, 0x8, 0xbb, 0x0, 0x0, 0x16, 0x4, 0x30,
    0x0, 0x0, 0x0, 0x0, 0x0, 0x2b, 0xff, 0xc2,
    0x2, 0xfb, 0x43, 0x74, 0x9, 0xe0, 0x0, 0x0,
    0xe, 0x80, 0x0, 0x0, 0xf, 0x70, 0x0, 0x0,
    0xf, 0x70, 0x0, 0x0, 0xe, 0x80, 0x0, 0x0,
    0x9, 0xe0, 0x0, 0x0, 0x2, 0xfb, 0x43, 0x74,
    0x0, 0x2b, 0xff, 0xb2,

    /* U+0109 "ĉ" */
    0x0, 0x6f, 0x40, 0x0, 0x1d, 0x3d, 0x10, 0x4,
    0x30, 0x43, 0x0, 0x0, 0x0, 0x0, 0x4, 0xcf,
    0xea, 0x2, 0xf8, 0x23, 0x80, 0xac, 0x0, 0x0,
    0xc, 0x80, 0x0, 0x0, 0xc8, 0x0, 0x0, 0xa,
    0xc0, 0x0, 0x0, 0x2f, 0x82, 0x38, 0x0, 0x4c,
    0xfe, 0xa0,

    /* U+010A "Ċ" */
    0x0, 0x0, 0x10, 0x0, 0x0, 0x0, 0xf6, 0x0,
    0x0, 0x0, 0x41, 0x0, 0x0, 0x0, 0x0, 0x0,
    0x0, 0x2b, 0xff, 0xc2, 0x2, 0xeb, 0x43, 0x74,
    0x9, 0xe0, 0x0, 0x0, 0xe, 0x80, 0x0, 0x0,
    0xf, 0x70, 0x0, 0x0, 0xf, 0x60, 0x0, 0x0,
    0xe, 0x80, 0x0, 0x0, 0x9, 0xe0, 0x0, 0x0,
    0x2, 0xfb, 0x43, 0x74, 0x0, 0x2b, 0xff, 0xb2,

    /* U+010B "ċ" */
    0x0, 0x2f, 0x20, 0x0, 0x0, 0x61, 0x0, 0x0,
    0x0, 0x0, 0x0, 0x4c, 0xfe, 0xa0, 0x2f, 0x82,
    0x39, 0xa, 0xc0, 0x0, 0x0, 0xc8, 0x0, 0x0,
    0xc, 0x80, 0x0, 0x0, 0xac, 0x0, 0x0, 0x2,
    0xf8, 0x23, 0x90, 0x4, 0xcf, 0xea, 0x0,

    /* U+010C "Č" */
    0x0, 0xb, 0x59, 0x60, 0x0, 0x0, 0x75, 0x0,
    0x0, 0x0, 0x0, 0x0, 0x0, 0x2b, 0xff, 0xc2,
    0x2, 0xfb, 0x43, 0x74, 0x9, 0xe0, 0x0, 0x0,
    0xe, 0x80, 0x0, 0x0, 0xf, 0x70, 0x0, 0x0,
    0xf, 0x70, 0x0, 0x0, 0xe, 0x80, 0x0, 0x0,
    0x9, 0xe0, 0x0, 0x0, 0x2, 0xfb, 0x43, 0x74,
    0x0, 0x2b, 0xff, 0xc2,

    /* U+010D "č" */
    0x3, 0xb0, 0x87, 0x0, 0x8, 0xbc, 0x0, 0x0,
    0x7, 0x20, 0x0, 0x0, 0x0, 0x0, 0x4, 0xcf,
    0xe9, 0x2, 0xf8, 0x23, 0x80, 0xac, 0x0, 0x0,
    0xc, 0x80, 0x0, 0x0, 0xc8, 0x0, 0x0, 0xa,
    0xc0, 0x0, 0x0, 0x2f, 0x82, 0x28, 0x0, 0x4c,
    0xff, 0xa0,

    /* U+010E "Ď" */
    0x1, 0xc1, 0x96, 0x0, 0x0, 0x5e, 0xa0, 0x0,
    0x0, 0x0, 0x0, 0x0, 0x1f, 0xff, 0xd7, 0x0,
    0x1f, 0x63, 0x6e, 0xa0, 0x1f, 0x50, 0x5, 0xf2,
    0x1f, 0x50, 0x0, 0xf6, 0x1f, 0x50, 0x0, 0xe8,
    0x1f, 0x50, 0x0, 0xe8, 0x1f, 0x50, 0x0, 0xf6,
    0x1f, 0x50, 0x5, 0xf2, 0x1f, 0x63, 0x6e, 0xa0,
    0x1f, 0xff, 0xd7, 0x0,

    /* U+010F "ď" */
    0x0, 0x0, 0x5, 0xe7, 0xd0, 0x0, 0x0, 0x5e,
    0xa8, 0x0, 0x0, 0x5, 0xe8, 0x20, 0x2c, 0xfd,
    0x8e, 0x0, 0xc, 0xb2, 0x4e, 0xe0, 0x2, 0xf2,
    0x0, 0x8e, 0x0, 0x4f, 0x0, 0x6, 0xe0, 0x4,
    0xf0, 0x0, 0x6e, 0x0, 0x2f, 0x20, 0x8, 0xe0,
    0x0, 0xcb, 0x24, 0xee, 0x0, 0x2, 0xcf, 0xd7,
    0xe0, 0x0,

    /* U+0110 "Đ" */
    0x1f, 0xff, 0xd7, 0x0, 0x1f, 0x63, 0x6e, 0x90,
    0x1f, 0x50, 0x5, 0xf2, 0x1f, 0x50, 0x0, 0xf6,
    0xdf, 0xfe, 0x10, 0xe8, 0x2f, 0x61, 0x0, 0xe7,
    0x1f, 0x50, 0x0, 0xf6, 0x1f, 0x50, 0x5, 0xf2,
    0x1f, 0x63, 0x6e, 0x90, 0x1f, 0xff, 0xd7, 0x0,

    /* U+0111 "đ" */
    0x0, 0x0, 0x2, 0xf2, 0x0, 0x0, 0x2d, 0xdf,
    0xd5, 0x0, 0x0, 0x2, 0xf2, 0x0, 0xa, 0xfe,
    0x7f, 0x20, 0x8, 0xd3, 0x3d, 0xf2, 0x0, 0xf6,
    0x0, 0x5f, 0x20, 0x1f, 0x30, 0x3, 0xf2, 0x1,
    0xf3, 0x0, 0x3f, 0x20, 0xf, 0x60, 0x5, 0xf2,
    0x0, 0x8d, 0x33, 0xdf, 0x20, 0x0, 0x9f, 0xe5,
    0xf2, 0x0,

    /* U+0112 "Ē" */
    0xa, 0xee, 0xe5, 0x0, 0x11, 0x11, 0x0, 0x0,
    0x0, 0x0, 0xa, 0xff, 0xff, 0xf6, 0xac, 0x33,
    0x33, 0x1a, 0xb0, 0x0, 0x0, 0xab, 0x0, 0x0,
    0xa, 0xff, 0xff, 0xf3, 0xac, 0x33, 0x33, 0xa,
    0xb0, 0x0, 0x0, 0xab, 0x0, 0x0, 0xa, 0xc3,
    0x33, 0x31, 0xaf, 0xff, 0xff, 0x80,

    /* U+0113 "ē" */
    0x0, 0x9f, 0xff, 0x80, 0x0, 0x0, 0x0, 0x0,
    0x0, 0x6d, 0xfc, 0x40, 0x7, 0xe4, 0x26, 0xf2,
    0xe, 0x50, 0x0, 0xb7, 0x1f, 0xff, 0xff, 0xf9,
    0x1f, 0x30, 0x0, 0x0, 0xe, 0x70, 0x0, 0x0,
    0x6, 0xf6, 0x23, 0x94, 0x0, 0x6d, 0xfe, 0xa2,

    /* U+0114 "Ĕ" */
    0x6, 0x50, 0x56, 0x0, 0x2c, 0xec, 0x10, 0x0,
    0x0, 0x0, 0xa, 0xff, 0xff, 0xf6, 0xac, 0x33,
    0x33, 0x1a, 0xb0, 0x0, 0x0, 0xab, 0x0, 0x0,
    0xa, 0xff, 0xff, 0xf3, 0xac, 0x33, 0x33, 0xa,
    0xb0, 0x0, 0x0, 0xab, 0x0, 0x0, 0xa, 0xc3,
    0x33, 0x31, 0xaf, 0xff, 0xff, 0x80,

    /* U+0115 "ĕ" */
    0x0, 0x95, 0x8, 0x60, 0x0, 0x2c, 0xeb, 0x0,
    0x0, 0x0, 0x0, 0x0, 0x0, 0x7d, 0xfc, 0x40,
    0x6, 0xe4, 0x26, 0xf2, 0xe, 0x50, 0x0, 0xb7,
    0x1f, 0xff, 0xff, 0xf9, 0x1f, 0x30, 0x0, 0x0,
    0xe, 0x70, 0x0, 0x0, 0x6, 0xf6, 0x23, 0x84,
    0x0, 0x6d, 0xfe, 0xa2,

    /* U+0116 "Ė" */
    0x0, 0x1, 0x0, 0x0, 0x5, 0xf0, 0x0, 0x0,
    0x14, 0x0, 0x0, 0x0, 0x0, 0x0, 0xaf, 0xff,
    0xff, 0x6a, 0xc3, 0x33, 0x31, 0xab, 0x0, 0x0,
    0xa, 0xb0, 0x0, 0x0, 0xaf, 0xff, 0xff, 0x3a,
    0xc3, 0x33, 0x30, 0xab, 0x0, 0x0, 0xa, 0xb0,
    0x0, 0x0, 0xac, 0x33, 0x33, 0x1a, 0xff, 0xff,
    0xf8,

    /* U+0117 "ė" */
    0x0, 0x5, 0xf0, 0x0, 0x0, 0x2, 0x60, 0x0,
    0x0, 0x0, 0x0, 0x0, 0x0, 0x6d, 0xfc, 0x40,
    0x7, 0xe4, 0x26, 0xf2, 0xe, 0x50, 0x0, 0xb7,
    0x1f, 0xff, 0xff, 0xf9, 0x1f, 0x30, 0x0, 0x0,
    0xe, 0x70, 0x0, 0x0, 0x6, 0xf6, 0x23, 0x94,
    0x0, 0x6d, 0xfe, 0xa2,

    /* U+0118 "Ę" */
    0xaf, 0xff, 0xff, 0x6a, 0xc3, 0x33, 0x31, 0xab,
    0x0, 0x0, 0xa, 0xb0, 0x0, 0x0, 0xaf, 0xff,
    0xff, 0x3a, 0xc3, 0x33, 0x30, 0xab, 0x0, 0x0,
    0xa, 0xb0, 0x0, 0x0, 0xac, 0x33, 0x33, 0x1a,
    0xff, 0xff, 0xf8, 0x0, 0x0, 0xa3, 0x0, 0x0,
    0xf, 0x0, 0x0, 0x0, 0xae, 0x70,

    /* U+0119 "ę" */
    0x0, 0x6d, 0xfc, 0x30, 0x7, 0xf6, 0x28, 0xe0,
    0xe, 0x90, 0x0, 0xe5, 0x1f, 0x40, 0x0, 0xb8,
    0x1f, 0xff, 0xff, 0xf9, 0xe, 0x40, 0x0, 0x0,
    0x6, 0xd4, 0x12, 0x62, 0x0, 0x6d, 0xff, 0xb2,
    0x0, 0x0, 0x2c, 0x0, 0x0, 0x0, 0x69, 0x0,
    0x0, 0x0, 0x2e, 0xe1,

    /* U+011A "Ě" */
    0x4, 0xb0, 0xc3, 0x0, 0x8, 0xe7, 0x0, 0x0,
    0x0, 0x0, 0xa, 0xff, 0xff, 0xf6, 0xac, 0x33,
    0x33, 0x1a, 0xb0, 0x0, 0x0, 0xab, 0x0, 0x0,
    0xa, 0xff, 0xff, 0xf3, 0xac, 0x33, 0x33, 0xa,
    0xb0, 0x0, 0x0, 0xab, 0x0, 0x0, 0xa, 0xc3,
    0x33, 0x31, 0xaf, 0xff, 0xff, 0x80,

    /* U+011B "ě" */
    0x0, 0x69, 0xb, 0x40, 0x0, 0xb, 0xba, 0x0,
    0x0, 0x1, 0x71, 0x0, 0x0, 0x0, 0x0, 0x0,
    0x0, 0x6d, 0xfc, 0x40, 0x7, 0xe4, 0x26, 0xf2,
    0xe, 0x50, 0x0, 0xb7, 0x1f, 0xff, 0xff, 0xf9,
    0x1f, 0x30, 0x0, 0x0, 0xe, 0x70, 0x0, 0x0,
    0x6, 0xf6, 0x23, 0x94, 0x0, 0x6d, 0xfe, 0xa2,

    /* U+011C "Ĝ" */
    0x0, 0x8, 0xbb, 0x0, 0x0, 0x16, 0x4, 0x30,
    0x0, 0x0, 0x0, 0x0, 0x0, 0x4c, 0xfe, 0x90,
    0x5, 0xf8, 0x33, 0x82, 0xd, 0xa0, 0x0, 0x0,
    0x2f, 0x40, 0x0, 0x0, 0x4f, 0x30, 0x3f, 0xf8,
    0x4f, 0x20, 0x2, 0xc8, 0x2f, 0x40, 0x0, 0xc8,
    0xd, 0x90, 0x0, 0xc8, 0x4, 0xf7, 0x24, 0xe8,
    0x0, 0x4c, 0xfe, 0x91,

    /* U+011D "ĝ" */
    0x0, 0x17, 0x0, 0x0, 0xb, 0xb9, 0x0, 0x6,
    0x90, 0xb4, 0x0, 0x0, 0x0, 0x0, 0x8, 0xee,
    0x6d, 0x55, 0xf5, 0x2b, 0xf5, 0xc9, 0x0, 0x2f,
    0x5e, 0x60, 0x0, 0xf5, 0xe6, 0x0, 0xf, 0x5c,
    0x90, 0x2, 0xf5, 0x6f, 0x52, 0xbf, 0x50, 0x7e,
    0xe6, 0xf4, 0x0, 0x0, 0xf, 0x21, 0x61, 0x19,
    0xc0, 0x1c, 0xfe, 0xb2, 0x0,

    /* U+011E "Ğ" */
    0x0, 0x65, 0x5, 0x60, 0x0, 0x2c, 0xec, 0x10,
    0x0, 0x0, 0x0, 0x0, 0x0, 0x4c, 0xfe, 0x90,
    0x5, 0xf8, 0x33, 0x82, 0xd, 0xa0, 0x0, 0x0,
    0x2f, 0x40, 0x0, 0x0, 0x4f, 0x30, 0x3f, 0xf8,
    0x4f, 0x20, 0x2, 0xc8, 0x2f, 0x40, 0x0, 0xc8,
    0xd, 0xa0, 0x0, 0xc8, 0x5, 0xf7, 0x34, 0xe8,
    0x0, 0x5c, 0xfe, 0x91,

    /* U+011F "ğ" */
    0x9, 0x50, 0x86, 0x0, 0x2c, 0xeb, 0x0, 0x0,
    0x0, 0x0, 0x0, 0x8e, 0xe6, 0xd5, 0x5f, 0x52,
    0xbf, 0x5c, 0x90, 0x2, 0xf5, 0xe6, 0x0, 0xf,
    0x5e, 0x60, 0x0, 0xf5, 0xc9, 0x0, 0x2f, 0x55,
    0xf5, 0x2b, 0xf5, 0x8, 0xee, 0x6f, 0x40, 0x0,
    0x0, 0xf2, 0x16, 0x11, 0x9c, 0x1, 0xcf, 0xeb,
    0x20,

    /* U+0120 "Ġ" */
    0x0, 0x0, 0x10, 0x0, 0x0, 0x0, 0xf6, 0x0,
    0x0, 0x0, 0x41, 0x0, 0x0, 0x0, 0x0, 0x0,
    0x0, 0x4c, 0xfe, 0x90, 0x4, 0xf8, 0x33, 0x82,
    0xd, 0x90, 0x0, 0x0, 0x2f, 0x40, 0x0, 0x0,
    0x4f, 0x20, 0x3f, 0xf8, 0x4f, 0x20, 0x2, 0xc8,
    0x2f, 0x40, 0x0, 0xc8, 0xd, 0xa0, 0x0, 0xc8,
    0x5, 0xf8, 0x34, 0xe8, 0x0, 0x5c, 0xfe, 0x91,

    /* U+0121 "ġ" */
    0x0, 0x4f, 0x10, 0x0, 0x1, 0x60, 0x0, 0x0,
    0x0, 0x0, 0x0, 0x7e, 0xe6, 0xd5, 0x6f, 0x52,
    0xbf, 0x5c, 0x90, 0x2, 0xf5, 0xe6, 0x0, 0xf,
    0x5e, 0x60, 0x0, 0xf5, 0xc9, 0x0, 0x2f, 0x56,
    0xf5, 0x2b, 0xf5, 0x7, 0xee, 0x6f, 0x40, 0x0,
    0x0, 0xf2, 0x16, 0x11, 0x9d, 0x1, 0xcf, 0xeb,
    0x20,

    /* U+0122 "Ģ" */
    0x0, 0x4c, 0xfe, 0x90, 0x4, 0xf8, 0x33, 0x82,
    0xd, 0x90, 0x0, 0x0, 0x2f, 0x40, 0x0, 0x0,
    0x4f, 0x20, 0x3f, 0xf8, 0x4f, 0x20, 0x2, 0xc8,
    0x2f, 0x40, 0x0, 0xc8, 0xd, 0xa0, 0x0, 0xc8,
    0x5, 0xf8, 0x34, 0xe8, 0x0, 0x5c, 0xfe, 0x91,
    0x0, 0x0, 0x0, 0x0, 0x0, 0x0, 0x45, 0x0,
    0x0, 0x0, 0xe7, 0x0, 0x0, 0x3, 0xe0, 0x0,

    /* U+0123 "ģ" */
    0x0, 0x2, 0x40, 0x0, 0x0, 0xb8, 0x0, 0x0,
    0x3f, 0x40, 0x0, 0x0, 0x0, 0x0, 0x7, 0xee,
    0x6d, 0x56, 0xf5, 0x2b, 0xf5, 0xc9, 0x0, 0x2f,
    0x5e, 0x60, 0x0, 0xf5, 0xe6, 0x0, 0xf, 0x5c,
    0x90, 0x2, 0xf5, 0x6f, 0x52, 0xbf, 0x50, 0x7e,
    0xe6, 0xf4, 0x0, 0x0, 0xf, 0x21, 0x61, 0x19,
    0xd0, 0x1c, 0xfe, 0xb2, 0x0,

    /* U+0124 "Ĥ" */
    0x0, 0xc, 0xe3, 0x0, 0x0, 0x88, 0x2c, 0x0,
    0x0, 0x0, 0x0, 0x0, 0x1f, 0x50, 0x0, 0xe8,
    0x1f, 0x50, 0x0, 0xe8, 0x1f, 0x50, 0x0, 0xe8,
    0x1f, 0x50, 0x0, 0xe8, 0x1f, 0xff, 0xff, 0xf8,
    0x1f, 0x73, 0x33, 0xe8, 0x1f, 0x50, 0x0, 0xe8,
    0x1f, 0x50, 0x0, 0xe8, 0x1f, 0x50, 0x0, 0xe8,
    0x1f, 0x50, 0x0, 0xe8,

    /* U+0125 "ĥ" */
    0x0, 0xd, 0xe2, 0x0, 0xa, 0x63, 0xc0, 0xa9,
    0x0, 0x0, 0xa, 0x90, 0x0, 0x0, 0xa9, 0x0,
    0x0, 0xa, 0x99, 0xfd, 0x40, 0xaf, 0x72, 0xae,
    0xa, 0xc0, 0x2, 0xf1, 0xa9, 0x0, 0x1f, 0x2a,
    0x90, 0x1, 0xf3, 0xa9, 0x0, 0x1f, 0x3a, 0x90,
    0x1, 0xf3, 0xa9, 0x0, 0x1f, 0x30,

    /* U+0126 "Ħ" */
    0x1f, 0x50, 0x0, 0xe7, 0xf, 0xff, 0xff, 0xff,
    0xf6, 0x3f, 0x62, 0x22, 0xe9, 0x11, 0xf5, 0x0,
    0xe, 0x70, 0x1f, 0xff, 0xff, 0xf7, 0x1, 0xf7,
    0x33, 0x3e, 0x70, 0x1f, 0x50, 0x0, 0xe7, 0x1,
    0xf5, 0x0, 0xe, 0x70, 0x1f, 0x50, 0x0, 0xe7,
    0x1, 0xf5, 0x0, 0xe, 0x70,

    /* U+0127 "ħ" */
    0xa, 0x90, 0x0, 0x0, 0x7f, 0xff, 0xf0, 0x0,
    0x1b, 0xa2, 0x20, 0x0, 0xa, 0x99, 0xfd, 0x40,
    0xa, 0xf7, 0x2a, 0xe0, 0xa, 0xc0, 0x2, 0xf1,
    0xa, 0x90, 0x1, 0xf2, 0xa, 0x90, 0x1, 0xf3,
    0xa, 0x90, 0x1, 0xf3, 0xa, 0x90, 0x1, 0xf3,
    0xa, 0x90, 0x1, 0xf3,

    /* U+0128 "Ĩ" */
    0x8, 0xc4, 0x75, 0x0, 0xc1, 0xac, 0x10, 0x0,
    0x0, 0x0, 0xa, 0xff, 0xff, 0xf0, 0x13, 0x9e,
    0x33, 0x0, 0x7, 0xe0, 0x0, 0x0, 0x7e, 0x0,
    0x0, 0x7, 0xe0, 0x0, 0x0, 0x7e, 0x0, 0x0,
    0x7, 0xe0, 0x0, 0x0, 0x7e, 0x0, 0x1, 0x39,
    0xe3, 0x30, 0xaf, 0xff, 0xff, 0x0,

    /* U+0129 "ĩ" */
    0xb, 0xd3, 0x94, 0x1, 0xb1, 0xcc, 0x0, 0x0,
    0x0, 0x0, 0x2, 0xff, 0xc0, 0x0, 0x0, 0x8c,
    0x0, 0x0, 0x8, 0xc0, 0x0, 0x0, 0x8c, 0x0,
    0x0, 0x8, 0xc0, 0x0, 0x0, 0x7c, 0x0, 0x0,
    0x3, 0xf4, 0x10, 0x0, 0x8, 0xef, 0x70,

    /* U+012A "Ī" */
    0xa, 0xee, 0xe5, 0x0, 0x11, 0x11, 0x0, 0x0,
    0x0, 0x0, 0xa, 0xff, 0xff, 0xf0, 0x13, 0x9e,
    0x33, 0x0, 0x7, 0xe0, 0x0, 0x0, 0x7e, 0x0,
    0x0, 0x7, 0xe0, 0x0, 0x0, 0x7e, 0x0, 0x0,
    0x7, 0xe0, 0x0, 0x0, 0x7e, 0x0, 0x1, 0x39,
    0xe3, 0x30, 0xaf, 0xff, 0xff, 0x0,

    /* U+012B "ī" */
    0x2f, 0xff, 0xe0, 0x0, 0x0, 0x0, 0x0, 0x2f,
    0xfc, 0x0, 0x0, 0x8, 0xc0, 0x0, 0x0, 0x8c,
    0x0, 0x0, 0x8, 0xc0, 0x0, 0x0, 0x8c, 0x0,
    0x0, 0x7, 0xc0, 0x0, 0x0, 0x3f, 0x41, 0x0,
    0x0, 0x8e, 0xf7,

    /* U+012C "Ĭ" */
    0x9, 0x20, 0x82, 0x0, 0x5d, 0xe9, 0x0, 0x0,
    0x0, 0x0, 0xa, 0xff, 0xff, 0xf0, 0x13, 0x9e,
    0x33, 0x0, 0x7, 0xe0, 0x0, 0x0, 0x7e, 0x0,
    0x0, 0x7, 0xe0, 0x0, 0x0, 0x7e, 0x0, 0x0,
    0x7, 0xe0, 0x0, 0x0, 0x7e, 0x0, 0x1, 0x39,
    0xe3, 0x30, 0xaf, 0xff, 0xff, 0x0,

    /* U+012D "ĭ" */
    0xd, 0x20, 0xc2, 0x0, 0x4d, 0xe8, 0x0, 0x0,
    0x0, 0x0, 0x2, 0xff, 0xc0, 0x0, 0x0, 0x8c,
    0x0, 0x0, 0x8, 0xc0, 0x0, 0x0, 0x8c, 0x0,
    0x0, 0x8, 0xc0, 0x0, 0x0, 0x7c, 0x0, 0x0,
    0x3, 0xf4, 0x10, 0x0, 0x8, 0xef, 0x70,

    /* U+012E "Į" */
    0xaf, 0xff, 0xff, 0x1, 0x39, 0xe3, 0x30, 0x0,
    0x7e, 0x0, 0x0, 0x7, 0xe0, 0x0, 0x0, 0x7e,
    0x0, 0x0, 0x7, 0xe0, 0x0, 0x0, 0x7e, 0x0,
    0x0, 0x7, 0xe0, 0x0, 0x13, 0x9e, 0x33, 0xa,
    0xff, 0xff, 0xf0, 0x0, 0x3a, 0x0, 0x0, 0x9,
    0x60, 0x0, 0x0, 0x5e, 0xd0, 0x0,

    /* U+012F "į" */
    0x0, 0x9b, 0x0, 0x0, 0x5, 0x70, 0x0, 0x0,
    0x0, 0x0, 0x2, 0xff, 0xc0, 0x0, 0x0, 0x8c,
    0x0, 0x0, 0x8, 0xc0, 0x0, 0x0, 0x8c, 0x0,
    0x0, 0x8, 0xc0, 0x0, 0x0, 0x7c, 0x0, 0x0,
    0x3, 0xf4, 0x10, 0x0, 0x8, 0xff, 0x70, 0x0,
    0xb, 0x20, 0x0, 0x0, 0xf0, 0x0, 0x0, 0xa,
    0xe7,

    /* U+0130 "İ" */
    0x0, 0x1, 0x0, 0x0, 0x7, 0xe0, 0x0, 0x0,
    0x23, 0x0, 0x0, 0x0, 0x0, 0x0, 0xaf, 0xff,
    0xff, 0x1, 0x39, 0xe3, 0x30, 0x0, 0x7e, 0x0,
    0x0, 0x7, 0xe0, 0x0, 0x0, 0x7e, 0x0, 0x0,
    0x7, 0xe0, 0x0, 0x0, 0x7e, 0x0, 0x0, 0x7,
    0xe0, 0x0, 0x13, 0x9e, 0x33, 0xa, 0xff, 0xff,
    0xf0,

    /* U+0131 "ı" */
    0x2f, 0xfc, 0x0, 0x0, 0x8, 0xc0, 0x0, 0x0,
    0x8c, 0x0, 0x0, 0x8, 0xc0, 0x0, 0x0, 0x8c,
    0x0, 0x0, 0x7, 0xc0, 0x0, 0x0, 0x3f, 0x41,
    0x0, 0x0, 0x8e, 0xf7,

    /* U+0132 "Ĳ" */
    0x1f, 0x51, 0xff, 0xf7, 0x1f, 0x50, 0x33, 0xe8,
    0x1f, 0x50, 0x0, 0xe8, 0x1f, 0x50, 0x0, 0xe8,
    0x1f, 0x50, 0x0, 0xe8, 0x1f, 0x50, 0x0, 0xe8,
    0x1f, 0x50, 0x0, 0xe8, 0x9, 0x20, 0x0, 0xf7,
    0x6, 0x66, 0x6b, 0xf3, 0x1f, 0xff, 0xfd, 0x50,

    /* U+0133 "ĳ" */
    0xc9, 0x0, 0x1f, 0x47, 0x50, 0x0, 0x92, 0x0,
    0x0, 0x0, 0xb, 0x80, 0xdf, 0xf3, 0xb8, 0x0,
    0xf, 0x3b, 0x80, 0x0, 0xf3, 0xb8, 0x0, 0xf,
    0x3b, 0x80, 0x0, 0xf3, 0xb8, 0x0, 0xf, 0x3b,
    0x80, 0x0, 0xf3, 0xb8, 0x0, 0xf, 0x30, 0x0,
    0x1, 0xf2, 0x0, 0x11, 0x7e, 0x0, 0x7f, 0xfe,
    0x40,

    /* U+0134 "Ĵ" */
    0x0, 0x0, 0x4c, 0xc1, 0x0, 0x0, 0x60, 0x25,
    0x0, 0x0, 0x0, 0x0, 0x0, 0x7f, 0xff, 0x80,
    0x0, 0x13, 0x3d, 0x80, 0x0, 0x0, 0xd, 0x80,
    0x0, 0x0, 0xd, 0x80, 0x0, 0x0, 0xd, 0x80,
    0x0, 0x0, 0xd, 0x80, 0x0, 0x0, 0xd, 0x80,
    0x0, 0x0, 0xe, 0x70, 0x4a, 0x42, 0x7f, 0x30,
    0x1a, 0xef, 0xd6, 0x0,

    /* U+0135 "ĵ" */
    0x0, 0x4, 0x60, 0x0, 0x2, 0xdc, 0x40, 0x0,
    0xb4, 0x1d, 0x0, 0x0, 0x0, 0x0, 0xb, 0xff,
    0xb0, 0x0, 0x0, 0x8b, 0x0, 0x0, 0x8, 0xb0,
    0x0, 0x0, 0x8b, 0x0, 0x0, 0x8, 0xb0, 0x0,
    0x0, 0x8b, 0x0, 0x0, 0x8, 0xb0, 0x0, 0x0,
    0x8b, 0x0, 0x0, 0x9, 0xa0, 0x0, 0x12, 0xe7,
    0x0, 0x6f, 0xfa, 0x0, 0x0,

    /* U+0136 "Ķ" */
    0x1f, 0x50, 0x0, 0xcb, 0x1, 0xf5, 0x0, 0xcc,
    0x0, 0x1f, 0x50, 0xbc, 0x0, 0x1, 0xf5, 0xbc,
    0x0, 0x0, 0x1f, 0xef, 0x90, 0x0, 0x1, 0xfd,
    0x5f, 0x40, 0x0, 0x1f, 0x50, 0x9e, 0x10, 0x1,
    0xf5, 0x1, 0xea, 0x0, 0x1f, 0x50, 0x4, 0xf5,
    0x1, 0xf5, 0x0, 0xa, 0xe1, 0x0, 0x0, 0x0,
    0x0, 0x0, 0x0, 0x5, 0x40, 0x0, 0x0, 0x1,
    0xf5, 0x0, 0x0, 0x0, 0x5c, 0x0, 0x0,

    /* U+0137 "ķ" */
    0x7d, 0x0, 0x0, 0x0, 0x7d, 0x0, 0x0, 0x0,
    0x7d, 0x0, 0x0, 0x0, 0x7d, 0x0, 0x5e, 0x30,
    0x7d, 0x5, 0xe3, 0x0, 0x7d, 0x5e, 0x30, 0x0,
    0x7f, 0xfe, 0x10, 0x0, 0x7f, 0x3c, 0xb0, 0x0,
    0x7d, 0x2, 0xf6, 0x0, 0x7d, 0x0, 0x6f, 0x20,
    0x7d, 0x0, 0xb, 0xc0, 0x0, 0x0, 0x0, 0x0,
    0x0, 0x5, 0x50, 0x0, 0x0, 0xf, 0x60, 0x0,
    0x0, 0x3e, 0x0, 0x0,

    /* U+0138 "ĸ" */
    0xb9, 0x0, 0x9d, 0x1b, 0x90, 0x9d, 0x10, 0xb9,
    0x9d, 0x10, 0xb, 0xff, 0xb0, 0x0, 0xbd, 0x3f,
    0x60, 0xb, 0x90, 0x6f, 0x20, 0xb9, 0x0, 0xbc,
    0xb, 0x90, 0x1, 0xe8,

    /* U+0139 "Ĺ" */
    0x8, 0xb0, 0x0, 0x3, 0xd0, 0x0, 0x0, 0x0,
    0x0, 0x0, 0x8, 0xd0, 0x0, 0x0, 0x8d, 0x0,
    0x0, 0x8, 0xd0, 0x0, 0x0, 0x8d, 0x0, 0x0,
    0x8, 0xd0, 0x0, 0x0, 0x8d, 0x0, 0x0, 0x8,
    0xd0, 0x0, 0x0, 0x8d, 0x0, 0x0, 0x8, 0xe3,
    0x33, 0x32, 0x8f, 0xff, 0xff, 0xc0,

    /* U+013A "ĺ" */
    0x0, 0x8a, 0x0, 0x0, 0x17, 0x0, 0x0, 0xef,
    0xf6, 0x0, 0x0, 0xe, 0x60, 0x0, 0x0, 0xe6,
    0x0, 0x0, 0xe, 0x60, 0x0, 0x0, 0xe6, 0x0,
    0x0, 0xe, 0x60, 0x0, 0x0, 0xe6, 0x0, 0x0,
    0xe, 0x60, 0x0, 0x0, 0xd6, 0x0, 0x0, 0xa,
    0xc2, 0x10, 0x0, 0x1c, 0xff, 0x10,

    /* U+013B "Ļ" */
    0x8d, 0x0, 0x0, 0x8, 0xd0, 0x0, 0x0, 0x8d,
    0x0, 0x0, 0x8, 0xd0, 0x0, 0x0, 0x8d, 0x0,
    0x0, 0x8, 0xd0, 0x0, 0x0, 0x8d, 0x0, 0x0,
    0x8, 0xd0, 0x0, 0x0, 0x8e, 0x33, 0x33, 0x28,
    0xff, 0xff, 0xfc, 0x0, 0x0, 0x0, 0x0, 0x0,
    0x64, 0x0, 0x0, 0x1f, 0x40, 0x0, 0x6, 0xc0,
    0x0,

    /* U+013C "ļ" */
    0xef, 0xf6, 0x0, 0x0, 0xe, 0x60, 0x0, 0x0,
    0xe6, 0x0, 0x0, 0xe, 0x60, 0x0, 0x0, 0xe6,
    0x0, 0x0, 0xe, 0x60, 0x0, 0x0, 0xe6, 0x0,
    0x0, 0xe, 0x60, 0x0, 0x0, 0xd6, 0x0, 0x0,
    0xa, 0xc2, 0x10, 0x0, 0x1c, 0xff, 0x10, 0x0,
    0x0, 0x0, 0x0, 0x45, 0x0, 0x0, 0xd, 0x80,
    0x0, 0x1, 0xf1, 0x0, 0x0,

    /* U+013D "Ľ" */
    0x8d, 0x2, 0xf1, 0x8, 0xd0, 0x5d, 0x0, 0x8d,
    0x5, 0x50, 0x8, 0xd0, 0x0, 0x0, 0x8d, 0x0,
    0x0, 0x8, 0xd0, 0x0, 0x0, 0x8d, 0x0, 0x0,
    0x8, 0xd0, 0x0, 0x0, 0x8e, 0x33, 0x33, 0x28,
    0xff, 0xff, 0xfc,

    /* U+013E "ľ" */
    0xef, 0xf6, 0x8, 0xc0, 0xe, 0x60, 0xb7, 0x0,
    0xe6, 0x8, 0x20, 0xe, 0x60, 0x0, 0x0, 0xe6,
    0x0, 0x0, 0xe, 0x60, 0x0, 0x0, 0xe6, 0x0,
    0x0, 0xe, 0x60, 0x0, 0x0, 0xd6, 0x0, 0x0,
    0xa, 0xc2, 0x10, 0x0, 0x1c, 0xff, 0x10,

    /* U+013F "Ŀ" */
    0x8d, 0x0, 0x0, 0x8, 0xd0, 0x0, 0x0, 0x8d,
    0x0, 0x0, 0x8, 0xd0, 0x0, 0x0, 0x8d, 0x0,
    0x10, 0x8, 0xd0, 0x5f, 0x0, 0x8d, 0x1, 0x40,
    0x8, 0xd0, 0x0, 0x0, 0x8e, 0x33, 0x33, 0x28,
    0xff, 0xff, 0xfc,

    /* U+0140 "ŀ" */
    0xcf, 0xf8, 0x0, 0x0, 0xc, 0x80, 0x0, 0x0,
    0xc8, 0x0, 0x0, 0xc, 0x80, 0x0, 0x0, 0xc8,
    0x0, 0x0, 0xc, 0x80, 0x10, 0x0, 0xc8, 0x3f,
    0x30, 0xc, 0x80, 0x40, 0x0, 0xb8, 0x0, 0x0,
    0x7, 0xd2, 0x10, 0x0, 0xa, 0xff, 0x30,

    /* U+0141 "Ł" */
    0x0, 0x8d, 0x0, 0x0, 0x0, 0x8, 0xd0, 0x0,
    0x0, 0x0, 0x8d, 0x1, 0x0, 0x0, 0x8, 0xd5,
    0xe4, 0x0, 0x0, 0x8f, 0xc2, 0x0, 0x0, 0x4e,
    0xe0, 0x0, 0x0, 0x9, 0xad, 0x0, 0x0, 0x0,
    0x8, 0xd0, 0x0, 0x0, 0x0, 0x8e, 0x33, 0x33,
    0x20, 0x8, 0xff, 0xff, 0xfc,

    /* U+0142 "ł" */
    0xe, 0xff, 0x60, 0x0, 0x0, 0xe, 0x60, 0x0,
    0x0, 0xe, 0x60, 0x40, 0x0, 0xe, 0x7c, 0xa0,
    0x0, 0xe, 0xf6, 0x0, 0x0, 0xaf, 0x60, 0x0,
    0x2d, 0x8e, 0x60, 0x0, 0x14, 0xe, 0x60, 0x0,
    0x0, 0xd, 0x60, 0x0, 0x0, 0xa, 0xc2, 0x10,
    0x0, 0x1, 0xcf, 0xf1,

    /* U+0143 "Ń" */
    0x0, 0x0, 0x5d, 0x0, 0x0, 0x1, 0xd2, 0x0,
    0x0, 0x0, 0x0, 0x0, 0xf, 0xe0, 0x0, 0xd7,
    0xf, 0xf5, 0x0, 0xd7, 0xf, 0xbb, 0x0, 0xd7,
    0xf, 0x5f, 0x20, 0xd7, 0xf, 0x49, 0x90, 0xd7,
    0xf, 0x42, 0xf0, 0xd7, 0xf, 0x40, 0xb6, 0xd7,
    0xf, 0x40, 0x5d, 0xd7, 0xf, 0x40, 0xe, 0xf7,
    0xf, 0x40, 0x7, 0xf7,

    /* U+0144 "ń" */
    0x0, 0x0, 0x63, 0x0, 0x0, 0x7b, 0x0, 0x0,
    0x3c, 0x0, 0x0, 0x0, 0x0, 0x0, 0xa9, 0xaf,
    0xd4, 0xa, 0xf4, 0x8, 0xe0, 0xab, 0x0, 0x2f,
    0x1a, 0x90, 0x1, 0xf2, 0xa9, 0x0, 0x1f, 0x3a,
    0x90, 0x1, 0xf3, 0xa9, 0x0, 0x1f, 0x3a, 0x90,
    0x1, 0xf3,

    /* U+0145 "Ņ" */
    0xf, 0xe0, 0x0, 0xd7, 0xf, 0xf5, 0x0, 0xd7,
    0xf, 0xbb, 0x0, 0xd7, 0xf, 0x5f, 0x20, 0xd7,
    0xf, 0x49, 0x90, 0xd7, 0xf, 0x42, 0xf0, 0xd7,
    0xf, 0x40, 0xb6, 0xd7, 0xf, 0x40, 0x5d, 0xd7,
    0xf, 0x40, 0xe, 0xf7, 0xf, 0x40, 0x7, 0xf7,
    0x0, 0x0, 0x0, 0x0, 0x0, 0x2, 0x61, 0x0,
    0x0, 0x8, 0xd0, 0x0, 0x0, 0xc, 0x50, 0x0,

    /* U+0146 "ņ" */
    0xa9, 0xaf, 0xd4, 0xa, 0xf4, 0x8, 0xe0, 0xab,
    0x0, 0x2f, 0x1a, 0x90, 0x1, 0xf2, 0xa9, 0x0,
    0x1f, 0x3a, 0x90, 0x1, 0xf3, 0xa9, 0x0, 0x1f,
    0x3a, 0x90, 0x1, 0xf3, 0x0, 0x0, 0x0, 0x0,
    0x1, 0x61, 0x0, 0x0, 0x7e, 0x0, 0x0, 0xb,
    0x60, 0x0,

    /* U+0147 "Ň" */
    0x0, 0x4b, 0xc, 0x30, 0x0, 0x8, 0xe7, 0x0,
    0x0, 0x0, 0x0, 0x0, 0xf, 0xe0, 0x0, 0xd7,
    0xf, 0xf5, 0x0, 0xd7, 0xf, 0xbb, 0x0, 0xd7,
    0xf, 0x5f, 0x20, 0xd7, 0xf, 0x49, 0x90, 0xd7,
    0xf, 0x42, 0xf0, 0xd7, 0xf, 0x40, 0xb6, 0xd7,
    0xf, 0x40, 0x5d, 0xd7, 0xf, 0x40, 0xe, 0xf7,
    0xf, 0x40, 0x7, 0xf7,

    /* U+0148 "ň" */
    0x6, 0x0, 0x61, 0x0, 0x6a, 0x6a, 0x0, 0x0,
    0xbe, 0x10, 0x0, 0x0, 0x0, 0x0, 0xa9, 0xaf,
    0xd4, 0xa, 0xf4, 0x8, 0xe0, 0xab, 0x0, 0x2f,
    0x1a, 0x90, 0x1, 0xf2, 0xa9, 0x0, 0x1f, 0x3a,
    0x90, 0x1, 0xf3, 0xa9, 0x0, 0x1f, 0x3a, 0x90,
    0x1, 0xf3,

    /* U+0149 "ŉ" */
    0x5f, 0x60, 0x0, 0x0, 0x5, 0xf4, 0x0, 0x0,
    0x0, 0x9d, 0x0, 0x0, 0x0, 0xd, 0x57, 0xb8,
    0xee, 0x70, 0x10, 0x7f, 0x92, 0x7f, 0x20, 0x7,
    0xf0, 0x0, 0xf5, 0x0, 0x7d, 0x0, 0xe, 0x60,
    0x7, 0xc0, 0x0, 0xe6, 0x0, 0x7c, 0x0, 0xe,
    0x60, 0x7, 0xc0, 0x0, 0xe6, 0x0, 0x7c, 0x0,
    0xe, 0x60,

    /* U+014A "Ŋ" */
    0xf6, 0xaf, 0xe5, 0xf, 0xe3, 0x7, 0xf1, 0xf9,
    0x0, 0xf, 0x5f, 0x60, 0x0, 0xf6, 0xf6, 0x0,
    0xf, 0x6f, 0x60, 0x0, 0xf6, 0xf6, 0x0, 0xf,
    0x6f, 0x60, 0x0, 0xf6, 0xf6, 0x0, 0xf, 0x6f,
    0x60, 0x0, 0xf6, 0x0, 0x0, 0xf, 0x60, 0x0,
    0x16, 0xf3, 0x0, 0x5f, 0xe7, 0x0,

    /* U+014B "ŋ" */
    0xa9, 0xaf, 0xd4, 0xa, 0xf4, 0x8, 0xe0, 0xab,
    0x0, 0x2f, 0x1a, 0x90, 0x1, 0xf2, 0xa9, 0x0,
    0x1f, 0x3a, 0x90, 0x1, 0xf3, 0xa9, 0x0, 0x1f,
    0x3a, 0x90, 0x1, 0xf3, 0x0, 0x0, 0x1f, 0x20,
    0x0, 0x18, 0xe0, 0x0, 0x9f, 0xd4, 0x0,

    /* U+014C "Ō" */
    0x0, 0xce, 0xee, 0x30, 0x0, 0x11, 0x11, 0x0,
    0x0, 0x0, 0x0, 0x0, 0x0, 0x8e, 0xfc, 0x20,
    0x7, 0xf5, 0x3b, 0xe0, 0xe, 0x80, 0x1, 0xf5,
    0x1f, 0x50, 0x0, 0xe8, 0x2f, 0x40, 0x0, 0xd9,
    0x2f, 0x40, 0x0, 0xd9, 0x1f, 0x50, 0x0, 0xe8,
    0xe, 0x80, 0x1, 0xf4, 0x7, 0xf5, 0x3b, 0xd0,
    0x0, 0x8e, 0xfb, 0x20,

    /* U+014D "ō" */
    0x0, 0xdf, 0xff, 0x40, 0x0, 0x0, 0x0, 0x0,
    0x0, 0x8e, 0xfc, 0x20, 0x7, 0xe4, 0x2a, 0xd0,
    0xd, 0x70, 0x1, 0xf4, 0xf, 0x50, 0x0, 0xe6,
    0xf, 0x40, 0x0, 0xe6, 0xd, 0x70, 0x1, 0xf4,
    0x7, 0xe4, 0x2a, 0xe0, 0x0, 0x9e, 0xfc, 0x20,

    /* U+014E "Ŏ" */
    0x0, 0x92, 0x8, 0x30, 0x0, 0x4d, 0xe9, 0x0,
    0x0, 0x0, 0x0, 0x0, 0x0, 0x8e, 0xfb, 0x20,
    0x7, 0xf5, 0x3b, 0xe0, 0xe, 0x80, 0x1, 0xf5,
    0x1f, 0x50, 0x0, 0xe8, 0x2f, 0x40, 0x0, 0xd9,
    0x2f, 0x40, 0x0, 0xd9, 0x1f, 0x50, 0x0, 0xe8,
    0xe, 0x80, 0x1, 0xf5, 0x7, 0xf5, 0x3b, 0xd0,
    0x0, 0x8e, 0xfb, 0x20,

    /* U+014F "ŏ" */
    0x0, 0xc2, 0xb, 0x30, 0x0, 0x4d, 0xe9, 0x0,
    0x0, 0x0, 0x0, 0x0, 0x0, 0x8e, 0xfc, 0x20,
    0x7, 0xe4, 0x2a, 0xd0, 0xd, 0x70, 0x1, 0xf4,
    0xf, 0x50, 0x0, 0xe7, 0xf, 0x50, 0x0, 0xe6,
    0xd, 0x70, 0x1, 0xf4, 0x7, 0xe4, 0x2a, 0xe0,
    0x0, 0x8e, 0xfc, 0x30,

    /* U+0150 "Ő" */
    0x0, 0xa, 0x87, 0xb0, 0x0, 0x4a, 0x2b, 0x0,
    0x0, 0x0, 0x0, 0x0, 0x0, 0x8e, 0xfc, 0x20,
    0x7, 0xf5, 0x3b, 0xe0, 0xe, 0x80, 0x1, 0xf5,
    0x1f, 0x50, 0x0, 0xe8, 0x2f, 0x40, 0x0, 0xd9,
    0x2f, 0x40, 0x0, 0xd9, 0x1f, 0x50, 0x0, 0xe8,
    0xe, 0x80, 0x1, 0xf4, 0x7, 0xf5, 0x3b, 0xd0,
    0x0, 0x8e, 0xfb, 0x20,

    /* U+0151 "ő" */
    0x0, 0x9, 0x85, 0xd0, 0x0, 0x1d, 0xd, 0x30,
    0x0, 0x44, 0x26, 0x0, 0x0, 0x0, 0x0, 0x0,
    0x0, 0x8e, 0xfc, 0x20, 0x7, 0xe4, 0x2a, 0xd0,
    0xd, 0x70, 0x1, 0xf4, 0xf, 0x50, 0x0, 0xe6,
    0xf, 0x40, 0x0, 0xe6, 0xd, 0x70, 0x1, 0xf4,
    0x7, 0xe4, 0x2a, 0xe0, 0x0, 0x9e, 0xfc, 0x20,

    /* U+0152 "Œ" */
    0x2, 0xbf, 0xff, 0xff, 0x40, 0xdc, 0x4a, 0xd3,
    0x30, 0x3f, 0x20, 0x8c, 0x0, 0x6, 0xf0, 0x8,
    0xc0, 0x0, 0x7e, 0x0, 0x8f, 0xff, 0x7, 0xe0,
    0x8, 0xd3, 0x30, 0x6f, 0x0, 0x8c, 0x0, 0x3,
    0xf2, 0x8, 0xc0, 0x0, 0xd, 0xc4, 0xad, 0x33,
    0x0, 0x2b, 0xff, 0xff, 0xf5,

    /* U+0153 "œ" */
    0x1b, 0xfb, 0x5d, 0xe7, 0x9, 0xb2, 0xaf, 0x43,
    0xf1, 0xc6, 0x4, 0xf0, 0xd, 0x3e, 0x40, 0x3f,
    0xff, 0xf4, 0xe4, 0x3, 0xe0, 0x0, 0xc, 0x50,
    0x4f, 0x0, 0x0, 0x8b, 0x1a, 0xf7, 0x16, 0x11,
    0xbf, 0xb4, 0xdf, 0xb0,

    /* U+0154 "Ŕ" */
    0x0, 0x1, 0xe3, 0x0, 0x0, 0x0, 0xb6, 0x0,
    0x0, 0x0, 0x0, 0x0, 0x0, 0x0, 0xff, 0xfe,
    0xb3, 0x0, 0xf, 0x72, 0x3b, 0xf1, 0x0, 0xf5,
    0x0, 0x3f, 0x30, 0xf, 0x50, 0x9, 0xf1, 0x0,
    0xff, 0xff, 0xc2, 0x0, 0xf, 0x72, 0x6f, 0x40,
    0x0, 0xf5, 0x0, 0x9d, 0x0, 0xf, 0x50, 0x1,
    0xf4, 0x0, 0xf5, 0x0, 0xa, 0xc0, 0xf, 0x50,
    0x0, 0x4f, 0x30,

    /* U+0155 "ŕ" */
    0x0, 0x4, 0x50, 0x0, 0x2e, 0x20, 0x0, 0xd3,
    0x0, 0x0, 0x0, 0x0, 0xf4, 0xaf, 0xe5, 0xfd,
    0x60, 0x23, 0xf9, 0x0, 0x0, 0xf6, 0x0, 0x0,
    0xf5, 0x0, 0x0, 0xf5, 0x0, 0x0, 0xf5, 0x0,
    0x0, 0xf5, 0x0, 0x0,

    /* U+0156 "Ŗ" */
    0xf, 0xff, 0xeb, 0x30, 0x0, 0xf7, 0x23, 0xbf,
    0x10, 0xf, 0x50, 0x3, 0xf3, 0x0, 0xf5, 0x0,
    0x9f, 0x10, 0xf, 0xff, 0xfc, 0x20, 0x0, 0xf7,
    0x26, 0xf4, 0x0, 0xf, 0x50, 0x9, 0xd0, 0x0,
    0xf5, 0x0, 0x1f, 0x40, 0xf, 0x50, 0x0, 0xac,
    0x0, 0xf5, 0x0, 0x4, 0xf3, 0x0, 0x0, 0x0,
    0x0, 0x0, 0x0, 0x5, 0x40, 0x0, 0x0, 0x0,
    0xf5, 0x0, 0x0, 0x0, 0x4d, 0x0, 0x0,

    /* U+0157 "ŗ" */
    0xf, 0x4a, 0xfe, 0x50, 0xfd, 0x60, 0x23, 0xf,
    0x90, 0x0, 0x0, 0xf6, 0x0, 0x0, 0xf, 0x50,
    0x0, 0x0, 0xf5, 0x0, 0x0, 0xf, 0x50, 0x0,
    0x0, 0xf5, 0x0, 0x0, 0x0, 0x0, 0x0, 0x0,
    0x54, 0x0, 0x0, 0xf, 0x50, 0x0, 0x4, 0xd0,
    0x0, 0x0,

    /* U+0158 "Ř" */
    0x0, 0xc2, 0x79, 0x0, 0x0, 0x3, 0xec, 0x0,
    0x0, 0x0, 0x0, 0x0, 0x0, 0x0, 0xff, 0xfe,
    0xb3, 0x0, 0xf, 0x72, 0x3b, 0xf1, 0x0, 0xf5,
    0x0, 0x3f, 0x30, 0xf, 0x50, 0x9, 0xf1, 0x0,
    0xff, 0xff, 0xc2, 0x0, 0xf, 0x72, 0x6f, 0x40,
    0x0, 0xf5, 0x0, 0x9d, 0x0, 0xf, 0x50, 0x1,
    0xf4, 0x0, 0xf5, 0x0, 0xa, 0xc0, 0xf, 0x50,
    0x0, 0x4f, 0x30,

    /* U+0159 "ř" */
    0x43, 0x3, 0x40, 0x1d, 0x3d, 0x10, 0x5, 0xf5,
    0x0, 0x0, 0x0, 0x0, 0xf4, 0xaf, 0xe5, 0xfd,
    0x60, 0x23, 0xf9, 0x0, 0x0, 0xf6, 0x0, 0x0,
    0xf5, 0x0, 0x0, 0xf5, 0x0, 0x0, 0xf5, 0x0,
    0x0, 0xf5, 0x0, 0x0,

    /* U+015A "Ś" */
    0x0, 0x0, 0xa8, 0x0, 0x0, 0x2, 0x60, 0x0,
    0x0, 0x0, 0x0, 0x0, 0x1, 0x9e, 0xfd, 0x80,
    0xb, 0xd4, 0x25, 0xa0, 0xf, 0x50, 0x0, 0x0,
    0xe, 0x90, 0x0, 0x0, 0x4, 0xee, 0xa5, 0x0,
    0x0, 0x4, 0x8e, 0xc0, 0x0, 0x0, 0x1, 0xe6,
    0x0, 0x0, 0x0, 0xe6, 0xc, 0x63, 0x39, 0xf2,
    0x7, 0xcf, 0xfc, 0x40,

    /* U+015B "ś" */
    0x0, 0x1, 0xe4, 0x0, 0x0, 0xc5, 0x0, 0x0,
    0x35, 0x0, 0x0, 0x0, 0x0, 0x0, 0x8, 0xef,
    0xd6, 0x5, 0xe3, 0x14, 0x50, 0x7d, 0x0, 0x0,
    0x2, 0xed, 0x95, 0x0, 0x0, 0x59, 0xfb, 0x0,
    0x0, 0x5, 0xf0, 0x56, 0x22, 0xad, 0x5, 0xcf,
    0xfb, 0x20,

    /* U+015C "Ŝ" */
    0x0, 0xb, 0xb7, 0x0, 0x0, 0x43, 0x6, 0x10,
    0x0, 0x0, 0x0, 0x0, 0x0, 0x9e, 0xfd, 0x80,
    0xa, 0xd4, 0x25, 0xa0, 0xf, 0x50, 0x0, 0x0,
    0xe, 0x90, 0x0, 0x0, 0x4, 0xee, 0xa5, 0x0,
    0x0, 0x4, 0x8e, 0xd0, 0x0, 0x0, 0x1, 0xf6,
    0x0, 0x0, 0x0, 0xe6, 0xc, 0x63, 0x39, 0xf2,
    0x7, 0xdf, 0xfc, 0x40,

    /* U+015D "ŝ" */
    0x0, 0x9f, 0x20, 0x0, 0x4c, 0x4b, 0x0, 0x6,
    0x10, 0x52, 0x0, 0x0, 0x0, 0x0, 0x8, 0xef,
    0xd6, 0x5, 0xe4, 0x14, 0x50, 0x7d, 0x0, 0x0,
    0x2, 0xed, 0x95, 0x0, 0x0, 0x59, 0xeb, 0x0,
    0x0, 0x5, 0xf0, 0x66, 0x22, 0xad, 0x5, 0xcf,
    0xfb, 0x20,

    /* U+015E "Ş" */
    0x1, 0x9e, 0xfd, 0x80, 0xb, 0xd4, 0x25, 0x90,
    0xf, 0x50, 0x0, 0x0, 0xe, 0x90, 0x0, 0x0,
    0x4, 0xee, 0xa6, 0x0, 0x0, 0x4, 0x8e, 0xd0,
    0x0, 0x0, 0x0, 0xf6, 0x0, 0x0, 0x0, 0xe6,
    0xc, 0x62, 0x39, 0xf2, 0x8, 0xdf, 0xfc, 0x40,
    0x0, 0x0, 0xa3, 0x0, 0x0, 0x0, 0x87, 0x0,
    0x0, 0x4e, 0xe3, 0x0,

    /* U+015F "ş" */
    0x8, 0xef, 0xd6, 0x5, 0xe3, 0x14, 0x50, 0x7d,
    0x0, 0x0, 0x2, 0xed, 0x95, 0x0, 0x0, 0x59,
    0xeb, 0x0, 0x0, 0x5, 0xf0, 0x55, 0x22, 0xad,
    0x5, 0xcf, 0xfb, 0x20, 0x0, 0xa, 0x30, 0x0,
    0x0, 0x87, 0x0, 0x4, 0xee, 0x30, 0x0,

    /* U+0160 "Š" */
    0x0, 0x4b, 0x3b, 0x10, 0x0, 0x4, 0x71, 0x0,
    0x0, 0x0, 0x0, 0x0, 0x1, 0x9e, 0xfd, 0x80,
    0xb, 0xd4, 0x25, 0x90, 0xf, 0x50, 0x0, 0x0,
    0xe, 0x90, 0x0, 0x0, 0x4, 0xee, 0xa5, 0x0,
    0x0, 0x4, 0x8e, 0xd0, 0x0, 0x0, 0x0, 0xf6,
    0x0, 0x0, 0x0, 0xe6, 0xc, 0x62, 0x39, 0xf2,
    0x8, 0xdf, 0xfc, 0x40,

    /* U+0161 "š" */
    0xa, 0x50, 0xd1, 0x0, 0x1d, 0xb6, 0x0, 0x0,
    0x37, 0x0, 0x0, 0x0, 0x0, 0x0, 0x8, 0xef,
    0xd6, 0x5, 0xe3, 0x14, 0x50, 0x7d, 0x0, 0x0,
    0x2, 0xed, 0x95, 0x0, 0x0, 0x59, 0xeb, 0x0,
    0x0, 0x5, 0xf0, 0x55, 0x22, 0xad, 0x5, 0xcf,
    0xfb, 0x20,

    /* U+0162 "Ţ" */
    0xaf, 0xff, 0xff, 0xff, 0x12, 0x33, 0x9e, 0x33,
    0x30, 0x0, 0x7, 0xe0, 0x0, 0x0, 0x0, 0x7e,
    0x0, 0x0, 0x0, 0x7, 0xe0, 0x0, 0x0, 0x0,
    0x7e, 0x0, 0x0, 0x0, 0x7, 0xe0, 0x0, 0x0,
    0x0, 0x7e, 0x0, 0x0, 0x0, 0x7, 0xe0, 0x0,
    0x0, 0x0, 0x7e, 0x0, 0x0, 0x0, 0x0, 0xa0,
    0x0, 0x0, 0x0, 0xb, 0x30, 0x0, 0x0, 0x7d,
    0xd1, 0x0, 0x0,

    /* U+0163 "ţ" */
    0x0, 0x4, 0x10, 0x0, 0x0, 0x1f, 0x30, 0x0,
    0x0, 0x1f, 0x30, 0x0, 0x1f, 0xff, 0xff, 0xf1,
    0x0, 0x1f, 0x30, 0x0, 0x0, 0x1f, 0x30, 0x0,
    0x0, 0x1f, 0x30, 0x0, 0x0, 0x1f, 0x30, 0x0,
    0x0, 0xf, 0x30, 0x0, 0x0, 0xf, 0x81, 0x0,
    0x0, 0x8, 0xff, 0xf1, 0x0, 0x0, 0x69, 0x0,
    0x0, 0x0, 0x1e, 0x0, 0x0, 0xb, 0xe8, 0x0,

    /* U+0164 "Ť" */
    0x0, 0x78, 0x1c, 0x10, 0x0, 0x0, 0xbe, 0x40,
    0x0, 0x0, 0x0, 0x0, 0x0, 0xa, 0xff, 0xff,
    0xff, 0xf1, 0x23, 0x39, 0xe3, 0x33, 0x0, 0x0,
    0x7e, 0x0, 0x0, 0x0, 0x7, 0xe0, 0x0, 0x0,
    0x0, 0x7e, 0x0, 0x0, 0x0, 0x7, 0xe0, 0x0,
    0x0, 0x0, 0x7e, 0x0, 0x0, 0x0, 0x7, 0xe0,
    0x0, 0x0, 0x0, 0x7e, 0x0, 0x0, 0x0, 0x7,
    0xe0, 0x0, 0x0,

    /* U+0165 "ť" */
    0x0, 0x0, 0x4, 0x80, 0x0, 0x0, 0x9, 0x90,
    0x0, 0xf, 0x3c, 0x50, 0x0, 0x1f, 0x30, 0x0,
    0x1f, 0xff, 0xff, 0xf1, 0x0, 0x1f, 0x30, 0x0,
    0x0, 0x1f, 0x30, 0x0, 0x0, 0x1f, 0x30, 0x0,
    0x0, 0x1f, 0x30, 0x0, 0x0, 0xf, 0x30, 0x0,
    0x0, 0xe, 0x80, 0x0, 0x0, 0x4, 0xdf, 0xf1,

    /* U+0166 "Ŧ" */
    0xaf, 0xff, 0xff, 0xff, 0x12, 0x33, 0x9e, 0x33,
    0x30, 0x0, 0x7, 0xe0, 0x0, 0x0, 0x0, 0x7e,
    0x0, 0x0, 0x0, 0x7, 0xe0, 0x0, 0x0, 0x4f,
    0xff, 0xfb, 0x0, 0x0, 0x39, 0xe3, 0x20, 0x0,
    0x0, 0x7e, 0x0, 0x0, 0x0, 0x7, 0xe0, 0x0,
    0x0, 0x0, 0x7e, 0x0, 0x0,

    /* U+0167 "ŧ" */
    0x0, 0x5, 0x10, 0x0, 0x0, 0x1f, 0x30, 0x0,
    0x0, 0x1f, 0x30, 0x0, 0x1f, 0xff, 0xff, 0xf1,
    0x0, 0x1f, 0x30, 0x0, 0x0, 0x1f, 0x30, 0x0,
    0x9, 0xff, 0xfb, 0x0, 0x0, 0x1f, 0x30, 0x0,
    0x0, 0xf, 0x30, 0x0, 0x0, 0xe, 0x80, 0x0,
    0x0, 0x5, 0xdf, 0xf1,

    /* U+0168 "Ũ" */
    0xa, 0xcd, 0xc3, 0x0, 0x0, 0x0, 0x0, 0x0,
    0x0, 0x0, 0xf, 0x60, 0x0, 0xf6, 0xf6, 0x0,
    0xf, 0x6f, 0x60, 0x0, 0xf6, 0xf6, 0x0, 0xf,
    0x6f, 0x60, 0x0, 0xf6, 0xf6, 0x0, 0xf, 0x6f,
    0x60, 0x0, 0xf6, 0xe7, 0x0, 0xf, 0x5a, 0xd4,
    0x39, 0xf1, 0x9, 0xef, 0xc3, 0x0,

    /* U+0169 "ũ" */
    0xb, 0xee, 0xd3, 0x0, 0x0, 0x0, 0x0, 0xa9,
    0x0, 0x1f, 0x3a, 0x90, 0x1, 0xf3, 0xa9, 0x0,
    0x1f, 0x3a, 0x90, 0x1, 0xf3, 0xa9, 0x0, 0x1f,
    0x39, 0xa0, 0x3, 0xf3, 0x6f, 0x43, 0xbf, 0x30,
    0xaf, 0xd4, 0xf3,

    /* U+016A "Ū" */
    0xc, 0xee, 0xe3, 0x0, 0x11, 0x11, 0x0, 0x0,
    0x0, 0x0, 0xf, 0x60, 0x0, 0xf6, 0xf6, 0x0,
    0xf, 0x6f, 0x60, 0x0, 0xf6, 0xf6, 0x0, 0xf,
    0x6f, 0x60, 0x0, 0xf6, 0xf6, 0x0, 0xf, 0x6f,
    0x60, 0x0, 0xf6, 0xe7, 0x0, 0xf, 0x5a, 0xd4,
    0x39, 0xf1, 0x9, 0xef, 0xc3, 0x0,

    /* U+016B "ū" */
    0xd, 0xff, 0xf4, 0x0, 0x0, 0x0, 0x0, 0xa9,
    0x0, 0x1f, 0x3a, 0x90, 0x1, 0xf3, 0xa9, 0x0,
    0x1f, 0x3a, 0x90, 0x1, 0xf3, 0xa9, 0x0, 0x1f,
    0x39, 0xa0, 0x3, 0xf3, 0x6f, 0x43, 0xbf, 0x30,
    0xaf, 0xd4, 0xf3,

    /* U+016C "Ŭ" */
    0x9, 0x20, 0x83, 0x0, 0x4d, 0xe9, 0x0, 0x0,
    0x0, 0x0, 0xf, 0x60, 0x0, 0xf6, 0xf6, 0x0,
    0xf, 0x6f, 0x60, 0x0, 0xf6, 0xf6, 0x0, 0xf,
    0x6f, 0x60, 0x0, 0xf6, 0xf6, 0x0, 0xf, 0x6f,
    0x60, 0x0, 0xf6, 0xe7, 0x0, 0xf, 0x5a, 0xd4,
    0x29, 0xf1, 0x9, 0xef, 0xc3, 0x0,

    /* U+016D "ŭ" */
    0xc, 0x30, 0xa4, 0x0, 0x3d, 0xe9, 0x0, 0x0,
    0x0, 0x0, 0xa, 0x90, 0x1, 0xf3, 0xa9, 0x0,
    0x1f, 0x3a, 0x90, 0x1, 0xf3, 0xa9, 0x0, 0x1f,
    0x3a, 0x90, 0x1, 0xf3, 0x9a, 0x0, 0x3f, 0x36,
    0xf4, 0x3c, 0xf3, 0xa, 0xfd, 0x5f, 0x30,

    /* U+016E "Ů" */
    0x0, 0xad, 0x40, 0x0, 0x58, 0x1d, 0x0, 0x8,
    0x40, 0xb1, 0x0, 0x59, 0x1d, 0x0, 0xf6, 0x9c,
    0x4f, 0x6f, 0x60, 0x0, 0xf6, 0xf6, 0x0, 0xf,
    0x6f, 0x60, 0x0, 0xf6, 0xf6, 0x0, 0xf, 0x6f,
    0x60, 0x0, 0xf6, 0xf6, 0x0, 0xf, 0x6e, 0x70,
    0x0, 0xf5, 0xad, 0x43, 0x9f, 0x10, 0x9e, 0xfc,
    0x30,

    /* U+016F "ů" */
    0x1, 0xbd, 0x80, 0x0, 0x77, 0xc, 0x10, 0x1,
    0xbd, 0x80, 0x0, 0x0, 0x0, 0x0, 0xa9, 0x0,
    0x1f, 0x3a, 0x90, 0x1, 0xf3, 0xa9, 0x0, 0x1f,
    0x3a, 0x90, 0x1, 0xf3, 0xa9, 0x0, 0x1f, 0x39,
    0xa0, 0x3, 0xf3, 0x6f, 0x43, 0xbf, 0x30, 0xaf,
    0xd4, 0xf3,

    /* U+0170 "Ű" */
    0x0, 0xa8, 0x7b, 0x0, 0x49, 0x2b, 0x0, 0x0,
    0x0, 0x0, 0xf, 0x60, 0x0, 0xf6, 0xf6, 0x0,
    0xf, 0x6f, 0x60, 0x0, 0xf6, 0xf6, 0x0, 0xf,
    0x6f, 0x60, 0x0, 0xf6, 0xf6, 0x0, 0xf, 0x6f,
    0x60, 0x0, 0xf6, 0xe7, 0x0, 0xf, 0x5a, 0xd4,
    0x39, 0xf1, 0x9, 0xef, 0xc3, 0x0,

    /* U+0171 "ű" */
    0x0, 0x56, 0x29, 0x0, 0xd, 0x2a, 0x60, 0x6,
    0x93, 0xc0, 0x0, 0x0, 0x0, 0x0, 0xa9, 0x0,
    0x1f, 0x3a, 0x90, 0x1, 0xf3, 0xa9, 0x0, 0x1f,
    0x3a, 0x90, 0x1, 0xf3, 0xa9, 0x0, 0x1f, 0x39,
    0xa0, 0x3, 0xf3, 0x6f, 0x43, 0xbf, 0x30, 0xaf,
    0xd4, 0xf3,

    /* U+0172 "Ų" */
    0xf6, 0x0, 0xf, 0x6f, 0x60, 0x0, 0xf6, 0xf6,
    0x0, 0xf, 0x6f, 0x60, 0x0, 0xf6, 0xf6, 0x0,
    0xf, 0x6f, 0x60, 0x0, 0xf6, 0xf6, 0x0, 0xf,
    0x6e, 0x70, 0x0, 0xf5, 0xad, 0x42, 0x9f, 0x11,
    0xaf, 0xfd, 0x40, 0x0, 0x94, 0x0, 0x0, 0xe,
    0x10, 0x0, 0x0, 0x9e, 0x80, 0x0,

    /* U+0173 "ų" */
    0xa9, 0x0, 0x1f, 0x30, 0xa9, 0x0, 0x1f, 0x30,
    0xa9, 0x0, 0x1f, 0x30, 0xa9, 0x0, 0x1f, 0x30,
    0xa9, 0x0, 0x1f, 0x30, 0x9a, 0x0, 0x3f, 0x30,
    0x6e, 0x10, 0xaf, 0x30, 0xa, 0xfd, 0x6f, 0x30,
    0x0, 0x0, 0xc, 0x0, 0x0, 0x0, 0x4a, 0x0,
    0x0, 0x0, 0x1d, 0xe2,

    /* U+0174 "Ŵ" */
    0x0, 0xc, 0xe3, 0x0, 0x0, 0x8, 0x82, 0xc0,
    0x0, 0x0, 0x0, 0x0, 0x0, 0xe, 0x60, 0x0,
    0x0, 0xf5, 0xc8, 0x0, 0x0, 0x1f, 0x39, 0xa0,
    0x9f, 0x3, 0xf0, 0x7c, 0xc, 0xe3, 0x5e, 0x5,
    0xe0, 0xf9, 0x67, 0xb0, 0x2f, 0x3c, 0x59, 0x99,
    0x0, 0xf8, 0x92, 0xdb, 0x60, 0xd, 0xd5, 0xe,
    0xd4, 0x0, 0xbf, 0x20, 0xbf, 0x20, 0x8, 0xe0,
    0x8, 0xf0, 0x0,

    /* U+0175 "ŵ" */
    0x0, 0x3, 0x70, 0x0, 0x0, 0x1, 0xdb, 0x60,
    0x0, 0x0, 0xa5, 0x1c, 0x10, 0x0, 0x0, 0x0,
    0x0, 0x0, 0xe5, 0x0, 0x0, 0xe, 0x4a, 0x80,
    0x0, 0x1, 0xf1, 0x7c, 0x4, 0x80, 0x5d, 0x3,
    0xf0, 0xaf, 0x18, 0xa0, 0xf, 0x2d, 0x95, 0xb6,
    0x0, 0xc8, 0xb4, 0x9e, 0x30, 0x8, 0xf6, 0xe,
    0xf0, 0x0, 0x5f, 0x20, 0xbc, 0x0,

    /* U+0176 "Ŷ" */
    0x0, 0xc, 0xe3, 0x0, 0x0, 0x8, 0x82, 0xc0,
    0x0, 0x0, 0x0, 0x0, 0x0, 0x7, 0xe1, 0x0,
    0x9, 0xd0, 0xd, 0x90, 0x2, 0xf4, 0x0, 0x4f,
    0x20, 0xbb, 0x0, 0x0, 0xab, 0x4f, 0x20, 0x0,
    0x1, 0xfe, 0x80, 0x0, 0x0, 0x9, 0xf0, 0x0,
    0x0, 0x0, 0x7e, 0x0, 0x0, 0x0, 0x7, 0xe0,
    0x0, 0x0, 0x0, 0x7e, 0x0, 0x0, 0x0, 0x7,
    0xe0, 0x0, 0x0,

    /* U+0177 "ŷ" */
    0x0, 0x2, 0x70, 0x0, 0x0, 0xd, 0xb7, 0x0,
    0x0, 0x87, 0xc, 0x20, 0x0, 0x0, 0x0, 0x0,
    0x1f, 0x30, 0x0, 0xaa, 0xb, 0x90, 0x0, 0xf5,
    0x5, 0xe0, 0x5, 0xe0, 0x0, 0xe5, 0xb, 0x90,
    0x0, 0x9a, 0x1f, 0x30, 0x0, 0x3f, 0x7d, 0x0,
    0x0, 0xd, 0xf7, 0x0, 0x0, 0x7, 0xf1, 0x0,
    0x0, 0x9, 0xb0, 0x0, 0x0, 0x3f, 0x50, 0x0,
    0xb, 0xf8, 0x0, 0x0,

    /* U+0178 "Ÿ" */
    0x0, 0x10, 0x1, 0x0, 0x0, 0xc, 0x82, 0xf3,
    0x0, 0x0, 0x32, 0x4, 0x0, 0x0, 0x0, 0x0,
    0x0, 0x0, 0x7e, 0x10, 0x0, 0x9d, 0x0, 0xd9,
    0x0, 0x2f, 0x40, 0x4, 0xf2, 0xb, 0xb0, 0x0,
    0xa, 0xb4, 0xf2, 0x0, 0x0, 0x1f, 0xe8, 0x0,
    0x0, 0x0, 0x9f, 0x0, 0x0, 0x0, 0x7, 0xe0,
    0x0, 0x0, 0x0, 0x7e, 0x0, 0x0, 0x0, 0x7,
    0xe0, 0x0, 0x0, 0x0, 0x7e, 0x0, 0x0,

    /* U+0179 "Ź" */
    0x0, 0x0, 0xd5, 0x0, 0x0, 0x8, 0x80, 0x0,
    0x0, 0x0, 0x0, 0x0, 0x1f, 0xff, 0xff, 0xf8,
    0x3, 0x33, 0x37, 0xf3, 0x0, 0x0, 0xe, 0x80,
    0x0, 0x0, 0x9d, 0x0, 0x0, 0x4, 0xf3, 0x0,
    0x0, 0x1e, 0x70, 0x0, 0x0, 0xac, 0x0, 0x0,
    0x4, 0xf2, 0x0, 0x0, 0x1e, 0x93, 0x33, 0x32,
    0x4f, 0xff, 0xff, 0xfa,

    /* U+017A "ź" */
    0x0, 0x0, 0x36, 0x0, 0x0, 0x1e, 0x40, 0x0,
    0xc, 0x50, 0x0, 0x0, 0x0, 0x0, 0x7f, 0xff,
    0xff, 0x10, 0x0, 0x9, 0xd0, 0x0, 0x5, 0xf2,
    0x0, 0x2, 0xf5, 0x0, 0x0, 0xd9, 0x0, 0x0,
    0x9c, 0x0, 0x0, 0x5f, 0x20, 0x0, 0x9, 0xff,
    0xff, 0xf1,

    /* U+017B "Ż" */
    0x0, 0x0, 0x10, 0x0, 0x0, 0x7, 0xe0, 0x0,
    0x0, 0x1, 0x40, 0x0, 0x0, 0x0, 0x0, 0x0,
    0x1f, 0xff, 0xff, 0xf8, 0x3, 0x33, 0x37, 0xf3,
    0x0, 0x0, 0xe, 0x80, 0x0, 0x0, 0x9d, 0x0,
    0x0, 0x4, 0xf3, 0x0, 0x0, 0x1e, 0x70, 0x0,
    0x0, 0xac, 0x0, 0x0, 0x4, 0xf2, 0x0, 0x0,
    0x1e, 0x93, 0x33, 0x32, 0x4f, 0xff, 0xff, 0xfa,

    /* U+017C "ż" */
    0x0, 0x7e, 0x0, 0x0, 0x3, 0x50, 0x0, 0x7f,
    0xff, 0xff, 0x10, 0x0, 0x9, 0xd0, 0x0, 0x5,
    0xf2, 0x0, 0x2, 0xf5, 0x0, 0x0, 0xd9, 0x0,
    0x0, 0x9c, 0x0, 0x0, 0x5f, 0x20, 0x0, 0x9,
    0xff, 0xff, 0xf1,

    /* U+017D "Ž" */
    0x0, 0xc3, 0x69, 0x0, 0x0, 0x2e, 0xd0, 0x0,
    0x0, 0x0, 0x0, 0x0, 0x1f, 0xff, 0xff, 0xf8,
    0x3, 0x33, 0x37, 0xf3, 0x0, 0x0, 0xe, 0x80,
    0x0, 0x0, 0x9d, 0x0, 0x0, 0x4, 0xf3, 0x0,
    0x0, 0x1e, 0x70, 0x0, 0x0, 0xac, 0x0, 0x0,
    0x4, 0xf2, 0x0, 0x0, 0x1e, 0x93, 0x33, 0x32,
    0x4f, 0xff, 0xff, 0xfa,

    /* U+017E "ž" */
    0x6, 0x10, 0x51, 0x0, 0x4b, 0x5b, 0x0, 0x0,
    0x9e, 0x10, 0x0, 0x0, 0x0, 0x0, 0x7f, 0xff,
    0xff, 0x10, 0x0, 0x9, 0xd0, 0x0, 0x5, 0xf2,
    0x0, 0x2, 0xf5, 0x0, 0x0, 0xd9, 0x0, 0x0,
    0x9c, 0x0, 0x0, 0x5f, 0x20, 0x0, 0x9, 0xff,
    0xff, 0xf1,

    /* U+017F "ſ" */
    0x0, 0x5, 0xef, 0xc0, 0x0, 0xf6, 0x10, 0x0,
    0x2f, 0x20, 0x7, 0xff, 0xf2, 0x0, 0x0, 0x2f,
    0x20, 0x0, 0x2, 0xf2, 0x0, 0x0, 0x2f, 0x20,
    0x0, 0x2, 0xf2, 0x0, 0x0, 0x2f, 0x20, 0x0,
    0x2, 0xf2, 0x0, 0x0, 0x2f, 0x20, 0x0, 0x2,
    0xf2, 0x0, 0x0, 0x18, 0x10, 0x0,

    /* U+0192 "ƒ" */
    0x0, 0x0, 0x8, 0xee, 0x20, 0x0, 0x5, 0xe2,
    0x11, 0x0, 0x0, 0xa8, 0x0, 0x0, 0x0, 0xd,
    0x60, 0x0, 0x0, 0x0, 0xf4, 0x0, 0x0, 0xe,
    0xff, 0xff, 0x30, 0x0, 0x4, 0xe0, 0x0, 0x0,
    0x0, 0x7c, 0x0, 0x0, 0x0, 0x9, 0xa0, 0x0,
    0x0, 0x0, 0xc7, 0x0, 0x0, 0x0, 0xe, 0x40,
    0x0, 0x0, 0x2, 0xf1, 0x0, 0x0, 0x30, 0xab,
    0x0, 0x0, 0xd, 0xfb, 0x20, 0x0, 0x0,

    /* U+01A0 "Ơ" */
    0x0, 0x0, 0x0, 0xd, 0x10, 0x5d, 0xfd, 0x60,
    0xd1, 0x3f, 0x83, 0x9f, 0xfb, 0xa, 0xc0, 0x0,
    0xd9, 0x0, 0xd9, 0x0, 0xa, 0xc0, 0xe, 0x70,
    0x0, 0x9d, 0x0, 0xe7, 0x0, 0x9, 0xd0, 0xd,
    0x90, 0x0, 0xac, 0x0, 0xac, 0x0, 0xd, 0x80,
    0x4, 0xf8, 0x39, 0xf2, 0x0, 0x5, 0xdf, 0xd4,
    0x0, 0x0,

    /* U+01A1 "ơ" */
    0x5, 0xdf, 0xe9, 0x1b, 0x22, 0xf7, 0x27, 0xff,
    0xd1, 0x9c, 0x0, 0xc, 0xa0, 0xb, 0x90, 0x0,
    0x9c, 0x0, 0xb9, 0x0, 0x9, 0xb0, 0x9, 0xc0,
    0x0, 0xc8, 0x0, 0x3f, 0x72, 0x7f, 0x20, 0x0,
    0x5d, 0xfd, 0x40, 0x0,

    /* U+01A4 "Ƥ" */
    0x6e, 0xff, 0xfe, 0xb3, 0xe, 0x9f, 0x62, 0x4c,
    0xe1, 0x83, 0xf5, 0x0, 0x2f, 0x40, 0x1f, 0x50,
    0x1, 0xf5, 0x1, 0xf5, 0x1, 0xaf, 0x10, 0x1f,
    0xff, 0xfe, 0x50, 0x1, 0xf7, 0x21, 0x0, 0x0,
    0x1f, 0x50, 0x0, 0x0, 0x1, 0xf5, 0x0, 0x0,
    0x0, 0x1f, 0x50, 0x0, 0x0,

    /* U+01AF "Ư" */
    0x0, 0x0, 0x0, 0x9, 0x5f, 0x70, 0x0, 0xe7,
    0x95, 0xf7, 0x0, 0xe, 0xfe, 0x1f, 0x70, 0x0,
    0xe7, 0x0, 0xf7, 0x0, 0xe, 0x70, 0xf, 0x70,
    0x0, 0xe7, 0x0, 0xf7, 0x0, 0xe, 0x70, 0xe,
    0x70, 0x0, 0xe7, 0x0, 0xd8, 0x0, 0xf, 0x60,
    0x9, 0xe4, 0x39, 0xf2, 0x0, 0x8, 0xef, 0xc4,
    0x0, 0x0,

    /* U+01B0 "ư" */
    0xb8, 0x0, 0x2f, 0x2c, 0x1b, 0x80, 0x2, 0xf3,
    0xc1, 0xb8, 0x0, 0x2f, 0xec, 0xb, 0x80, 0x2,
    0xf2, 0x0, 0xb8, 0x0, 0x2f, 0x20, 0xa, 0x90,
    0x4, 0xf2, 0x0, 0x7d, 0x10, 0xbf, 0x20, 0x0,
    0xbf, 0xd5, 0xf2, 0x0,

    /* U+01E6 "Ǧ" */
    0x0, 0xb, 0x59, 0x60, 0x0, 0x0, 0x75, 0x0,
    0x0, 0x0, 0x0, 0x0, 0x0, 0x4c, 0xfe, 0x90,
    0x4, 0xf8, 0x33, 0x82, 0xd, 0x90, 0x0, 0x0,
    0x2f, 0x40, 0x0, 0x0, 0x4f, 0x20, 0x3f, 0xf8,
    0x4f, 0x20, 0x2, 0xc8, 0x2f, 0x40, 0x0, 0xc8,
    0xd, 0xa0, 0x0, 0xc8, 0x5, 0xf8, 0x34, 0xe8,
    0x0, 0x5c, 0xfe, 0x91,

    /* U+01E7 "ǧ" */
    0x4, 0x20, 0x43, 0x0, 0x2d, 0x3d, 0x0, 0x0,
    0x6f, 0x30, 0x0, 0x0, 0x0, 0x0, 0x7, 0xee,
    0x6d, 0x56, 0xf5, 0x2b, 0xf5, 0xc9, 0x0, 0x2f,
    0x5e, 0x60, 0x0, 0xf5, 0xe6, 0x0, 0xf, 0x5c,
    0x90, 0x2, 0xf5, 0x6f, 0x52, 0xbf, 0x50, 0x7e,
    0xe6, 0xf4, 0x0, 0x0, 0xf, 0x21, 0x61, 0x19,
    0xd0, 0x1c, 0xfe, 0xb2, 0x0,

    /* U+01FE "Ǿ" */
    0x0, 0x0, 0xb7, 0x0, 0x0, 0x0, 0x35, 0x0,
    0x0, 0x0, 0x0, 0x0, 0x6, 0x0, 0x8, 0xef,
    0xb4, 0xe0, 0x7, 0xf5, 0x3c, 0xf5, 0x0, 0xe8,
    0x0, 0x8f, 0x40, 0x1f, 0x50, 0x4c, 0xe8, 0x2,
    0xf4, 0x1d, 0x1d, 0x90, 0x2f, 0x4b, 0x40, 0xd9,
    0x1, 0xfc, 0x80, 0xe, 0x80, 0xe, 0xc0, 0x1,
    0xf5, 0x1, 0xee, 0x43, 0xbe, 0x0, 0xa5, 0x8e,
    0xfc, 0x20, 0x1, 0x0, 0x0, 0x0, 0x0,

    /* U+01FF "ǿ" */
    0x0, 0x0, 0x3e, 0x20, 0x0, 0x0, 0x1d, 0x30,
    0x0, 0x0, 0x4, 0x40, 0x0, 0x0, 0x0, 0x0,
    0x0, 0x50, 0x0, 0x8e, 0xfb, 0x8a, 0x0, 0x7e,
    0x42, 0xbf, 0x10, 0xd, 0x70, 0x2d, 0xf4, 0x0,
    0xf4, 0x1c, 0x3e, 0x70, 0xf, 0x5b, 0x50, 0xe7,
    0x0, 0xde, 0x70, 0x1f, 0x40, 0xa, 0xf4, 0x2a,
    0xe0, 0x4, 0xb7, 0xef, 0xb2, 0x0, 0x21, 0x0,
    0x0, 0x0, 0x0,

    /* U+0218 "Ș" */
    0x1, 0x9e, 0xfd, 0x80, 0xb, 0xd4, 0x25, 0xa0,
    0xf, 0x50, 0x0, 0x0, 0xe, 0x90, 0x0, 0x0,
    0x4, 0xee, 0xa5, 0x0, 0x0, 0x4, 0x8e, 0xc0,
    0x0, 0x0, 0x1, 0xe6, 0x0, 0x0, 0x0, 0xe6,
    0xc, 0x63, 0x39, 0xf2, 0x7, 0xcf, 0xfc, 0x40,
    0x0, 0x0, 0x0, 0x0, 0x0, 0xb, 0xc0, 0x0,
    0x0, 0xf, 0x40, 0x0, 0x0, 0x5, 0x0, 0x0,

    /* U+0219 "ș" */
    0x8, 0xef, 0xd6, 0x5, 0xe3, 0x14, 0x50, 0x7d,
    0x0, 0x0, 0x2, 0xed, 0x95, 0x0, 0x0, 0x59,
    0xfb, 0x0, 0x0, 0x5, 0xf0, 0x56, 0x22, 0xad,
    0x5, 0xcf, 0xfb, 0x20, 0x0, 0x0, 0x0, 0x0,
    0xb, 0xc0, 0x0, 0x0, 0xf4, 0x0, 0x0, 0x5,
    0x0, 0x0,

    /* U+021A "Ț" */
    0xaf, 0xff, 0xff, 0xff, 0x12, 0x33, 0x9e, 0x33,
    0x30, 0x0, 0x7, 0xe0, 0x0, 0x0, 0x0, 0x7e,
    0x0, 0x0, 0x0, 0x7, 0xe0, 0x0, 0x0, 0x0,
    0x7e, 0x0, 0x0, 0x0, 0x7, 0xe0, 0x0, 0x0,
    0x0, 0x7e, 0x0, 0x0, 0x0, 0x7, 0xe0, 0x0,
    0x0, 0x0, 0x7e, 0x0, 0x0, 0x0, 0x0, 0xb2,
    0x0, 0x0, 0x0, 0x8, 0x70, 0x0, 0x0, 0x4d,
    0xe3, 0x0, 0x0,

    /* U+021B "ț" */
    0x0, 0x4, 0x10, 0x0, 0x0, 0x1f, 0x30, 0x0,
    0x0, 0x1f, 0x30, 0x0, 0x1f, 0xff, 0xff, 0xf1,
    0x0, 0x1f, 0x30, 0x0, 0x0, 0x1f, 0x30, 0x0,
    0x0, 0x1f, 0x30, 0x0, 0x0, 0x1f, 0x30, 0x0,
    0x0, 0xf, 0x30, 0x0, 0x0, 0xf, 0x80, 0x0,
    0x0, 0x8, 0xff, 0xf1, 0x0, 0x0, 0x2d, 0x10,
    0x0, 0x0, 0xa, 0x40, 0x0, 0x6, 0xdd, 0x10,

    /* U+02C6 "ˆ" */
    0x3, 0x70, 0x1, 0xdb, 0x60, 0xa5, 0x1c, 0x10,

    /* U+02C7 "ˇ" */
    0x61, 0x5, 0x14, 0xb5, 0xb0, 0x9, 0xe1, 0x0,

    /* U+02D8 "˘" */
    0x0, 0x0, 0xc, 0x20, 0xb3, 0x4d, 0xe9, 0x0,

    /* U+02D9 "˙" */
    0x1, 0x7e, 0x24,

    /* U+02DA "˚" */
    0x1b, 0xd5, 0x8, 0x50, 0xd0, 0x85, 0xd, 0x1,
    0xbd, 0x50,

    /* U+02DB "˛" */
    0x0, 0x0, 0xb, 0x20, 0x1e, 0x0, 0xa, 0xe5,

    /* U+02DC "˜" */
    0x8, 0xd5, 0x76, 0xc, 0x1b, 0xd1,

    /* U+02DD "˝" */
    0x5, 0x62, 0x90, 0xd, 0x2a, 0x60, 0x69, 0x3c,
    0x0,

    /* U+0300 "̀" */
    0x27, 0x0, 0xa, 0x90, 0x0, 0xb5,

    /* U+0301 "́" */
    0x0, 0x36, 0x0, 0x1e, 0x30, 0xc, 0x50, 0x0,

    /* U+0303 "̃" */
    0x1d, 0xb1, 0xc0, 0x67, 0x5d, 0x80,

    /* U+0309 "̉" */
    0x8e, 0xb0, 0x0, 0xd2, 0x6, 0x90, 0x4, 0x20,

    /* U+0323 "̣" */
    0x10, 0xe7, 0x42,

    /* U+0384 "΄" */
    0x0, 0x72, 0x9, 0xa0, 0x5b, 0x0,

    /* U+0385 "΅" */
    0x0, 0x0, 0xa3, 0x0, 0xa, 0x90, 0x1, 0x5b,
    0x10, 0x5f, 0x1, 0xf4, 0x14, 0x0, 0x41,

    /* U+0386 "Ά" */
    0x0, 0xd6, 0xcf, 0x30, 0x0, 0xa, 0x71, 0xfc,
    0x80, 0x0, 0x15, 0x6, 0xc6, 0xd0, 0x0, 0x0,
    0xb, 0x81, 0xf2, 0x0, 0x0, 0xf, 0x30, 0xc7,
    0x0, 0x0, 0x5e, 0x0, 0x7c, 0x0, 0x0, 0xaf,
    0xff, 0xff, 0x10, 0x0, 0xf6, 0x22, 0x2e, 0x60,
    0x4, 0xf1, 0x0, 0xa, 0xb0, 0x9, 0xd0, 0x0,
    0x6, 0xf0,

    /* U+0388 "Έ" */
    0x1, 0xe4, 0xcf, 0xff, 0xff, 0x40, 0xc6, 0xc,
    0xb3, 0x33, 0x30, 0x25, 0x0, 0xca, 0x0, 0x0,
    0x0, 0x0, 0xc, 0xa0, 0x0, 0x0, 0x0, 0x0,
    0xcf, 0xff, 0xff, 0x10, 0x0, 0xc, 0xb3, 0x33,
    0x30, 0x0, 0x0, 0xca, 0x0, 0x0, 0x0, 0x0,
    0xc, 0xa0, 0x0, 0x0, 0x0, 0x0, 0xcb, 0x33,
    0x33, 0x10, 0x0, 0xc, 0xff, 0xff, 0xf6,

    /* U+0389 "Ή" */
    0x0, 0x8c, 0x4f, 0x20, 0x1, 0xf5, 0x4, 0xd1,
    0x4f, 0x20, 0x1, 0xf5, 0x6, 0x10, 0x4f, 0x20,
    0x1, 0xf5, 0x0, 0x0, 0x4f, 0x20, 0x1, 0xf5,
    0x0, 0x0, 0x4f, 0xff, 0xff, 0xf5, 0x0, 0x0,
    0x4f, 0x43, 0x34, 0xf5, 0x0, 0x0, 0x4f, 0x20,
    0x1, 0xf5, 0x0, 0x0, 0x4f, 0x20, 0x1, 0xf5,
    0x0, 0x0, 0x4f, 0x20, 0x1, 0xf5, 0x0, 0x0,
    0x4f, 0x20, 0x1, 0xf5,

    /* U+038A "Ί" */
    0x1, 0xe5, 0xbf, 0xff, 0xff, 0xb, 0x70, 0x23,
    0xad, 0x32, 0x26, 0x0, 0x0, 0x9c, 0x0, 0x0,
    0x0, 0x0, 0x9c, 0x0, 0x0, 0x0, 0x0, 0x9c,
    0x0, 0x0, 0x0, 0x0, 0x9c, 0x0, 0x0, 0x0,
    0x0, 0x9c, 0x0, 0x0, 0x0, 0x0, 0x9c, 0x0,
    0x0, 0x0, 0x23, 0xad, 0x32, 0x0, 0x0, 0xbf,
    0xff, 0xff,

    /* U+038C "Ό" */
    0x0, 0xaa, 0x3c, 0xfd, 0x50, 0x0, 0x4d, 0x1e,
    0xa2, 0x7f, 0x30, 0xb, 0x26, 0xf0, 0x0, 0xca,
    0x0, 0x0, 0xac, 0x0, 0x8, 0xe0, 0x0, 0xc,
    0xb0, 0x0, 0x7f, 0x0, 0x0, 0xca, 0x0, 0x6,
    0xf0, 0x0, 0xc, 0xa0, 0x0, 0x7f, 0x0, 0x0,
    0xac, 0x0, 0x8, 0xe0, 0x0, 0x6, 0xf0, 0x0,
    0xca, 0x0, 0x0, 0x1e, 0xa2, 0x7f, 0x30, 0x0,
    0x0, 0x3c, 0xfd, 0x50, 0x0,

    /* U+038E "Ύ" */
    0x0, 0xaa, 0xaf, 0xa0, 0x4, 0xed, 0x10, 0x5c,
    0x2, 0x5d, 0xa1, 0xfc, 0xf5, 0x9, 0x10, 0x0,
    0x3f, 0x9b, 0x5, 0x0, 0x0, 0x0, 0x0, 0xdf,
    0x40, 0x0, 0x0, 0x0, 0x0, 0x9, 0xf0, 0x0,
    0x0, 0x0, 0x0, 0x0, 0x7f, 0x0, 0x0, 0x0,
    0x0, 0x0, 0x7, 0xf0, 0x0, 0x0, 0x0, 0x0,
    0x0, 0x7f, 0x0, 0x0, 0x0, 0x0, 0x0, 0x7,
    0xf0, 0x0, 0x0, 0x0, 0x0, 0x0, 0x7f, 0x0,
    0x0,

    /* U+038F "Ώ" */
    0x0, 0xc8, 0x4d, 0xfd, 0x50, 0x0, 0x8a, 0x4f,
    0x83, 0x7f, 0x40, 0x18, 0xb, 0xa0, 0x0, 0xac,
    0x0, 0x0, 0xf5, 0x0, 0x5, 0xf0, 0x0, 0x1f,
    0x40, 0x0, 0x3f, 0x10, 0x0, 0xf5, 0x0, 0x4,
    0xf1, 0x0, 0xd, 0x80, 0x0, 0x7d, 0x0, 0x0,
    0x6e, 0x0, 0xd, 0x70, 0x0, 0x3, 0xd9, 0x9,
    0xd3, 0x0, 0x3, 0xff, 0xf0, 0xff, 0xf3,

    /* U+0390 "ΐ" */
    0x0, 0x0, 0x73, 0x0, 0x8, 0xb0, 0x0, 0x4c,
    0x0, 0x5f, 0x11, 0xf4, 0x16, 0x0, 0x61, 0x0,
    0x0, 0x0, 0xe, 0xfd, 0x0, 0x0, 0x7d, 0x0,
    0x0, 0x7d, 0x0, 0x0, 0x7d, 0x0, 0x0, 0x7d,
    0x0, 0x0, 0x6d, 0x0, 0x0, 0x3f, 0x31, 0x0,
    0x9, 0xea,

    /* U+0391 "Α" */
    0x0, 0xc, 0xf3, 0x0, 0x0, 0x1, 0xfc, 0x80,
    0x0, 0x0, 0x6c, 0x6d, 0x0, 0x0, 0xb, 0x81,
    0xf2, 0x0, 0x0, 0xf3, 0xc, 0x70, 0x0, 0x5e,
    0x0, 0x7c, 0x0, 0xa, 0xff, 0xff, 0xf1, 0x0,
    0xf6, 0x22, 0x2e, 0x60, 0x4f, 0x10, 0x0, 0xab,
    0x9, 0xd0, 0x0, 0x6, 0xf0,

    /* U+0392 "Β" */
    0xdf, 0xff, 0xc5, 0xd, 0x92, 0x38, 0xf2, 0xd8,
    0x0, 0xf, 0x6d, 0x80, 0x6, 0xf3, 0xdf, 0xff,
    0xf5, 0xd, 0x92, 0x37, 0xf3, 0xd8, 0x0, 0xb,
    0xad, 0x80, 0x0, 0xab, 0xd9, 0x23, 0x6f, 0x6d,
    0xff, 0xfd, 0x70,

    /* U+0393 "Γ" */
    0x8f, 0xff, 0xff, 0xc8, 0xe3, 0x33, 0x32, 0x8d,
    0x0, 0x0, 0x8, 0xd0, 0x0, 0x0, 0x8d, 0x0,
    0x0, 0x8, 0xd0, 0x0, 0x0, 0x8d, 0x0, 0x0,
    0x8, 0xd0, 0x0, 0x0, 0x8d, 0x0, 0x0, 0x8,
    0xd0, 0x0, 0x0,

    /* U+0394 "Δ" */
    0x0, 0xc, 0xf3, 0x0, 0x0, 0x1, 0xfc, 0x80,
    0x0, 0x0, 0x6d, 0x6d, 0x0, 0x0, 0xb, 0x81,
    0xf2, 0x0, 0x0, 0xf4, 0xd, 0x70, 0x0, 0x5f,
    0x0, 0x8c, 0x0, 0xa, 0xa0, 0x4, 0xf1, 0x0,
    0xf6, 0x0, 0xf, 0x60, 0x4f, 0x43, 0x33, 0xcb,
    0x9, 0xff, 0xff, 0xff, 0xf0,

    /* U+0395 "Ε" */
    0xaf, 0xff, 0xff, 0x6a, 0xc3, 0x33, 0x31, 0xab,
    0x0, 0x0, 0xa, 0xb0, 0x0, 0x0, 0xaf, 0xff,
    0xff, 0x3a, 0xc3, 0x33, 0x30, 0xab, 0x0, 0x0,
    0xa, 0xb0, 0x0, 0x0, 0xac, 0x33, 0x33, 0x1a,
    0xff, 0xff, 0xf8,

    /* U+0396 "Ζ" */
    0x1f, 0xff, 0xff, 0xf8, 0x3, 0x33, 0x37, 0xf3,
    0x0, 0x0, 0xe, 0x80, 0x0, 0x0, 0x9d, 0x0,
    0x0, 0x4, 0xf3, 0x0, 0x0, 0x1e, 0x70, 0x0,
    0x0, 0xac, 0x0, 0x0, 0x4, 0xf2, 0x0, 0x0,
    0x1e, 0x93, 0x33, 0x32, 0x4f, 0xff, 0xff, 0xfa,

    /* U+0397 "Η" */
    0x1f, 0x50, 0x0, 0xe8, 0x1f, 0x50, 0x0, 0xe8,
    0x1f, 0x50, 0x0, 0xe8, 0x1f, 0x50, 0x0, 0xe8,
    0x1f, 0xff, 0xff, 0xf8, 0x1f, 0x73, 0x33, 0xe8,
    0x1f, 0x50, 0x0, 0xe8, 0x1f, 0x50, 0x0, 0xe8,
    0x1f, 0x50, 0x0, 0xe8, 0x1f, 0x50, 0x0, 0xe8,

    /* U+0398 "Θ" */
    0x0, 0x0, 0x0, 0x0, 0x0, 0x8, 0xef, 0xc3,
    0x0, 0x9, 0xe6, 0x4a, 0xf2, 0x2, 0xf3, 0x0,
    0xc, 0x90, 0x8d, 0x0, 0x0, 0x6f, 0xa, 0xb6,
    0xff, 0xd4, 0xf2, 0xbb, 0x13, 0x32, 0x4f, 0x18,
    0xd0, 0x0, 0x7, 0xf0, 0x2f, 0x40, 0x0, 0xd9,
    0x0, 0x9e, 0x75, 0xbe, 0x10, 0x0, 0x8e, 0xfb,
    0x20, 0x0,

    /* U+0399 "Ι" */
    0xaf, 0xff, 0xff, 0x1, 0x39, 0xe3, 0x30, 0x0,
    0x7e, 0x0, 0x0, 0x7, 0xe0, 0x0, 0x0, 0x7e,
    0x0, 0x0, 0x7, 0xe0, 0x0, 0x0, 0x7e, 0x0,
    0x0, 0x7, 0xe0, 0x0, 0x13, 0x9e, 0x33, 0xa,
    0xff, 0xff, 0xf0,

    /* U+039A "Κ" */
    0x1f, 0x50, 0x0, 0xcb, 0x1, 0xf5, 0x0, 0xcc,
    0x0, 0x1f, 0x50, 0xbc, 0x0, 0x1, 0xf5, 0xbc,
    0x0, 0x0, 0x1f, 0xef, 0x90, 0x0, 0x1, 0xfd,
    0x5f, 0x40, 0x0, 0x1f, 0x50, 0x9e, 0x10, 0x1,
    0xf5, 0x1, 0xea, 0x0, 0x1f, 0x50, 0x4, 0xf5,
    0x1, 0xf5, 0x0, 0xa, 0xe1,

    /* U+039B "Λ" */
    0x0, 0xc, 0xf3, 0x0, 0x0, 0x1, 0xfc, 0x80,
    0x0, 0x0, 0x6d, 0x6d, 0x0, 0x0, 0xb, 0x81,
    0xf2, 0x0, 0x0, 0xf4, 0xd, 0x70, 0x0, 0x5f,
    0x0, 0x8c, 0x0, 0xa, 0xb0, 0x4, 0xf1, 0x0,
    0xf6, 0x0, 0xf, 0x60, 0x4f, 0x10, 0x0, 0xab,
    0x9, 0xd0, 0x0, 0x6, 0xf0,

    /* U+039C "Μ" */
    0x6f, 0x90, 0x3, 0xfd, 0x6e, 0xe0, 0x8, 0xed,
    0x6d, 0xa4, 0xe, 0x8d, 0x6d, 0x5a, 0x3c, 0x7d,
    0x6d, 0xe, 0xa6, 0x7d, 0x6d, 0xa, 0xf1, 0x7d,
    0x6d, 0x2, 0x50, 0x7d, 0x6d, 0x0, 0x0, 0x7d,
    0x6d, 0x0, 0x0, 0x7d, 0x6d, 0x0, 0x0, 0x7d,

    /* U+039D "Ν" */
    0xf, 0xe0, 0x0, 0xd7, 0xf, 0xf5, 0x0, 0xd7,
    0xf, 0xbb, 0x0, 0xd7, 0xf, 0x5f, 0x20, 0xd7,
    0xf, 0x49, 0x90, 0xd7, 0xf, 0x42, 0xf0, 0xd7,
    0xf, 0x40, 0xb6, 0xd7, 0xf, 0x40, 0x5d, 0xd7,
    0xf, 0x40, 0xe, 0xf7, 0xf, 0x40, 0x7, 0xf7,

    /* U+039E "Ξ" */
    0x1f, 0xff, 0xff, 0xf8, 0x3, 0x33, 0x33, 0x31,
    0x0, 0x0, 0x0, 0x0, 0x0, 0x0, 0x0, 0x0,
    0x0, 0xaf, 0xff, 0x10, 0x0, 0x23, 0x33, 0x0,
    0x0, 0x0, 0x0, 0x0, 0x0, 0x0, 0x0, 0x0,
    0x3, 0x33, 0x33, 0x31, 0x1f, 0xff, 0xff, 0xf8,

    /* U+039F "Ο" */
    0x0, 0x7e, 0xfb, 0x20, 0x6, 0xf5, 0x3c, 0xd0,
    0xd, 0x90, 0x2, 0xf3, 0xf, 0x60, 0x0, 0xf7,
    0x2f, 0x40, 0x0, 0xd9, 0x3f, 0x40, 0x0, 0xd9,
    0x2f, 0x40, 0x0, 0xd9, 0xf, 0x50, 0x0, 0xf7,
    0xd, 0x90, 0x2, 0xf3, 0x6, 0xf6, 0x3c, 0xc0,
    0x0, 0x8e, 0xfb, 0x10,

    /* U+03A0 "Π" */
    0x1f, 0xff, 0xff, 0xf8, 0x1f, 0x73, 0x33, 0xe8,
    0x1f, 0x50, 0x0, 0xe8, 0x1f, 0x50, 0x0, 0xe8,
    0x1f, 0x50, 0x0, 0xe8, 0x1f, 0x50, 0x0, 0xe8,
    0x1f, 0x50, 0x0, 0xe8, 0x1f, 0x50, 0x0, 0xe8,
    0x1f, 0x50, 0x0, 0xe8, 0x1f, 0x50, 0x0, 0xe8,

    /* U+03A1 "Ρ" */
    0xdf, 0xff, 0xc5, 0xd, 0xa2, 0x39, 0xf3, 0xd9,
    0x0, 0xe, 0x8d, 0x90, 0x0, 0xe8, 0xd9, 0x0,
    0x7f, 0x5d, 0xff, 0xff, 0x80, 0xda, 0x22, 0x0,
    0xd, 0x90, 0x0, 0x0, 0xd9, 0x0, 0x0, 0xd,
    0x90, 0x0, 0x0,

    /* U+03A3 "Σ" */
    0x2f, 0xff, 0xff, 0xfc, 0xd, 0xa3, 0x33, 0x32,
    0x2, 0xf5, 0x0, 0x0, 0x0, 0x4f, 0x30, 0x0,
    0x0, 0x7, 0xe1, 0x0, 0x0, 0x7, 0xe1, 0x0,
    0x0, 0x4f, 0x30, 0x0, 0x2, 0xf5, 0x0, 0x0,
    0xd, 0xa3, 0x33, 0x32, 0x2f, 0xff, 0xff, 0xfc,

    /* U+03A4 "Τ" */
    0xaf, 0xff, 0xff, 0xff, 0x12, 0x33, 0x9e, 0x33,
    0x30, 0x0, 0x7, 0xe0, 0x0, 0x0, 0x0, 0x7e,
    0x0, 0x0, 0x0, 0x7, 0xe0, 0x0, 0x0, 0x0,
    0x7e, 0x0, 0x0, 0x0, 0x7, 0xe0, 0x0, 0x0,
    0x0, 0x7e, 0x0, 0x0, 0x0, 0x7, 0xe0, 0x0,
    0x0, 0x0, 0x7e, 0x0, 0x0,

    /* U+03A5 "Υ" */
    0xbe, 0x90, 0x5, 0xed, 0x2, 0x5e, 0x92, 0xfd,
    0xf3, 0x0, 0x5f, 0xaa, 0x5, 0x0, 0x0, 0xef,
    0x30, 0x0, 0x0, 0xa, 0xf0, 0x0, 0x0, 0x0,
    0x9d, 0x0, 0x0, 0x0, 0x8, 0xd0, 0x0, 0x0,
    0x0, 0x8d, 0x0, 0x0, 0x0, 0x8, 0xd0, 0x0,
    0x0, 0x0, 0x8d, 0x0, 0x0,

    /* U+03A6 "Φ" */
    0x0, 0x7f, 0xfe, 0x0, 0x0, 0x19, 0xe2, 0x0,
    0x2, 0xbf, 0xfd, 0x70, 0xd, 0xc9, 0xe7, 0xf5,
    0x2f, 0x57, 0xe0, 0xe9, 0x2f, 0x57, 0xe0, 0xe9,
    0xe, 0xc9, 0xe6, 0xf5, 0x3, 0xcf, 0xfe, 0x70,
    0x0, 0x19, 0xe2, 0x0, 0x0, 0x7f, 0xfe, 0x0,

    /* U+03A7 "Χ" */
    0x2f, 0x50, 0x0, 0xbb, 0x0, 0x7e, 0x0, 0x5f,
    0x20, 0x0, 0xd8, 0xe, 0x70, 0x0, 0x3, 0xfa,
    0xc0, 0x0, 0x0, 0xa, 0xf3, 0x0, 0x0, 0x1,
    0xef, 0x80, 0x0, 0x0, 0x9c, 0x3f, 0x20, 0x0,
    0x4f, 0x30, 0xac, 0x0, 0xd, 0x80, 0x1, 0xf5,
    0x8, 0xe0, 0x0, 0x7, 0xe1,

    /* U+03A8 "Ψ" */
    0x3f, 0x37, 0xe0, 0xc9, 0x3f, 0x37, 0xe0, 0xc9,
    0x3f, 0x37, 0xe0, 0xc9, 0x2f, 0x37, 0xe0, 0xd8,
    0xf, 0x67, 0xe0, 0xf6, 0xa, 0xc7, 0xe6, 0xf1,
    0x2, 0xef, 0xff, 0x70, 0x0, 0xa, 0xf2, 0x0,
    0x0, 0x19, 0xe2, 0x0, 0x0, 0x7f, 0xfe, 0x0,

    /* U+03A9 "Ω" */
    0x0, 0x8e, 0xfb, 0x20, 0x8, 0xe5, 0x3b, 0xe0,
    0x1f, 0x50, 0x0, 0xe7, 0x4f, 0x0, 0x0, 0x9a,
    0x6f, 0x0, 0x0, 0x8c, 0x5f, 0x0, 0x0, 0x9c,
    0x2f, 0x30, 0x0, 0xc8, 0xb, 0x90, 0x2, 0xf2,
    0x15, 0xf5, 0x1d, 0xa2, 0x8f, 0xfa, 0x3f, 0xfe,

    /* U+03AA "Ϊ" */
    0x1, 0x0, 0x10, 0x0, 0xc8, 0x2f, 0x30, 0x3,
    0x20, 0x40, 0x0, 0x0, 0x0, 0x0, 0xaf, 0xff,
    0xff, 0x1, 0x39, 0xe3, 0x30, 0x0, 0x7e, 0x0,
    0x0, 0x7, 0xe0, 0x0, 0x0, 0x7e, 0x0, 0x0,
    0x7, 0xe0, 0x0, 0x0, 0x7e, 0x0, 0x0, 0x7,
    0xe0, 0x0, 0x13, 0x9e, 0x33, 0xa, 0xff, 0xff,
    0xf0,

    /* U+03AB "Ϋ" */
    0x0, 0x10, 0x1, 0x0, 0x0, 0xc, 0x82, 0xf3,
    0x0, 0x0, 0x32, 0x4, 0x0, 0x0, 0x0, 0x0,
    0x0, 0x0, 0xbe, 0x90, 0x5, 0xed, 0x2, 0x5e,
    0x92, 0xfd, 0xf3, 0x0, 0x5f, 0xaa, 0x5, 0x0,
    0x0, 0xef, 0x30, 0x0, 0x0, 0xa, 0xf0, 0x0,
    0x0, 0x0, 0x9d, 0x0, 0x0, 0x0, 0x8, 0xd0,
    0x0, 0x0, 0x0, 0x8d, 0x0, 0x0, 0x0, 0x8,
    0xd0, 0x0, 0x0, 0x0, 0x8d, 0x0, 0x0,

    /* U+03AC "ά" */
    0x0, 0x0, 0x2f, 0x20, 0x0, 0x0, 0xc, 0x60,
    0x0, 0x0, 0x6, 0xa0, 0x0, 0x0, 0x0, 0x0,
    0x0, 0x0, 0x2, 0xcf, 0xc2, 0x89, 0x0, 0xea,
    0x2a, 0xbd, 0x30, 0x5f, 0x10, 0x2f, 0xe0, 0x7,
    0xd0, 0x0, 0xe9, 0x0, 0x7d, 0x0, 0xd, 0x60,
    0x5, 0xf1, 0x3, 0xf8, 0x0, 0xe, 0xb5, 0xdd,
    0xe4, 0x0, 0x3d, 0xfb, 0x1b, 0xf0,

    /* U+03AD "έ" */
    0x0, 0x2, 0xf2, 0x0, 0x0, 0xc6, 0x0, 0x0,
    0x6a, 0x0, 0x0, 0x0, 0x0, 0x0, 0x9, 0xef,
    0xec, 0x8, 0xe4, 0x23, 0x60, 0x7c, 0x10, 0x0,
    0x0, 0x9f, 0xe9, 0x0, 0x7d, 0x41, 0x10, 0xc,
    0x70, 0x0, 0x0, 0x9d, 0x52, 0x35, 0x20, 0x8d,
    0xff, 0xc2,

    /* U+03AE "ή" */
    0x0, 0x0, 0x72, 0x0, 0x0, 0x9a, 0x0, 0x0,
    0x5b, 0x0, 0x0, 0x0, 0x0, 0x0, 0xa9, 0xaf,
    0xd4, 0xa, 0xf4, 0x7, 0xe0, 0xab, 0x0, 0x2f,
    0x1a, 0x90, 0x1, 0xf2, 0xa9, 0x0, 0x1f, 0x3a,
    0x90, 0x1, 0xf3, 0xa9, 0x0, 0x1f, 0x3a, 0x90,
    0x1, 0xf3, 0x0, 0x0, 0x1f, 0x30, 0x0, 0x1,
    0xf3, 0x0, 0x0, 0x1f, 0x30,

    /* U+03AF "ί" */
    0x0, 0x7, 0x20, 0x9, 0xa0, 0x5, 0xb0, 0x0,
    0x0, 0x0, 0xef, 0xd0, 0x0, 0x7d, 0x0, 0x7,
    0xd0, 0x0, 0x7d, 0x0, 0x7, 0xd0, 0x0, 0x6d,
    0x0, 0x3, 0xf3, 0x10, 0x9, 0xea,

    /* U+03B0 "ΰ" */
    0x0, 0x0, 0x7, 0x30, 0x0, 0x0, 0x8b, 0x0,
    0x0, 0x4, 0xc0, 0x0, 0x5, 0xf1, 0x1f, 0x40,
    0x1, 0x60, 0x6, 0x10, 0x0, 0x0, 0x0, 0x0,
    0xaf, 0xf1, 0x4, 0xd0, 0x3, 0xf1, 0x0, 0xd6,
    0x3, 0xf1, 0x0, 0xaa, 0x3, 0xf1, 0x0, 0x9b,
    0x3, 0xf1, 0x0, 0xc9, 0x2, 0xf1, 0x1, 0xf4,
    0x0, 0xf6, 0x2b, 0xc0, 0x0, 0x5e, 0xfa, 0x0,

    /* U+03B1 "α" */
    0x2, 0xcf, 0xc2, 0x89, 0x0, 0xea, 0x2a, 0xbd,
    0x30, 0x5f, 0x10, 0x2f, 0xe0, 0x7, 0xd0, 0x0,
    0xe9, 0x0, 0x7d, 0x0, 0xd, 0x60, 0x5, 0xf1,
    0x3, 0xf8, 0x0, 0xe, 0xb5, 0xdd, 0xe4, 0x0,
    0x3d, 0xfb, 0x1b, 0xf0,

    /* U+03B2 "β" */
    0x9, 0xfe, 0x80, 0x8, 0xf7, 0x7e, 0x80, 0xe7,
    0x0, 0x6d, 0xf, 0x40, 0x6, 0xd0, 0xf4, 0x4,
    0xe8, 0xf, 0x4c, 0xff, 0x30, 0xf4, 0x24, 0x9f,
    0x2f, 0x40, 0x0, 0xb8, 0xf6, 0x0, 0xc, 0x9f,
    0xf9, 0x6a, 0xf3, 0xfa, 0xdf, 0xd5, 0xf, 0x40,
    0x0, 0x0, 0xf4, 0x0, 0x0, 0xf, 0x40, 0x0,
    0x0,

    /* U+03B3 "γ" */
    0x8e, 0x30, 0x0, 0x8c, 0x19, 0xc0, 0x0, 0xd7,
    0x1, 0xf2, 0x3, 0xf1, 0x0, 0xc7, 0x9, 0xb0,
    0x0, 0x6d, 0xf, 0x50, 0x0, 0x1f, 0x8f, 0x0,
    0x0, 0xb, 0xf9, 0x0, 0x0, 0x5, 0xf4, 0x0,
    0x0, 0x3, 0xf1, 0x0, 0x0, 0x3, 0xf1, 0x0,
    0x0, 0x3, 0xf1, 0x0,

    /* U+03B4 "δ" */
    0x0, 0x8e, 0xfe, 0x50, 0x6, 0xf6, 0x24, 0x30,
    0x7, 0xe1, 0x0, 0x0, 0x0, 0xef, 0xfb, 0x20,
    0x7, 0xe3, 0x1a, 0xe0, 0xe, 0x70, 0x1, 0xf5,
    0xf, 0x40, 0x0, 0xe7, 0xf, 0x50, 0x0, 0xe6,
    0xd, 0x70, 0x1, 0xf4, 0x7, 0xe4, 0x2a, 0xe0,
    0x0, 0x9e, 0xfc, 0x30,

    /* U+03B5 "ε" */
    0x9, 0xef, 0xec, 0x8, 0xe4, 0x23, 0x60, 0x7c,
    0x10, 0x0, 0x0, 0x9f, 0xe9, 0x0, 0x7d, 0x41,
    0x10, 0xc, 0x70, 0x0, 0x0, 0x9d, 0x52, 0x35,
    0x20, 0x8d, 0xff, 0xc2,

    /* U+03B6 "ζ" */
    0xbf, 0xff, 0xff, 0x43, 0x44, 0xaf, 0xb1, 0x0,
    0x9f, 0x60, 0x0, 0x8e, 0x20, 0x0, 0x2f, 0x30,
    0x0, 0x9, 0x90, 0x0, 0x0, 0xd5, 0x0, 0x0,
    0xe, 0x50, 0x0, 0x0, 0xda, 0x0, 0x0, 0x6,
    0xf7, 0x0, 0x0, 0x5, 0xdf, 0xd7, 0x0, 0x0,
    0x16, 0xf2, 0x0, 0x0, 0x3f, 0x10, 0x0, 0xe,
    0x70,

    /* U+03B7 "η" */
    0xa9, 0xaf, 0xd4, 0xa, 0xf4, 0x7, 0xe0, 0xab,
    0x0, 0x2f, 0x1a, 0x90, 0x1, 0xf2, 0xa9, 0x0,
    0x1f, 0x3a, 0x90, 0x1, 0xf3, 0xa9, 0x0, 0x1f,
    0x3a, 0x90, 0x1, 0xf3, 0x0, 0x0, 0x1f, 0x30,
    0x0, 0x1, 0xf3, 0x0, 0x0, 0x1f, 0x30,

    /* U+03B8 "θ" */
    0x0, 0x6e, 0xfb, 0x10, 0x5, 0xf4, 0x2b, 0xb0,
    0xb, 0x80, 0x2, 0xf2, 0xf, 0x60, 0x0, 0xf6,
    0xf, 0xff, 0xff, 0xf7, 0xf, 0x73, 0x33, 0xe7,
    0xf, 0x70, 0x0, 0xf6, 0xb, 0xa0, 0x3, 0xf2,
    0x5, 0xf5, 0x2c, 0xc0, 0x0, 0x7e, 0xfb, 0x10,

    /* U+03B9 "ι" */
    0xef, 0xd0, 0x0, 0x7d, 0x0, 0x7, 0xd0, 0x0,
    0x7d, 0x0, 0x7, 0xd0, 0x0, 0x6d, 0x0, 0x3,
    0xf3, 0x10, 0x9, 0xea,

    /* U+03BA "κ" */
    0xb9, 0x0, 0x9d, 0x1b, 0x90, 0x9d, 0x10, 0xb9,
    0x9d, 0x10, 0xb, 0xff, 0xb0, 0x0, 0xbd, 0x3f,
    0x60, 0xb, 0x90, 0x6f, 0x20, 0xb9, 0x0, 0xbc,
    0xb, 0x90, 0x1, 0xe8,

    /* U+03BB "λ" */
    0x6, 0xfb, 0x0, 0x0, 0x0, 0x3e, 0x70, 0x0,
    0x0, 0x7, 0xd0, 0x0, 0x0, 0x4, 0xf3, 0x0,
    0x0, 0xa, 0xf9, 0x0, 0x0, 0x1f, 0xbe, 0x0,
    0x0, 0x8d, 0x1f, 0x40, 0x0, 0xe5, 0xb, 0xa0,
    0x6, 0xe0, 0x5, 0xf0, 0xd, 0x70, 0x0, 0xf6,
    0x4f, 0x10, 0x0, 0x9b,

    /* U+03BC "μ" */
    0xa9, 0x0, 0x1f, 0x30, 0xa9, 0x0, 0x1f, 0x30,
    0xa9, 0x0, 0x1f, 0x30, 0xa9, 0x0, 0x1f, 0x30,
    0xa9, 0x0, 0x1f, 0x30, 0xaa, 0x0, 0x3f, 0x30,
    0xaf, 0x42, 0xbf, 0x60, 0xa9, 0xdf, 0x8a, 0xe0,
    0xa7, 0x0, 0x0, 0x0, 0xa7, 0x0, 0x0, 0x0,
    0xa7, 0x0, 0x0, 0x0,

    /* U+03BD "ν" */
    0x1f, 0x40, 0x9, 0xa0, 0xc, 0x90, 0x1, 0xf2,
    0x7, 0xe0, 0x0, 0xd6, 0x3, 0xf2, 0x0, 0xe5,
    0x0, 0xe7, 0x5, 0xf1, 0x0, 0x9c, 0xe, 0x70,
    0x0, 0x5f, 0xbc, 0x0, 0x0, 0xf, 0xd1, 0x0,

    /* U+03BE "ξ" */
    0x7f, 0xff, 0xff, 0x2, 0xbe, 0x85, 0x40, 0x5d,
    0x0, 0x0, 0x7, 0xb0, 0x0, 0x0, 0x2f, 0xa6,
    0x41, 0x0, 0x4f, 0xff, 0x30, 0x3f, 0xb4, 0x0,
    0xb, 0xa0, 0x0, 0x0, 0xd6, 0x0, 0x0, 0x9,
    0xe5, 0x10, 0x0, 0x8, 0xef, 0xe8, 0x0, 0x0,
    0x14, 0xf4, 0x0, 0x0, 0x2e, 0x40, 0x0, 0xb,
    0xa0,

    /* U+03BF "ο" */
    0x0, 0x8e, 0xfc, 0x20, 0x7, 0xe4, 0x2a, 0xd0,
    0xd, 0x70, 0x1, 0xf4, 0xf, 0x50, 0x0, 0xe6,
    0xf, 0x40, 0x0, 0xe6, 0xd, 0x70, 0x1, 0xf4,
    0x7, 0xe4, 0x2a, 0xe0, 0x0, 0x9e, 0xfc, 0x20,

    /* U+03C0 "π" */
    0x7f, 0xff, 0xff, 0xfe, 0x0, 0x7c, 0x0, 0x5e,
    0x0, 0x7, 0xc0, 0x5, 0xe0, 0x0, 0x7c, 0x0,
    0x5e, 0x0, 0x7, 0xc0, 0x5, 0xe0, 0x0, 0x7c,
    0x0, 0x4e, 0x0, 0x7, 0xc0, 0x4, 0xf2, 0x0,
    0x7c, 0x0, 0xd, 0xf1,

    /* U+03C1 "ρ" */
    0x6, 0xef, 0xc3, 0x3, 0xf6, 0x29, 0xe0, 0x9b,
    0x0, 0xf, 0x4b, 0x80, 0x0, 0xd7, 0xc8, 0x0,
    0xd, 0x7c, 0xb0, 0x0, 0xf4, 0xcf, 0x62, 0x9e,
    0xc, 0x9c, 0xfd, 0x30, 0xc8, 0x0, 0x0, 0xc,
    0x80, 0x0, 0x0, 0xc8, 0x0, 0x0, 0x0,

    /* U+03C2 "ς" */
    0x3, 0xcf, 0xe9, 0x2, 0xf9, 0x23, 0x90, 0x9c,
    0x0, 0x0, 0xc, 0x80, 0x0, 0x0, 0xd7, 0x0,
    0x0, 0xb, 0xa0, 0x0, 0x0, 0x5f, 0x50, 0x0,
    0x0, 0x6e, 0xeb, 0x30, 0x0, 0x2, 0x9d, 0x0,
    0x0, 0x8, 0xd0, 0x0, 0x3, 0xd4, 0x0,

    /* U+03C3 "σ" */
    0x0, 0xae, 0xff, 0xf9, 0x9, 0xe6, 0x8f, 0x82,
    0xf, 0x50, 0x7, 0xe0, 0x2f, 0x20, 0x1, 0xf4,
    0x1f, 0x30, 0x0, 0xf5, 0xf, 0x50, 0x3, 0xf3,
    0x9, 0xd3, 0x2c, 0xc0, 0x0, 0x9f, 0xfa, 0x10,

    /* U+03C4 "τ" */
    0xef, 0xff, 0xff, 0x53, 0x49, 0xe4, 0x41, 0x0,
    0x7d, 0x0, 0x0, 0x7, 0xd0, 0x0, 0x0, 0x7d,
    0x0, 0x0, 0x6, 0xd0, 0x0, 0x0, 0x3f, 0x31,
    0x0, 0x0, 0x9e, 0xa0,

    /* U+03C5 "υ" */
    0xaf, 0xf1, 0x4, 0xd0, 0x3, 0xf1, 0x0, 0xd5,
    0x3, 0xf1, 0x0, 0xaa, 0x3, 0xf1, 0x0, 0x9b,
    0x3, 0xf1, 0x0, 0xb9, 0x2, 0xf1, 0x1, 0xf4,
    0x0, 0xf6, 0x2b, 0xc0, 0x0, 0x5e, 0xfa, 0x10,

    /* U+03C6 "φ" */
    0x3, 0xc2, 0xcf, 0x80, 0xe, 0xa5, 0xe4, 0xf6,
    0x5f, 0x16, 0xd0, 0x9b, 0x7e, 0x6, 0xd0, 0x7d,
    0x6e, 0x6, 0xd0, 0x7d, 0x4f, 0x16, 0xd0, 0xab,
    0xd, 0xb8, 0xd6, 0xf4, 0x2, 0xcf, 0xfe, 0x60,
    0x0, 0x6, 0xd0, 0x0, 0x0, 0x6, 0xd0, 0x0,
    0x0, 0x6, 0xd0, 0x0,

    /* U+03C7 "χ" */
    0x6f, 0xa0, 0x2, 0xf2, 0x4, 0xe5, 0x9, 0xb0,
    0x0, 0x7b, 0x1f, 0x30, 0x0, 0x2f, 0xac, 0x0,
    0x0, 0xc, 0xf5, 0x0, 0x0, 0x8, 0xf0, 0x0,
    0x0, 0xe, 0xf2, 0x0, 0x0, 0x5e, 0xb8, 0x0,
    0x0, 0xc7, 0x5e, 0x0, 0x4, 0xf1, 0xe, 0x81,
    0xb, 0x90, 0x5, 0xed,

    /* U+03C8 "ψ" */
    0x1f, 0x26, 0xd0, 0xb8, 0x1f, 0x26, 0xd0, 0xb8,
    0x1f, 0x26, 0xd0, 0xb8, 0x1f, 0x26, 0xd0, 0xb8,
    0x1f, 0x26, 0xd0, 0xc8, 0xf, 0x56, 0xd0, 0xe6,
    0x9, 0xe9, 0xd9, 0xe1, 0x0, 0xaf, 0xfd, 0x30,
    0x0, 0x6, 0xd0, 0x0, 0x0, 0x6, 0xd0, 0x0,
    0x0, 0x6, 0xd0, 0x0,

    /* U+03C9 "ω" */
    0xd, 0x70, 0x1, 0xf4, 0x2f, 0x20, 0x0, 0xb9,
    0x6e, 0x0, 0x0, 0x8d, 0x7d, 0x5, 0xc0, 0x6e,
    0x7d, 0x6, 0xd0, 0x6e, 0x6e, 0x7, 0xe0, 0x7d,
    0x3f, 0x4c, 0xf4, 0xca, 0xa, 0xfa, 0x4e, 0xe2,

    /* U+03CA "ϊ" */
    0xc8, 0x1f, 0x35, 0x30, 0x61, 0x0, 0x0, 0xe,
    0xfd, 0x0, 0x7, 0xd0, 0x0, 0x7d, 0x0, 0x7,
    0xd0, 0x0, 0x7d, 0x0, 0x6, 0xd0, 0x0, 0x3f,
    0x31, 0x0, 0x9e, 0xa0,

    /* U+03CB "ϋ" */
    0x0, 0xc8, 0x1f, 0x30, 0x0, 0x43, 0x6, 0x10,
    0x0, 0x0, 0x0, 0x0, 0xaf, 0xf1, 0x4, 0xd0,
    0x3, 0xf1, 0x0, 0xd5, 0x3, 0xf1, 0x0, 0xaa,
    0x3, 0xf1, 0x0, 0x9b, 0x3, 0xf1, 0x0, 0xb9,
    0x2, 0xf1, 0x1, 0xf4, 0x0, 0xf6, 0x2b, 0xc0,
    0x0, 0x5e, 0xfa, 0x10,

    /* U+03CC "ό" */
    0x0, 0x0, 0x3e, 0x20, 0x0, 0x1, 0xd3, 0x0,
    0x0, 0x4, 0x40, 0x0, 0x0, 0x0, 0x0, 0x0,
    0x0, 0x8e, 0xfc, 0x20, 0x7, 0xe4, 0x2a, 0xd0,
    0xd, 0x70, 0x1, 0xf4, 0xf, 0x50, 0x0, 0xe6,
    0xf, 0x40, 0x0, 0xe6, 0xd, 0x70, 0x1, 0xf4,
    0x7, 0xe4, 0x2a, 0xe0, 0x0, 0x9e, 0xfc, 0x20,

    /* U+03CD "ύ" */
    0x0, 0x0, 0x7, 0x20, 0x0, 0x0, 0x9a, 0x0,
    0x0, 0x5, 0xb0, 0x0, 0x0, 0x0, 0x0, 0x0,
    0xaf, 0xf1, 0x4, 0xd0, 0x3, 0xf1, 0x0, 0xd5,
    0x3, 0xf1, 0x0, 0xaa, 0x3, 0xf1, 0x0, 0x9b,
    0x3, 0xf1, 0x0, 0xb9, 0x2, 0xf1, 0x1, 0xf4,
    0x0, 0xf6, 0x2b, 0xc0, 0x0, 0x5e, 0xfa, 0x10,

    /* U+03CE "ώ" */
    0x0, 0x0, 0x7, 0x20, 0x0, 0x0, 0x9a, 0x0,
    0x0, 0x5, 0xb0, 0x0, 0x0, 0x0, 0x0, 0x0,
    0xd, 0x70, 0x1, 0xf4, 0x2f, 0x20, 0x0, 0xb9,
    0x6e, 0x0, 0x0, 0x8d, 0x7d, 0x5, 0xc0, 0x6e,
    0x7d, 0x6, 0xd0, 0x6e, 0x6e, 0x7, 0xe0, 0x7d,
    0x3f, 0x4c, 0xf4, 0xca, 0xa, 0xfa, 0x4e, 0xe2,

    /* U+03F4 "ϴ" */
    0x0, 0x7e, 0xfb, 0x20, 0x6, 0xf5, 0x3c, 0xd0,
    0xd, 0xa0, 0x3, 0xf3, 0xf, 0x60, 0x0, 0xf7,
    0x2f, 0x40, 0x0, 0xe9, 0x3f, 0xff, 0xff, 0xf9,
    0x2f, 0x63, 0x33, 0xd9, 0xf, 0x50, 0x0, 0xe7,
    0xd, 0x80, 0x1, 0xf3, 0x6, 0xf5, 0x3b, 0xc0,
    0x0, 0x8e, 0xfb, 0x10,

    /* U+03F6 "϶" */
    0xbf, 0xfc, 0x40, 0x3, 0x22, 0x6f, 0x50, 0x0,
    0x0, 0x7d, 0xc, 0xee, 0xee, 0xf0, 0x11, 0x11,
    0x6f, 0x0, 0x0, 0xa, 0xc0, 0x42, 0x28, 0xf5,
    0xb, 0xff, 0xc4, 0x0,

    /* U+0400 "Ѐ" */
    0x1, 0xe3, 0x0, 0x0, 0x4, 0xc0, 0x0, 0x0,
    0x0, 0x0, 0xa, 0xff, 0xff, 0xf6, 0xac, 0x33,
    0x33, 0x1a, 0xb0, 0x0, 0x0, 0xab, 0x0, 0x0,
    0xa, 0xff, 0xff, 0xf3, 0xac, 0x33, 0x33, 0xa,
    0xb0, 0x0, 0x0, 0xab, 0x0, 0x0, 0xa, 0xc3,
    0x33, 0x31, 0xaf, 0xff, 0xff, 0x80,

    /* U+0401 "Ё" */
    0x0, 0x10, 0x10, 0x0, 0x6f, 0xb, 0x90, 0x1,
    0x40, 0x32, 0x0, 0x0, 0x0, 0x0, 0xaf, 0xff,
    0xff, 0x6a, 0xc3, 0x33, 0x31, 0xab, 0x0, 0x0,
    0xa, 0xb0, 0x0, 0x0, 0xaf, 0xff, 0xff, 0x3a,
    0xc3, 0x33, 0x30, 0xab, 0x0, 0x0, 0xa, 0xb0,
    0x0, 0x0, 0xac, 0x33, 0x33, 0x1a, 0xff, 0xff,
    0xf8,

    /* U+0402 "Ђ" */
    0x5f, 0xff, 0xff, 0xa0, 0x0, 0x3c, 0xb3, 0x31,
    0x0, 0x0, 0xca, 0x0, 0x0, 0x0, 0xc, 0xbb,
    0xff, 0xb1, 0x0, 0xcf, 0x94, 0x6f, 0x70, 0xc,
    0xd0, 0x0, 0xbb, 0x0, 0xca, 0x0, 0xa, 0xc0,
    0xc, 0xa0, 0x0, 0xac, 0x0, 0xca, 0x0, 0xa,
    0xc0, 0xc, 0xa0, 0x0, 0xab, 0x0, 0x0, 0x0,
    0xb, 0xa0, 0x0, 0x0, 0x25, 0xf6, 0x0, 0x0,
    0x1f, 0xe8, 0x0,

    /* U+0403 "Ѓ" */
    0x0, 0x4, 0xe1, 0x0, 0x0, 0xd3, 0x0, 0x0,
    0x0, 0x0, 0x8, 0xff, 0xff, 0xfc, 0x8e, 0x33,
    0x33, 0x28, 0xd0, 0x0, 0x0, 0x8d, 0x0, 0x0,
    0x8, 0xd0, 0x0, 0x0, 0x8d, 0x0, 0x0, 0x8,
    0xd0, 0x0, 0x0, 0x8d, 0x0, 0x0, 0x8, 0xd0,
    0x0, 0x0, 0x8d, 0x0, 0x0, 0x0,

    /* U+0404 "Є" */
    0x0, 0x3b, 0xff, 0xb2, 0x2, 0xf8, 0x33, 0x73,
    0xb, 0xb0, 0x0, 0x0, 0xf, 0x70, 0x0, 0x0,
    0x1f, 0xff, 0xff, 0xa0, 0x1f, 0x73, 0x33, 0x10,
    0xf, 0x70, 0x0, 0x0, 0xb, 0xd0, 0x0, 0x0,
    0x3, 0xfa, 0x33, 0x83, 0x0, 0x3b, 0xff, 0xb2,

    /* U+0405 "Ѕ" */
    0x1, 0x9e, 0xfd, 0x80, 0xb, 0xd4, 0x25, 0xa0,
    0xf, 0x50, 0x0, 0x0, 0xe, 0x90, 0x0, 0x0,
    0x4, 0xee, 0xa5, 0x0, 0x0, 0x4, 0x8e, 0xc0,
    0x0, 0x0, 0x1, 0xe6, 0x0, 0x0, 0x0, 0xe6,
    0xc, 0x63, 0x39, 0xf2, 0x7, 0xcf, 0xfc, 0x40,

    /* U+0406 "І" */
    0xaf, 0xff, 0xff, 0x1, 0x39, 0xe3, 0x30, 0x0,
    0x7e, 0x0, 0x0, 0x7, 0xe0, 0x0, 0x0, 0x7e,
    0x0, 0x0, 0x7, 0xe0, 0x0, 0x0, 0x7e, 0x0,
    0x0, 0x7, 0xe0, 0x0, 0x13, 0x9e, 0x33, 0xa,
    0xff, 0xff, 0xf0,

    /* U+0407 "Ї" */
    0x1, 0x0, 0x10, 0x0, 0xc8, 0x2f, 0x30, 0x3,
    0x20, 0x40, 0x0, 0x0, 0x0, 0x0, 0xaf, 0xff,
    0xff, 0x1, 0x39, 0xe3, 0x30, 0x0, 0x7e, 0x0,
    0x0, 0x7, 0xe0, 0x0, 0x0, 0x7e, 0x0, 0x0,
    0x7, 0xe0, 0x0, 0x0, 0x7e, 0x0, 0x0, 0x7,
    0xe0, 0x0, 0x13, 0x9e, 0x33, 0xa, 0xff, 0xff,
    0xf0,

    /* U+0408 "Ј" */
    0x0, 0x7f, 0xff, 0x80, 0x1, 0x33, 0xd8, 0x0,
    0x0, 0xd, 0x80, 0x0, 0x0, 0xd8, 0x0, 0x0,
    0xd, 0x80, 0x0, 0x0, 0xd8, 0x0, 0x0, 0xd,
    0x80, 0x0, 0x0, 0xe7, 0x4a, 0x43, 0x7f, 0x31,
    0xae, 0xfd, 0x60,

    /* U+0409 "Љ" */
    0x2, 0xff, 0xf8, 0x0, 0x0, 0x2f, 0x4c, 0x80,
    0x0, 0x2, 0xf1, 0xb8, 0x0, 0x0, 0x2f, 0x1b,
    0x80, 0x0, 0x3, 0xf1, 0xbf, 0xd4, 0x0, 0x3f,
    0xb, 0xa8, 0xf1, 0x4, 0xf0, 0xb8, 0xe, 0x50,
    0x6e, 0xb, 0x80, 0xe5, 0x3c, 0x90, 0xb9, 0x7f,
    0x1e, 0xa1, 0xb, 0xfd, 0x40,

    /* U+040A "Њ" */
    0xb9, 0x0, 0xb8, 0x0, 0xb, 0x90, 0xb, 0x80,
    0x0, 0xb9, 0x0, 0xb8, 0x0, 0xb, 0x90, 0xb,
    0x80, 0x0, 0xbf, 0xff, 0xff, 0xd5, 0xb, 0xa3,
    0x3c, 0xa8, 0xf2, 0xb9, 0x0, 0xb8, 0xe, 0x5b,
    0x90, 0xb, 0x80, 0xe5, 0xb9, 0x0, 0xba, 0x8f,
    0x1b, 0x90, 0xb, 0xfd, 0x40,

    /* U+040B "Ћ" */
    0x4f, 0xff, 0xff, 0xa0, 0x0, 0x3c, 0xb3, 0x31,
    0x0, 0x0, 0xca, 0x0, 0x0, 0x0, 0xc, 0xa0,
    0x0, 0x0, 0x0, 0xcb, 0xbf, 0xfc, 0x10, 0xc,
    0xf8, 0x46, 0xf8, 0x0, 0xcc, 0x0, 0xb, 0xb0,
    0xc, 0xa0, 0x0, 0xac, 0x0, 0xca, 0x0, 0xa,
    0xc0, 0xc, 0xa0, 0x0, 0xac,

    /* U+040C "Ќ" */
    0x0, 0x0, 0x8a, 0x0, 0x0, 0x0, 0x3d, 0x0,
    0x0, 0x0, 0x0, 0x0, 0x0, 0x1, 0xf5, 0x0,
    0xc, 0xb0, 0x1f, 0x50, 0xc, 0xc0, 0x1, 0xf5,
    0xb, 0xc0, 0x0, 0x1f, 0x5b, 0xc0, 0x0, 0x1,
    0xfe, 0xf9, 0x0, 0x0, 0x1f, 0xd5, 0xf4, 0x0,
    0x1, 0xf5, 0x9, 0xe1, 0x0, 0x1f, 0x50, 0x1e,
    0xa0, 0x1, 0xf5, 0x0, 0x4f, 0x50, 0x1f, 0x50,
    0x0, 0xae, 0x10,

    /* U+040D "Ѝ" */
    0x0, 0x1e, 0x30, 0x0, 0x0, 0x4, 0xc0, 0x0,
    0x0, 0x0, 0x0, 0x0, 0xf, 0x40, 0x7, 0xf7,
    0xf, 0x40, 0xe, 0xf7, 0xf, 0x40, 0x5d, 0xd7,
    0xf, 0x40, 0xb6, 0xd7, 0xf, 0x42, 0xf0, 0xd7,
    0xf, 0x49, 0x90, 0xd7, 0xf, 0x5f, 0x20, 0xd7,
    0xf, 0xbb, 0x0, 0xd7, 0xf, 0xf5, 0x0, 0xd7,
    0xf, 0xe0, 0x0, 0xd7,

    /* U+040E "Ў" */
    0x0, 0x83, 0x7, 0x40, 0x0, 0x3, 0xde, 0xb0,
    0x0, 0x0, 0x0, 0x0, 0x0, 0x0, 0xe8, 0x0,
    0xa, 0xd0, 0x8, 0xe0, 0x0, 0xf6, 0x0, 0x2f,
    0x40, 0x6f, 0x10, 0x0, 0xba, 0xc, 0xa0, 0x0,
    0x5, 0xf3, 0xf3, 0x0, 0x0, 0xe, 0xed, 0x0,
    0x0, 0x0, 0x8f, 0x70, 0x0, 0x0, 0x6, 0xf1,
    0x0, 0x0, 0x14, 0xe9, 0x0, 0x0, 0x9, 0xfb,
    0x0, 0x0, 0x0,

    /* U+040F "Џ" */
    0x1f, 0x50, 0x0, 0xe8, 0x1f, 0x50, 0x0, 0xe8,
    0x1f, 0x50, 0x0, 0xe8, 0x1f, 0x50, 0x0, 0xe8,
    0x1f, 0x50, 0x0, 0xe8, 0x1f, 0x50, 0x0, 0xe8,
    0x1f, 0x50, 0x0, 0xe8, 0x1f, 0x50, 0x0, 0xe8,
    0x1f, 0x73, 0x33, 0xe8, 0x1f, 0xff, 0xff, 0xf8,
    0x0, 0x6, 0xc0, 0x0, 0x0, 0x6, 0xc0, 0x0,

    /* U+0410 "А" */
    0x0, 0xc, 0xf3, 0x0, 0x0, 0x1, 0xfc, 0x80,
    0x0, 0x0, 0x6c, 0x6d, 0x0, 0x0, 0xb, 0x81,
    0xf2, 0x0, 0x0, 0xf3, 0xc, 0x70, 0x0, 0x5e,
    0x0, 0x7c, 0x0, 0xa, 0xff, 0xff, 0xf1, 0x0,
    0xf6, 0x22, 0x2e, 0x60, 0x4f, 0x10, 0x0, 0xab,
    0x9, 0xd0, 0x0, 0x6, 0xf0,

    /* U+0411 "Б" */
    0xdf, 0xff, 0xff, 0x4d, 0x92, 0x22, 0x20, 0xd8,
    0x0, 0x0, 0xd, 0x80, 0x0, 0x0, 0xdf, 0xfe,
    0xc7, 0xd, 0x92, 0x27, 0xf6, 0xd8, 0x0, 0xb,
    0xbd, 0x80, 0x0, 0xab, 0xd9, 0x23, 0x6f, 0x6d,
    0xff, 0xfd, 0x70,

    /* U+0412 "В" */
    0xdf, 0xff, 0xc5, 0xd, 0x92, 0x38, 0xf2, 0xd8,
    0x0, 0xf, 0x6d, 0x80, 0x6, 0xf3, 0xdf, 0xff,
    0xf5, 0xd, 0x92, 0x37, 0xf3, 0xd8, 0x0, 0xb,
    0xad, 0x80, 0x0, 0xab, 0xd9, 0x23, 0x6f, 0x6d,
    0xff, 0xfd, 0x70,

    /* U+0413 "Г" */
    0x8f, 0xff, 0xff, 0xc8, 0xe3, 0x33, 0x32, 0x8d,
    0x0, 0x0, 0x8, 0xd0, 0x0, 0x0, 0x8d, 0x0,
    0x0, 0x8, 0xd0, 0x0, 0x0, 0x8d, 0x0, 0x0,
    0x8, 0xd0, 0x0, 0x0, 0x8d, 0x0, 0x0, 0x8,
    0xd0, 0x0, 0x0,

    /* U+0414 "Д" */
    0x7, 0xff, 0xff, 0xf6, 0x0, 0x7f, 0x33, 0x3f,
    0x60, 0x7, 0xf0, 0x0, 0xf6, 0x0, 0x7e, 0x0,
    0xf, 0x60, 0x8, 0xe0, 0x0, 0xf6, 0x0, 0x9d,
    0x0, 0xf, 0x60, 0xa, 0xb0, 0x0, 0xf6, 0x0,
    0xca, 0x0, 0xf, 0x60, 0x2f, 0xa3, 0x33, 0xf7,
    0xc, 0xff, 0xff, 0xff, 0xf3, 0xc6, 0x0, 0x0,
    0xf, 0x3c, 0x60, 0x0, 0x0, 0xf3, 0x31, 0x0,
    0x0, 0x3, 0x0,

    /* U+0415 "Е" */
    0xaf, 0xff, 0xff, 0x6a, 0xc3, 0x33, 0x31, 0xab,
    0x0, 0x0, 0xa, 0xb0, 0x0, 0x0, 0xaf, 0xff,
    0xff, 0x3a, 0xc3, 0x33, 0x30, 0xab, 0x0, 0x0,
    0xa, 0xb0, 0x0, 0x0, 0xac, 0x33, 0x33, 0x1a,
    0xff, 0xff, 0xf8,

    /* U+0416 "Ж" */
    0x8d, 0x6, 0xd0, 0x7e, 0x1, 0xf5, 0x6d, 0xe,
    0x70, 0x8, 0xd6, 0xd6, 0xe0, 0x0, 0x1f, 0xce,
    0xe8, 0x0, 0x0, 0xff, 0xff, 0x60, 0x0, 0x5f,
    0xff, 0xfc, 0x0, 0xa, 0xa9, 0xf5, 0xf1, 0x0,
    0xf5, 0x6d, 0xe, 0x70, 0x5f, 0x6, 0xd0, 0x8c,
    0xb, 0xa0, 0x6d, 0x3, 0xf2,

    /* U+0417 "З" */
    0x7, 0xdf, 0xfb, 0x20, 0x6, 0x53, 0x4c, 0xd0,
    0x0, 0x0, 0x4, 0xf1, 0x0, 0x0, 0x1a, 0xd0,
    0x0, 0x4f, 0xfd, 0x10, 0x0, 0x2, 0x4c, 0xc0,
    0x0, 0x0, 0x1, 0xf4, 0x0, 0x0, 0x1, 0xf4,
    0xa, 0x53, 0x4c, 0xe1, 0xa, 0xdf, 0xeb, 0x20,

    /* U+0418 "И" */
    0xf, 0x40, 0x7, 0xf7, 0xf, 0x40, 0xe, 0xf7,
    0xf, 0x40, 0x5d, 0xd7, 0xf, 0x40, 0xb6, 0xd7,
    0xf, 0x42, 0xf0, 0xd7, 0xf, 0x49, 0x90, 0xd7,
    0xf, 0x5f, 0x20, 0xd7, 0xf, 0xbb, 0x0, 0xd7,
    0xf, 0xf5, 0x0, 0xd7, 0xf, 0xe0, 0x0, 0xd7,

    /* U+0419 "Й" */
    0x0, 0x92, 0x8, 0x30, 0x0, 0x4d, 0xe9, 0x0,
    0x0, 0x0, 0x0, 0x0, 0xf, 0x40, 0x7, 0xf7,
    0xf, 0x40, 0xe, 0xf7, 0xf, 0x40, 0x5d, 0xd7,
    0xf, 0x40, 0xb6, 0xd7, 0xf, 0x42, 0xf0, 0xd7,
    0xf, 0x49, 0x90, 0xd7, 0xf, 0x5f, 0x20, 0xd7,
    0xf, 0xbb, 0x0, 0xd7, 0xf, 0xf5, 0x0, 0xd7,
    0xf, 0xe0, 0x0, 0xd7,

    /* U+041A "К" */
    0x1f, 0x50, 0x0, 0xcb, 0x1, 0xf5, 0x0, 0xcc,
    0x0, 0x1f, 0x50, 0xbc, 0x0, 0x1, 0xf5, 0xbc,
    0x0, 0x0, 0x1f, 0xef, 0x90, 0x0, 0x1, 0xfd,
    0x5f, 0x40, 0x0, 0x1f, 0x50, 0x9e, 0x10, 0x1,
    0xf5, 0x1, 0xea, 0x0, 0x1f, 0x50, 0x4, 0xf5,
    0x1, 0xf5, 0x0, 0xa, 0xe1,

    /* U+041B "Л" */
    0x0, 0xff, 0xff, 0xf8, 0x0, 0xf7, 0x33, 0xd8,
    0x0, 0xf6, 0x0, 0xd8, 0x0, 0xf6, 0x0, 0xd8,
    0x0, 0xf5, 0x0, 0xd8, 0x0, 0xf5, 0x0, 0xd8,
    0x1, 0xf4, 0x0, 0xd8, 0x3, 0xf2, 0x0, 0xd8,
    0x2b, 0xe0, 0x0, 0xd8, 0xec, 0x30, 0x0, 0xd8,

    /* U+041C "М" */
    0x6f, 0x90, 0x3, 0xfd, 0x6e, 0xe0, 0x8, 0xed,
    0x6d, 0xa4, 0xe, 0x8d, 0x6d, 0x5a, 0x3b, 0x7d,
    0x6d, 0xe, 0xa6, 0x7d, 0x6d, 0xa, 0xf1, 0x7d,
    0x6d, 0x2, 0x50, 0x7d, 0x6d, 0x0, 0x0, 0x7d,
    0x6d, 0x0, 0x0, 0x7d, 0x6d, 0x0, 0x0, 0x7d,

    /* U+041D "Н" */
    0x1f, 0x50, 0x0, 0xe8, 0x1f, 0x50, 0x0, 0xe8,
    0x1f, 0x50, 0x0, 0xe8, 0x1f, 0x50, 0x0, 0xe8,
    0x1f, 0xff, 0xff, 0xf8, 0x1f, 0x73, 0x33, 0xe8,
    0x1f, 0x50, 0x0, 0xe8, 0x1f, 0x50, 0x0, 0xe8,
    0x1f, 0x50, 0x0, 0xe8, 0x1f, 0x50, 0x0, 0xe8,

    /* U+041E "О" */
    0x0, 0x8e, 0xfc, 0x20, 0x7, 0xf5, 0x3b, 0xe0,
    0xe, 0x80, 0x1, 0xf5, 0x1f, 0x50, 0x0, 0xe8,
    0x2f, 0x40, 0x0, 0xd9, 0x2f, 0x40, 0x0, 0xd9,
    0x1f, 0x50, 0x0, 0xe8, 0xe, 0x80, 0x1, 0xf4,
    0x7, 0xf5, 0x3b, 0xd0, 0x0, 0x8e, 0xfb, 0x20,

    /* U+041F "П" */
    0x1f, 0xff, 0xff, 0xf8, 0x1f, 0x73, 0x33, 0xe8,
    0x1f, 0x50, 0x0, 0xe8, 0x1f, 0x50, 0x0, 0xe8,
    0x1f, 0x50, 0x0, 0xe8, 0x1f, 0x50, 0x0, 0xe8,
    0x1f, 0x50, 0x0, 0xe8, 0x1f, 0x50, 0x0, 0xe8,
    0x1f, 0x50, 0x0, 0xe8, 0x1f, 0x50, 0x0, 0xe8,

    /* U+0420 "Р" */
    0xaf, 0xff, 0xd7, 0xa, 0xc2, 0x37, 0xf6, 0xab,
    0x0, 0xc, 0xba, 0xb0, 0x0, 0xbb, 0xab, 0x0,
    0x5f, 0x7a, 0xff, 0xff, 0xa0, 0xac, 0x22, 0x0,
    0xa, 0xb0, 0x0, 0x0, 0xab, 0x0, 0x0, 0xa,
    0xb0, 0x0, 0x0,

    /* U+0421 "С" */
    0x0, 0x2a, 0xef, 0xc2, 0x1, 0xeb, 0x43, 0x74,
    0x9, 0xe0, 0x0, 0x0, 0xe, 0x80, 0x0, 0x0,
    0xf, 0x70, 0x0, 0x0, 0xf, 0x70, 0x0, 0x0,
    0xe, 0x80, 0x0, 0x0, 0x9, 0xe0, 0x0, 0x0,
    0x2, 0xfb, 0x43, 0x74, 0x0, 0x2b, 0xff, 0xc2,

    /* U+0422 "Т" */
    0xaf, 0xff, 0xff, 0xff, 0x12, 0x33, 0x9e, 0x33,
    0x30, 0x0, 0x7, 0xe0, 0x0, 0x0, 0x0, 0x7e,
    0x0, 0x0, 0x0, 0x7, 0xe0, 0x0, 0x0, 0x0,
    0x7e, 0x0, 0x0, 0x0, 0x7, 0xe0, 0x0, 0x0,
    0x0, 0x7e, 0x0, 0x0, 0x0, 0x7, 0xe0, 0x0,
    0x0, 0x0, 0x7e, 0x0, 0x0,

    /* U+0423 "У" */
    0xe, 0x80, 0x0, 0xad, 0x0, 0x8e, 0x0, 0xf,
    0x60, 0x2, 0xf4, 0x6, 0xf1, 0x0, 0xb, 0xa0,
    0xca, 0x0, 0x0, 0x5f, 0x3f, 0x30, 0x0, 0x0,
    0xee, 0xd0, 0x0, 0x0, 0x8, 0xf7, 0x0, 0x0,
    0x0, 0x6f, 0x10, 0x0, 0x1, 0x4e, 0x90, 0x0,
    0x0, 0x9f, 0xb0, 0x0, 0x0,

    /* U+0424 "Ф" */
    0x0, 0x4b, 0xf5, 0x10, 0xa, 0xfe, 0xfe, 0xe2,
    0x3f, 0x47, 0xe0, 0xda, 0x7f, 0x7, 0xe0, 0x8e,
    0x8e, 0x7, 0xe0, 0x7f, 0x8e, 0x7, 0xe0, 0x7f,
    0x5f, 0x7, 0xe0, 0x9c, 0xf, 0x99, 0xe5, 0xf7,
    0x3, 0xdf, 0xfe, 0x90, 0x0, 0x7, 0xe0, 0x0,

    /* U+0425 "Х" */
    0x2f, 0x50, 0x0, 0xbb, 0x0, 0x7e, 0x0, 0x5f,
    0x20, 0x0, 0xd8, 0xe, 0x70, 0x0, 0x3, 0xfa,
    0xc0, 0x0, 0x0, 0xa, 0xf3, 0x0, 0x0, 0x1,
    0xef, 0x80, 0x0, 0x0, 0x9c, 0x3f, 0x20, 0x0,
    0x4f, 0x30, 0xac, 0x0, 0xd, 0x80, 0x1, 0xf5,
    0x8, 0xe0, 0x0, 0x7, 0xe1,

    /* U+0426 "Ц" */
    0x5f, 0x10, 0x2, 0xf3, 0x5, 0xf1, 0x0, 0x2f,
    0x30, 0x5f, 0x10, 0x2, 0xf3, 0x5, 0xf1, 0x0,
    0x2f, 0x30, 0x5f, 0x10, 0x2, 0xf3, 0x5, 0xf1,
    0x0, 0x2f, 0x30, 0x5f, 0x10, 0x2, 0xf3, 0x5,
    0xf1, 0x0, 0x2f, 0x30, 0x5f, 0x43, 0x34, 0xf6,
    0x5, 0xff, 0xff, 0xff, 0xf2, 0x0, 0x0, 0x0,
    0xf, 0x20, 0x0, 0x0, 0x0, 0xf2, 0x0, 0x0,
    0x0, 0x4, 0x0,

    /* U+0427 "Ч" */
    0x1f, 0x50, 0x0, 0xe7, 0x1f, 0x50, 0x0, 0xe7,
    0x1f, 0x50, 0x0, 0xe7, 0xf, 0x50, 0x0, 0xe7,
    0xf, 0xa1, 0x16, 0xf7, 0x7, 0xff, 0xfe, 0xf7,
    0x0, 0x13, 0x20, 0xe7, 0x0, 0x0, 0x0, 0xe7,
    0x0, 0x0, 0x0, 0xe7, 0x0, 0x0, 0x0, 0xe7,

    /* U+0428 "Ш" */
    0x3f, 0x6, 0xd0, 0x9a, 0x3f, 0x6, 0xd0, 0x9a,
    0x3f, 0x6, 0xd0, 0x9a, 0x3f, 0x6, 0xd0, 0x9a,
    0x3f, 0x6, 0xd0, 0x9a, 0x3f, 0x6, 0xd0, 0x9a,
    0x3f, 0x6, 0xd0, 0x9a, 0x3f, 0x6, 0xd0, 0x9a,
    0x3f, 0x38, 0xe3, 0xaa, 0x3f, 0xff, 0xff, 0xfa,

    /* U+0429 "Щ" */
    0x5e, 0x9, 0xb0, 0xc8, 0x5, 0xe0, 0x9b, 0xc,
    0x80, 0x5e, 0x9, 0xb0, 0xc8, 0x5, 0xe0, 0x9b,
    0xc, 0x80, 0x5e, 0x9, 0xb0, 0xc8, 0x5, 0xe0,
    0x9b, 0xc, 0x80, 0x5e, 0x9, 0xb0, 0xc8, 0x5,
    0xe0, 0x9b, 0xc, 0x80, 0x5e, 0x3a, 0xc3, 0xc9,
    0x15, 0xff, 0xff, 0xff, 0xf6, 0x0, 0x0, 0x0,
    0xb, 0x60, 0x0, 0x0, 0x0, 0xb6, 0x0, 0x0,
    0x0, 0x2, 0x10,

    /* U+042A "Ъ" */
    0xaf, 0xf8, 0x0, 0x0, 0x13, 0xe8, 0x0, 0x0,
    0x0, 0xd8, 0x0, 0x0, 0x0, 0xd8, 0x0, 0x0,
    0x0, 0xdf, 0xfd, 0x80, 0x0, 0xd9, 0x36, 0xf8,
    0x0, 0xd8, 0x0, 0x9d, 0x0, 0xd8, 0x0, 0x9d,
    0x0, 0xd9, 0x26, 0xf9, 0x0, 0xdf, 0xfe, 0x80,

    /* U+042B "Ы" */
    0x9d, 0x0, 0x0, 0xac, 0x9d, 0x0, 0x0, 0xac,
    0x9d, 0x0, 0x0, 0xac, 0x9d, 0x0, 0x0, 0xac,
    0x9f, 0xfd, 0x40, 0xac, 0x9d, 0x39, 0xf2, 0xac,
    0x9d, 0x0, 0xf7, 0xac, 0x9d, 0x0, 0xf7, 0xac,
    0x9d, 0x29, 0xf2, 0xac, 0x9f, 0xfd, 0x50, 0xac,

    /* U+042C "Ь" */
    0xab, 0x0, 0x0, 0xa, 0xb0, 0x0, 0x0, 0xab,
    0x0, 0x0, 0xa, 0xb0, 0x0, 0x0, 0xaf, 0xff,
    0xd7, 0xa, 0xc2, 0x37, 0xf6, 0xab, 0x0, 0xb,
    0xba, 0xb0, 0x0, 0xbb, 0xac, 0x22, 0x7f, 0x6a,
    0xff, 0xfd, 0x70,

    /* U+042D "Э" */
    0x8e, 0xfd, 0x70, 0x8, 0x42, 0x5e, 0x80, 0x0,
    0x0, 0x5f, 0x10, 0x0, 0x0, 0xf6, 0x3f, 0xff,
    0xff, 0x80, 0x33, 0x33, 0xf8, 0x0, 0x0, 0x1f,
    0x60, 0x0, 0x6, 0xf1, 0xa5, 0x26, 0xf8, 0x7,
    0xef, 0xd7, 0x0,

    /* U+042E "Ю" */
    0x7f, 0x2, 0xdf, 0xb0, 0x7, 0xf0, 0xc9, 0xc,
    0x90, 0x7f, 0x1f, 0x30, 0x6e, 0x7, 0xf3, 0xf1,
    0x4, 0xf1, 0x7f, 0xff, 0x0, 0x3f, 0x27, 0xf6,
    0xf0, 0x3, 0xf2, 0x7f, 0x3f, 0x10, 0x4f, 0x17,
    0xf0, 0xf4, 0x6, 0xe0, 0x7f, 0xb, 0xb3, 0xd9,
    0x7, 0xf0, 0x2c, 0xfb, 0x10,

    /* U+042F "Я" */
    0x1, 0x9e, 0xff, 0xf8, 0xc, 0xd4, 0x22, 0xd8,
    0xf, 0x60, 0x0, 0xd8, 0xf, 0xb1, 0x0, 0xd8,
    0x9, 0xff, 0xff, 0xf8, 0x0, 0x7f, 0x32, 0xd8,
    0x0, 0xb8, 0x0, 0xd8, 0x4, 0xf1, 0x0, 0xd8,
    0xd, 0x80, 0x0, 0xd8, 0x6f, 0x10, 0x0, 0xd8,

    /* U+0430 "а" */
    0x4, 0xce, 0xfb, 0x20, 0x5, 0x62, 0x29, 0xe0,
    0x0, 0x0, 0x0, 0xf3, 0x2, 0xae, 0xff, 0xf4,
    0xc, 0xa1, 0x0, 0xf4, 0xf, 0x30, 0x3, 0xf4,
    0xd, 0xa1, 0x3d, 0xf5, 0x3, 0xcf, 0xe7, 0xb8,

    /* U+0431 "б" */
    0x0, 0x0, 0x0, 0x0, 0x0, 0x4b, 0xbb, 0x70,
    0x4, 0xb1, 0x0, 0x0, 0xd, 0x8e, 0xfc, 0x20,
    0x1f, 0xe4, 0x2a, 0xd0, 0x2f, 0x70, 0x1, 0xf4,
    0x1f, 0x50, 0x0, 0xe7, 0xf, 0x40, 0x0, 0xe6,
    0xe, 0x70, 0x1, 0xf4, 0x8, 0xe4, 0x2a, 0xd0,
    0x0, 0x8e, 0xfc, 0x20,

    /* U+0432 "в" */
    0x5f, 0xff, 0xc2, 0x5, 0xe0, 0x1a, 0xc0, 0x5e,
    0x0, 0x8b, 0x5, 0xfe, 0xfe, 0x30, 0x5e, 0x12,
    0x8e, 0x5, 0xe0, 0x2, 0xf2, 0x5e, 0x1, 0x8f,
    0x5, 0xff, 0xfd, 0x40,

    /* U+0433 "г" */
    0xef, 0xff, 0xf3, 0xe6, 0x0, 0x0, 0xe5, 0x0,
    0x0, 0xe5, 0x0, 0x0, 0xe5, 0x0, 0x0, 0xe5,
    0x0, 0x0, 0xe5, 0x0, 0x0, 0xe5, 0x0, 0x0,

    /* U+0434 "д" */
    0x3, 0xff, 0xff, 0xe0, 0x3, 0xf0, 0x6, 0xe0,
    0x3, 0xf0, 0x6, 0xe0, 0x3, 0xf0, 0x6, 0xe0,
    0x4, 0xf0, 0x6, 0xe0, 0x5, 0xe0, 0x6, 0xe0,
    0x9, 0xc0, 0x6, 0xe0, 0x4f, 0xff, 0xff, 0xfb,
    0x4c, 0x0, 0x0, 0x5b, 0x4c, 0x0, 0x0, 0x5b,

    /* U+0435 "е" */
    0x0, 0x6d, 0xfc, 0x40, 0x7, 0xe4, 0x26, 0xf2,
    0xe, 0x50, 0x0, 0xb7, 0x1f, 0xff, 0xff, 0xf9,
    0x1f, 0x30, 0x0, 0x0, 0xe, 0x70, 0x0, 0x0,
    0x6, 0xf6, 0x23, 0x94, 0x0, 0x6d, 0xfe, 0xa2,

    /* U+0436 "ж" */
    0x2f, 0x35, 0xc0, 0xc9, 0x0, 0x9b, 0x5c, 0x5f,
    0x10, 0x1, 0xfa, 0xdd, 0x70, 0x0, 0x1f, 0xff,
    0xf7, 0x0, 0x6, 0xde, 0xfb, 0xd0, 0x0, 0xb7,
    0x6d, 0x1f, 0x20, 0x1f, 0x25, 0xc0, 0xb8, 0x6,
    0xc0, 0x5c, 0x5, 0xd0,

    /* U+0437 "з" */
    0x6d, 0xff, 0xb3, 0x3, 0x42, 0x3a, 0xe0, 0x0,
    0x0, 0x7e, 0x0, 0x3e, 0xfd, 0x20, 0x0, 0x12,
    0x9d, 0x0, 0x0, 0x0, 0xf3, 0x63, 0x23, 0xae,
    0x19, 0xef, 0xeb, 0x30,

    /* U+0438 "и" */
    0xa9, 0x0, 0x5f, 0x2a, 0x90, 0xe, 0xf2, 0xa9,
    0x8, 0xdf, 0x2a, 0x92, 0xf4, 0xf2, 0xa9, 0xa9,
    0x1f, 0x2a, 0xdf, 0x11, 0xf2, 0xaf, 0x70, 0x1f,
    0x2a, 0xd0, 0x1, 0xf2,

    /* U+0439 "й" */
    0x0, 0x0, 0x0, 0x0, 0xc3, 0xb, 0x30, 0x4,
    0xde, 0x90, 0x0, 0x0, 0x0, 0x0, 0xa9, 0x0,
    0x5f, 0x2a, 0x90, 0xe, 0xf2, 0xa9, 0x8, 0xdf,
    0x2a, 0x92, 0xf4, 0xf2, 0xa9, 0xa9, 0x1f, 0x2a,
    0xdf, 0x11, 0xf2, 0xaf, 0x70, 0x1f, 0x2a, 0xd0,
    0x1, 0xf2,

    /* U+043A "к" */
    0x6e, 0x0, 0x4f, 0x40, 0x6e, 0x4, 0xf4, 0x0,
    0x6e, 0x4f, 0x40, 0x0, 0x6f, 0xff, 0x20, 0x0,
    0x6f, 0x4b, 0xc0, 0x0, 0x6e, 0x1, 0xe7, 0x0,
    0x6e, 0x0, 0x5f, 0x30, 0x6e, 0x0, 0xa, 0xd0,

    /* U+043B "л" */
    0x0, 0xff, 0xff, 0xf5, 0x0, 0xf3, 0x0, 0xf5,
    0x0, 0xf3, 0x0, 0xf5, 0x1, 0xf2, 0x0, 0xf5,
    0x1, 0xf2, 0x0, 0xf5, 0x2, 0xf0, 0x0, 0xf5,
    0x9, 0xc0, 0x0, 0xf5, 0xad, 0x30, 0x0, 0xf5,

    /* U+043C "м" */
    0x9e, 0x0, 0x0, 0x7f, 0x19, 0xf7, 0x0, 0xe,
    0xf1, 0x9f, 0xe0, 0x8, 0xff, 0x19, 0xbd, 0x71,
    0xf8, 0xf1, 0x9a, 0x5f, 0x9c, 0x3f, 0x19, 0xa0,
    0xcf, 0x33, 0xf1, 0x9a, 0x0, 0x20, 0x3f, 0x19,
    0xa0, 0x0, 0x3, 0xf1,

    /* U+043D "н" */
    0xb8, 0x0, 0x2f, 0x2b, 0x80, 0x2, 0xf2, 0xb8,
    0x0, 0x2f, 0x2b, 0xfe, 0xee, 0xf2, 0xb9, 0x11,
    0x3f, 0x2b, 0x80, 0x2, 0xf2, 0xb8, 0x0, 0x2f,
    0x2b, 0x80, 0x2, 0xf2,

    /* U+043E "о" */
    0x0, 0x8e, 0xfc, 0x20, 0x7, 0xe4, 0x2a, 0xd0,
    0xd, 0x70, 0x1, 0xf4, 0xf, 0x50, 0x0, 0xe6,
    0xf, 0x40, 0x0, 0xe6, 0xd, 0x70, 0x1, 0xf4,
    0x7, 0xe4, 0x2a, 0xe0, 0x0, 0x9e, 0xfc, 0x20,

    /* U+043F "п" */
    0xbf, 0xff, 0xff, 0x2b, 0x90, 0x2, 0xf2, 0xb8,
    0x0, 0x2f, 0x2b, 0x80, 0x2, 0xf2, 0xb8, 0x0,
    0x2f, 0x2b, 0x80, 0x2, 0xf2, 0xb8, 0x0, 0x2f,
    0x2b, 0x80, 0x2, 0xf2,

    /* U+0440 "р" */
    0xb9, 0xbe, 0xd3, 0xb, 0xf4, 0x6, 0xe0, 0xbb,
    0x0, 0xe, 0x6b, 0x90, 0x0, 0xc8, 0xb9, 0x0,
    0xc, 0x8b, 0xc0, 0x0, 0xf6, 0xbf, 0x72, 0x9e,
    0xb, 0xab, 0xfd, 0x40, 0xb9, 0x0, 0x0, 0xb,
    0x90, 0x0, 0x0, 0xb9, 0x0, 0x0, 0x0,

    /* U+0441 "с" */
    0x4, 0xcf, 0xe9, 0x2, 0xf8, 0x23, 0x80, 0xac,
    0x0, 0x0, 0xc, 0x80, 0x0, 0x0, 0xc8, 0x0,
    0x0, 0xa, 0xc0, 0x0, 0x0, 0x2f, 0x82, 0x28,
    0x0, 0x4c, 0xff, 0xa0,

    /* U+0442 "т" */
    0x8f, 0xff, 0xff, 0x0, 0x6d, 0x0, 0x0, 0x6d,
    0x0, 0x0, 0x6d, 0x0, 0x0, 0x6d, 0x0, 0x0,
    0x6d, 0x0, 0x0, 0x6d, 0x0, 0x0, 0x6d, 0x0,

    /* U+0443 "у" */
    0x1f, 0x40, 0x0, 0x8c, 0xa, 0xa0, 0x0, 0xe6,
    0x4, 0xf0, 0x4, 0xf0, 0x0, 0xe6, 0xa, 0xa0,
    0x0, 0x8b, 0xf, 0x40, 0x0, 0x2f, 0x7e, 0x0,
    0x0, 0xc, 0xf8, 0x0, 0x0, 0x6, 0xf2, 0x0,
    0x0, 0x8, 0xc0, 0x0, 0x0, 0x3e, 0x60, 0x0,
    0xa, 0xf9, 0x0, 0x0,

    /* U+0444 "ф" */
    0x0, 0x6, 0xd0, 0x0, 0x0, 0x6, 0xd0, 0x0,
    0x0, 0x6, 0xd0, 0x0, 0x2, 0xcf, 0xff, 0x70,
    0xd, 0xa8, 0xd5, 0xf4, 0x2f, 0x26, 0xd0, 0xb9,
    0x4f, 0x16, 0xd0, 0xaa, 0x4f, 0x16, 0xd0, 0xab,
    0x2f, 0x26, 0xd0, 0xb9, 0xe, 0x96, 0xd3, 0xf5,
    0x4, 0xef, 0xff, 0x90, 0x0, 0x7, 0xd1, 0x0,
    0x0, 0x6, 0xd0, 0x0, 0x0, 0x6, 0xd0, 0x0,

    /* U+0445 "х" */
    0xd, 0x80, 0x2, 0xf4, 0x2, 0xf3, 0xc, 0x90,
    0x0, 0x6e, 0x9d, 0x0, 0x0, 0xb, 0xf2, 0x0,
    0x0, 0x1e, 0xf6, 0x0, 0x0, 0xab, 0x4f, 0x20,
    0x6, 0xe1, 0x9, 0xc0, 0x2f, 0x50, 0x0, 0xd8,

    /* U+0446 "ц" */
    0xb8, 0x0, 0x2f, 0x10, 0xb8, 0x0, 0x2f, 0x10,
    0xb8, 0x0, 0x2f, 0x10, 0xb8, 0x0, 0x2f, 0x10,
    0xb8, 0x0, 0x2f, 0x10, 0xb8, 0x0, 0x2f, 0x10,
    0xb8, 0x0, 0x3f, 0x20, 0xbf, 0xff, 0xff, 0xf0,
    0x0, 0x0, 0x0, 0xf0, 0x0, 0x0, 0x0, 0xf0,

    /* U+0447 "ч" */
    0xe6, 0x0, 0x4f, 0xe6, 0x0, 0x4f, 0xd6, 0x0,
    0x4f, 0xba, 0x0, 0x7f, 0x3e, 0xff, 0xef, 0x0,
    0x11, 0x4f, 0x0, 0x0, 0x4f, 0x0, 0x0, 0x4f,

    /* U+0448 "ш" */
    0x2f, 0x5, 0xc0, 0x99, 0x2f, 0x5, 0xc0, 0x99,
    0x2f, 0x5, 0xc0, 0x99, 0x2f, 0x5, 0xc0, 0x99,
    0x2f, 0x5, 0xc0, 0x99, 0x2f, 0x5, 0xc0, 0x99,
    0x2f, 0x6, 0xc0, 0x99, 0x2f, 0xff, 0xff, 0xf9,

    /* U+0449 "щ" */
    0x4d, 0x8, 0xa0, 0xb7, 0x4, 0xd0, 0x8a, 0xb,
    0x70, 0x4d, 0x8, 0xa0, 0xb7, 0x4, 0xd0, 0x8a,
    0xb, 0x70, 0x4d, 0x8, 0xa0, 0xb7, 0x4, 0xd0,
    0x8a, 0xb, 0x70, 0x4d, 0x8, 0xa0, 0xb7, 0x4,
    0xff, 0xff, 0xff, 0xf6, 0x0, 0x0, 0x0, 0x9,
    0x60, 0x0, 0x0, 0x0, 0x96,

    /* U+044A "ъ" */
    0x9f, 0xf5, 0x0, 0x0, 0x0, 0xe, 0x50, 0x0,
    0x0, 0x0, 0xe5, 0x0, 0x0, 0x0, 0xe, 0xff,
    0xeb, 0x20, 0x0, 0xe7, 0x22, 0xae, 0x0, 0xe,
    0x50, 0x3, 0xf1, 0x0, 0xe6, 0x12, 0xae, 0x0,
    0xe, 0xff, 0xfc, 0x30,

    /* U+044B "ы" */
    0x4f, 0x0, 0x0, 0x8b, 0x4f, 0x0, 0x0, 0x8b,
    0x4f, 0x0, 0x0, 0x8b, 0x4f, 0xed, 0x70, 0x8b,
    0x4f, 0x25, 0xf5, 0x8b, 0x4f, 0x0, 0xc9, 0x8b,
    0x4f, 0x14, 0xf6, 0x8b, 0x4f, 0xfe, 0x80, 0x8b,

    /* U+044C "ь" */
    0x7c, 0x0, 0x0, 0x7, 0xc0, 0x0, 0x0, 0x7c,
    0x0, 0x0, 0x7, 0xff, 0xed, 0x70, 0x7d, 0x22,
    0x5f, 0x57, 0xc0, 0x0, 0xc8, 0x7c, 0x11, 0x4f,
    0x67, 0xff, 0xfe, 0x80,

    /* U+044D "э" */
    0x3c, 0xfe, 0x90, 0x5, 0x52, 0x3c, 0xb0, 0x0,
    0x0, 0x1f, 0x30, 0x8e, 0xee, 0xf6, 0x0, 0x11,
    0x1f, 0x60, 0x0, 0x3, 0xf3, 0x65, 0x24, 0xdc,
    0x3, 0xcf, 0xe9, 0x0,

    /* U+044E "ю" */
    0x3f, 0x10, 0xae, 0xc1, 0x3, 0xf1, 0x8e, 0x9,
    0xb0, 0x3f, 0x1d, 0x80, 0x3f, 0x13, 0xfe, 0xf6,
    0x1, 0xf3, 0x3f, 0x2e, 0x60, 0x2f, 0x33, 0xf1,
    0xb8, 0x4, 0xf1, 0x3f, 0x15, 0xe3, 0xbc, 0x3,
    0xf1, 0x9, 0xfc, 0x20,

    /* U+044F "я" */
    0x8, 0xef, 0xfc, 0x4f, 0x40, 0x7c, 0x6e, 0x0,
    0x7c, 0x2f, 0x20, 0x7c, 0x4, 0xfe, 0xfc, 0x6,
    0xe2, 0x8c, 0xe, 0x50, 0x7c, 0x8c, 0x0, 0x7c,

    /* U+0450 "ѐ" */
    0x0, 0xc7, 0x0, 0x0, 0x0, 0x1d, 0x30, 0x0,
    0x0, 0x2, 0x60, 0x0, 0x0, 0x0, 0x0, 0x0,
    0x0, 0x6d, 0xfc, 0x40, 0x7, 0xe4, 0x26, 0xf2,
    0xe, 0x50, 0x0, 0xb7, 0x1f, 0xff, 0xff, 0xf9,
    0x1f, 0x30, 0x0, 0x0, 0xe, 0x70, 0x0, 0x0,
    0x6, 0xf6, 0x23, 0x94, 0x0, 0x6d, 0xfe, 0xa2,

    /* U+0451 "ё" */
    0x0, 0x8c, 0xd, 0x70, 0x0, 0x34, 0x5, 0x20,
    0x0, 0x6d, 0xfc, 0x40, 0x7, 0xe4, 0x26, 0xf2,
    0xe, 0x50, 0x0, 0xb7, 0x1f, 0xff, 0xff, 0xf9,
    0x1f, 0x30, 0x0, 0x0, 0xe, 0x70, 0x0, 0x0,
    0x6, 0xf6, 0x23, 0x94, 0x0, 0x6d, 0xfe, 0xa2,

    /* U+0452 "ђ" */
    0x2, 0xd0, 0x0, 0x0, 0x3, 0xf1, 0x0, 0x0,
    0x3, 0xf1, 0x0, 0x0, 0x7f, 0xff, 0xff, 0x20,
    0x3, 0xf1, 0x0, 0x0, 0x3, 0xf1, 0x0, 0x0,
    0x3, 0xf4, 0xde, 0xb1, 0x3, 0xfb, 0x34, 0xe8,
    0x3, 0xf3, 0x0, 0x8c, 0x3, 0xf1, 0x0, 0x7c,
    0x3, 0xf1, 0x0, 0x9a, 0x0, 0x0, 0x0, 0xe6,
    0x0, 0x0, 0x2b, 0xd0, 0x0, 0x0, 0x69, 0x10,

    /* U+0453 "ѓ" */
    0x0, 0x1, 0x71, 0x0, 0xb, 0x80, 0x0, 0x7a,
    0x0, 0x0, 0x0, 0x0, 0xef, 0xff, 0xf3, 0xe6,
    0x0, 0x0, 0xe5, 0x0, 0x0, 0xe5, 0x0, 0x0,
    0xe5, 0x0, 0x0, 0xe5, 0x0, 0x0, 0xe5, 0x0,
    0x0, 0xe5, 0x0, 0x0,

    /* U+0454 "є" */
    0x4, 0xcf, 0xe9, 0x2, 0xf7, 0x22, 0x70, 0xaa,
    0x0, 0x0, 0xc, 0xff, 0xff, 0x20, 0xd8, 0x0,
    0x0, 0xa, 0xd0, 0x0, 0x0, 0x3f, 0x92, 0x39,
    0x0, 0x4c, 0xfe, 0xa0,

    /* U+0455 "ѕ" */
    0x8, 0xef, 0xd6, 0x5, 0xe3, 0x14, 0x50, 0x7d,
    0x0, 0x0, 0x2, 0xed, 0x95, 0x0, 0x0, 0x59,
    0xfb, 0x0, 0x0, 0x5, 0xf0, 0x56, 0x22, 0xad,
    0x5, 0xcf, 0xfb, 0x20,

    /* U+0456 "і" */
    0x0, 0xc7, 0x0, 0x0, 0x7, 0x40, 0x0, 0x7f,
    0xf7, 0x0, 0x0, 0xc, 0x70, 0x0, 0x0, 0xc7,
    0x0, 0x0, 0xc, 0x70, 0x0, 0x0, 0xc7, 0x0,
    0x0, 0xb, 0x80, 0x0, 0x0, 0x8d, 0x21, 0x0,
    0x0, 0xbf, 0xf3,

    /* U+0457 "ї" */
    0x6e, 0xb, 0x90, 0x2, 0x60, 0x43, 0x0, 0x7f,
    0xf7, 0x0, 0x0, 0xc, 0x70, 0x0, 0x0, 0xc7,
    0x0, 0x0, 0xc, 0x70, 0x0, 0x0, 0xc7, 0x0,
    0x0, 0xb, 0x80, 0x0, 0x0, 0x8d, 0x21, 0x0,
    0x0, 0xbf, 0xf3,

    /* U+0458 "ј" */
    0x0, 0x9, 0xb0, 0x0, 0x56, 0xb, 0xff, 0xb0,
    0x0, 0x8b, 0x0, 0x8, 0xb0, 0x0, 0x8b, 0x0,
    0x8, 0xb0, 0x0, 0x8b, 0x0, 0x8, 0xb0, 0x0,
    0x8b, 0x0, 0x9, 0xa0, 0x12, 0xe7, 0x6f, 0xfa,
    0x0,

    /* U+0459 "љ" */
    0x4, 0xff, 0xf9, 0x0, 0x0, 0x4d, 0x9, 0x90,
    0x0, 0x4, 0xd0, 0x99, 0x0, 0x0, 0x4d, 0x9,
    0xfd, 0x50, 0x5, 0xc0, 0x9a, 0x6f, 0x30, 0x6b,
    0x9, 0x90, 0xf6, 0x1c, 0x60, 0x99, 0x5f, 0x3d,
    0xb0, 0x9, 0xfe, 0x70,

    /* U+045A "њ" */
    0x4e, 0x0, 0xa8, 0x0, 0x4, 0xe0, 0xa, 0x80,
    0x0, 0x4e, 0x0, 0xa8, 0x0, 0x4, 0xfe, 0xef,
    0xfc, 0x40, 0x4e, 0x11, 0xa9, 0x7f, 0x24, 0xe0,
    0xa, 0x80, 0xf5, 0x4e, 0x0, 0xa8, 0x6f, 0x24,
    0xe0, 0xa, 0xfe, 0x50,

    /* U+045B "ћ" */
    0x3, 0xd0, 0x0, 0x0, 0x4, 0xf0, 0x0, 0x0,
    0x4, 0xf0, 0x0, 0x0, 0x9f, 0xff, 0xff, 0x10,
    0x4, 0xf0, 0x0, 0x0, 0x4, 0xf0, 0x0, 0x0,
    0x4, 0xf4, 0xde, 0x90, 0x4, 0xfb, 0x35, 0xf5,
    0x4, 0xf2, 0x0, 0xb8, 0x4, 0xf0, 0x0, 0xa9,
    0x4, 0xf0, 0x0, 0xa9,

    /* U+045C "ќ" */
    0x0, 0x0, 0x54, 0x0, 0x0, 0x4, 0xd1, 0x0,
    0x0, 0x1d, 0x20, 0x0, 0x0, 0x0, 0x0, 0x0,
    0x6e, 0x0, 0x4f, 0x40, 0x6e, 0x4, 0xf4, 0x0,
    0x6e, 0x4f, 0x40, 0x0, 0x6f, 0xff, 0x20, 0x0,
    0x6f, 0x4b, 0xc0, 0x0, 0x6e, 0x1, 0xe7, 0x0,
    0x6e, 0x0, 0x5f, 0x30, 0x6e, 0x0, 0xa, 0xd0,

    /* U+045D "ѝ" */
    0x3, 0x70, 0x0, 0x0, 0xb, 0x70, 0x0, 0x0,
    0xc, 0x40, 0x0, 0x0, 0x0, 0x0, 0xa9, 0x0,
    0x5f, 0x2a, 0x90, 0xe, 0xf2, 0xa9, 0x8, 0xdf,
    0x2a, 0x92, 0xf4, 0xf2, 0xa9, 0xa9, 0x1f, 0x2a,
    0xdf, 0x11, 0xf2, 0xaf, 0x70, 0x1f, 0x2a, 0xd0,
    0x1, 0xf2,

    /* U+045E "ў" */
    0x0, 0x0, 0x0, 0x0, 0x0, 0xb4, 0xa, 0x40,
    0x0, 0x3d, 0xea, 0x0, 0x0, 0x0, 0x0, 0x0,
    0x1f, 0x40, 0x0, 0x8c, 0xa, 0xa0, 0x0, 0xe6,
    0x4, 0xf0, 0x4, 0xf0, 0x0, 0xe6, 0xa, 0xa0,
    0x0, 0x8b, 0xf, 0x40, 0x0, 0x2f, 0x7e, 0x0,
    0x0, 0xc, 0xf8, 0x0, 0x0, 0x6, 0xf2, 0x0,
    0x0, 0x8, 0xc0, 0x0, 0x0, 0x3e, 0x60, 0x0,
    0xa, 0xf9, 0x0, 0x0,

    /* U+045F "џ" */
    0xb8, 0x0, 0x2f, 0x2b, 0x80, 0x2, 0xf2, 0xb8,
    0x0, 0x2f, 0x2b, 0x80, 0x2, 0xf2, 0xb8, 0x0,
    0x2f, 0x2b, 0x80, 0x2, 0xf2, 0xb9, 0x0, 0x2f,
    0x2b, 0xff, 0xff, 0xf2, 0x0, 0x4b, 0x0, 0x0,
    0x4, 0xb0, 0x0,

    /* U+0462 "Ѣ" */
    0x0, 0xf6, 0x0, 0x0, 0xcf, 0xff, 0xfe, 0x0,
    0x12, 0xf7, 0x22, 0x0, 0x0, 0xf6, 0x0, 0x0,
    0x0, 0xff, 0xfd, 0x70, 0x0, 0xf7, 0x37, 0xf6,
    0x0, 0xf6, 0x0, 0xbb, 0x0, 0xf6, 0x0, 0xbb,
    0x0, 0xf7, 0x27, 0xf6, 0x0, 0xff, 0xfd, 0x70,

    /* U+0463 "ѣ" */
    0x0, 0xf4, 0x0, 0x0, 0x0, 0xf, 0x40, 0x0,
    0x0, 0x0, 0xf4, 0x0, 0x0, 0xa, 0xff, 0xff,
    0xf3, 0x0, 0x0, 0xf5, 0x0, 0x0, 0x0, 0xf,
    0x40, 0x0, 0x0, 0x0, 0xff, 0xfe, 0xa2, 0x0,
    0xf, 0x62, 0x3b, 0xd0, 0x0, 0xf4, 0x0, 0x4f,
    0x0, 0xf, 0x51, 0x2a, 0xe0, 0x0, 0xff, 0xff,
    0xc3, 0x0,

    /* U+0472 "Ѳ" */
    0x0, 0x8e, 0xfc, 0x20, 0x7, 0xe5, 0x3a, 0xe0,
    0xe, 0x70, 0x1, 0xf5, 0x1f, 0x50, 0x0, 0xe8,
    0x2f, 0xff, 0xff, 0xf9, 0x2f, 0x73, 0x33, 0xe9,
    0x1f, 0x60, 0x0, 0xf8, 0xe, 0x90, 0x3, 0xf4,
    0x7, 0xf5, 0x3c, 0xd0, 0x0, 0x8e, 0xfb, 0x20,

    /* U+0473 "ѳ" */
    0x0, 0x8e, 0xfc, 0x20, 0x7, 0xf5, 0x2b, 0xd0,
    0xd, 0x80, 0x2, 0xf4, 0xf, 0x50, 0x0, 0xe7,
    0xf, 0xff, 0xff, 0xf6, 0xd, 0x82, 0x23, 0xf4,
    0x7, 0xe3, 0x29, 0xe0, 0x0, 0x8e, 0xfc, 0x20,

    /* U+0490 "Ґ" */
    0x0, 0x0, 0x2, 0x60, 0x0, 0x0, 0x5c, 0x0,
    0x0, 0x5, 0xc8, 0xff, 0xff, 0xfc, 0x8e, 0x33,
    0x33, 0x28, 0xd0, 0x0, 0x0, 0x8d, 0x0, 0x0,
    0x8, 0xd0, 0x0, 0x0, 0x8d, 0x0, 0x0, 0x8,
    0xd0, 0x0, 0x0, 0x8d, 0x0, 0x0, 0x8, 0xd0,
    0x0, 0x0, 0x8d, 0x0, 0x0, 0x0,

    /* U+0491 "ґ" */
    0x0, 0x0, 0xf5, 0x0, 0x0, 0xf5, 0xdf, 0xff,
    0xf5, 0xd9, 0x44, 0x41, 0xd6, 0x0, 0x0, 0xd6,
    0x0, 0x0, 0xd6, 0x0, 0x0, 0xd6, 0x0, 0x0,
    0xd6, 0x0, 0x0, 0xd6, 0x0, 0x0,

    /* U+0492 "Ғ" */
    0x7, 0xff, 0xff, 0xfd, 0x7, 0xe3, 0x33, 0x32,
    0x7, 0xe0, 0x0, 0x0, 0x5f, 0xff, 0xff, 0xa0,
    0x19, 0xe3, 0x33, 0x20, 0x7, 0xe0, 0x0, 0x0,
    0x7, 0xe0, 0x0, 0x0, 0x7, 0xe0, 0x0, 0x0,
    0x7, 0xe0, 0x0, 0x0, 0x7, 0xe0, 0x0, 0x0,

    /* U+0493 "ғ" */
    0xd, 0xff, 0xff, 0x50, 0xd9, 0x44, 0x41, 0xd,
    0x60, 0x0, 0xb, 0xff, 0xff, 0x40, 0x2d, 0x83,
    0x30, 0x0, 0xd6, 0x0, 0x0, 0xd, 0x60, 0x0,
    0x0, 0xd6, 0x0, 0x0,

    /* U+0494 "Ҕ" */
    0xcf, 0xff, 0xff, 0x8c, 0xa3, 0x33, 0x31, 0xc9,
    0x0, 0x0, 0xc, 0x90, 0x0, 0x0, 0xcf, 0xff,
    0xd5, 0xc, 0xa3, 0x39, 0xf2, 0xc9, 0x0, 0xf,
    0x6c, 0x90, 0x0, 0xe8, 0xc9, 0x0, 0xe, 0x8c,
    0x90, 0x0, 0xe7, 0x0, 0x0, 0xf, 0x60, 0x0,
    0x39, 0xf2, 0x0, 0xf, 0xd5, 0x0,

    /* U+0495 "ҕ" */
    0x7f, 0xff, 0xfb, 0x7, 0xd4, 0x44, 0x30, 0x7d,
    0x0, 0x0, 0x7, 0xd0, 0x0, 0x0, 0x7f, 0xee,
    0xd8, 0x7, 0xd1, 0x14, 0xf3, 0x7d, 0x0, 0xe,
    0x57, 0xd0, 0x0, 0xe5, 0x0, 0x0, 0xe, 0x50,
    0x0, 0x14, 0xf2, 0x0, 0x5f, 0xe8, 0x0,

    /* U+0496 "Җ" */
    0x8d, 0x6, 0xd0, 0x7e, 0x1, 0xf5, 0x6d, 0xe,
    0x70, 0x9, 0xd6, 0xd6, 0xf1, 0x0, 0x1f, 0xbd,
    0xd8, 0x0, 0x0, 0xef, 0xff, 0x60, 0x0, 0x4f,
    0xff, 0xfb, 0x0, 0xa, 0xba, 0xf6, 0xf1, 0x0,
    0xf5, 0x6d, 0xe, 0x60, 0x5f, 0x6, 0xd0, 0x8c,
    0xb, 0xa0, 0x6d, 0x3, 0xf5, 0x0, 0x0, 0x0,
    0xd, 0x50, 0x0, 0x0, 0x0, 0xd5, 0x0, 0x0,
    0x0, 0x5, 0x20,

    /* U+0497 "җ" */
    0x2f, 0x35, 0xc0, 0xb9, 0x0, 0x9b, 0x5c, 0x5f,
    0x10, 0x1, 0xfa, 0xdd, 0x70, 0x0, 0x1f, 0xff,
    0xf7, 0x0, 0x6, 0xde, 0xfb, 0xd0, 0x0, 0xb7,
    0x6d, 0x1f, 0x20, 0x1f, 0x25, 0xc0, 0xb8, 0x6,
    0xc0, 0x5c, 0x5, 0xf3, 0x0, 0x0, 0x0, 0xd,
    0x30, 0x0, 0x0, 0x0, 0xd3,

    /* U+0498 "Ҙ" */
    0x7, 0xdf, 0xfb, 0x20, 0x6, 0x53, 0x4c, 0xd0,
    0x0, 0x0, 0x4, 0xf1, 0x0, 0x0, 0x1a, 0xd0,
    0x0, 0x4f, 0xfd, 0x10, 0x0, 0x2, 0x4c, 0xc0,
    0x0, 0x0, 0x1, 0xf4, 0x0, 0x0, 0x1, 0xf4,
    0xa, 0x53, 0x4c, 0xe1, 0xa, 0xef, 0xfb, 0x20,
    0x0, 0x2, 0xb0, 0x0, 0x0, 0x0, 0xf0, 0x0,
    0x0, 0xae, 0xa0, 0x0,

    /* U+0499 "ҙ" */
    0x6d, 0xff, 0xb3, 0x3, 0x42, 0x3a, 0xe0, 0x0,
    0x0, 0x7e, 0x0, 0x3e, 0xfd, 0x20, 0x0, 0x12,
    0x9d, 0x0, 0x0, 0x0, 0xf3, 0x63, 0x23, 0xaf,
    0x19, 0xef, 0xfb, 0x30, 0x0, 0x2b, 0x0, 0x0,
    0x0, 0xf0, 0x0, 0xa, 0xea, 0x0, 0x0,

    /* U+049A "Қ" */
    0x1f, 0x50, 0x0, 0xcb, 0x1, 0xf5, 0x0, 0xcc,
    0x0, 0x1f, 0x50, 0xbc, 0x10, 0x1, 0xf5, 0xad,
    0x10, 0x0, 0x1f, 0xdf, 0x80, 0x0, 0x1, 0xfd,
    0x6f, 0x30, 0x0, 0x1f, 0x50, 0xad, 0x0, 0x1,
    0xf5, 0x1, 0xe9, 0x0, 0x1f, 0x50, 0x4, 0xf4,
    0x1, 0xf5, 0x0, 0xa, 0xf6, 0x0, 0x0, 0x0,
    0x1f, 0x60, 0x0, 0x0, 0x1, 0xf6, 0x0, 0x0,
    0x0, 0x7, 0x20,

    /* U+049B "қ" */
    0x8c, 0x0, 0x6e, 0x20, 0x8c, 0x6, 0xe3, 0x0,
    0x8c, 0x6e, 0x30, 0x0, 0x8f, 0xfd, 0x0, 0x0,
    0x8e, 0x3d, 0x90, 0x0, 0x8c, 0x3, 0xf5, 0x0,
    0x8c, 0x0, 0x7e, 0x40, 0x8c, 0x0, 0xc, 0xf1,
    0x0, 0x0, 0x4, 0xf1, 0x0, 0x0, 0x4, 0xf1,

    /* U+04A2 "Ң" */
    0x9d, 0x0, 0x6, 0xf0, 0x9, 0xd0, 0x0, 0x6f,
    0x0, 0x9d, 0x0, 0x6, 0xf0, 0x9, 0xd0, 0x0,
    0x6f, 0x0, 0x9f, 0xff, 0xff, 0xf0, 0x9, 0xd3,
    0x33, 0x8f, 0x0, 0x9d, 0x0, 0x6, 0xf0, 0x9,
    0xd0, 0x0, 0x6f, 0x0, 0x9d, 0x0, 0x6, 0xf0,
    0x9, 0xd0, 0x0, 0x6f, 0xf6, 0x0, 0x0, 0x0,
    0xf, 0x60, 0x0, 0x0, 0x0, 0xf6, 0x0, 0x0,
    0x0, 0x7, 0x20,

    /* U+04A3 "ң" */
    0xc8, 0x0, 0x2f, 0x10, 0xc8, 0x0, 0x2f, 0x10,
    0xc8, 0x0, 0x2f, 0x10, 0xcf, 0xff, 0xff, 0x10,
    0xc9, 0x33, 0x5f, 0x10, 0xc8, 0x0, 0x2f, 0x10,
    0xc8, 0x0, 0x2f, 0x51, 0xc8, 0x0, 0x2f, 0xf6,
    0x0, 0x0, 0x0, 0xe6, 0x0, 0x0, 0x0, 0xe6,

    /* U+04A4 "Ҥ" */
    0x8b, 0x0, 0xcf, 0xf6, 0x8b, 0x0, 0xc9, 0x31,
    0x8b, 0x0, 0xc7, 0x0, 0x8b, 0x0, 0xc7, 0x0,
    0x8f, 0xff, 0xf7, 0x0, 0x8c, 0x33, 0xd7, 0x0,
    0x8b, 0x0, 0xc7, 0x0, 0x8b, 0x0, 0xc7, 0x0,
    0x8b, 0x0, 0xc7, 0x0, 0x8b, 0x0, 0xc7, 0x0,

    /* U+04A5 "ҥ" */
    0xb6, 0x0, 0xcf, 0xf6, 0xb6, 0x0, 0xc6, 0x0,
    0xb6, 0x0, 0xc5, 0x0, 0xbf, 0xee, 0xf5, 0x0,
    0xb7, 0x11, 0xc5, 0x0, 0xb6, 0x0, 0xc5, 0x0,
    0xb6, 0x0, 0xc5, 0x0, 0xb6, 0x0, 0xc5, 0x0,

    /* U+04AA "Ҫ" */
    0x0, 0x2b, 0xff, 0xc2, 0x1, 0xeb, 0x43, 0x74,
    0x9, 0xe0, 0x0, 0x0, 0xe, 0x80, 0x0, 0x0,
    0xf, 0x70, 0x0, 0x0, 0xf, 0x60, 0x0, 0x0,
    0xd, 0x80, 0x0, 0x0, 0x9, 0xd0, 0x0, 0x0,
    0x2, 0xfa, 0x32, 0x64, 0x0, 0x3c, 0xff, 0xd2,
    0x0, 0x0, 0xc, 0x0, 0x0, 0x0, 0xd, 0x20,
    0x0, 0x8, 0xec, 0x0,

    /* U+04AB "ҫ" */
    0x3, 0xcf, 0xe9, 0x2, 0xf8, 0x23, 0x90, 0x9c,
    0x0, 0x0, 0xc, 0x80, 0x0, 0x0, 0xc8, 0x0,
    0x0, 0xa, 0xb0, 0x0, 0x0, 0x3f, 0x82, 0x28,
    0x0, 0x5d, 0xff, 0xa0, 0x0, 0x2, 0xb0, 0x0,
    0x0, 0xf, 0x0, 0x0, 0xae, 0xa0, 0x0,

    /* U+04AC "Ҭ" */
    0xaf, 0xff, 0xff, 0xff, 0x12, 0x33, 0x9e, 0x33,
    0x30, 0x0, 0x7, 0xe0, 0x0, 0x0, 0x0, 0x7e,
    0x0, 0x0, 0x0, 0x7, 0xe0, 0x0, 0x0, 0x0,
    0x7e, 0x0, 0x0, 0x0, 0x7, 0xe0, 0x0, 0x0,
    0x0, 0x7e, 0x0, 0x0, 0x0, 0x7, 0xe0, 0x0,
    0x0, 0x0, 0x7f, 0xf6, 0x0, 0x0, 0x0, 0x1f,
    0x60, 0x0, 0x0, 0x1, 0xf6, 0x0, 0x0, 0x0,
    0x7, 0x20, 0x0,

    /* U+04AD "ҭ" */
    0x8f, 0xff, 0xff, 0x24, 0x8e, 0x43, 0x0, 0x6d,
    0x0, 0x0, 0x6d, 0x0, 0x0, 0x6d, 0x0, 0x0,
    0x6d, 0x0, 0x0, 0x6e, 0x40, 0x0, 0x6f, 0xf3,
    0x0, 0x2, 0xf3, 0x0, 0x2, 0xf3,

    /* U+04AE "Ү" */
    0x7e, 0x10, 0x0, 0x9d, 0x0, 0xd9, 0x0, 0x2f,
    0x40, 0x4, 0xf2, 0xb, 0xb0, 0x0, 0xa, 0xb4,
    0xf2, 0x0, 0x0, 0x1f, 0xe8, 0x0, 0x0, 0x0,
    0x9f, 0x0, 0x0, 0x0, 0x7, 0xe0, 0x0, 0x0,
    0x0, 0x7e, 0x0, 0x0, 0x0, 0x7, 0xe0, 0x0,
    0x0, 0x0, 0x7e, 0x0, 0x0,

    /* U+04AF "ү" */
    0x3f, 0x20, 0x0, 0xb9, 0xd, 0x80, 0x1, 0xf3,
    0x7, 0xd0, 0x7, 0xd0, 0x1, 0xf3, 0xc, 0x70,
    0x0, 0xb9, 0x2f, 0x20, 0x0, 0x5e, 0x8b, 0x0,
    0x0, 0xe, 0xf5, 0x0, 0x0, 0x9, 0xf0, 0x0,
    0x0, 0x7, 0xe0, 0x0, 0x0, 0x7, 0xe0, 0x0,
    0x0, 0x7, 0xe0, 0x0,

    /* U+04B0 "Ұ" */
    0x7e, 0x10, 0x0, 0x9d, 0x0, 0xd9, 0x0, 0x2f,
    0x40, 0x4, 0xf2, 0xb, 0xa0, 0x0, 0xa, 0xb4,
    0xf1, 0x0, 0x0, 0x1f, 0xe7, 0x0, 0x0, 0x0,
    0x8f, 0x0, 0x0, 0x4, 0xff, 0xff, 0xb0, 0x0,
    0x3, 0x9e, 0x32, 0x0, 0x0, 0x7, 0xe0, 0x0,
    0x0, 0x0, 0x7e, 0x0, 0x0,

    /* U+04B1 "ұ" */
    0x2f, 0x20, 0x0, 0xb9, 0xc, 0x80, 0x1, 0xf3,
    0x6, 0xe0, 0x7, 0xd0, 0x1, 0xf4, 0xd, 0x70,
    0x0, 0xa9, 0x3f, 0x10, 0x0, 0x4f, 0x9b, 0x0,
    0x0, 0xe, 0xf5, 0x0, 0x0, 0x8, 0xf0, 0x0,
    0x0, 0xbf, 0xfe, 0x30, 0x0, 0x17, 0xe1, 0x0,
    0x0, 0x7, 0xe0, 0x0,

    /* U+04B2 "Ҳ" */
    0x2f, 0x50, 0x0, 0xbc, 0x0, 0x7e, 0x0, 0x4f,
    0x20, 0x0, 0xd8, 0xd, 0x70, 0x0, 0x3, 0xf9,
    0xd0, 0x0, 0x0, 0xa, 0xf3, 0x0, 0x0, 0x0,
    0xef, 0x70, 0x0, 0x0, 0x9d, 0x4f, 0x10, 0x0,
    0x3f, 0x30, 0xab, 0x0, 0xd, 0x90, 0x1, 0xf4,
    0x8, 0xe0, 0x0, 0x7, 0xf4, 0x0, 0x0, 0x0,
    0x2f, 0x40, 0x0, 0x0, 0x2, 0xf4, 0x0, 0x0,
    0x0, 0x17, 0x20,

    /* U+04B3 "ҳ" */
    0xb, 0xa0, 0x1, 0xe6, 0x0, 0x1e, 0x50, 0xab,
    0x0, 0x0, 0x4e, 0x7e, 0x10, 0x0, 0x0, 0x9f,
    0x40, 0x0, 0x0, 0xc, 0xf8, 0x0, 0x0, 0x8,
    0xd3, 0xf3, 0x0, 0x4, 0xf2, 0x7, 0xd4, 0x1,
    0xe7, 0x0, 0xc, 0xf0, 0x0, 0x0, 0x0, 0x4f,
    0x0, 0x0, 0x0, 0x4, 0xf0,

    /* U+04BA "Һ" */
    0xe7, 0x0, 0x0, 0xe, 0x70, 0x0, 0x0, 0xe7,
    0x0, 0x0, 0xe, 0xab, 0xff, 0xa0, 0xef, 0x84,
    0x8f, 0x5e, 0xb0, 0x0, 0xe8, 0xe8, 0x0, 0xc,
    0x9e, 0x70, 0x0, 0xca, 0xe7, 0x0, 0xc, 0xae,
    0x70, 0x0, 0xca,

    /* U+04BB "һ" */
    0x98, 0x0, 0x0, 0xa, 0x90, 0x0, 0x0, 0xa9,
    0x0, 0x0, 0xa, 0x99, 0xfd, 0x40, 0xaf, 0x72,
    0xae, 0xa, 0xc0, 0x2, 0xf1, 0xa9, 0x0, 0x1f,
    0x2a, 0x90, 0x1, 0xf3, 0xa9, 0x0, 0x1f, 0x3a,
    0x90, 0x1, 0xf3, 0xa9, 0x0, 0x1f, 0x30,

    /* U+04C0 "Ӏ" */
    0xaf, 0xff, 0xff, 0x1, 0x39, 0xe3, 0x30, 0x0,
    0x7e, 0x0, 0x0, 0x7, 0xe0, 0x0, 0x0, 0x7e,
    0x0, 0x0, 0x7, 0xe0, 0x0, 0x0, 0x7e, 0x0,
    0x0, 0x7, 0xe0, 0x0, 0x13, 0x9e, 0x33, 0xa,
    0xff, 0xff, 0xf0,

    /* U+04C1 "Ӂ" */
    0x0, 0x92, 0x8, 0x30, 0x0, 0x4, 0xde, 0x90,
    0x0, 0x0, 0x0, 0x0, 0x0, 0x8, 0xd0, 0x6d,
    0x7, 0xe0, 0x1f, 0x56, 0xd0, 0xe7, 0x0, 0x8d,
    0x6d, 0x6e, 0x0, 0x1, 0xfc, 0xee, 0x80, 0x0,
    0xf, 0xff, 0xf6, 0x0, 0x5, 0xff, 0xff, 0xc0,
    0x0, 0xaa, 0x9f, 0x5f, 0x10, 0xf, 0x56, 0xd0,
    0xe7, 0x5, 0xf0, 0x6d, 0x8, 0xc0, 0xba, 0x6,
    0xd0, 0x3f, 0x20,

    /* U+04C2 "ӂ" */
    0x0, 0x0, 0x0, 0x0, 0x0, 0xc, 0x30, 0xb3,
    0x0, 0x0, 0x3d, 0xe9, 0x0, 0x0, 0x0, 0x0,
    0x0, 0x0, 0x2f, 0x35, 0xc0, 0xc9, 0x0, 0x9b,
    0x5c, 0x5f, 0x10, 0x1, 0xfa, 0xdd, 0x70, 0x0,
    0x1f, 0xff, 0xf7, 0x0, 0x6, 0xde, 0xfb, 0xd0,
    0x0, 0xb7, 0x6d, 0x1f, 0x20, 0x1f, 0x25, 0xc0,
    0xb8, 0x6, 0xc0, 0x5c, 0x5, 0xd0,

    /* U+04C3 "Ӄ" */
    0x1f, 0x50, 0x0, 0xcb, 0x1, 0xf5, 0x0, 0xcb,
    0x0, 0x1f, 0x50, 0xcb, 0x0, 0x1, 0xf6, 0xcb,
    0x0, 0x0, 0x1f, 0xef, 0xfc, 0x20, 0x1, 0xfc,
    0x34, 0xcd, 0x0, 0x1f, 0x50, 0x4, 0xf2, 0x1,
    0xf5, 0x0, 0x2f, 0x30, 0x1f, 0x50, 0x2, 0xf4,
    0x1, 0xf5, 0x0, 0x2f, 0x30, 0x0, 0x0, 0x4,
    0xf2, 0x0, 0x0, 0x3, 0xcd, 0x0, 0x0, 0x3,
    0xfc, 0x20, 0x0,

    /* U+04C4 "ӄ" */
    0x8c, 0x0, 0x5f, 0x38, 0xc0, 0x3f, 0x50, 0x8c,
    0x2e, 0x70, 0x8, 0xdd, 0x90, 0x0, 0x8f, 0xfe,
    0xd8, 0x8, 0xd1, 0x14, 0xf3, 0x8c, 0x0, 0xf,
    0x48, 0xc0, 0x0, 0xf5, 0x0, 0x0, 0xf, 0x40,
    0x0, 0x14, 0xf2, 0x0, 0x5f, 0xe8, 0x0,

    /* U+04C7 "Ӈ" */
    0x1f, 0x50, 0x0, 0xe8, 0x1f, 0x50, 0x0, 0xe8,
    0x1f, 0x50, 0x0, 0xe8, 0x1f, 0x50, 0x0, 0xe8,
    0x1f, 0xff, 0xff, 0xf8, 0x1f, 0x73, 0x33, 0xe8,
    0x1f, 0x50, 0x0, 0xe8, 0x1f, 0x50, 0x0, 0xe8,
    0x1f, 0x50, 0x0, 0xe8, 0x1f, 0x50, 0x0, 0xe7,
    0x0, 0x0, 0x0, 0xf6, 0x0, 0x0, 0x39, 0xf2,
    0x0, 0x0, 0xfd, 0x50,

    /* U+04C8 "ӈ" */
    0x9a, 0x0, 0xf, 0x49, 0xa0, 0x0, 0xf4, 0x9a,
    0x0, 0xf, 0x49, 0xff, 0xff, 0xf4, 0x9b, 0x33,
    0x3f, 0x49, 0xa0, 0x0, 0xf4, 0x9a, 0x0, 0xf,
    0x49, 0xa0, 0x0, 0xf4, 0x0, 0x0, 0xf, 0x30,
    0x0, 0x16, 0xf1, 0x0, 0x6f, 0xe6, 0x0,

    /* U+04CB "Ӌ" */
    0x1f, 0x40, 0x0, 0xf6, 0x1f, 0x40, 0x0, 0xf6,
    0x1f, 0x40, 0x0, 0xf6, 0x1f, 0x50, 0x1, 0xf6,
    0xe, 0xb1, 0x2a, 0xf6, 0x6, 0xff, 0xfa, 0xf6,
    0x0, 0x13, 0x10, 0xf6, 0x0, 0x0, 0x0, 0xf6,
    0x0, 0x0, 0x0, 0xf6, 0x0, 0x0, 0x6f, 0xf6,
    0x0, 0x0, 0x6f, 0x0, 0x0, 0x0, 0x6f, 0x0,
    0x0, 0x0, 0x27, 0x0,

    /* U+04CC "ӌ" */
    0xc7, 0x0, 0x3f, 0xc, 0x70, 0x3, 0xf0, 0xb8,
    0x0, 0x5f, 0x8, 0xd1, 0x1c, 0xf0, 0x1d, 0xfe,
    0x8f, 0x0, 0x1, 0x3, 0xf0, 0x0, 0x2, 0x6f,
    0x0, 0x0, 0x8f, 0xf0, 0x0, 0x8, 0xc0, 0x0,
    0x0, 0x8c, 0x0,

    /* U+04CF "ӏ" */
    0xd5, 0xe6, 0xe6, 0xe6, 0xe6, 0xe6, 0xe6, 0xe6,
    0xe6, 0xe6, 0xe6,

    /* U+04D0 "Ӑ" */
    0x0, 0x92, 0x8, 0x30, 0x0, 0x4, 0xde, 0x90,
    0x0, 0x0, 0x0, 0x0, 0x0, 0x0, 0x0, 0xcf,
    0x30, 0x0, 0x0, 0x1f, 0xc8, 0x0, 0x0, 0x6,
    0xc6, 0xd0, 0x0, 0x0, 0xb8, 0x1f, 0x20, 0x0,
    0xf, 0x30, 0xc7, 0x0, 0x5, 0xe0, 0x7, 0xc0,
    0x0, 0xaf, 0xff, 0xff, 0x10, 0xf, 0x62, 0x22,
    0xe6, 0x4, 0xf1, 0x0, 0xa, 0xb0, 0x9d, 0x0,
    0x0, 0x6f, 0x0,

    /* U+04D1 "ӑ" */
    0x0, 0x0, 0x0, 0x0, 0x0, 0xc3, 0xb, 0x30,
    0x0, 0x4d, 0xe9, 0x0, 0x0, 0x0, 0x0, 0x0,
    0x3, 0xce, 0xfc, 0x30, 0x5, 0x62, 0x28, 0xf0,
    0x0, 0x0, 0x0, 0xf4, 0x1, 0xae, 0xff, 0xf4,
    0xb, 0xb2, 0x0, 0xf5, 0xf, 0x40, 0x3, 0xf5,
    0xd, 0xa2, 0x3d, 0xf6, 0x2, 0xcf, 0xe8, 0xb9,

    /* U+04D2 "Ӓ" */
    0x0, 0x10, 0x1, 0x0, 0x0, 0xc, 0x82, 0xf3,
    0x0, 0x0, 0x32, 0x4, 0x0, 0x0, 0x0, 0x0,
    0x0, 0x0, 0x0, 0xc, 0xf3, 0x0, 0x0, 0x1,
    0xfc, 0x80, 0x0, 0x0, 0x6c, 0x6d, 0x0, 0x0,
    0xb, 0x81, 0xf2, 0x0, 0x0, 0xf3, 0xc, 0x70,
    0x0, 0x5e, 0x0, 0x7c, 0x0, 0xa, 0xff, 0xff,
    0xf1, 0x0, 0xf6, 0x22, 0x2e, 0x60, 0x4f, 0x10,
    0x0, 0xab, 0x9, 0xd0, 0x0, 0x6, 0xf0,

    /* U+04D3 "ӓ" */
    0x0, 0xc8, 0x1f, 0x30, 0x0, 0x53, 0x6, 0x10,
    0x3, 0xce, 0xfc, 0x30, 0x5, 0x62, 0x28, 0xf0,
    0x0, 0x0, 0x0, 0xf4, 0x1, 0xae, 0xff, 0xf4,
    0xb, 0xb2, 0x0, 0xf5, 0xf, 0x40, 0x3, 0xf5,
    0xd, 0xa2, 0x3d, 0xf6, 0x2, 0xcf, 0xe8, 0xb9,

    /* U+04D4 "Ӕ" */
    0x0, 0x5f, 0xff, 0xff, 0x0, 0xa, 0x9b, 0xb3,
    0x20, 0x0, 0xe3, 0xaa, 0x0, 0x0, 0x2f, 0xa,
    0xa0, 0x0, 0x7, 0xa0, 0xaf, 0xfb, 0x0, 0xb6,
    0xa, 0xb3, 0x20, 0xf, 0xff, 0xfa, 0x0, 0x4,
    0xe2, 0x2b, 0xa0, 0x0, 0x9a, 0x0, 0xab, 0x33,
    0xd, 0x60, 0xa, 0xff, 0xf1,

    /* U+04D5 "ӕ" */
    0x2c, 0xfb, 0x6e, 0xf6, 0x2, 0x41, 0x9f, 0x34,
    0xf0, 0x0, 0x4, 0xd0, 0xf, 0x20, 0xae, 0xff,
    0xff, 0xf3, 0x8b, 0x14, 0xd0, 0x0, 0xa, 0x60,
    0x5e, 0x0, 0x0, 0x9b, 0x2a, 0xf6, 0x27, 0x1,
    0xcf, 0xb4, 0xdf, 0xb0,

    /* U+04D6 "Ӗ" */
    0x8, 0x30, 0x74, 0x0, 0x3d, 0xeb, 0x0, 0x0,
    0x0, 0x0, 0xa, 0xff, 0xff, 0xf6, 0xac, 0x33,
    0x33, 0x1a, 0xb0, 0x0, 0x0, 0xab, 0x0, 0x0,
    0xa, 0xff, 0xff, 0xf3, 0xac, 0x33, 0x33, 0xa,
    0xb0, 0x0, 0x0, 0xab, 0x0, 0x0, 0xa, 0xc3,
    0x33, 0x31, 0xaf, 0xff, 0xff, 0x80,

    /* U+04D7 "ӗ" */
    0x0, 0x0, 0x0, 0x0, 0x0, 0xb4, 0xa, 0x50,
    0x0, 0x3d, 0xea, 0x0, 0x0, 0x0, 0x0, 0x0,
    0x0, 0x6d, 0xfc, 0x40, 0x7, 0xe4, 0x26, 0xf2,
    0xe, 0x50, 0x0, 0xb7, 0x1f, 0xff, 0xff, 0xf9,
    0x1f, 0x30, 0x0, 0x0, 0xe, 0x70, 0x0, 0x0,
    0x6, 0xf6, 0x23, 0x94, 0x0, 0x6d, 0xfe, 0xa2,

    /* U+04D8 "Ә" */
    0x0, 0xae, 0xfb, 0x20, 0x0, 0x83, 0x3b, 0xd0,
    0x0, 0x0, 0x1, 0xf5, 0x0, 0x0, 0x0, 0xd8,
    0x3f, 0xff, 0xff, 0xf9, 0x2f, 0x73, 0x33, 0xe9,
    0xf, 0x50, 0x0, 0xf8, 0xd, 0x90, 0x3, 0xf5,
    0x6, 0xf6, 0x3c, 0xe0, 0x0, 0x8e, 0xfc, 0x20,

    /* U+04D9 "ә" */
    0x5, 0xcf, 0xfb, 0x20, 0x9, 0x62, 0x3a, 0xe1,
    0x0, 0x0, 0x0, 0xd7, 0x0, 0x0, 0x0, 0xaa,
    0xf, 0xff, 0xff, 0xfa, 0xe, 0x50, 0x0, 0xc7,
    0x8, 0xc3, 0x28, 0xe1, 0x0, 0x8e, 0xfb, 0x20,

    /* U+04DA "Ӛ" */
    0x0, 0x10, 0x1, 0x0, 0x0, 0xc8, 0x2f, 0x30,
    0x0, 0x32, 0x4, 0x0, 0x0, 0x0, 0x0, 0x0,
    0x0, 0xae, 0xfb, 0x20, 0x0, 0x83, 0x3b, 0xd0,
    0x0, 0x0, 0x1, 0xf5, 0x0, 0x0, 0x0, 0xd8,
    0x3f, 0xff, 0xff, 0xf9, 0x2f, 0x73, 0x33, 0xe9,
    0xf, 0x50, 0x0, 0xf8, 0xd, 0x90, 0x3, 0xf5,
    0x6, 0xf6, 0x3c, 0xe0, 0x0, 0x8e, 0xfc, 0x20,

    /* U+04DB "ӛ" */
    0x0, 0xaa, 0xf, 0x50, 0x0, 0x44, 0x6, 0x20,
    0x5, 0xcf, 0xfb, 0x20, 0x9, 0x62, 0x3a, 0xe1,
    0x0, 0x0, 0x0, 0xd7, 0x0, 0x0, 0x0, 0xaa,
    0xf, 0xff, 0xff, 0xfa, 0xe, 0x50, 0x0, 0xc7,
    0x8, 0xc3, 0x28, 0xe1, 0x0, 0x8e, 0xfb, 0x20,

    /* U+04DC "Ӝ" */
    0x0, 0x10, 0x1, 0x0, 0x0, 0xc, 0x82, 0xf3,
    0x0, 0x0, 0x32, 0x4, 0x0, 0x0, 0x0, 0x0,
    0x0, 0x0, 0x8d, 0x6, 0xd0, 0x7e, 0x1, 0xf5,
    0x6d, 0xe, 0x70, 0x8, 0xd6, 0xd6, 0xe0, 0x0,
    0x1f, 0xce, 0xe8, 0x0, 0x0, 0xff, 0xff, 0x60,
    0x0, 0x5f, 0xff, 0xfc, 0x0, 0xa, 0xa9, 0xf5,
    0xf1, 0x0, 0xf5, 0x6d, 0xe, 0x70, 0x5f, 0x6,
    0xd0, 0x8c, 0xb, 0xa0, 0x6d, 0x3, 0xf2,

    /* U+04DD "ӝ" */
    0x0, 0xc8, 0x1f, 0x30, 0x0, 0x5, 0x30, 0x61,
    0x0, 0x2f, 0x35, 0xc0, 0xc9, 0x0, 0x9b, 0x5c,
    0x5f, 0x10, 0x1, 0xfa, 0xdd, 0x70, 0x0, 0x1f,
    0xff, 0xf7, 0x0, 0x6, 0xde, 0xfb, 0xd0, 0x0,
    0xb7, 0x6d, 0x1f, 0x20, 0x1f, 0x25, 0xc0, 0xb8,
    0x6, 0xc0, 0x5c, 0x5, 0xd0,

    /* U+04DE "Ӟ" */
    0x0, 0x10, 0x1, 0x0, 0x0, 0xe7, 0x3f, 0x10,
    0x0, 0x41, 0x4, 0x0, 0x0, 0x0, 0x0, 0x0,
    0x7, 0xdf, 0xfb, 0x20, 0x6, 0x53, 0x4c, 0xd0,
    0x0, 0x0, 0x4, 0xf1, 0x0, 0x0, 0x1a, 0xd0,
    0x0, 0x4f, 0xfd, 0x10, 0x0, 0x2, 0x4c, 0xc0,
    0x0, 0x0, 0x1, 0xf4, 0x0, 0x0, 0x1, 0xf4,
    0xa, 0x53, 0x4c, 0xe1, 0xa, 0xdf, 0xeb, 0x20,

    /* U+04DF "ӟ" */
    0xe, 0x73, 0xf1, 0x0, 0x52, 0x16, 0x0, 0x6d,
    0xff, 0xb3, 0x3, 0x42, 0x3a, 0xe0, 0x0, 0x0,
    0x7e, 0x0, 0x3e, 0xfd, 0x20, 0x0, 0x12, 0x9d,
    0x0, 0x0, 0x0, 0xf3, 0x63, 0x23, 0xae, 0x19,
    0xef, 0xeb, 0x30,

    /* U+04E0 "Ӡ" */
    0x3f, 0xff, 0xff, 0xf6, 0x0, 0x33, 0x33, 0x9e,
    0x20, 0x0, 0x0, 0x5f, 0x30, 0x0, 0x0, 0x4f,
    0x50, 0x0, 0x0, 0xb, 0xfe, 0x80, 0x0, 0x0,
    0x13, 0x5d, 0xb0, 0x0, 0x0, 0x0, 0x3f, 0x2c,
    0xb0, 0x0, 0x4, 0xf3, 0x6f, 0x83, 0x35, 0xdc,
    0x0, 0x5c, 0xef, 0xd8, 0x10,

    /* U+04E1 "ӡ" */
    0xd, 0xff, 0xff, 0xf1, 0x0, 0x0, 0xa, 0xd0,
    0x0, 0x0, 0x6f, 0x20, 0x0, 0x2, 0xf6, 0x0,
    0x0, 0xd, 0xa0, 0x0, 0x0, 0x3f, 0xfb, 0x30,
    0x0, 0x2, 0x39, 0xf3, 0x0, 0x0, 0x0, 0xca,
    0x0, 0x0, 0x0, 0xca, 0x9, 0x53, 0x4a, 0xf4,
    0xa, 0xdf, 0xeb, 0x40,

    /* U+04E2 "Ӣ" */
    0x0, 0xce, 0xee, 0x30, 0x0, 0x11, 0x11, 0x0,
    0x0, 0x0, 0x0, 0x0, 0xf, 0x40, 0x7, 0xf7,
    0xf, 0x40, 0xe, 0xf7, 0xf, 0x40, 0x5d, 0xd7,
    0xf, 0x40, 0xb6, 0xd7, 0xf, 0x42, 0xf0, 0xd7,
    0xf, 0x49, 0x90, 0xd7, 0xf, 0x5f, 0x20, 0xd7,
    0xf, 0xbb, 0x0, 0xd7, 0xf, 0xf5, 0x0, 0xd7,
    0xf, 0xe0, 0x0, 0xd7,

    /* U+04E3 "ӣ" */
    0xd, 0xff, 0xf4, 0x0, 0x0, 0x0, 0x0, 0xa9,
    0x0, 0x5f, 0x2a, 0x90, 0xe, 0xf2, 0xa9, 0x8,
    0xdf, 0x2a, 0x92, 0xf4, 0xf2, 0xa9, 0xa9, 0x1f,
    0x2a, 0xdf, 0x11, 0xf2, 0xaf, 0x70, 0x1f, 0x2a,
    0xd0, 0x1, 0xf2,

    /* U+04E4 "Ӥ" */
    0x0, 0x10, 0x1, 0x0, 0x0, 0xc8, 0x2f, 0x30,
    0x0, 0x32, 0x4, 0x0, 0x0, 0x0, 0x0, 0x0,
    0xf, 0x40, 0x7, 0xf7, 0xf, 0x40, 0xe, 0xf7,
    0xf, 0x40, 0x5d, 0xd7, 0xf, 0x40, 0xb6, 0xd7,
    0xf, 0x42, 0xf0, 0xd7, 0xf, 0x49, 0x90, 0xd7,
    0xf, 0x5f, 0x20, 0xd7, 0xf, 0xbb, 0x0, 0xd7,
    0xf, 0xf5, 0x0, 0xd7, 0xf, 0xe0, 0x0, 0xd7,

    /* U+04E5 "ӥ" */
    0xc, 0x81, 0xf3, 0x0, 0x43, 0x6, 0x10, 0xa9,
    0x0, 0x5f, 0x2a, 0x90, 0xe, 0xf2, 0xa9, 0x8,
    0xdf, 0x2a, 0x92, 0xf4, 0xf2, 0xa9, 0xa9, 0x1f,
    0x2a, 0xdf, 0x11, 0xf2, 0xaf, 0x70, 0x1f, 0x2a,
    0xd0, 0x1, 0xf2,

    /* U+04E6 "Ӧ" */
    0x0, 0x10, 0x1, 0x0, 0x0, 0xc8, 0x2f, 0x30,
    0x0, 0x32, 0x4, 0x0, 0x0, 0x0, 0x0, 0x0,
    0x0, 0x8e, 0xfc, 0x20, 0x7, 0xf5, 0x3b, 0xe0,
    0xe, 0x80, 0x1, 0xf5, 0x1f, 0x50, 0x0, 0xe8,
    0x2f, 0x40, 0x0, 0xd9, 0x2f, 0x40, 0x0, 0xd9,
    0x1f, 0x50, 0x0, 0xe8, 0xe, 0x80, 0x1, 0xf4,
    0x7, 0xf5, 0x3b, 0xd0, 0x0, 0x8e, 0xfb, 0x20,

    /* U+04E7 "ӧ" */
    0x0, 0xc8, 0x1f, 0x30, 0x0, 0x53, 0x6, 0x10,
    0x0, 0x8e, 0xfc, 0x20, 0x7, 0xe4, 0x2a, 0xd0,
    0xd, 0x70, 0x1, 0xf4, 0xf, 0x50, 0x0, 0xe6,
    0xf, 0x40, 0x0, 0xe6, 0xd, 0x70, 0x1, 0xf4,
    0x7, 0xe4, 0x2a, 0xe0, 0x0, 0x9e, 0xfc, 0x20,

    /* U+04E8 "Ө" */
    0x0, 0x8e, 0xfc, 0x20, 0x7, 0xf5, 0x3b, 0xe0,
    0xe, 0x80, 0x1, 0xf5, 0x1f, 0x50, 0x0, 0xe8,
    0x2f, 0xff, 0xff, 0xf9, 0x2f, 0x63, 0x33, 0xd9,
    0x1f, 0x50, 0x0, 0xe8, 0xe, 0x80, 0x1, 0xf4,
    0x7, 0xf5, 0x3b, 0xd0, 0x0, 0x8e, 0xfb, 0x20,

    /* U+04E9 "ө" */
    0x0, 0x8e, 0xfc, 0x20, 0x7, 0xf5, 0x2b, 0xd0,
    0xd, 0x80, 0x2, 0xf4, 0xf, 0x50, 0x0, 0xe7,
    0xf, 0xff, 0xff, 0xf6, 0xd, 0x82, 0x23, 0xf4,
    0x7, 0xe3, 0x29, 0xe0, 0x0, 0x8e, 0xfc, 0x20,

    /* U+04EA "Ӫ" */
    0x0, 0x10, 0x1, 0x0, 0x0, 0xc8, 0x2f, 0x30,
    0x0, 0x32, 0x4, 0x0, 0x0, 0x0, 0x0, 0x0,
    0x0, 0x8e, 0xfc, 0x20, 0x7, 0xf5, 0x3b, 0xe0,
    0xe, 0x80, 0x1, 0xf5, 0x1f, 0x50, 0x0, 0xe8,
    0x2f, 0xff, 0xff, 0xf9, 0x2f, 0x63, 0x33, 0xd9,
    0x1f, 0x50, 0x0, 0xe8, 0xe, 0x80, 0x1, 0xf4,
    0x7, 0xf5, 0x3b, 0xd0, 0x0, 0x8e, 0xfb, 0x20,

    /* U+04EB "ӫ" */
    0x0, 0xc8, 0x1f, 0x30, 0x0, 0x53, 0x6, 0x10,
    0x0, 0x8e, 0xfc, 0x20, 0x7, 0xf5, 0x2b, 0xd0,
    0xd, 0x80, 0x2, 0xf4, 0xf, 0x50, 0x0, 0xe7,
    0xf, 0xff, 0xff, 0xf6, 0xd, 0x82, 0x23, 0xf4,
    0x7, 0xe3, 0x29, 0xe0, 0x0, 0x8e, 0xfc, 0x20,

    /* U+04EC "Ӭ" */
    0x1, 0x0, 0x10, 0x0, 0xe7, 0x3f, 0x20, 0x3,
    0x10, 0x40, 0x0, 0x0, 0x0, 0x0, 0x7d, 0xfd,
    0x70, 0x8, 0x42, 0x4d, 0x90, 0x0, 0x0, 0x4f,
    0x20, 0x0, 0x0, 0xf7, 0x2f, 0xff, 0xff, 0x90,
    0x33, 0x33, 0xe9, 0x0, 0x0, 0xf, 0x70, 0x0,
    0x5, 0xf2, 0x95, 0x26, 0xf9, 0x7, 0xdf, 0xd8,
    0x0,

    /* U+04ED "ӭ" */
    0xe, 0x64, 0xf1, 0x0, 0x62, 0x16, 0x0, 0x4c,
    0xfe, 0x90, 0x5, 0x52, 0x3d, 0xa0, 0x0, 0x0,
    0x3f, 0x20, 0x9e, 0xee, 0xf5, 0x0, 0x11, 0x1f,
    0x50, 0x0, 0x4, 0xf2, 0x65, 0x24, 0xeb, 0x4,
    0xcf, 0xe8, 0x0,

    /* U+04EE "Ӯ" */
    0x0, 0xae, 0xee, 0x50, 0x0, 0x1, 0x11, 0x10,
    0x0, 0x0, 0x0, 0x0, 0x0, 0x0, 0xe8, 0x0,
    0xa, 0xd0, 0x8, 0xe0, 0x0, 0xf6, 0x0, 0x2f,
    0x40, 0x6f, 0x10, 0x0, 0xba, 0xc, 0xa0, 0x0,
    0x5, 0xf3, 0xf3, 0x0, 0x0, 0xe, 0xed, 0x0,
    0x0, 0x0, 0x8f, 0x70, 0x0, 0x0, 0x6, 0xf1,
    0x0, 0x0, 0x14, 0xe9, 0x0, 0x0, 0x9, 0xfb,
    0x0, 0x0, 0x0,

    /* U+04EF "ӯ" */
    0x0, 0xdf, 0xff, 0x40, 0x0, 0x0, 0x0, 0x0,
    0x1f, 0x30, 0x0, 0xaa, 0xb, 0x90, 0x0, 0xf5,
    0x5, 0xe0, 0x5, 0xe0, 0x0, 0xe5, 0xb, 0x90,
    0x0, 0x9a, 0x1f, 0x30, 0x0, 0x3f, 0x7d, 0x0,
    0x0, 0xd, 0xf7, 0x0, 0x0, 0x7, 0xf1, 0x0,
    0x0, 0x9, 0xb0, 0x0, 0x0, 0x3f, 0x50, 0x0,
    0xb, 0xf8, 0x0, 0x0,

    /* U+04F0 "Ӱ" */
    0x0, 0x0, 0x1, 0x0, 0x0, 0xa, 0xb0, 0xf5,
    0x0, 0x0, 0x23, 0x4, 0x10, 0x0, 0x0, 0x0,
    0x0, 0x0, 0xe, 0x80, 0x0, 0xad, 0x0, 0x8e,
    0x0, 0xf, 0x60, 0x2, 0xf4, 0x6, 0xf1, 0x0,
    0xb, 0xa0, 0xca, 0x0, 0x0, 0x5f, 0x3f, 0x30,
    0x0, 0x0, 0xee, 0xd0, 0x0, 0x0, 0x8, 0xf7,
    0x0, 0x0, 0x0, 0x6f, 0x10, 0x0, 0x1, 0x4e,
    0x90, 0x0, 0x0, 0x9f, 0xb0, 0x0, 0x0,

    /* U+04F1 "ӱ" */
    0x0, 0xc8, 0x1f, 0x30, 0x0, 0x53, 0x6, 0x10,
    0x1f, 0x30, 0x0, 0xaa, 0xb, 0x90, 0x0, 0xf5,
    0x5, 0xe0, 0x5, 0xe0, 0x0, 0xe5, 0xb, 0x90,
    0x0, 0x9a, 0x1f, 0x30, 0x0, 0x3f, 0x7d, 0x0,
    0x0, 0xd, 0xf7, 0x0, 0x0, 0x7, 0xf1, 0x0,
    0x0, 0x9, 0xb0, 0x0, 0x0, 0x3f, 0x50, 0x0,
    0xb, 0xf8, 0x0, 0x0,

    /* U+04F2 "Ӳ" */
    0x0, 0x6, 0x93, 0xb0, 0x0, 0x2, 0xd2, 0xd3,
    0x0, 0x0, 0x0, 0x0, 0x0, 0x0, 0xe8, 0x0,
    0xa, 0xd0, 0x8, 0xe0, 0x0, 0xf6, 0x0, 0x2f,
    0x40, 0x6f, 0x10, 0x0, 0xba, 0xc, 0xa0, 0x0,
    0x5, 0xf3, 0xf3, 0x0, 0x0, 0xe, 0xed, 0x0,
    0x0, 0x0, 0x8f, 0x70, 0x0, 0x0, 0x6, 0xf1,
    0x0, 0x0, 0x14, 0xe9, 0x0, 0x0, 0x9, 0xfb,
    0x0, 0x0, 0x0,

    /* U+04F3 "ӳ" */
    0x0, 0x4, 0x62, 0x90, 0x0, 0xd, 0x2a, 0x70,
    0x0, 0x69, 0x3c, 0x0, 0x0, 0x0, 0x0, 0x0,
    0x1f, 0x30, 0x0, 0xaa, 0xb, 0x90, 0x0, 0xf5,
    0x5, 0xe0, 0x5, 0xe0, 0x0, 0xe5, 0xb, 0x90,
    0x0, 0x9a, 0x1f, 0x30, 0x0, 0x3f, 0x7d, 0x0,
    0x0, 0xd, 0xf7, 0x0, 0x0, 0x7, 0xf1, 0x0,
    0x0, 0x9, 0xb0, 0x0, 0x0, 0x3f, 0x50, 0x0,
    0xb, 0xf8, 0x0, 0x0,

    /* U+04F4 "Ӵ" */
    0x0, 0x10, 0x1, 0x0, 0x0, 0xe7, 0x3f, 0x20,
    0x0, 0x32, 0x4, 0x0, 0x0, 0x0, 0x0, 0x0,
    0x2f, 0x40, 0x0, 0xf6, 0x2f, 0x40, 0x0, 0xf6,
    0x2f, 0x40, 0x0, 0xf6, 0x1f, 0x40, 0x0, 0xf6,
    0xf, 0x91, 0x16, 0xf6, 0x8, 0xff, 0xfd, 0xf6,
    0x0, 0x13, 0x20, 0xf6, 0x0, 0x0, 0x0, 0xf6,
    0x0, 0x0, 0x0, 0xf6, 0x0, 0x0, 0x0, 0xf6,

    /* U+04F5 "ӵ" */
    0xb, 0x91, 0xf4, 0x4, 0x30, 0x61, 0xe6, 0x0,
    0x4f, 0xe6, 0x0, 0x4f, 0xd6, 0x0, 0x4f, 0xba,
    0x0, 0x7f, 0x3e, 0xff, 0xef, 0x0, 0x11, 0x4f,
    0x0, 0x0, 0x4f, 0x0, 0x0, 0x4f,

    /* U+04F6 "Ӷ" */
    0x8f, 0xff, 0xff, 0xc8, 0xe3, 0x33, 0x32, 0x8d,
    0x0, 0x0, 0x8, 0xd0, 0x0, 0x0, 0x8d, 0x0,
    0x0, 0x8, 0xd0, 0x0, 0x0, 0x8d, 0x0, 0x0,
    0x8, 0xd0, 0x0, 0x0, 0x8d, 0x0, 0x0, 0x8,
    0xff, 0x50, 0x0, 0x2, 0xf5, 0x0, 0x0, 0x2f,
    0x50, 0x0, 0x0, 0x72, 0x0, 0x0,

    /* U+04F7 "ӷ" */
    0xff, 0xff, 0xf2, 0xf7, 0x44, 0x40, 0xf4, 0x0,
    0x0, 0xf4, 0x0, 0x0, 0xf4, 0x0, 0x0, 0xf4,
    0x0, 0x0, 0xf7, 0x20, 0x0, 0xff, 0x90, 0x0,
    0xc, 0x90, 0x0, 0xc, 0x90, 0x0,

    /* U+04F8 "Ӹ" */
    0x0, 0x0, 0x1, 0x0, 0x0, 0xba, 0xf, 0x50,
    0x0, 0x32, 0x4, 0x10, 0x0, 0x0, 0x0, 0x0,
    0x7f, 0x0, 0x0, 0x8e, 0x7f, 0x0, 0x0, 0x8e,
    0x7f, 0x0, 0x0, 0x8e, 0x7f, 0x0, 0x0, 0x8e,
    0x7f, 0xfd, 0x60, 0x8e, 0x7f, 0x37, 0xf4, 0x8e,
    0x7f, 0x0, 0xd9, 0x8e, 0x7f, 0x0, 0xd9, 0x8e,
    0x7f, 0x27, 0xf4, 0x8e, 0x7f, 0xfd, 0x60, 0x8e,

    /* U+04F9 "ӹ" */
    0x0, 0xc8, 0x1f, 0x30, 0x0, 0x53, 0x6, 0x10,
    0x4f, 0x0, 0x0, 0x8b, 0x4f, 0x0, 0x0, 0x8b,
    0x4f, 0x0, 0x0, 0x8b, 0x4f, 0xed, 0x70, 0x8b,
    0x4f, 0x25, 0xf5, 0x8b, 0x4f, 0x0, 0xc9, 0x8b,
    0x4f, 0x14, 0xf6, 0x8b, 0x4f, 0xfe, 0x80, 0x8b,

    /* U+0510 "Ԑ" */
    0x0, 0x8e, 0xfe, 0xa0, 0x8, 0xe6, 0x34, 0x80,
    0xc, 0x90, 0x0, 0x0, 0x9, 0xd2, 0x0, 0x0,
    0x0, 0x9f, 0xf9, 0x0, 0x7, 0xe6, 0x31, 0x0,
    0xf, 0x60, 0x0, 0x0, 0xf, 0x60, 0x0, 0x0,
    0xa, 0xe6, 0x34, 0x84, 0x0, 0x8d, 0xfe, 0xb3,

    /* U+0511 "ԑ" */
    0x9, 0xef, 0xec, 0x8, 0xe4, 0x23, 0x60, 0x7c,
    0x10, 0x0, 0x0, 0x9f, 0xe9, 0x0, 0x7d, 0x41,
    0x10, 0xc, 0x70, 0x0, 0x0, 0x9d, 0x52, 0x35,
    0x20, 0x8d, 0xff, 0xc2,

    /* U+051A "Ԛ" */
    0x0, 0x8e, 0xfb, 0x20, 0x0, 0x7f, 0x53, 0xbe,
    0x0, 0xe, 0x80, 0x1, 0xf5, 0x1, 0xf5, 0x0,
    0xe, 0x80, 0x2f, 0x40, 0x0, 0xd9, 0x2, 0xf4,
    0x0, 0xd, 0x90, 0x1f, 0x50, 0x0, 0xe8, 0x0,
    0xe8, 0x0, 0x1f, 0x40, 0x7, 0xf5, 0x3b, 0xd0,
    0x0, 0x8, 0xef, 0xf2, 0x0, 0x0, 0x0, 0x2d,
    0xa0, 0x0, 0x0, 0x0, 0x1d, 0xa0,

    /* U+051B "ԛ" */
    0x0, 0x9f, 0xe5, 0xf2, 0x8, 0xe3, 0x3c, 0xf2,
    0xe, 0x70, 0x4, 0xf2, 0xf, 0x40, 0x2, 0xf2,
    0xf, 0x40, 0x2, 0xf2, 0xe, 0x70, 0x4, 0xf2,
    0x8, 0xe3, 0x3c, 0xf2, 0x0, 0xaf, 0xe6, 0xf2,
    0x0, 0x0, 0x1, 0xf2, 0x0, 0x0, 0x1, 0xf2,
    0x0, 0x0, 0x1, 0xf2,

    /* U+051C "Ԝ" */
    0xe6, 0x0, 0x0, 0xf, 0x5c, 0x80, 0x0, 0x1,
    0xf3, 0x9a, 0x9, 0xf0, 0x3f, 0x7, 0xc0, 0xce,
    0x35, 0xe0, 0x5e, 0xf, 0x96, 0x7b, 0x2, 0xf3,
    0xc5, 0x99, 0x90, 0xf, 0x89, 0x2d, 0xb6, 0x0,
    0xdd, 0x50, 0xed, 0x40, 0xb, 0xf2, 0xb, 0xf2,
    0x0, 0x8e, 0x0, 0x8f, 0x0,

    /* U+051D "ԝ" */
    0xe5, 0x0, 0x0, 0xe, 0x4a, 0x80, 0x0, 0x1,
    0xf1, 0x7c, 0x4, 0x80, 0x5d, 0x3, 0xf0, 0xaf,
    0x18, 0xa0, 0xf, 0x2d, 0x95, 0xb6, 0x0, 0xc8,
    0xb4, 0x9e, 0x30, 0x8, 0xf6, 0xe, 0xf0, 0x0,
    0x5f, 0x20, 0xbc, 0x0,

    /* U+0531 "Ա" */
    0x3f, 0x30, 0x2, 0xf3, 0x3f, 0x30, 0x2, 0xf3,
    0x3f, 0x30, 0x2, 0xf3, 0x3f, 0x30, 0x2, 0xf3,
    0x3f, 0x30, 0x2, 0xf3, 0x3f, 0x30, 0x2, 0xf3,
    0x2f, 0x30, 0x12, 0xf3, 0x1f, 0x42, 0xf6, 0xf2,
    0xc, 0xc3, 0x9f, 0xe0, 0x1, 0xae, 0xfb, 0xd6,
    0x0, 0x0, 0x0, 0x0,

    /* U+0532 "Բ" */
    0x1, 0xae, 0xfb, 0x20, 0xb, 0xc2, 0x2a, 0xd0,
    0xf, 0x40, 0x2, 0xf2, 0x1f, 0x40, 0x1, 0xf4,
    0x2f, 0x40, 0x0, 0x51, 0x2f, 0x40, 0x0, 0x0,
    0x2f, 0xff, 0xff, 0xf8, 0x2f, 0x63, 0x33, 0x31,
    0x2f, 0x40, 0x0, 0x0, 0x2f, 0x40, 0x0, 0x0,

    /* U+0533 "Գ" */
    0x3, 0xcf, 0xe8, 0x0, 0x1f, 0x92, 0x3d, 0x90,
    0x5f, 0x10, 0x7, 0xe0, 0x6f, 0x0, 0x6, 0xf0,
    0x5f, 0x0, 0x6, 0xf0, 0x1f, 0x80, 0x6, 0xf0,
    0x4, 0xef, 0xff, 0xfd, 0x0, 0x2, 0x38, 0xf2,
    0x0, 0x0, 0x6, 0xf0, 0x0, 0x0, 0x6, 0xf0,

    /* U+0534 "Դ" */
    0x5, 0xdf, 0xd7, 0x0, 0x3, 0xf7, 0x25, 0xf5,
    0x0, 0x8c, 0x0, 0xa, 0xa0, 0x9, 0xc0, 0x0,
    0x9c, 0x0, 0x33, 0x0, 0x9, 0xc0, 0x0, 0x0,
    0x0, 0x9c, 0x0, 0x0, 0x0, 0x9, 0xff, 0x10,
    0x0, 0x0, 0x9d, 0x30, 0x0, 0x0, 0x9, 0xc0,
    0x0, 0x0, 0x0, 0x9c, 0x0,

    /* U+0535 "Ե" */
    0x2f, 0x40, 0x0, 0x0, 0x2f, 0x40, 0x0, 0x0,
    0x2f, 0xff, 0xff, 0xf8, 0x2f, 0x63, 0x33, 0x31,
    0x2f, 0x40, 0x0, 0x0, 0x2f, 0x40, 0x0, 0x82,
    0x1f, 0x40, 0x1, 0xf4, 0xf, 0x50, 0x2, 0xf2,
    0xb, 0xd3, 0x3b, 0xd0, 0x1, 0xae, 0xeb, 0x20,

    /* U+0536 "Զ" */
    0x1, 0x9e, 0xfc, 0x40, 0xb, 0xd4, 0x39, 0xf2,
    0x2f, 0x40, 0x0, 0xe9, 0x4f, 0x10, 0x0, 0xbb,
    0x13, 0x0, 0x0, 0xbb, 0x0, 0x0, 0x0, 0xe8,
    0x0, 0x0, 0x5, 0xf2, 0x5, 0x10, 0x2e, 0x90,
    0xf, 0x76, 0xeb, 0x31, 0xf, 0xff, 0xff, 0xf8,

    /* U+0537 "Է" */
    0x2f, 0x30, 0x0, 0x0, 0x2f, 0x30, 0x0, 0x0,
    0x2f, 0xff, 0xff, 0xf9, 0x2f, 0x53, 0x33, 0x31,
    0x2f, 0x30, 0x0, 0x0, 0x2f, 0x30, 0x0, 0x0,
    0x2f, 0x30, 0x0, 0x0, 0x2f, 0x30, 0x0, 0x0,
    0x2f, 0x63, 0x33, 0x20, 0x2f, 0xff, 0xff, 0xa0,

    /* U+0538 "Ը" */
    0x1, 0xae, 0xeb, 0x20, 0xb, 0xc3, 0x3a, 0xd0,
    0xf, 0x40, 0x2, 0xf2, 0x1f, 0x40, 0x1, 0xf4,
    0x2f, 0x40, 0x0, 0x41, 0x2f, 0x40, 0x0, 0x0,
    0x2f, 0x40, 0x0, 0x0, 0x2f, 0x40, 0x0, 0x0,
    0x2f, 0x63, 0x33, 0x31, 0x2f, 0xff, 0xff, 0xf8,

    /* U+0539 "Թ" */
    0x2, 0xbe, 0xeb, 0x20, 0x0, 0xda, 0x33, 0xad,
    0x0, 0x4f, 0x0, 0x1, 0xf4, 0x7, 0xd0, 0x0,
    0xe, 0x60, 0x8d, 0x3, 0xdf, 0xff, 0x58, 0xd0,
    0xd9, 0x3e, 0x81, 0x8d, 0x1f, 0x40, 0xe7, 0x8,
    0xd1, 0xf4, 0xe, 0x60, 0x8d, 0xe, 0x84, 0xf2,
    0x8, 0xd0, 0x4e, 0xe7, 0x0,

    /* U+053A "Ժ" */
    0x0, 0x0, 0x7, 0xe0, 0x0, 0x0, 0x7, 0xe0,
    0x2, 0xcf, 0xff, 0xfc, 0xd, 0xa3, 0x39, 0xe2,
    0x4f, 0x10, 0x7, 0xe0, 0x7e, 0x0, 0x7, 0xe0,
    0x7e, 0x0, 0x7, 0xd0, 0x5f, 0x0, 0x9, 0xb0,
    0xe, 0x92, 0x5f, 0x60, 0x2, 0xcf, 0xe7, 0x0,

    /* U+053B "Ի" */
    0xba, 0x0, 0x0, 0xb, 0xa0, 0x0, 0x0, 0xbd,
    0xcf, 0xd5, 0xb, 0xf6, 0x26, 0xf3, 0xbb, 0x0,
    0xc, 0x8b, 0xa0, 0x0, 0xba, 0xba, 0x0, 0x5,
    0x5b, 0xa0, 0x0, 0x0, 0xba, 0x0, 0x0, 0xb,
    0xa0, 0x0, 0x0,

    /* U+053C "Լ" */
    0xba, 0x0, 0x0, 0xb, 0xa0, 0x0, 0x0, 0xba,
    0x0, 0x0, 0xb, 0xa0, 0x0, 0x0, 0xba, 0x0,
    0x0, 0xb, 0xa0, 0x0, 0x0, 0xba, 0x0, 0x0,
    0xb, 0xa0, 0x0, 0x0, 0xbb, 0x33, 0x33, 0x1b,
    0xff, 0xff, 0xf9,

    /* U+053D "Խ" */
    0x5e, 0x0, 0x0, 0x0, 0x5e, 0x0, 0x0, 0x0,
    0x5f, 0xff, 0x70, 0x7c, 0x5e, 0x3e, 0x70, 0x7c,
    0x5e, 0xd, 0x70, 0x7c, 0x5e, 0xd, 0x70, 0x7c,
    0x5e, 0xd, 0x70, 0x7c, 0x5e, 0xc, 0x70, 0x8c,
    0x5e, 0xa, 0xb3, 0xc9, 0x5e, 0x2, 0xdf, 0xd2,

    /* U+053E "Ծ" */
    0xaa, 0x7, 0xdf, 0xfc, 0xa, 0xbc, 0xe5, 0x2,
    0x80, 0x8f, 0xfe, 0xfe, 0x70, 0x0, 0xe7, 0x1,
    0x6f, 0x60, 0x2f, 0x30, 0x0, 0x9d, 0x4, 0xf1,
    0x0, 0x6, 0xf0, 0x4f, 0x10, 0x0, 0x6f, 0x1,
    0xf3, 0x0, 0x8, 0xd0, 0xb, 0xc4, 0x26, 0xf6,
    0x0, 0x1a, 0xef, 0xd6, 0x0,

    /* U+053F "Կ" */
    0xf6, 0x0, 0x0, 0xf, 0x60, 0x0, 0x0, 0xf6,
    0x0, 0xf, 0x6f, 0x60, 0x0, 0xf6, 0xe6, 0x0,
    0xf, 0x6b, 0xc1, 0x6, 0xf6, 0x1c, 0xff, 0xdf,
    0x60, 0x1, 0x10, 0xf6, 0x0, 0x0, 0xf, 0x60,
    0x0, 0x0, 0xf6,

    /* U+0540 "Հ" */
    0x0, 0x0, 0x2f, 0x70, 0x0, 0x0, 0x9, 0xf1,
    0x0, 0x0, 0x1a, 0xf6, 0x0, 0x6, 0xfc, 0x30,
    0x0, 0xaf, 0x60, 0x0, 0xb, 0xe2, 0x0, 0x0,
    0x6f, 0x30, 0x0, 0x0, 0x4f, 0xd6, 0x0, 0x0,
    0x3, 0xaf, 0xe8, 0x20, 0x0, 0x1, 0x7e, 0xf8,
    0x0, 0x0, 0x0, 0x46,

    /* U+0541 "Ձ" */
    0x1, 0x9e, 0xfc, 0x30, 0xb, 0xc4, 0x39, 0xf3,
    0x2f, 0x30, 0x0, 0xe9, 0x5f, 0x10, 0x0, 0xbb,
    0x0, 0x0, 0x0, 0xbb, 0x0, 0x11, 0x0, 0xe8,
    0xa, 0xff, 0xc7, 0xf3, 0x2f, 0x31, 0x9f, 0xb0,
    0x2f, 0x64, 0xcf, 0xf2, 0x7, 0xee, 0x90, 0xb7,
    0x0, 0x0, 0x0, 0x0,

    /* U+0542 "Ղ" */
    0x6, 0xdf, 0xd7, 0x0, 0x3, 0xf6, 0x25, 0xf6,
    0x0, 0x8c, 0x0, 0xa, 0xa0, 0x9, 0xc0, 0x0,
    0x9c, 0x0, 0x23, 0x0, 0x9, 0xc0, 0x0, 0x0,
    0x0, 0x9c, 0x0, 0x0, 0x0, 0x9, 0xc0, 0x0,
    0x0, 0x0, 0x9c, 0x0, 0x0, 0x0, 0x9, 0xd3,
    0x0, 0x0, 0x0, 0x9f, 0xf1,

    /* U+0543 "Ճ" */
    0xa, 0xd0, 0x2, 0xbc, 0x2, 0xf7, 0x5f, 0x81,
    0x0, 0x8f, 0xf5, 0x0, 0x0, 0x2f, 0xb0, 0x0,
    0x0, 0xae, 0xf3, 0x0, 0x4, 0xf2, 0xbc, 0x0,
    0xd, 0x90, 0x2f, 0x60, 0x3f, 0x20, 0x8, 0xe1,
    0x5f, 0x73, 0x34, 0xf9, 0x1c, 0xff, 0xff, 0xfc,

    /* U+0544 "Մ" */
    0x6f, 0x0, 0x6, 0xff, 0x46, 0xf0, 0x0, 0x6f,
    0x30, 0x6f, 0x0, 0x6, 0xf0, 0x6, 0xf0, 0x0,
    0x6f, 0x0, 0x6f, 0x0, 0x6, 0xf0, 0x6, 0xf0,
    0x0, 0x6f, 0x0, 0x6f, 0x0, 0x6, 0xf0, 0x4,
    0xf0, 0x0, 0x7e, 0x0, 0x1e, 0x92, 0x4d, 0x90,
    0x0, 0x3c, 0xfe, 0x90, 0x0,

    /* U+0545 "Յ" */
    0x0, 0x7d, 0xfd, 0x60, 0x5, 0xf4, 0x4, 0xf4,
    0x4, 0x60, 0x0, 0xe8, 0x0, 0x0, 0x5, 0xf5,
    0x8f, 0xff, 0xff, 0xb0, 0x12, 0x22, 0x36, 0xf9,
    0x1, 0x0, 0x0, 0x8e, 0xe, 0x80, 0x0, 0x8e,
    0x8, 0xf5, 0x15, 0xe8, 0x0, 0x8e, 0xfe, 0x70,

    /* U+0546 "Ն" */
    0xaf, 0xf0, 0x0, 0x0, 0x1, 0x7f, 0x0, 0x0,
    0x0, 0x5, 0xf0, 0x0, 0x0, 0x0, 0x5f, 0x0,
    0x0, 0x0, 0x5, 0xf0, 0x0, 0x0, 0x0, 0x5f,
    0x0, 0x1, 0x40, 0x5, 0xf0, 0x0, 0x5f, 0x0,
    0x4f, 0x10, 0x6, 0xf0, 0x0, 0xe9, 0x23, 0xda,
    0x0, 0x3, 0xcf, 0xea, 0x10,

    /* U+0547 "Շ" */
    0xf, 0xfb, 0x72, 0x0, 0x3, 0xbf, 0xdf, 0xd0,
    0x8, 0xe1, 0x1, 0x80, 0xf, 0x60, 0x0, 0x0,
    0x4f, 0x30, 0x0, 0x0, 0x5f, 0x10, 0x0, 0x56,
    0x4f, 0x20, 0x0, 0xab, 0x1f, 0x60, 0x0, 0xd8,
    0x9, 0xe4, 0x39, 0xf2, 0x0, 0x8e, 0xfc, 0x30,

    /* U+0548 "Ո" */
    0x9, 0xef, 0xc3, 0x9, 0xd4, 0x29, 0xe1, 0xe7,
    0x0, 0xf, 0x4f, 0x60, 0x0, 0xf6, 0xf6, 0x0,
    0xf, 0x6f, 0x60, 0x0, 0xf6, 0xf6, 0x0, 0xf,
    0x6f, 0x60, 0x0, 0xf6, 0xf6, 0x0, 0xf, 0x6f,
    0x60, 0x0, 0xf6,

    /* U+0549 "Չ" */
    0x0, 0xae, 0xeb, 0x30, 0xb, 0xd4, 0x3a, 0xf1,
    0x1f, 0x40, 0x0, 0xe8, 0x4f, 0x10, 0x0, 0xbb,
    0x26, 0x0, 0x0, 0xab, 0x0, 0x0, 0x0, 0xca,
    0x0, 0x0, 0x1, 0xf6, 0x7, 0x61, 0xb, 0xd0,
    0x6, 0xff, 0xfa, 0x10, 0x0, 0x7, 0xdf, 0x80,
    0x0, 0x0, 0x4, 0x60,

    /* U+054A "Պ" */
    0x3, 0xbe, 0xfc, 0x50, 0x1f, 0x9a, 0xc7, 0xf4,
    0x7d, 0x9, 0xb0, 0xaa, 0xaa, 0x9, 0xb0, 0x7c,
    0x54, 0x9, 0xb0, 0x7d, 0x0, 0x9, 0xb0, 0x7d,
    0x0, 0x9, 0xb0, 0x7d, 0x0, 0x2, 0x30, 0x7d,
    0x0, 0x0, 0x0, 0x7d, 0x0, 0x0, 0x0, 0x7d,

    /* U+054B "Ջ" */
    0x1, 0xae, 0xfc, 0x40, 0xc, 0xd4, 0x39, 0xf1,
    0x3f, 0x30, 0x0, 0xe8, 0x5f, 0x10, 0x0, 0xbb,
    0x2f, 0xb8, 0x30, 0xbb, 0x3, 0x7a, 0xf1, 0xe8,
    0x0, 0x0, 0xa9, 0xf2, 0x5, 0x10, 0xaf, 0x80,
    0xf, 0x76, 0xea, 0x31, 0xf, 0xff, 0xff, 0xf8,

    /* U+054C "Ռ" */
    0x3, 0xbf, 0xea, 0x10, 0x0, 0xea, 0x23, 0xca,
    0x0, 0x3f, 0x10, 0x5, 0xf0, 0x5, 0xf0, 0x0,
    0x4f, 0x10, 0x5f, 0x0, 0x4, 0xf1, 0x5, 0xf0,
    0x0, 0x4f, 0x10, 0x5f, 0x0, 0x4, 0xff, 0x55,
    0xf0, 0x0, 0x4f, 0x41, 0x5f, 0x0, 0x4, 0xf1,
    0x5, 0xf0, 0x0, 0x4f, 0x10,

    /* U+054D "Ս" */
    0xf6, 0x0, 0xf, 0x6f, 0x60, 0x0, 0xf6, 0xf6,
    0x0, 0xf, 0x6f, 0x60, 0x0, 0xf6, 0xf6, 0x0,
    0xf, 0x6f, 0x60, 0x0, 0xf6, 0xf6, 0x0, 0xf,
    0x6e, 0x70, 0x0, 0xf5, 0x9d, 0x42, 0x9e, 0x10,
    0x9e, 0xfc, 0x30,

    /* U+054E "Վ" */
    0x0, 0x0, 0xc, 0xa0, 0x0, 0x0, 0x0, 0xca,
    0x0, 0xc9, 0x0, 0xc, 0xa0, 0xc, 0x90, 0x0,
    0xca, 0x0, 0xba, 0x0, 0xc, 0xa0, 0x6, 0xe2,
    0x3, 0xfa, 0x0, 0x9, 0xff, 0xee, 0xa0, 0x0,
    0x0, 0x10, 0xca, 0x0, 0x0, 0x0, 0xc, 0xb3,
    0x0, 0x0, 0x0, 0xcf, 0xf3,

    /* U+054F "Տ" */
    0x0, 0x9e, 0xfc, 0x30, 0x9, 0xe4, 0x3a, 0xf1,
    0xd, 0x80, 0x1, 0xa2, 0x9, 0xd3, 0x0, 0x0,
    0x0, 0x9f, 0xc7, 0x10, 0x0, 0x0, 0x5c, 0xe2,
    0x1, 0x0, 0x0, 0xd9, 0x3f, 0x40, 0x0, 0xca,
    0xc, 0xd4, 0x27, 0xf4, 0x1, 0x9e, 0xfc, 0x50,

    /* U+0550 "Ր" */
    0x9, 0xef, 0xc3, 0x9, 0xd4, 0x29, 0xe1, 0xe7,
    0x0, 0xf, 0x4f, 0x60, 0x0, 0xf6, 0xf6, 0x0,
    0x4, 0x2f, 0x60, 0x0, 0x0, 0xf6, 0x0, 0x0,
    0xf, 0x60, 0x0, 0x0, 0xf6, 0x0, 0x0, 0xf,
    0x60, 0x0, 0x0,

    /* U+0551 "Ց" */
    0x0, 0x6d, 0xfd, 0x70, 0x5, 0xf4, 0x4, 0xf5,
    0x8, 0xd0, 0x0, 0xe8, 0x3, 0xf4, 0x4, 0xf5,
    0x8f, 0xff, 0xff, 0xb0, 0x12, 0x22, 0x36, 0xe9,
    0x2, 0x10, 0x0, 0x8e, 0xe, 0x90, 0x0, 0x9e,
    0x8, 0xf6, 0x36, 0xf8, 0x0, 0x8e, 0xfe, 0x70,

    /* U+0552 "Ւ" */
    0xf7, 0x0, 0x0, 0xf, 0x70, 0x0, 0x0, 0xff,
    0xff, 0xff, 0xaf, 0x93, 0x33, 0x32, 0xf7, 0x0,
    0x0, 0xf, 0x70, 0x0, 0x0, 0xf7, 0x0, 0x0,
    0xf, 0x70, 0x0, 0x0, 0xf7, 0x0, 0x0, 0xf,
    0x70, 0x0, 0x0,

    /* U+0553 "Փ" */
    0x0, 0x19, 0xe2, 0x0, 0x8, 0xff, 0xff, 0xd1,
    0x2f, 0x57, 0xd1, 0xd9, 0x6e, 0x7, 0xd0, 0x8d,
    0x7d, 0x7, 0xd0, 0x6e, 0x7d, 0x7, 0xd0, 0x6e,
    0x6e, 0x7, 0xd0, 0x8c, 0x1f, 0x67, 0xd1, 0xd8,
    0x6, 0xff, 0xff, 0xb0, 0x0, 0x8, 0xe1, 0x0,

    /* U+0554 "Ք" */
    0x0, 0x4c, 0xfe, 0xa1, 0x2, 0xf7, 0x12, 0xda,
    0x6, 0xf0, 0x0, 0x7e, 0x7, 0xf1, 0x0, 0x8d,
    0x7, 0xfd, 0x78, 0xf6, 0x7, 0xf4, 0x98, 0x30,
    0x7, 0xf0, 0x0, 0x0, 0xcf, 0xff, 0xff, 0xfe,
    0x29, 0xf3, 0x33, 0x32, 0x7, 0xf0, 0x0, 0x0,

    /* U+0555 "Օ" */
    0x0, 0x8e, 0xfc, 0x20, 0x7, 0xf5, 0x3b, 0xe0,
    0xe, 0x80, 0x1, 0xf5, 0x1f, 0x50, 0x0, 0xe8,
    0x2f, 0x40, 0x0, 0xd9, 0x2f, 0x40, 0x0, 0xd9,
    0x1f, 0x50, 0x0, 0xe8, 0xe, 0x80, 0x1, 0xf4,
    0x7, 0xf5, 0x3b, 0xd0, 0x0, 0x8e, 0xfb, 0x20,

    /* U+0556 "Ֆ" */
    0x6, 0xde, 0xd0, 0x0, 0xf, 0x77, 0xd0, 0x0,
    0xe, 0xff, 0xff, 0x90, 0x3, 0xad, 0xfd, 0xf7,
    0x0, 0x7, 0xd0, 0xbc, 0x0, 0x7, 0xd0, 0x7e,
    0x59, 0x7, 0xd0, 0x6e, 0x6e, 0x7, 0xd0, 0x7c,
    0x2f, 0x67, 0xd2, 0xd8, 0x6, 0xdf, 0xfe, 0x90,

    /* U+0559 "ՙ" */
    0xa, 0x28, 0x60, 0x94, 0x2, 0xc2,

    /* U+055A "՚" */
    0x4, 0x3, 0xf3, 0x6d, 0xa, 0x50,

    /* U+055B "՛" */
    0x0, 0x55, 0x4, 0xd1, 0x1d, 0x20,

    /* U+055C "՜" */
    0x0, 0x0, 0x5c, 0x0, 0x5a, 0xf4, 0xd, 0xc7,
    0x20, 0x5b, 0x0, 0x0,

    /* U+055D "՝" */
    0x17, 0x10, 0x8, 0xb0, 0x0, 0xa7,

    /* U+055E "՞" */
    0x2, 0xae, 0xc4, 0x1, 0xe7, 0x26, 0xf0, 0x89,
    0x15, 0x1f, 0x2b, 0x50, 0xbf, 0x90,

    /* U+055F "՟" */
    0x10, 0x0, 0x0, 0xb, 0x40, 0x0, 0x0, 0xae,
    0xdd, 0xdd, 0x10,

    /* U+0561 "ա" */
    0x4d, 0x5, 0xc0, 0x6b, 0x4d, 0x5, 0xc0, 0x6b,
    0x4d, 0x5, 0xc0, 0x6b, 0x4d, 0x5, 0xc0, 0x6b,
    0x4d, 0x5, 0xc0, 0x6b, 0x4e, 0x6, 0xd0, 0x7b,
    0x2f, 0x2a, 0xf2, 0xbb, 0xa, 0xe7, 0xbe, 0xbb,

    /* U+0562 "բ" */
    0xb9, 0xaf, 0xd4, 0xb, 0xf4, 0x8, 0xe0, 0xbb,
    0x0, 0x2f, 0x1b, 0x90, 0x1, 0xf2, 0xb9, 0x0,
    0x1c, 0x2b, 0x90, 0x0, 0x0, 0xb9, 0x0, 0x0,
    0xb, 0xff, 0xff, 0xf3, 0xb9, 0x0, 0x0, 0xb,
    0x90, 0x0, 0x0, 0xb9, 0x0, 0x0, 0x0,

    /* U+0563 "գ" */
    0x3, 0xcf, 0xc8, 0xc0, 0xe, 0xa2, 0x6f, 0xc0,
    0x4f, 0x10, 0xb, 0xc0, 0x7e, 0x0, 0x8, 0xc0,
    0x7d, 0x0, 0x8, 0xc0, 0x4f, 0x0, 0xa, 0xc0,
    0xe, 0x91, 0x4f, 0xc0, 0x2, 0xcf, 0xc9, 0xfe,
    0x0, 0x0, 0x7, 0xc0, 0x0, 0x0, 0x7, 0xc0,
    0x0, 0x0, 0x7, 0xc0,

    /* U+0564 "դ" */
    0xb8, 0xbf, 0xd3, 0x0, 0xbf, 0x30, 0x9d, 0x0,
    0xba, 0x0, 0x3f, 0x0, 0xb8, 0x0, 0x2f, 0x10,
    0xb8, 0x0, 0x2f, 0x10, 0xb8, 0x0, 0x2f, 0x10,
    0xb8, 0x0, 0x2f, 0x10, 0xb8, 0x0, 0x2f, 0xf2,
    0x0, 0x0, 0x2f, 0x10, 0x0, 0x0, 0x2f, 0x10,
    0x0, 0x0, 0x2f, 0x10,

    /* U+0565 "ե" */
    0xb8, 0x0, 0x0, 0xb, 0x80, 0x0, 0x0, 0xb8,
    0x0, 0x0, 0xb, 0xff, 0xff, 0xf7, 0xb8, 0x0,
    0x0, 0xb, 0x80, 0x0, 0x30, 0xb8, 0x0, 0x2f,
    0x1b, 0x80, 0x2, 0xf1, 0xa9, 0x0, 0x5f, 0x17,
    0xe3, 0x3c, 0xf1, 0xb, 0xfd, 0x5f, 0x10,

    /* U+0566 "զ" */
    0x1, 0xbf, 0xd6, 0xf0, 0x0, 0xbc, 0x23, 0xef,
    0x0, 0x1f, 0x30, 0x7, 0xf0, 0x3, 0xf1, 0x0,
    0x5f, 0x0, 0x3f, 0x10, 0x5, 0xf0, 0x1, 0xf3,
    0x0, 0x7f, 0x0, 0xb, 0xc2, 0x3e, 0xf0, 0x0,
    0x1b, 0xfd, 0x7f, 0x0, 0x0, 0x0, 0x4, 0xf0,
    0x0, 0x0, 0x0, 0x4f, 0x0, 0x0, 0x0, 0x4,
    0xff, 0x20,

    /* U+0567 "է" */
    0x7d, 0x0, 0x0, 0x7, 0xd0, 0x0, 0x0, 0x7d,
    0x0, 0x0, 0x7, 0xff, 0xff, 0xf2, 0x7d, 0x0,
    0x0, 0x7, 0xd0, 0x0, 0x0, 0x7d, 0x0, 0x0,
    0x7, 0xd0, 0x0, 0x0, 0x7d, 0x0, 0x0, 0x7,
    0xd1, 0x11, 0x0, 0x7f, 0xff, 0xf9, 0x0,

    /* U+0568 "ը" */
    0xc8, 0xbf, 0xd3, 0xc, 0xf3, 0x9, 0xd0, 0xca,
    0x0, 0x3f, 0xc, 0x80, 0x2, 0xf1, 0xc8, 0x0,
    0x2f, 0x1c, 0x80, 0x2, 0xf1, 0xc8, 0x0, 0x2f,
    0x1c, 0x80, 0x2, 0xf1, 0xc8, 0x0, 0x0, 0xc,
    0x80, 0x0, 0x0, 0xcf, 0xff, 0xff, 0x20,

    /* U+0569 "թ" */
    0x4e, 0x5d, 0xec, 0x10, 0x4, 0xf9, 0x0, 0x7d,
    0x0, 0x4f, 0x10, 0x0, 0xd4, 0x4, 0xf0, 0x0,
    0xa, 0x70, 0x4f, 0x5, 0xdf, 0xff, 0x34, 0xf0,
    0xf4, 0xb, 0x70, 0x4f, 0xf, 0x32, 0xf2, 0x4,
    0xf0, 0x7e, 0xe7, 0x0, 0x4f, 0x0, 0x0, 0x0,
    0x4, 0xf0, 0x0, 0x0, 0x0, 0x4f, 0x0, 0x0,
    0x0, 0x0,

    /* U+056A "ժ" */
    0x0, 0x0, 0x5, 0xe0, 0x0, 0x0, 0x0, 0x5e,
    0x0, 0x0, 0x0, 0x5, 0xe0, 0x0, 0x1b, 0xff,
    0xff, 0xf1, 0xc, 0xb1, 0x5, 0xe0, 0x2, 0xf2,
    0x0, 0x5e, 0x0, 0x4f, 0x0, 0x5, 0xe0, 0x4,
    0xf0, 0x0, 0x6e, 0x0, 0x2f, 0x30, 0x9, 0xc0,
    0x0, 0xcc, 0x25, 0xf6, 0x0, 0x1, 0xbf, 0xe7,
    0x0, 0x0,

    /* U+056B "ի" */
    0xb8, 0x0, 0x0, 0xb, 0x80, 0x0, 0x0, 0xb8,
    0x0, 0x0, 0xb, 0x9a, 0xfd, 0x40, 0xbf, 0x62,
    0xad, 0xb, 0xb0, 0x3, 0xf1, 0xb9, 0x0, 0x2f,
    0x2b, 0x80, 0x2, 0xf2, 0xb8, 0x0, 0x2f, 0x2b,
    0x80, 0x2, 0xf2, 0xb8, 0x0, 0x2f, 0x2b, 0x80,
    0x0, 0x0, 0xb8, 0x0, 0x0, 0xb, 0x80, 0x0,
    0x0,

    /* U+056C "լ" */
    0x3f, 0x0, 0x3, 0xf0, 0x0, 0x3f, 0x0, 0x3,
    0xf0, 0x0, 0x3f, 0x0, 0x3, 0xf0, 0x0, 0x3f,
    0x0, 0x3, 0xf0, 0x0, 0x3f, 0x0, 0x3, 0xf0,
    0x0, 0x3f, 0xff, 0xb0,

    /* U+056D "խ" */
    0x4d, 0x0, 0x0, 0x0, 0x4d, 0x0, 0x0, 0x0,
    0x4d, 0x0, 0x0, 0x0, 0x4e, 0xbe, 0x40, 0x7b,
    0x4f, 0x3a, 0xa0, 0x7b, 0x4e, 0x6, 0xc0, 0x7b,
    0x4d, 0x5, 0xc0, 0x7b, 0x4d, 0x5, 0xc0, 0x7b,
    0x4d, 0x5, 0xc0, 0x7b, 0x4d, 0x3, 0xe0, 0x9b,
    0x4d, 0x0, 0xbe, 0xcb, 0x4d, 0x0, 0x0, 0x0,
    0x4d, 0x0, 0x0, 0x0, 0x4d, 0x0, 0x0, 0x0,

    /* U+056E "ծ" */
    0x0, 0x0, 0x0, 0x0, 0x0, 0x5d, 0x0, 0x0,
    0x1, 0xfa, 0x0, 0x0, 0x0, 0x5e, 0xb2, 0x0,
    0x0, 0x7e, 0xff, 0xf7, 0x6, 0xf5, 0x38, 0xf2,
    0xd, 0x80, 0x0, 0xf5, 0xf, 0x50, 0x0, 0xd7,
    0xf, 0x40, 0x0, 0xe6, 0xd, 0x70, 0x1, 0xf4,
    0x7, 0xe4, 0x2b, 0xd0, 0x0, 0x7e, 0xfb, 0x10,

    /* U+056F "կ" */
    0xb8, 0x0, 0x0, 0xb, 0x80, 0x0, 0x0, 0xb8,
    0x0, 0x0, 0xb, 0x80, 0x2, 0xf2, 0xb8, 0x0,
    0x2f, 0x2b, 0x80, 0x2, 0xf2, 0xb8, 0x0, 0x2f,
    0x2b, 0x80, 0x2, 0xf2, 0xa9, 0x0, 0x4f, 0x27,
    0xe4, 0x3c, 0xf2, 0xb, 0xfd, 0x5f, 0x20, 0x0,
    0x2, 0xf2, 0x0, 0x0, 0x2f, 0x20, 0x0, 0x2,
    0xf2,

    /* U+0570 "հ" */
    0xb8, 0x0, 0x0, 0xb, 0x80, 0x0, 0x0, 0xb8,
    0x0, 0x0, 0xb, 0x9a, 0xfd, 0x40, 0xbf, 0x62,
    0xad, 0xb, 0xb0, 0x3, 0xf1, 0xb9, 0x0, 0x2f,
    0x2b, 0x80, 0x2, 0xf2, 0xb8, 0x0, 0x2f, 0x2b,
    0x80, 0x2, 0xf2, 0xb8, 0x0, 0x2f, 0x20,

    /* U+0571 "ձ" */
    0x8, 0xd0, 0x0, 0x0, 0xca, 0x1, 0x0, 0x5,
    0xee, 0xa0, 0x0, 0xb, 0xf8, 0x0, 0xa, 0xb2,
    0xd7, 0x4, 0xf1, 0x5, 0xe0, 0xaa, 0x0, 0x1f,
    0x2c, 0x70, 0x0, 0xf3, 0xc8, 0x0, 0x3f, 0x38,
    0xe4, 0x3b, 0xf3, 0xa, 0xfd, 0x4f, 0x30,

    /* U+0572 "ղ" */
    0xa9, 0xaf, 0xd4, 0x0, 0xaf, 0x30, 0x8e, 0x0,
    0xab, 0x0, 0x2f, 0x10, 0xa9, 0x0, 0x1f, 0x20,
    0xa9, 0x0, 0x1f, 0x20, 0xa9, 0x0, 0x1f, 0x20,
    0xa9, 0x0, 0x1f, 0x20, 0xa9, 0x0, 0x1f, 0x20,
    0x0, 0x0, 0x1f, 0x20, 0x0, 0x0, 0x1f, 0x20,
    0x0, 0x0, 0x1f, 0xf3,

    /* U+0573 "ճ" */
    0x0, 0x5, 0xdf, 0x20, 0x6, 0xe4, 0x0, 0x3,
    0xf2, 0x0, 0xf, 0xff, 0xc6, 0x0, 0x1f, 0x23,
    0xc9, 0x5, 0xd0, 0x2, 0xf1, 0x9a, 0x0, 0xf,
    0x4a, 0x90, 0x0, 0xf5, 0xaa, 0x0, 0x2f, 0x56,
    0xf5, 0x2a, 0xf5, 0x9, 0xfe, 0x4e, 0x50,

    /* U+0574 "մ" */
    0x0, 0x0, 0x6, 0xff, 0x0, 0x0, 0x6, 0xd0,
    0x0, 0x0, 0x6, 0xd0, 0xf, 0x40, 0x6, 0xd0,
    0xf, 0x40, 0x6, 0xd0, 0xf, 0x40, 0x6, 0xd0,
    0xf, 0x40, 0x6, 0xd0, 0xf, 0x40, 0x7, 0xd0,
    0xf, 0x50, 0x9, 0xd0, 0xc, 0xc2, 0x5e, 0xd0,
    0x3, 0xdf, 0xb6, 0xd0,

    /* U+0575 "յ" */
    0x0, 0xb, 0x90, 0x0, 0xb9, 0x0, 0xb, 0x90,
    0x0, 0xb9, 0x0, 0xb, 0x90, 0x0, 0xb9, 0x0,
    0xb, 0x90, 0x0, 0xb9, 0x0, 0xb, 0x80, 0x13,
    0xf5, 0x8f, 0xf9, 0x0,

    /* U+0576 "ն" */
    0xdf, 0x90, 0x0, 0x0, 0xb, 0x90, 0x0, 0x0,
    0xb, 0x90, 0x0, 0x0, 0xb, 0x90, 0x1, 0xf2,
    0xb, 0x90, 0x1, 0xf2, 0xb, 0x90, 0x1, 0xf2,
    0xb, 0x90, 0x1, 0xf2, 0xa, 0x90, 0x1, 0xf2,
    0xa, 0xa0, 0x4, 0xf2, 0x6, 0xf4, 0x3b, 0xf2,
    0x0, 0xaf, 0xd4, 0xf2,

    /* U+0577 "շ" */
    0x1a, 0xfe, 0xb2, 0x7, 0xb2, 0x2b, 0xd0, 0x0,
    0x0, 0x1f, 0x20, 0x0, 0x3, 0xf1, 0x0, 0x0,
    0xab, 0x0, 0x0, 0x6e, 0x20, 0x0, 0x6f, 0x40,
    0x0, 0x6f, 0x40, 0x0, 0x4f, 0x40, 0x0, 0xc,
    0xb0, 0x0, 0x0, 0x8f, 0xff, 0xfd, 0x0,

    /* U+0578 "ո" */
    0xb8, 0xaf, 0xd4, 0xb, 0xf3, 0x8, 0xd0, 0xba,
    0x0, 0x2f, 0x1b, 0x80, 0x2, 0xf2, 0xb8, 0x0,
    0x2f, 0x2b, 0x80, 0x2, 0xf2, 0xb8, 0x0, 0x2f,
    0x2b, 0x80, 0x2, 0xf2,

    /* U+0579 "չ" */
    0x0, 0x10, 0x0, 0x0, 0xd6, 0x0, 0x6, 0xd0,
    0x0, 0x6, 0xe2, 0x0, 0x0, 0xaf, 0xf5, 0x0,
    0xc, 0xa0, 0x0, 0x9c, 0x0, 0x3, 0xf2, 0x0,
    0xb, 0x80, 0x0, 0x1f, 0x20, 0x0, 0x4f, 0x20,
    0x0, 0x2e, 0xff, 0xfc,

    /* U+057A "պ" */
    0x5d, 0x6, 0xc0, 0x7b, 0x5d, 0x6, 0xc0, 0x7b,
    0x5d, 0x6, 0xc0, 0x7b, 0x5d, 0x6, 0xc0, 0x7b,
    0x5d, 0x6, 0xc0, 0x7b, 0x4d, 0x6, 0xc0, 0x7b,
    0x2f, 0x2b, 0xf2, 0xbb, 0xa, 0xe7, 0xce, 0xbb,
    0x0, 0x0, 0x0, 0x7b, 0x0, 0x0, 0x0, 0x7b,
    0x0, 0x0, 0x0, 0x7b,

    /* U+057B "ջ" */
    0x8, 0xef, 0xb2, 0x8, 0xd3, 0x2a, 0xe0, 0xc7,
    0x0, 0xf, 0x39, 0xd0, 0x1, 0xf2, 0xd, 0x70,
    0x9c, 0x0, 0x5c, 0x5f, 0x20, 0x3, 0xef, 0x40,
    0x0, 0x7f, 0x50, 0x0, 0x3f, 0x50, 0x0, 0xa,
    0xc0, 0x0, 0x0, 0x7f, 0xff, 0xff, 0x0,

    /* U+057C "ռ" */
    0xc7, 0xbf, 0xd4, 0xc, 0xe3, 0x9, 0xf0, 0xca,
    0x0, 0x1f, 0x4c, 0x80, 0x0, 0xf4, 0xc8, 0x0,
    0x1f, 0x2c, 0x80, 0x6, 0xd0, 0xc8, 0x2, 0xe3,
    0xc, 0x80, 0xaf, 0xfe,

    /* U+057D "ս" */
    0xb8, 0x0, 0x2f, 0x2b, 0x80, 0x2, 0xf2, 0xb8,
    0x0, 0x2f, 0x2b, 0x80, 0x2, 0xf2, 0xb8, 0x0,
    0x2f, 0x2a, 0x90, 0x4, 0xf2, 0x6e, 0x43, 0xcf,
    0x20, 0xaf, 0xd4, 0xf2,

    /* U+057E "վ" */
    0x0, 0x0, 0x2f, 0x10, 0x0, 0x0, 0x2f, 0x10,
    0x0, 0x0, 0x2f, 0x10, 0xc8, 0x0, 0x2f, 0x10,
    0xc8, 0x0, 0x2f, 0x10, 0xc8, 0x0, 0x2f, 0x10,
    0xc8, 0x0, 0x2f, 0x10, 0xb8, 0x0, 0x3f, 0x10,
    0xa9, 0x0, 0x5f, 0x10, 0x7e, 0x33, 0xcf, 0x10,
    0x1b, 0xfd, 0x5f, 0x10, 0x0, 0x0, 0x2f, 0x10,
    0x0, 0x0, 0x2f, 0x10, 0x0, 0x0, 0x2f, 0xf4,

    /* U+057F "տ" */
    0x4d, 0x5, 0xdc, 0xe3, 0x4d, 0x5, 0xf0, 0x99,
    0x4d, 0x5, 0xc0, 0x7b, 0x4d, 0x5, 0xc0, 0x7b,
    0x4d, 0x5, 0xc0, 0x7b, 0x4e, 0x6, 0xc0, 0x7b,
    0x2f, 0x3a, 0xc0, 0x7b, 0xa, 0xeb, 0xc0, 0x7b,

    /* U+0580 "ր" */
    0xb8, 0xaf, 0xd4, 0xb, 0xf3, 0x8, 0xd0, 0xba,
    0x0, 0x2f, 0x1b, 0x80, 0x2, 0xf2, 0xb8, 0x0,
    0x2f, 0x2b, 0x80, 0x2, 0xf2, 0xb8, 0x0, 0x2f,
    0x2b, 0x80, 0x2, 0xf2, 0xb8, 0x0, 0x0, 0xb,
    0x80, 0x0, 0x0, 0xb8, 0x0, 0x0, 0x0,

    /* U+0581 "ց" */
    0x8, 0xee, 0x8e, 0x46, 0xe2, 0x9, 0xf4, 0xc8,
    0x0, 0x2f, 0x4f, 0x50, 0x0, 0xf4, 0xf6, 0x0,
    0xf, 0x4c, 0x90, 0x3, 0xf4, 0x6f, 0x42, 0xbf,
    0x40, 0x8e, 0xe6, 0xf4, 0x0, 0x0, 0x1f, 0x21,
    0x61, 0x19, 0xc0, 0x1c, 0xfe, 0xb2, 0x0,

    /* U+0582 "ւ" */
    0xe6, 0x0, 0x0, 0xe6, 0x0, 0x0, 0xe6, 0x0,
    0x0, 0xe6, 0x0, 0x0, 0xe6, 0x0, 0x0, 0xe6,
    0x0, 0x0, 0xe6, 0x0, 0x0, 0xef, 0xff, 0xf2,

    /* U+0583 "փ" */
    0x0, 0x5, 0xc0, 0x0, 0x0, 0x5, 0xc0, 0x0,
    0x0, 0x5, 0xc0, 0x0, 0x4d, 0x5, 0xdc, 0xe3,
    0x4d, 0x5, 0xf0, 0x99, 0x4d, 0x5, 0xc0, 0x7b,
    0x4d, 0x5, 0xc0, 0x7b, 0x4d, 0x5, 0xc0, 0x7b,
    0x4e, 0x6, 0xc0, 0x7b, 0x2f, 0x3a, 0xc0, 0x7b,
    0xa, 0xeb, 0xc0, 0x7b, 0x0, 0x5, 0xc0, 0x0,
    0x0, 0x5, 0xc0, 0x0, 0x0, 0x5, 0xc0, 0x0,

    /* U+0584 "ք" */
    0xa, 0x9b, 0xed, 0x40, 0xa, 0xf4, 0x5, 0xf1,
    0xa, 0xc0, 0x0, 0xd6, 0xa, 0xa0, 0x0, 0xb9,
    0xa, 0xa0, 0x0, 0xb9, 0xa, 0xd0, 0x0, 0xe7,
    0xa, 0xf7, 0x28, 0xf1, 0xa, 0xaa, 0xfd, 0x40,
    0xa, 0xa0, 0x0, 0x0, 0x7f, 0xff, 0xff, 0xfc,
    0xa, 0xa0, 0x0, 0x0,

    /* U+0585 "օ" */
    0x0, 0x8e, 0xfc, 0x20, 0x7, 0xe4, 0x2a, 0xd0,
    0xd, 0x70, 0x1, 0xf4, 0xf, 0x50, 0x0, 0xe6,
    0xf, 0x40, 0x0, 0xe6, 0xd, 0x70, 0x1, 0xf4,
    0x7, 0xe4, 0x2a, 0xe0, 0x0, 0x9e, 0xfc, 0x20,

    /* U+0586 "ֆ" */
    0x9, 0xef, 0x80, 0x0, 0x7, 0xd1, 0xb8, 0x0,
    0x0, 0x7d, 0x1b, 0x80, 0x0, 0x1, 0xcf, 0xff,
    0xe8, 0x0, 0x0, 0x1c, 0xa5, 0xe7, 0x0, 0x0,
    0xb8, 0x6, 0xd0, 0x0, 0xb, 0x80, 0x3f, 0x0,
    0x0, 0xb8, 0x4, 0xf0, 0x11, 0xb, 0x80, 0x7d,
    0x9, 0xc2, 0xb9, 0x4e, 0x60, 0x8, 0xef, 0xfd,
    0x70, 0x0, 0x0, 0xb8, 0x0, 0x0, 0x0, 0xb,
    0x80, 0x0, 0x0, 0x0, 0xb8, 0x0, 0x0,

    /* U+0587 "և" */
    0x3f, 0x0, 0x0, 0x0, 0x3, 0xf0, 0x0, 0x0,
    0x0, 0x3f, 0x0, 0x0, 0x0, 0x3, 0xf0, 0x0,
    0xaa, 0x0, 0x3f, 0x0, 0xa, 0xa0, 0x3, 0xf0,
    0x0, 0xaa, 0x0, 0x3f, 0x0, 0xa, 0xa0, 0x3,
    0xf0, 0x0, 0xaa, 0x0, 0x2f, 0x10, 0xc, 0xa0,
    0x0, 0xe9, 0x27, 0xfa, 0x10, 0x5, 0xef, 0x9a,
    0xff, 0x30,

    /* U+0589 "։" */
    0x7e, 0x5b, 0x0, 0x0, 0x6b, 0x7e,

    /* U+058A "֊" */
    0x21, 0x3, 0x7f, 0xfe, 0x1, 0x10,

    /* U+0E3F "฿" */
    0x0, 0x15, 0x0, 0x0, 0x2, 0x80, 0x0, 0xae,
    0xef, 0xb4, 0xb, 0x93, 0x97, 0xf1, 0xb9, 0x28,
    0x1f, 0x4b, 0xb6, 0xaa, 0xd0, 0xbe, 0xce, 0xe7,
    0xb, 0x92, 0x81, 0xe6, 0xb9, 0x28, 0xb, 0x9b,
    0x92, 0x83, 0xf6, 0xbf, 0xff, 0xd7, 0x0, 0x2,
    0x80, 0x0, 0x0, 0x28, 0x0, 0x0, 0x0, 0x0,
    0x0,

    /* U+10D0 "ა" */
    0x1, 0x80, 0x0, 0x0, 0xe, 0x70, 0x0, 0x0,
    0x3d, 0xd3, 0x4, 0x60, 0x7, 0xe1, 0xd6, 0x0,
    0xf, 0x4d, 0x70, 0x0, 0xf4, 0x8d, 0x20, 0x8e,
    0x0, 0x9e, 0xfc, 0x30,

    /* U+10D1 "ბ" */
    0x4f, 0x50, 0x0, 0x0, 0x5d, 0x90, 0x0, 0x0,
    0x4d, 0x0, 0x0, 0x2a, 0xf5, 0x0, 0x4e, 0x75,
    0xca, 0xb, 0x80, 0x1, 0xf2, 0xd6, 0x0, 0xf,
    0x5c, 0x70, 0x0, 0xf3, 0x7e, 0x20, 0x8e, 0x0,
    0x8e, 0xfc, 0x30,

    /* U+10D2 "გ" */
    0x1, 0xcf, 0xe9, 0x0, 0x8, 0xa0, 0x2f, 0x50,
    0x9, 0x80, 0xd, 0x60, 0x1, 0x0, 0x3e, 0x10,
    0x0, 0x8d, 0xfe, 0x50, 0xb, 0xb1, 0x6, 0xf4,
    0x2f, 0x10, 0x0, 0xa9, 0x2f, 0x0, 0x0, 0x99,
    0xc, 0x91, 0x4, 0xf4, 0x1, 0xae, 0xfd, 0x60,

    /* U+10D3 "დ" */
    0xa, 0xea, 0xae, 0xc2, 0x5, 0xe0, 0xb9, 0x8,
    0xb0, 0x8b, 0xa, 0x70, 0x4f, 0x9, 0xa0, 0xa7,
    0x3, 0xf0, 0x8b, 0x8, 0x70, 0x4f, 0x4, 0xe0,
    0x4c, 0x8, 0xb0, 0xd, 0x50, 0x9e, 0xc2, 0x0,
    0x4f, 0x70, 0x0, 0x0, 0x3, 0xee, 0xe5, 0x0,
    0x0, 0x11, 0x3, 0xe5, 0x0,

    /* U+10D4 "ე" */
    0x4, 0xdf, 0xc3, 0x0, 0xf4, 0x5, 0xf1, 0x3f,
    0x0, 0xe, 0x41, 0xe1, 0x0, 0xd5, 0x0, 0x0,
    0xd, 0x51, 0x61, 0x0, 0xd5, 0xa9, 0x0, 0xd,
    0x5d, 0x60, 0x0, 0xe4, 0xac, 0x10, 0x4f, 0x11,
    0x9e, 0xfd, 0x50,

    /* U+10D5 "ვ" */
    0x8, 0xef, 0xd5, 0x5, 0xe2, 0x6, 0xf1, 0x7b,
    0x0, 0xf, 0x32, 0x80, 0x6, 0xe0, 0x0, 0xf,
    0xe3, 0x1, 0x50, 0x5, 0xe1, 0xb9, 0x0, 0xf,
    0x4d, 0x60, 0x0, 0xf4, 0x9c, 0x10, 0x5f, 0x11,
    0x9e, 0xfc, 0x40,

    /* U+10D6 "ზ" */
    0x3d, 0xfe, 0x50, 0xa, 0xa0, 0x6d, 0x0, 0x98,
    0x4, 0xb0, 0x0, 0xbe, 0xec, 0x40, 0x4f, 0x30,
    0x6f, 0x1a, 0xa0, 0x0, 0xe6, 0xb8, 0x0, 0xc,
    0x79, 0xa0, 0x0, 0xe6, 0x4f, 0x30, 0x6f, 0x10,
    0x6d, 0xfc, 0x40,

    /* U+10D7 "თ" */
    0x9, 0xed, 0x7e, 0xd2, 0x5d, 0x13, 0xf1, 0x9b,
    0x9a, 0x1, 0xf0, 0x5e, 0xa9, 0x1, 0xf0, 0x5f,
    0x9a, 0x2, 0xe0, 0x6d, 0x5e, 0x16, 0xb0, 0xa8,
    0x8, 0xed, 0x34, 0xc1,

    /* U+10D8 "ი" */
    0x8, 0xee, 0xc3, 0x8, 0xd2, 0x9, 0xe0, 0xc7,
    0x0, 0xf, 0x3e, 0x60, 0x0, 0xf5, 0xc8, 0x0,
    0x1f, 0x37, 0xd0, 0x7, 0xd0, 0xb, 0x61, 0xd3,
    0x0,

    /* U+10D9 "კ" */
    0x0, 0xde, 0xa2, 0x0, 0x0, 0x3a, 0xe0, 0x0,
    0x0, 0x1f, 0x30, 0x0, 0x4, 0xe0, 0x0, 0xe,
    0xd2, 0x3, 0x70, 0x18, 0xd0, 0xc7, 0x0, 0xf,
    0x4d, 0x60, 0x0, 0xf5, 0x9c, 0x10, 0x5f, 0x11,
    0x9e, 0xfd, 0x50,

    /* U+10DA "ლ" */
    0x9, 0xee, 0xc3, 0x8, 0xd1, 0x7, 0xe0, 0xc7,
    0x0, 0xf, 0x4e, 0x60, 0x0, 0xf4, 0xc7, 0x0,
    0x3e, 0x7, 0xd0, 0x6, 0xa0, 0xe, 0x60, 0x11,
    0x0, 0x8f, 0x50, 0x0, 0x3b, 0x8d, 0x70, 0x0,
    0x0, 0x1f, 0x40,

    /* U+10DB "მ" */
    0x2b, 0xff, 0xc4, 0xa, 0xb1, 0x6, 0xf1, 0x11,
    0x0, 0xe, 0x40, 0x9e, 0xf8, 0xe4, 0x8e, 0x20,
    0xaf, 0x4e, 0x70, 0x2, 0xf4, 0xf5, 0x0, 0xf,
    0x4d, 0x70, 0x1, 0xf2, 0x8e, 0x20, 0x9e, 0x0,
    0x9e, 0xfc, 0x30,

    /* U+10DC "ნ" */
    0x3d, 0xff, 0xf7, 0xc, 0x60, 0x0, 0x0, 0xe4,
    0x0, 0x0, 0xe, 0x7e, 0xfc, 0x30, 0xed, 0x20,
    0x8e, 0xe, 0x70, 0x0, 0xf3, 0xe5, 0x0, 0xf,
    0x4c, 0x70, 0x1, 0xf3, 0x8d, 0x20, 0x9d, 0x0,
    0x9e, 0xfb, 0x20,

    /* U+10DD "ო" */
    0x8, 0xec, 0x9e, 0xc2, 0x4, 0xd0, 0x6d, 0x7,
    0xb0, 0x8b, 0x5, 0xc0, 0x3f, 0x9, 0xb0, 0x5c,
    0x3, 0xf0, 0x8b, 0x1, 0x20, 0x4f, 0x3, 0xe0,
    0x0, 0x7, 0xb0, 0xa, 0x90, 0x2, 0xe2, 0x0,

    /* U+10DE "პ" */
    0xe, 0x94, 0x10, 0x0, 0x16, 0xaf, 0x80, 0x0,
    0x0, 0x6f, 0x0, 0x0, 0x7, 0xd0, 0x0, 0x3f,
    0xf2, 0x2, 0x60, 0x7, 0xd0, 0xb8, 0x0, 0xf,
    0x4d, 0x60, 0x0, 0xf4, 0xac, 0x10, 0x7f, 0x11,
    0xae, 0xfc, 0x40,

    /* U+10DF "ჟ" */
    0x3, 0x57, 0x9c, 0x4d, 0xf9, 0x53, 0xd5, 0x6,
    0xd2, 0xd, 0x50, 0x9, 0x90, 0xd5, 0x1, 0xb9,
    0xd, 0x5e, 0xfb, 0x10, 0xd5, 0x10, 0x0, 0xd,
    0x55, 0x20, 0x0, 0xe4, 0xbb, 0x0, 0x5f, 0x11,
    0xbe, 0xec, 0x40,

    /* U+10E0 "რ" */
    0x0, 0x0, 0x14, 0x0, 0x0, 0x0, 0x8e, 0x70,
    0x0, 0x0, 0xb9, 0x0, 0x0, 0x0, 0x88, 0x0,
    0x0, 0x0, 0x1f, 0xdc, 0x8e, 0xd4, 0x6, 0xd0,
    0x5e, 0x8, 0xd0, 0x9b, 0x4, 0xd0, 0x4f, 0x9,
    0xa0, 0x4d, 0x3, 0xf0, 0x8b, 0x0, 0x20, 0x4f,
    0x3, 0xf1, 0x0, 0x8, 0xa0, 0x9, 0xb0, 0x4,
    0xe2, 0x0,

    /* U+10E1 "ს" */
    0xe5, 0x0, 0x0, 0xe, 0x50, 0x0, 0x0, 0xe5,
    0x3, 0xd0, 0xe, 0x50, 0xb6, 0x0, 0xe5, 0x5,
    0xe4, 0xe, 0x50, 0x4, 0xf1, 0xe5, 0x0, 0xf,
    0x5c, 0x70, 0x0, 0xf3, 0x7d, 0x20, 0x8e, 0x0,
    0x8e, 0xfc, 0x30,

    /* U+10E2 "ტ" */
    0x0, 0x0, 0x10, 0x0, 0x0, 0x0, 0x4c, 0x0,
    0x0, 0x0, 0x6, 0xc1, 0x0, 0x0, 0x3e, 0xbd,
    0xc6, 0x0, 0x1f, 0x54, 0xb0, 0xd4, 0x6, 0xd0,
    0x4c, 0x6, 0xb0, 0x9a, 0x5, 0xc0, 0x3f, 0xa,
    0x90, 0x0, 0x2, 0xf1, 0x9b, 0x0, 0x0, 0x3f,
    0x6, 0xe0, 0x0, 0x8, 0xb0, 0xd, 0xa1, 0x5,
    0xe3, 0x0, 0x1a, 0xff, 0xc4, 0x0,

    /* U+10E3 "უ" */
    0x52, 0xd7, 0x8e, 0xb0, 0x6f, 0x2b, 0xc0, 0xd6,
    0x1, 0x9, 0x80, 0xb7, 0x0, 0x8, 0x70, 0xb8,
    0x0, 0x0, 0x0, 0xb8, 0x2, 0xa1, 0x0, 0xb8,
    0xa, 0xa0, 0x0, 0xb8, 0xb, 0x80, 0x0, 0xb7,
    0x7, 0xe2, 0x2, 0xf4, 0x0, 0x8d, 0xfd, 0x70,

    /* U+10E4 "ფ" */
    0x9, 0xed, 0x7d, 0xe3, 0x6e, 0x3, 0xf1, 0x7c,
    0xaa, 0x1, 0xf0, 0x5f, 0xa9, 0x1, 0xf0, 0x5f,
    0xaa, 0x2, 0xe0, 0x5b, 0x5e, 0x16, 0x93, 0xf2,
    0x8, 0xda, 0x0, 0x7c, 0x2, 0x40, 0x0, 0x4f,
    0x4, 0xf3, 0x0, 0xad, 0x0, 0x7e, 0xfe, 0xb2,

    /* U+10E5 "ქ" */
    0x0, 0x0, 0x0, 0xf2, 0x0, 0x0, 0x0, 0xf2,
    0x0, 0x0, 0x0, 0xf2, 0x1, 0xbf, 0xb3, 0xf2,
    0x6, 0xd0, 0x2c, 0xf2, 0x7, 0xa0, 0x5, 0xf2,
    0x3, 0xd0, 0x2, 0xf2, 0x0, 0x0, 0x1, 0xf2,
    0x3, 0x50, 0x0, 0xf2, 0xe, 0x50, 0x1, 0xf1,
    0xf, 0x30, 0x2, 0xf0, 0xc, 0xa0, 0x9, 0xc0,
    0x1, 0xae, 0xeb, 0x20,

    /* U+10E6 "ღ" */
    0x9, 0xec, 0x8e, 0xd3, 0x4, 0xe0, 0x6d, 0x7,
    0xc0, 0x8b, 0x5, 0xc0, 0x3f, 0x9, 0xa0, 0x5c,
    0x3, 0xf0, 0x8c, 0x1, 0x30, 0x4e, 0x4, 0xf1,
    0x0, 0x9, 0x80, 0xa, 0xb0, 0x0, 0x60, 0x0,
    0xc, 0xd4, 0x0, 0x0, 0x2, 0xc9, 0xd9, 0x0,
    0x0, 0x0, 0x0, 0xe6, 0x0,

    /* U+10E7 "ყ" */
    0xa, 0xb1, 0xe, 0x58, 0xd0, 0x0, 0xe5, 0xd7,
    0x0, 0xe, 0x5d, 0x60, 0x0, 0xe5, 0x8d, 0x20,
    0x5f, 0x50, 0x9e, 0xfa, 0xe5, 0x0, 0x0, 0xe,
    0x5d, 0x60, 0x0, 0xe4, 0x9d, 0x10, 0x5f, 0x10,
    0x9e, 0xed, 0x50,

    /* U+10E8 "შ" */
    0x2e, 0xd5, 0xce, 0xa0, 0x88, 0x1f, 0x51, 0xf4,
    0x21, 0x3, 0x0, 0xe5, 0x0, 0x7e, 0xe8, 0xe5,
    0x6, 0xd2, 0x9, 0xf5, 0xc, 0x70, 0x1, 0xf5,
    0xe, 0x60, 0x0, 0xf5, 0xb, 0x80, 0x0, 0xf4,
    0x4, 0xe3, 0x7, 0xf1, 0x0, 0x5d, 0xfd, 0x40,

    /* U+10E9 "ჩ" */
    0x3c, 0xee, 0x80, 0xc, 0x80, 0x1d, 0x50, 0xe4,
    0x0, 0xd3, 0xe, 0xae, 0xff, 0x30, 0xeb, 0x0,
    0x9e, 0xe, 0x50, 0x0, 0xf4, 0xe4, 0x0, 0xf,
    0x5e, 0x40, 0x2, 0xf3, 0xe4, 0x0, 0x8c, 0xe,
    0x40, 0x5d, 0x20,

    /* U+10EA "ც" */
    0x0, 0x0, 0x0, 0x0, 0x5, 0xc0, 0x9c, 0x0,
    0xc, 0x60, 0x1a, 0xc2, 0x1f, 0x10, 0x0, 0xa8,
    0x5e, 0x0, 0x0, 0xc6, 0x6e, 0x0, 0xcf, 0xb0,
    0x6e, 0x0, 0x0, 0xa7, 0x4f, 0x0, 0x0, 0x6c,
    0x1f, 0x30, 0x0, 0x8b, 0xa, 0xd2, 0x4, 0xf5,
    0x0, 0x9e, 0xfd, 0x60,

    /* U+10EB "ძ" */
    0x0, 0x0, 0x0, 0xf3, 0x0, 0x0, 0x0, 0xf3,
    0x0, 0x0, 0x0, 0xf3, 0x0, 0x9e, 0xf9, 0xf3,
    0x9, 0xc1, 0x1b, 0xf3, 0xe, 0x50, 0x3, 0xf3,
    0xf, 0x30, 0x1, 0xf3, 0xf, 0x50, 0x3, 0xf1,
    0xa, 0xc1, 0x1b, 0xc0, 0x1, 0xae, 0xeb, 0x20,

    /* U+10EC "წ" */
    0x4e, 0xe5, 0xae, 0x80, 0xd8, 0xd, 0x71, 0xf0,
    0xe5, 0x2, 0x0, 0x20, 0xe8, 0xdf, 0xb1, 0x0,
    0xee, 0x20, 0xac, 0x0, 0xe7, 0x0, 0x1f, 0x30,
    0xe6, 0x0, 0xf, 0x40, 0xc9, 0x0, 0x1f, 0x20,
    0x7f, 0x40, 0xab, 0x0, 0x9, 0xef, 0xa1, 0x0,

    /* U+10ED "ჭ" */
    0x0, 0xe, 0x20, 0x0, 0x0, 0xe2, 0x0, 0x0,
    0xe, 0x20, 0x2, 0xce, 0xf5, 0x0, 0x8b, 0x6,
    0xff, 0x8, 0xb0, 0x5b, 0x20, 0x1b, 0xdf, 0x40,
    0x0, 0x0, 0xaa, 0x0, 0x10, 0x1, 0xcb, 0xb,
    0x60, 0x1, 0xf3, 0xd6, 0x0, 0xf, 0x49, 0xd2,
    0x8, 0xf1, 0x1a, 0xef, 0xc4, 0x0,

    /* U+10EE "ხ" */
    0xc6, 0x0, 0x0, 0xc, 0x60, 0x0, 0x0, 0xc6,
    0x0, 0x0, 0xc, 0x8c, 0xfc, 0x40, 0xcf, 0x30,
    0x6f, 0x1c, 0xa0, 0x0, 0xe5, 0xc8, 0x0, 0xc,
    0x7a, 0xa0, 0x0, 0xe5, 0x5f, 0x30, 0x7f, 0x10,
    0x7d, 0xfc, 0x40,

    /* U+10EF "ჯ" */
    0x10, 0x69, 0x0, 0xa, 0xdc, 0xa0, 0x0, 0x4,
    0xcf, 0xd7, 0x0, 0x6, 0x94, 0x80, 0x0, 0x3e,
    0x20, 0x0, 0x0, 0x7e, 0x20, 0x55, 0x0, 0x8d,
    0xc, 0x70, 0x0, 0xf4, 0xd6, 0x0, 0xf, 0x49,
    0xe2, 0x9, 0xe1, 0x9, 0xee, 0xc3, 0x0,

    /* U+10F0 "ჰ" */
    0x0, 0x5d, 0x41, 0x0, 0x0, 0x5, 0x8d, 0xb0,
    0x0, 0x0, 0x5, 0xf0, 0x0, 0x8, 0xff, 0x70,
    0x0, 0x0, 0x4, 0xf1, 0x0, 0x8, 0xff, 0x70,
    0xe, 0x30, 0x4, 0xe0, 0xf, 0x50, 0x1, 0xf2,
    0xa, 0xb0, 0x9, 0xe0, 0x1, 0xae, 0xec, 0x30,

    /* U+10F1 "ჱ" */
    0x0, 0x0, 0xd9, 0x20, 0x0, 0x0, 0x18, 0xf4,
    0x7, 0x20, 0x1, 0xd6, 0xc, 0x70, 0x9f, 0xb0,
    0x9, 0x90, 0x0, 0xe6, 0x9, 0x90, 0x0, 0xd5,
    0xb, 0x70, 0x8f, 0xb0, 0xe, 0x50, 0x0, 0xe5,
    0xf, 0x40, 0x0, 0xe5, 0xf, 0x30, 0x8f, 0xa0,
    0xe, 0x50, 0x0, 0xe5, 0x9, 0xc1, 0x1, 0xe6,
    0x1, 0xae, 0xee, 0x90,

    /* U+10F2 "ჲ" */
    0x6, 0xdf, 0xa1, 0x5, 0xe2, 0x9, 0xc0, 0xc7,
    0x0, 0xf, 0x3e, 0x60, 0x0, 0xf5, 0xc8, 0x0,
    0x1f, 0x36, 0xe2, 0xa, 0xc0, 0x8, 0xfe, 0xd1,
    0x5, 0xda, 0x6f, 0xa0, 0x75, 0x0, 0x3a, 0x0,

    /* U+10F3 "ჳ" */
    0xaf, 0xff, 0xff, 0x5a, 0x80, 0x2, 0xf3, 0x65,
    0x0, 0x4e, 0x0, 0x0, 0x1c, 0x70, 0x0, 0xdf,
    0xc0, 0x0, 0x1, 0x3a, 0xc0, 0x42, 0x0, 0xf,
    0x4d, 0x70, 0x0, 0xf5, 0x9c, 0x10, 0x6f, 0x10,
    0x9e, 0xfc, 0x30,

    /* U+10F4 "ჴ" */
    0x1a, 0xe2, 0x0, 0xb, 0x80, 0x0, 0x0, 0xe1,
    0x0, 0x0, 0xc, 0x70, 0x2, 0x94, 0x2b, 0xef,
    0xdf, 0x40, 0x0, 0x1, 0xf2, 0x0, 0x0, 0x9a,
    0x0, 0xe, 0xfa, 0x0, 0x0, 0x23, 0xab, 0x0,
    0x0, 0x0, 0xf3, 0xb4, 0x0, 0xf, 0x3a, 0xc1,
    0x7, 0xe0, 0x1a, 0xee, 0xc4, 0x0,

    /* U+10F5 "ჵ" */
    0x6, 0xdf, 0xec, 0x30, 0x1f, 0x50, 0x8, 0xc0,
    0x1f, 0x60, 0x4, 0xe0, 0x5, 0xdf, 0xff, 0xfa,
    0x0, 0x0, 0x4, 0xe0, 0x4, 0xcf, 0xff, 0xfa,
    0xe, 0x80, 0x4, 0xe2, 0x2f, 0x10, 0x4, 0xd0,
    0xf, 0x70, 0xa, 0xa0, 0x4, 0xce, 0xea, 0x10,

    /* U+10F6 "ჶ" */
    0xb, 0xea, 0x5d, 0xe4, 0x7, 0xd0, 0x7e, 0x6,
    0xd0, 0x9a, 0x5, 0xd0, 0x3f, 0xa, 0xa0, 0x5d,
    0x3, 0xf0, 0x9a, 0x5, 0xd0, 0x3f, 0x7, 0xd0,
    0x5f, 0x16, 0xd0, 0x1b, 0x85, 0xdd, 0xe4, 0x0,
    0x0, 0x5c, 0x0, 0x0, 0x0, 0x9, 0x90, 0x0,
    0x0, 0x8, 0xc1, 0x0, 0x0,

    /* U+10F7 "ჷ" */
    0x0, 0x8e, 0xfa, 0x0, 0x2, 0xf2, 0x1e, 0x50,
    0x2, 0x70, 0xe, 0x50, 0x0, 0x6, 0xdc, 0x0,
    0x2, 0xef, 0x80, 0x0, 0xd, 0xc1, 0x0, 0x73,
    0x3f, 0x30, 0x0, 0xb9, 0x3f, 0x10, 0x0, 0xaa,
    0xd, 0xa0, 0x4, 0xf5, 0x2, 0xbe, 0xed, 0x60,

    /* U+10F8 "ჸ" */
    0x0, 0x0, 0x20, 0xc, 0x60, 0x3e, 0x50, 0xc6,
    0x0, 0x4e, 0xc, 0x60, 0x0, 0xe5, 0xc6, 0x0,
    0xd, 0x7c, 0xb0, 0x4, 0xf3, 0xcc, 0xff, 0xf7,
    0xc, 0x60, 0x10, 0x0, 0xb7, 0x0, 0xb, 0x58,
    0xd2, 0x6, 0xf2, 0x9, 0xef, 0xd5, 0x0,

    /* U+10F9 "ჹ" */
    0x1, 0xae, 0xfb, 0x30, 0xd, 0x91, 0x5, 0xf3,
    0x3f, 0x10, 0x0, 0xb8, 0x3f, 0x10, 0x0, 0xc8,
    0xc, 0xc3, 0x28, 0xe1, 0x0, 0x7e, 0xfc, 0x20,
    0x0, 0x8e, 0x40, 0x0, 0x0, 0xf3, 0x2, 0x40,
    0x0, 0xf5, 0xa, 0xa0, 0x0, 0x6e, 0xfc, 0x20,

    /* U+10FA "ჺ" */
    0x9, 0xef, 0xc4, 0x9, 0xd2, 0x4, 0xf2, 0xd7,
    0x0, 0xe, 0x4d, 0x70, 0x1, 0xf2, 0x9b, 0x0,
    0x6c, 0x1, 0xe5, 0x1, 0x20, 0x9, 0xfb, 0x20,
    0x3, 0x81, 0x47, 0x0,

    /* U+10FB "჻" */
    0xf, 0x40, 0x0, 0x2, 0x0, 0x0, 0x0, 0x0,
    0x0, 0x0, 0x0, 0xc6, 0x0, 0x0, 0x10, 0x2,
    0x0, 0x0, 0xf, 0x40, 0x0,

    /* U+10FC "ჼ" */
    0x1a, 0x85, 0x3a, 0x91, 0x39, 0x17, 0x37, 0x9,
    0x29, 0x27, 0x7, 0x80,

    /* U+1E80 "Ẁ" */
    0x0, 0x1e, 0x30, 0x0, 0x0, 0x0, 0x4c, 0x0,
    0x0, 0x0, 0x0, 0x0, 0x0, 0xe, 0x60, 0x0,
    0x0, 0xf5, 0xc8, 0x0, 0x0, 0x1f, 0x39, 0xa0,
    0x9f, 0x3, 0xf0, 0x7c, 0xc, 0xe3, 0x5e, 0x5,
    0xe0, 0xf9, 0x67, 0xb0, 0x2f, 0x3c, 0x59, 0x99,
    0x0, 0xf8, 0x92, 0xdb, 0x60, 0xd, 0xd5, 0xe,
    0xd4, 0x0, 0xbf, 0x20, 0xbf, 0x20, 0x8, 0xe0,
    0x8, 0xf0, 0x0,

    /* U+1E81 "ẁ" */
    0x2, 0x70, 0x0, 0x0, 0x0, 0xa, 0x90, 0x0,
    0x0, 0x0, 0xb, 0x50, 0x0, 0x0, 0x0, 0x0,
    0x0, 0x0, 0xe5, 0x0, 0x0, 0xe, 0x4a, 0x80,
    0x0, 0x1, 0xf1, 0x7c, 0x4, 0x80, 0x5d, 0x3,
    0xf0, 0xaf, 0x18, 0xa0, 0xf, 0x2d, 0x95, 0xb6,
    0x0, 0xc8, 0xb4, 0x9e, 0x30, 0x8, 0xf6, 0xe,
    0xf0, 0x0, 0x5f, 0x20, 0xbc, 0x0,

    /* U+1E82 "Ẃ" */
    0x0, 0x0, 0xb7, 0x0, 0x0, 0x0, 0x6a, 0x0,
    0x0, 0x0, 0x0, 0x0, 0x0, 0xe, 0x60, 0x0,
    0x0, 0xf5, 0xc8, 0x0, 0x0, 0x1f, 0x39, 0xa0,
    0x9f, 0x3, 0xf0, 0x7c, 0xc, 0xe3, 0x5e, 0x5,
    0xe0, 0xf9, 0x67, 0xb0, 0x2f, 0x3c, 0x59, 0x99,
    0x0, 0xf8, 0x92, 0xdb, 0x60, 0xd, 0xd5, 0xe,
    0xd4, 0x0, 0xbf, 0x20, 0xbf, 0x20, 0x8, 0xe0,
    0x8, 0xf0, 0x0,

    /* U+1E83 "ẃ" */
    0x0, 0x0, 0x4, 0x50, 0x0, 0x0, 0x2, 0xe2,
    0x0, 0x0, 0x1, 0xd3, 0x0, 0x0, 0x0, 0x0,
    0x0, 0x0, 0xe5, 0x0, 0x0, 0xe, 0x4a, 0x80,
    0x0, 0x1, 0xf1, 0x7c, 0x4, 0x80, 0x5d, 0x3,
    0xf0, 0xaf, 0x18, 0xa0, 0xf, 0x2d, 0x95, 0xb6,
    0x0, 0xc8, 0xb4, 0x9e, 0x30, 0x8, 0xf6, 0xe,
    0xf0, 0x0, 0x5f, 0x20, 0xbc, 0x0,

    /* U+1E84 "Ẅ" */
    0x0, 0x10, 0x1, 0x0, 0x0, 0xc, 0x82, 0xf3,
    0x0, 0x0, 0x32, 0x4, 0x0, 0x0, 0x0, 0x0,
    0x0, 0x0, 0xe6, 0x0, 0x0, 0xf, 0x5c, 0x80,
    0x0, 0x1, 0xf3, 0x9a, 0x9, 0xf0, 0x3f, 0x7,
    0xc0, 0xce, 0x35, 0xe0, 0x5e, 0xf, 0x96, 0x7b,
    0x2, 0xf3, 0xc5, 0x99, 0x90, 0xf, 0x89, 0x2d,
    0xb6, 0x0, 0xdd, 0x50, 0xed, 0x40, 0xb, 0xf2,
    0xb, 0xf2, 0x0, 0x8e, 0x0, 0x8f, 0x0,

    /* U+1E85 "ẅ" */
    0x0, 0xc8, 0x1f, 0x30, 0x0, 0x4, 0x30, 0x61,
    0x0, 0xe5, 0x0, 0x0, 0xe, 0x4a, 0x80, 0x0,
    0x1, 0xf1, 0x7c, 0x4, 0x80, 0x5d, 0x3, 0xf0,
    0xaf, 0x18, 0xa0, 0xf, 0x2d, 0x95, 0xb6, 0x0,
    0xc8, 0xb4, 0x9e, 0x30, 0x8, 0xf6, 0xe, 0xf0,
    0x0, 0x5f, 0x20, 0xbc, 0x0,

    /* U+1EBC "Ẽ" */
    0x5, 0xd6, 0x48, 0x0, 0xb1, 0x8d, 0x30, 0x0,
    0x0, 0x0, 0xa, 0xff, 0xff, 0xf6, 0xac, 0x33,
    0x33, 0x1a, 0xb0, 0x0, 0x0, 0xab, 0x0, 0x0,
    0xa, 0xff, 0xff, 0xf3, 0xac, 0x33, 0x33, 0xa,
    0xb0, 0x0, 0x0, 0xab, 0x0, 0x0, 0xa, 0xc3,
    0x33, 0x31, 0xaf, 0xff, 0xff, 0x80,

    /* U+1EBD "ẽ" */
    0x0, 0x7e, 0x75, 0x80, 0x0, 0xc1, 0x9d, 0x20,
    0x0, 0x0, 0x0, 0x0, 0x0, 0x6d, 0xfc, 0x40,
    0x6, 0xe4, 0x26, 0xf2, 0xe, 0x50, 0x0, 0xb7,
    0x1f, 0xff, 0xff, 0xf9, 0x1f, 0x30, 0x0, 0x0,
    0xe, 0x70, 0x0, 0x0, 0x7, 0xf6, 0x23, 0x94,
    0x0, 0x6d, 0xfe, 0xa2,

    /* U+1EF2 "Ỳ" */
    0x0, 0x1e, 0x30, 0x0, 0x0, 0x0, 0x4c, 0x0,
    0x0, 0x0, 0x0, 0x0, 0x0, 0x7, 0xe1, 0x0,
    0x9, 0xd0, 0xd, 0x90, 0x2, 0xf4, 0x0, 0x4f,
    0x20, 0xbb, 0x0, 0x0, 0xab, 0x4f, 0x20, 0x0,
    0x1, 0xfe, 0x80, 0x0, 0x0, 0x9, 0xf0, 0x0,
    0x0, 0x0, 0x7e, 0x0, 0x0, 0x0, 0x7, 0xe0,
    0x0, 0x0, 0x0, 0x7e, 0x0, 0x0, 0x0, 0x7,
    0xe0, 0x0, 0x0,

    /* U+1EF3 "ỳ" */
    0x1, 0x70, 0x0, 0x0, 0x0, 0x8a, 0x0, 0x0,
    0x0, 0xa, 0x70, 0x0, 0x0, 0x0, 0x0, 0x0,
    0x1f, 0x30, 0x0, 0xaa, 0xb, 0x90, 0x0, 0xf5,
    0x5, 0xe0, 0x5, 0xe0, 0x0, 0xe5, 0xb, 0x90,
    0x0, 0x9a, 0x1f, 0x30, 0x0, 0x3f, 0x7d, 0x0,
    0x0, 0xd, 0xf7, 0x0, 0x0, 0x7, 0xf1, 0x0,
    0x0, 0x9, 0xb0, 0x0, 0x0, 0x3f, 0x50, 0x0,
    0xb, 0xf8, 0x0, 0x0,

    /* U+1EF8 "Ỹ" */
    0x0, 0x7d, 0x55, 0x60, 0x0, 0xc, 0x1a, 0xc2,
    0x0, 0x0, 0x0, 0x0, 0x0, 0x7, 0xe1, 0x0,
    0x9, 0xd0, 0xd, 0x90, 0x2, 0xf4, 0x0, 0x4f,
    0x20, 0xbb, 0x0, 0x0, 0xab, 0x4f, 0x20, 0x0,
    0x1, 0xfe, 0x80, 0x0, 0x0, 0x9, 0xf0, 0x0,
    0x0, 0x0, 0x7e, 0x0, 0x0, 0x0, 0x7, 0xe0,
    0x0, 0x0, 0x0, 0x7e, 0x0, 0x0, 0x0, 0x7,
    0xe0, 0x0, 0x0,

    /* U+1EF9 "ỹ" */
    0x0, 0x6e, 0x84, 0x90, 0x0, 0xb1, 0x9d, 0x30,
    0x0, 0x0, 0x0, 0x0, 0x1f, 0x30, 0x0, 0xaa,
    0xb, 0x90, 0x0, 0xf5, 0x5, 0xe0, 0x5, 0xe0,
    0x0, 0xe5, 0xb, 0x90, 0x0, 0x9a, 0x1f, 0x30,
    0x0, 0x3f, 0x7d, 0x0, 0x0, 0xd, 0xf7, 0x0,
    0x0, 0x7, 0xf1, 0x0, 0x0, 0x9, 0xb0, 0x0,
    0x0, 0x3f, 0x50, 0x0, 0xb, 0xf9, 0x0, 0x0,

    /* U+2000 " " */

    /* U+2001 " " */

    /* U+2002 " " */

    /* U+2003 " " */

    /* U+2004 " " */

    /* U+2005 " " */

    /* U+2006 " " */

    /* U+2007 " " */

    /* U+2008 " " */

    /* U+2009 " " */

    /* U+200A " " */

    /* U+2010 "‐" */
    0x8f, 0xff, 0x12, 0x22,

    /* U+2011 "‑" */
    0x8f, 0xff, 0x12, 0x22,

    /* U+2012 "‒" */
    0xf, 0xff, 0xff, 0xf7,

    /* U+2013 "–" */
    0xdf, 0xff, 0x40,

    /* U+2014 "—" */
    0xff, 0xff, 0xff, 0xff, 0x60,

    /* U+2015 "―" */
    0xff, 0xff, 0xff, 0xff, 0x60,

    /* U+2016 "‖" */
    0xf, 0x20, 0xb7, 0xf, 0x20, 0xb7, 0xf, 0x20,
    0xb7, 0xf, 0x20, 0xb7, 0xf, 0x20, 0xb7, 0xf,
    0x20, 0xb7, 0xf, 0x20, 0xb7, 0xf, 0x20, 0xb7,
    0xf, 0x20, 0xb7, 0xf, 0x20, 0xb7, 0xf, 0x20,
    0xb7, 0xf, 0x20, 0xb7, 0xf, 0x20, 0xb7, 0xf,
    0x20, 0xb7, 0x8, 0x10, 0x53,

    /* U+2017 "‗" */
    0x88, 0x88, 0x88, 0x88, 0x30, 0x0, 0x0, 0x0,
    0x0, 0x99, 0x99, 0x99, 0x99, 0x30,

    /* U+2018 "‘" */
    0xc, 0x63, 0xf2, 0xbf, 0xd, 0xe0, 0x11, 0x0,

    /* U+2019 "’" */
    0x2f, 0x93, 0xf7, 0x6f, 0x1a, 0x80, 0x10, 0x0,

    /* U+201A "‚" */
    0x0, 0x10, 0x9, 0xf2, 0x9, 0xf1, 0xd, 0x90,
    0x1f, 0x10,

    /* U+201B "‛" */
    0xde, 0xb, 0xe0, 0x4f, 0x20, 0xc6, 0x0, 0x0,

    /* U+201C "“" */
    0x7, 0xb0, 0x5d, 0xe, 0x70, 0xc9, 0x7f, 0x34,
    0xf5, 0x9f, 0x26, 0xf5, 0x1, 0x0, 0x10,

    /* U+201D "”" */
    0xe, 0xd0, 0xcf, 0xe, 0xb0, 0xce, 0x2f, 0x40,
    0xf6, 0x6c, 0x4, 0xe0, 0x0, 0x0, 0x10,

    /* U+201E "„" */
    0x1, 0x10, 0x11, 0xe, 0xd0, 0xcf, 0xf, 0xb0,
    0xcd, 0x3f, 0x30, 0xf6, 0x7b, 0x4, 0xd0,

    /* U+201F "‟" */
    0x9f, 0x26, 0xf4, 0x7f, 0x35, 0xf5, 0x1f, 0x60,
    0xd9, 0x8, 0xa0, 0x6d, 0x0, 0x10, 0x1,

    /* U+2020 "†" */
    0x0, 0x6d, 0x0, 0x0, 0x6, 0xd0, 0x0, 0xef,
    0xff, 0xff, 0x50, 0x16, 0xd1, 0x10, 0x0, 0x6d,
    0x0, 0x0, 0x6, 0xd0, 0x0, 0x0, 0x6d, 0x0,
    0x0, 0x6, 0xd0, 0x0, 0x0, 0x6d, 0x0, 0x0,
    0x6, 0xd0, 0x0, 0x0, 0x6d, 0x0, 0x0, 0x0,
    0x0, 0x0,

    /* U+2021 "‡" */
    0x0, 0x6d, 0x0, 0x0, 0x6, 0xd0, 0x0, 0xef,
    0xff, 0xff, 0x50, 0x16, 0xd1, 0x10, 0x0, 0x6d,
    0x0, 0x0, 0x6, 0xd0, 0x0, 0x0, 0x6d, 0x0,
    0xd, 0xff, 0xff, 0xf4, 0x12, 0x7d, 0x22, 0x0,
    0x6, 0xd0, 0x0, 0x0, 0x6d, 0x0, 0x0, 0x0,
    0x0, 0x0,

    /* U+2022 "•" */
    0x0, 0x10, 0x3, 0xef, 0x90, 0xbf, 0xff, 0x2b,
    0xff, 0xf1, 0x2d, 0xe7, 0x0,

    /* U+2023 "‣" */
    0x82, 0x0, 0xd, 0xf9, 0x10, 0xdf, 0xff, 0x5d,
    0xfe, 0x60, 0xc9, 0x10, 0x1, 0x0, 0x0,

    /* U+2024 "․" */
    0x11, 0xa, 0xf0, 0xaf, 0x0,

    /* U+2025 "‥" */
    0x2, 0x0, 0x11, 0x3f, 0x70, 0xfa, 0x3f, 0x70,
    0xfa,

    /* U+2026 "…" */
    0x2, 0x1, 0x10, 0x11, 0x7f, 0x4a, 0xf0, 0xdd,
    0x6f, 0x3a, 0xf0, 0xdd,

    /* U+2027 "‧" */
    0x14, 0xc, 0xf3, 0x9e, 0x10,

    /* U+202F " " */

    /* U+2030 "‰" */
    0x4c, 0xc3, 0x0, 0x0, 0xd, 0x12, 0xc0, 0x0,
    0x0, 0xd1, 0x2c, 0x0, 0x34, 0x4, 0xcc, 0x35,
    0xb8, 0x10, 0x1, 0x8c, 0x60, 0x0, 0x7, 0xb4,
    0x0, 0x0, 0x0, 0x1b, 0xd6, 0xa, 0xd9, 0x9,
    0x50, 0xc7, 0x80, 0x94, 0x94, 0xc, 0x87, 0x9,
    0x52, 0xcd, 0x70, 0xbd, 0xa0,

    /* U+2031 "‱" */
    0x4d, 0xc3, 0x0, 0x0, 0xc, 0x12, 0xc0, 0x0,
    0x0, 0xc1, 0x2c, 0x0, 0x34, 0x4, 0xcc, 0x35,
    0xb8, 0x10, 0x1, 0x8c, 0x60, 0x0, 0x7, 0xb4,
    0x0, 0x0, 0x0, 0x5d, 0x8a, 0xc6, 0xda, 0xb,
    0x9, 0x71, 0xe1, 0x74, 0xb0, 0x96, 0xd, 0x6,
    0x56, 0xda, 0xbd, 0x8d, 0xb0,

    /* U+2032 "′" */
    0x2, 0xe2, 0x9, 0x50, 0x5, 0x0,

    /* U+2033 "″" */
    0x2, 0xe4, 0xf2, 0x9, 0x58, 0x60, 0x6, 0x6,
    0x0,

    /* U+2034 "‴" */
    0x2, 0xe4, 0xf4, 0xf3, 0x9, 0x59, 0x58, 0x60,
    0x6, 0x6, 0x6, 0x0,

    /* U+2035 "‵" */
    0xa, 0x80, 0x0, 0xc1, 0x0, 0x23,

    /* U+2036 "‶" */
    0xb, 0x8a, 0x90, 0x1, 0xc1, 0xc1, 0x0, 0x33,
    0x23,

    /* U+2037 "‷" */
    0xb, 0x7b, 0x8a, 0x90, 0x1, 0xc1, 0xd1, 0xc1,
    0x0, 0x33, 0x33, 0x23,

    /* U+2039 "‹" */
    0x0, 0x1, 0x0, 0x2d, 0x3, 0xe5, 0x2f, 0x40,
    0xc, 0xa0, 0x0, 0xab, 0x0, 0x8, 0x0, 0x0,

    /* U+203A "›" */
    0x10, 0x0, 0x87, 0x0, 0x1d, 0x80, 0x0, 0xc8,
    0x4, 0xe4, 0x4e, 0x30, 0x62, 0x0, 0x0, 0x0,

    /* U+203C "‼" */
    0x2f, 0xa0, 0xcf, 0x2, 0xfa, 0xc, 0xf0, 0x2f,
    0xa0, 0xcf, 0x1, 0xf9, 0xb, 0xf0, 0xf, 0x80,
    0x9d, 0x0, 0xd6, 0x7, 0xb0, 0xb, 0x40, 0x59,
    0x0, 0x52, 0x3, 0x40, 0x4f, 0xc0, 0xef, 0x22,
    0xe9, 0xb, 0xd1,

    /* U+203D "‽" */
    0x19, 0xef, 0xc2, 0x5, 0x9b, 0xcc, 0xd0, 0x0,
    0xaa, 0x5f, 0x0, 0xa, 0xab, 0xc0, 0x0, 0xaf,
    0xe2, 0x0, 0xa, 0xf2, 0x0, 0x0, 0xab, 0x0,
    0x0, 0x8, 0x90, 0x0, 0x0, 0xce, 0x0, 0x0,
    0xb, 0xc0, 0x0,

    /* U+203E "‾" */
    0x88, 0x88, 0x88, 0x88, 0x30,

    /* U+203F "‿" */
    0x21, 0x0, 0x0, 0x0, 0x3, 0x3d, 0x94, 0x11,
    0x36, 0xc8, 0x0, 0x6c, 0xff, 0xd9, 0x20,

    /* U+2044 "⁄" */
    0x0, 0x0, 0x0, 0x63, 0x0, 0x0, 0x3, 0xf1,
    0x0, 0x0, 0xb, 0x90, 0x0, 0x0, 0x2f, 0x20,
    0x0, 0x0, 0x9a, 0x0, 0x0, 0x1, 0xf3, 0x0,
    0x0, 0x8, 0xb0, 0x0, 0x0, 0x1f, 0x40, 0x0,
    0x0, 0x7d, 0x0, 0x0, 0x0, 0xe5, 0x0, 0x0,
    0x6, 0xd0, 0x0, 0x0, 0xe, 0x60, 0x0, 0x0,

    /* U+2045 "⁅" */
    0xdf, 0xf1, 0xd6, 0x0, 0xd6, 0x0, 0xd6, 0x0,
    0xd6, 0x0, 0xd6, 0x0, 0xdf, 0xf1, 0xd6, 0x0,
    0xd6, 0x0, 0xd6, 0x0, 0xd6, 0x0, 0xd6, 0x0,
    0xdf, 0xf0,

    /* U+2046 "⁆" */
    0xaf, 0xf4, 0x0, 0xf4, 0x0, 0xf4, 0x0, 0xf4,
    0x0, 0xf4, 0x0, 0xf4, 0xaf, 0xf4, 0x0, 0xf4,
    0x0, 0xf4, 0x0, 0xf4, 0x0, 0xf4, 0x0, 0xf4,
    0x9f, 0xf4,

    /* U+2047 "⁇" */
    0x5e, 0xe6, 0x4d, 0xf8, 0xa, 0x8d, 0xe8, 0x8b,
    0xf1, 0x0, 0x6f, 0x0, 0x3f, 0x20, 0xc, 0xb0,
    0x9, 0xd0, 0x6, 0xf1, 0x3, 0xf3, 0x0, 0xc8,
    0x0, 0x9b, 0x0, 0xd, 0x70, 0xa, 0xa0, 0x0,
    0x10, 0x0, 0x0, 0x0, 0x1f, 0xa0, 0xd, 0xd0,
    0x0, 0xd9, 0x0, 0xbc, 0x0,

    /* U+2048 "⁈" */
    0x5e, 0xe5, 0xa, 0xf2, 0xa8, 0xce, 0xa, 0xf2,
    0x0, 0x5f, 0xa, 0xf2, 0x0, 0xac, 0x9, 0xf1,
    0x4, 0xf3, 0x7, 0xf0, 0xb, 0xa0, 0x5, 0xe0,
    0xd, 0x70, 0x3, 0xc0, 0x7, 0x30, 0x0, 0x30,
    0xe, 0xb0, 0x9, 0xf2, 0xd, 0xa0, 0x8, 0xe1,

    /* U+2049 "⁉" */
    0x9d, 0x4, 0xdf, 0x70, 0x9d, 0x9, 0x8b, 0xf1,
    0x9d, 0x0, 0x3, 0xf2, 0x9d, 0x0, 0x8, 0xe0,
    0x9c, 0x0, 0x2f, 0x60, 0x8c, 0x0, 0x8c, 0x0,
    0x7b, 0x0, 0xaa, 0x0, 0x13, 0x0, 0x55, 0x0,
    0xbe, 0x0, 0xdd, 0x0, 0xad, 0x0, 0xbc, 0x0,

    /* U+204B "⁋" */
    0x9e, 0xef, 0xd6, 0x9, 0x55, 0xff, 0xf4, 0x95,
    0x5f, 0xff, 0xa9, 0x55, 0xff, 0xf9, 0x95, 0x5f,
    0xff, 0x49, 0x55, 0xfb, 0x40, 0x95, 0x5a, 0x0,
    0x9, 0x55, 0xa0, 0x0, 0x95, 0x5a, 0x0, 0x9,
    0x55, 0xa0, 0x0, 0x95, 0x5a, 0x0, 0x8, 0x44,
    0x80, 0x0,

    /* U+205F " " */

    /* U+2070 "⁰" */
    0x3b, 0xa8, 0xa, 0x69, 0xb1, 0xc0, 0x9, 0x3a,
    0x20, 0xb1, 0x3b, 0xa8, 0x0,

    /* U+2074 "⁴" */
    0x0, 0x2e, 0x60, 0x0, 0xa8, 0x60, 0xa, 0x28,
    0x60, 0x2d, 0xce, 0xd2, 0x0, 0x8, 0x60,

    /* U+2075 "⁵" */
    0x8b, 0xa6, 0x8, 0xab, 0x40, 0x0, 0x1d, 0x0,
    0x0, 0xd0, 0x9a, 0xb6, 0x0,

    /* U+2076 "⁶" */
    0x1a, 0xa8, 0x9, 0x99, 0x70, 0xb5, 0xa, 0x39,
    0x40, 0x94, 0x2b, 0x9a, 0x0,

    /* U+2077 "⁷" */
    0x8a, 0xae, 0x10, 0x3, 0x90, 0x0, 0xb1, 0x0,
    0x39, 0x0, 0xb, 0x20, 0x0,

    /* U+2078 "⁸" */
    0x7a, 0x9b, 0x3, 0xca, 0x90, 0xb2, 0xb, 0x2c,
    0x10, 0xa3, 0x4b, 0x99, 0x0,

    /* U+2079 "⁹" */
    0x7a, 0x97, 0xd, 0x0, 0xd0, 0x4a, 0x8c, 0x20,
    0x0, 0xd0, 0x5a, 0xb5, 0x0,

    /* U+207A "⁺" */
    0x0, 0x0, 0x0, 0x0, 0x29, 0x0, 0xa, 0xad,
    0xa5, 0x0, 0x29, 0x0, 0x0, 0x29, 0x0,

    /* U+207B "⁻" */
    0xa, 0xaa, 0xa5,

    /* U+207C "⁼" */
    0xa, 0xaa, 0xa5, 0x0, 0x0, 0x0, 0xa, 0xaa,
    0xa5,

    /* U+207D "⁽" */
    0xa, 0x5, 0x70, 0xa2, 0xb, 0x10, 0xa2, 0x5,
    0x70, 0xa, 0x0,

    /* U+207E "⁾" */
    0x73, 0x0, 0xb0, 0xb, 0x10, 0xa2, 0xb, 0x10,
    0xb0, 0x73, 0x0,

    /* U+208A "₊" */
    0x0, 0x14, 0x0, 0x0, 0x29, 0x0, 0xa, 0xbd,
    0xa5, 0x0, 0x29, 0x0, 0x0, 0x15, 0x0,

    /* U+208B "₋" */
    0xa, 0xaa, 0xa5,

    /* U+208C "₌" */
    0x9, 0x99, 0x94, 0x1, 0x11, 0x10, 0xa, 0xaa,
    0xa5,

    /* U+208D "₍" */
    0xa, 0x4, 0x70, 0xa2, 0xb, 0x10, 0xa2, 0x5,
    0x70, 0xa, 0x0, 0x0,

    /* U+208E "₎" */
    0x73, 0x1, 0xb0, 0xb, 0x10, 0xa2, 0xb, 0x10,
    0xb0, 0x74, 0x0, 0x0,

    /* U+20A0 "₠" */
    0x9, 0xed, 0x50, 0x0, 0x6, 0x90, 0x3, 0x0,
    0x0, 0xc1, 0x0, 0x4f, 0xee, 0x4d, 0x0, 0x4,
    0x70, 0x0, 0xd0, 0x0, 0x47, 0x0, 0xb, 0x10,
    0x5, 0xfe, 0xe2, 0x5a, 0x2, 0xe7, 0x0, 0x0,
    0x8e, 0xd9, 0x70, 0x0, 0x0, 0x0, 0x47, 0x0,
    0x0, 0x0, 0x4, 0xfe, 0xe5,

    /* U+20A1 "₡" */
    0x0, 0x3, 0x9c, 0xb5, 0x0, 0x9d, 0xec, 0xf8,
    0x6, 0xd1, 0xf2, 0xd6, 0xc, 0x63, 0xc6, 0x90,
    0xf, 0x27, 0x8a, 0x50, 0x2f, 0x1b, 0x4e, 0x10,
    0x1f, 0x2e, 0x3c, 0x0, 0xf, 0x8b, 0x68, 0x0,
    0xa, 0xf7, 0xa4, 0x1, 0x2, 0xfa, 0xe4, 0x8a,
    0x0, 0xec, 0xfe, 0xa2, 0x1, 0x62, 0x40, 0x0,

    /* U+20A2 "₢" */
    0x0, 0x4c, 0xfe, 0x91, 0x5, 0xf8, 0x34, 0x78,
    0xe, 0x70, 0x20, 0x12, 0x2f, 0x10, 0xca, 0xb7,
    0x4e, 0x0, 0xc8, 0x0, 0x4e, 0x0, 0xc3, 0x0,
    0x2f, 0x0, 0xc2, 0x0, 0xe, 0x70, 0xc2, 0x1,
    0x5, 0xf7, 0xd6, 0x99, 0x0, 0x4c, 0xfe, 0x91,

    /* U+20A3 "₣" */
    0x6, 0xff, 0xff, 0xf7, 0x6, 0xf3, 0x33, 0x31,
    0x6, 0xf0, 0x0, 0x0, 0x6, 0xf0, 0x0, 0x0,
    0x6, 0xff, 0xff, 0xf0, 0x6, 0xf3, 0x33, 0x30,
    0x6, 0xf0, 0x0, 0x0, 0x7a, 0xf7, 0x40, 0x0,
    0x6, 0xf0, 0x0, 0x0, 0x6, 0xf0, 0x0, 0x0,

    /* U+20A4 "₤" */
    0x0, 0x4, 0xdf, 0xe6, 0x0, 0x1f, 0x82, 0x45,
    0x0, 0x5f, 0x0, 0x0, 0x0, 0x6f, 0x0, 0x0,
    0xc, 0xff, 0xff, 0x90, 0x0, 0x7f, 0x0, 0x0,
    0xb, 0xff, 0xff, 0xa0, 0x0, 0x7f, 0x0, 0x0,
    0x3, 0x8f, 0x33, 0x32, 0xf, 0xff, 0xff, 0xfb,

    /* U+20A5 "₥" */
    0x0, 0x0, 0x37, 0x0, 0x4e, 0xbe, 0xdf, 0xe3,
    0x4f, 0x18, 0xf0, 0x89, 0x4e, 0x5, 0xd0, 0x6b,
    0x4e, 0x5, 0xd0, 0x6c, 0x4e, 0x9, 0xd0, 0x6c,
    0x4e, 0xc, 0xd0, 0x6c, 0x4e, 0xf, 0xd0, 0x6c,
    0x4e, 0x3d, 0xd0, 0x6c, 0x0, 0x74, 0x0, 0x0,
    0x0, 0x50, 0x0, 0x0,

    /* U+20A6 "₦" */
    0xe, 0xf3, 0x0, 0xf5, 0x0, 0xef, 0xa0, 0xf,
    0x50, 0xe, 0xbf, 0x20, 0xf5, 0xd, 0xfe, 0xfe,
    0xdf, 0xe5, 0xe, 0x77, 0xe0, 0xf5, 0xd, 0xfe,
    0xdf, 0xef, 0xe5, 0xe, 0x70, 0xca, 0xf5, 0x0,
    0xe7, 0x6, 0xff, 0x50, 0xe, 0x70, 0x1f, 0xf5,
    0x0, 0xe7, 0x0, 0xbf, 0x50,

    /* U+20A7 "₧" */
    0xff, 0xa6, 0x30, 0x0, 0xb, 0x2b, 0x93, 0x0,
    0x0, 0xb0, 0x6f, 0xf9, 0xdd, 0x1b, 0x9, 0xa3,
    0x64, 0x11, 0xef, 0xd7, 0x37, 0x30, 0xb, 0x20,
    0x63, 0x3e, 0x50, 0xb0, 0x6, 0x30, 0x4d, 0x3b,
    0x0, 0x63, 0x0, 0x45, 0xb0, 0x5, 0x63, 0x28,
    0x4b, 0x0, 0x1e, 0xff, 0xb0,

    /* U+20A8 "₨" */
    0xff, 0xe7, 0x0, 0x0, 0xe, 0x24, 0xe2, 0x0,
    0x0, 0xe0, 0xa, 0x4a, 0xfd, 0x1e, 0x1, 0xd5,
    0xb1, 0x30, 0xef, 0xf8, 0x48, 0x0, 0xe, 0x27,
    0xc1, 0xea, 0x20, 0xe0, 0xd, 0x21, 0x8e, 0x2e,
    0x0, 0x87, 0x0, 0x85, 0xe0, 0x3, 0xe5, 0x1b,
    0x3e, 0x0, 0xe, 0xff, 0x90,

    /* U+20A9 "₩" */
    0xe6, 0x4, 0xd0, 0xf, 0x5f, 0xff, 0xff, 0xff,
    0xf6, 0x9a, 0xb, 0xe1, 0x3f, 0xf, 0xff, 0xff,
    0xff, 0xf6, 0x5e, 0xf, 0xb6, 0x7b, 0x2, 0xf3,
    0xd6, 0x99, 0x90, 0xf, 0x8a, 0x2c, 0xb7, 0x0,
    0xdd, 0x60, 0xed, 0x40, 0xb, 0xf2, 0xb, 0xf2,
    0x0, 0x8e, 0x0, 0x8f, 0x0,

    /* U+20AA "₪" */
    0xbf, 0xfe, 0x90, 0xd, 0x2b, 0x62, 0x3c, 0x80,
    0xd2, 0xb5, 0x0, 0x3d, 0xd, 0x2b, 0x52, 0x11,
    0xf0, 0xd2, 0xb5, 0x97, 0xf, 0xd, 0x2b, 0x59,
    0x70, 0xf0, 0xd2, 0xb5, 0x87, 0x4, 0xd, 0x2b,
    0x56, 0xa0, 0x0, 0xd2, 0xb5, 0x1f, 0x52, 0x2d,
    0x2b, 0x50, 0x5d, 0xff, 0xf2,

    /* U+20AB "₫" */
    0x0, 0x0, 0x4, 0xf0, 0x0, 0x0, 0x5d, 0xef,
    0xd3, 0x0, 0x0, 0x4, 0xf0, 0x0, 0x1b, 0xfd,
    0x7f, 0x0, 0xb, 0xc2, 0x4e, 0xf0, 0x2, 0xf3,
    0x0, 0x8f, 0x0, 0x4f, 0x0, 0x5, 0xf0, 0x4,
    0xf0, 0x0, 0x5f, 0x0, 0x2f, 0x30, 0x8, 0xf0,
    0x0, 0xbc, 0x24, 0xef, 0x0, 0x1, 0xbf, 0xd6,
    0xf0, 0x0, 0x0, 0x0, 0x0, 0x0, 0x0, 0xee,
    0xee, 0x10, 0x0, 0x1, 0x11, 0x10, 0x0,

    /* U+20AC "€" */
    0x0, 0x1a, 0xef, 0xb1, 0x0, 0xdb, 0x32, 0x52,
    0x5, 0xf1, 0x0, 0x0, 0x6e, 0xfc, 0xcb, 0x0,
    0xa, 0xb0, 0x0, 0x0, 0x6e, 0xfc, 0xb0, 0x0,
    0x6, 0xf0, 0x0, 0x0, 0x2, 0xf4, 0x0, 0x0,
    0x0, 0xad, 0x42, 0x83, 0x0, 0x9, 0xef, 0xc2,

    /* U+20AD "₭" */
    0xc, 0x60, 0x3, 0xf5, 0x0, 0xc6, 0x3, 0xe6,
    0x0, 0xc, 0x62, 0xe6, 0x0, 0x0, 0xc8, 0xe6,
    0x0, 0x0, 0x8f, 0xff, 0xcc, 0x60, 0x0, 0xca,
    0xf5, 0x0, 0x0, 0xc, 0x65, 0xf3, 0x0, 0x0,
    0xc6, 0x8, 0xe2, 0x0, 0xc, 0x60, 0xa, 0xd0,
    0x0, 0xc6, 0x0, 0xc, 0xb0,

    /* U+20AE "₮" */
    0xaf, 0xff, 0xff, 0xff, 0x12, 0x33, 0x9e, 0x33,
    0x30, 0x0, 0x7, 0xe6, 0xb0, 0x0, 0x0, 0x7f,
    0xb1, 0x0, 0x0, 0x4e, 0xe6, 0xb0, 0x0, 0x3c,
    0x9f, 0xb1, 0x0, 0x0, 0x4e, 0xe0, 0x0, 0x0,
    0x3c, 0x9e, 0x0, 0x0, 0x0, 0x7, 0xe0, 0x0,
    0x0, 0x0, 0x7e, 0x0, 0x0,

    /* U+20AF "₯" */
    0x4, 0xed, 0x30, 0x0, 0x0, 0xbd, 0x6e, 0x0,
    0x0, 0x1, 0xc0, 0x94, 0x0, 0x0, 0xc, 0x5,
    0x70, 0x0, 0x1, 0xa0, 0x38, 0x0, 0x0, 0x39,
    0x4, 0x86, 0xd1, 0x5, 0x70, 0x66, 0xb9, 0x48,
    0xf5, 0xb, 0x4a, 0x55, 0xbd, 0xc6, 0xd3, 0xca,
    0x27, 0xb9, 0xe4, 0x5c, 0xb0, 0x0, 0x0, 0x7,
    0x30, 0x0, 0x0, 0x0, 0x91, 0x0, 0x0, 0x0,
    0x9, 0x0, 0x0,

    /* U+20B0 "₰" */
    0x0, 0x1, 0xcf, 0xa0, 0x0, 0x8, 0xe3, 0xf5,
    0x0, 0x9, 0xb0, 0xd6, 0x0, 0x3, 0xe0, 0xf2,
    0x1c, 0xf7, 0x7d, 0xe0, 0x6b, 0x6f, 0xfb, 0xf9,
    0x0, 0x0, 0x20, 0x7e, 0x0, 0x0, 0x0, 0x6e,
    0x0, 0x0, 0x4, 0xe9, 0x0, 0x0, 0x5e, 0x90,

    /* U+20B1 "₱" */
    0xa, 0xff, 0xfe, 0xa2, 0x3, 0xef, 0xff, 0xff,
    0xf5, 0xa, 0xb0, 0x0, 0xac, 0x3, 0xef, 0xcc,
    0xcf, 0xe5, 0xa, 0xb0, 0x7, 0xf6, 0x0, 0xaf,
    0xff, 0xf8, 0x0, 0xa, 0xc2, 0x20, 0x0, 0x0,
    0xab, 0x0, 0x0, 0x0, 0xa, 0xb0, 0x0, 0x0,
    0x0, 0xab, 0x0, 0x0, 0x0,

    /* U+20B2 "₲" */
    0x0, 0x0, 0x70, 0x0, 0x0, 0x0, 0xe0, 0x0,
    0x0, 0x7d, 0xfe, 0xa3, 0x9, 0xf6, 0xe4, 0x79,
    0x3f, 0x50, 0xe0, 0x0, 0x7f, 0x0, 0xe0, 0x0,
    0x9d, 0x0, 0xe0, 0xfe, 0x9d, 0x0, 0xe0, 0x5f,
    0x7f, 0x0, 0xe0, 0x3f, 0x3f, 0x50, 0xe0, 0x3f,
    0x9, 0xf7, 0xe3, 0xae, 0x0, 0x7d, 0xff, 0xb2,
    0x0, 0x0, 0xe0, 0x0,

    /* U+20B3 "₳" */
    0x0, 0xa, 0xf1, 0x0, 0x0, 0x1, 0xfc, 0x70,
    0x0, 0x0, 0x6c, 0x5d, 0x0, 0x6, 0xdf, 0xed,
    0xfd, 0xc0, 0x2, 0xf1, 0xa, 0x80, 0x6, 0xef,
    0xdd, 0xef, 0xc0, 0xc, 0x70, 0x1, 0xf3, 0x0,
    0xf3, 0x0, 0xc, 0x70, 0x5f, 0x0, 0x0, 0x8b,
    0x9, 0xb0, 0x0, 0x4, 0xf0,

    /* U+20B4 "₴" */
    0x3, 0xbe, 0xfc, 0x50, 0x0, 0x46, 0x32, 0x7f,
    0x40, 0x0, 0x0, 0x0, 0xe7, 0xd, 0xdd, 0xee,
    0xff, 0xd5, 0x1, 0xcf, 0xfc, 0x30, 0xd, 0xff,
    0xee, 0xdd, 0xd5, 0xf, 0x50, 0x0, 0x0, 0x0,
    0xf5, 0x0, 0x0, 0x0, 0xa, 0xe5, 0x25, 0xb5,
    0x0, 0x9, 0xef, 0xea, 0x20,

    /* U+20B5 "₵" */
    0x0, 0x0, 0xa1, 0x0, 0x0, 0x0, 0xa1, 0x0,
    0x0, 0x2a, 0xfd, 0x91, 0x2, 0xfa, 0xb4, 0x88,
    0xb, 0xc0, 0x91, 0x1, 0xf, 0x70, 0x91, 0x0,
    0x1f, 0x50, 0x91, 0x0, 0xf, 0x70, 0x91, 0x0,
    0xb, 0xc0, 0x91, 0x1, 0x2, 0xfa, 0xb3, 0x88,
    0x0, 0x2b, 0xfe, 0xa1, 0x0, 0x0, 0x91, 0x0,
    0x0, 0x0, 0x91, 0x0,

    /* U+20B7 "₷" */
    0x0, 0x5, 0xcf, 0xeb, 0x30, 0x7, 0xe6, 0x23,
    0x83, 0x0, 0xf6, 0x0, 0x0, 0x0, 0xf, 0x70,
    0x0, 0x0, 0x0, 0x7f, 0xc7, 0x10, 0x0, 0x0,
    0x16, 0xcf, 0x40, 0x28, 0x98, 0x20, 0xbb, 0x5,
    0x5a, 0x45, 0xc, 0xa0, 0x7d, 0xb7, 0x69, 0xf4,
    0x9, 0xbf, 0xfe, 0xb3, 0x0, 0x94, 0x59, 0x0,
    0x0, 0x0,

    /* U+20B8 "₸" */
    0xaf, 0xff, 0xff, 0xff, 0x12, 0x33, 0x33, 0x33,
    0x30, 0xaf, 0xff, 0xff, 0xff, 0x12, 0x33, 0x9e,
    0x33, 0x30, 0x0, 0x7, 0xe0, 0x0, 0x0, 0x0,
    0x7e, 0x0, 0x0, 0x0, 0x7, 0xe0, 0x0, 0x0,
    0x0, 0x7e, 0x0, 0x0, 0x0, 0x7, 0xe0, 0x0,
    0x0, 0x0, 0x7e, 0x0, 0x0,

    /* U+20B9 "₹" */
    0x3, 0x33, 0x33, 0x32, 0x1a, 0xae, 0xfb, 0xa5,
    0x0, 0x1, 0xe9, 0x0, 0x1d, 0xdd, 0xff, 0xd7,
    0x0, 0x0, 0xdb, 0x0, 0x7, 0x7b, 0xe3, 0x0,
    0xb, 0xbf, 0x60, 0x0, 0x0, 0x4, 0xf3, 0x0,
    0x0, 0x0, 0xbb, 0x0, 0x0, 0x0, 0x3f, 0x30,
    0x0, 0x0, 0xb, 0xb0,

    /* U+2116 "№" */
    0x31, 0x3, 0x0, 0x20, 0xf9, 0xf, 0x39, 0xb7,
    0xfd, 0xf, 0x49, 0xb, 0xff, 0x1f, 0x58, 0xa,
    0xff, 0x5f, 0x49, 0xb, 0xfe, 0x9f, 0x3a, 0x79,
    0xf9, 0xdf, 0x31, 0x50, 0xf5, 0xff, 0x3d, 0xdb,
    0xf4, 0xcf, 0x30, 0x0, 0xf4, 0x8f, 0x30, 0x0,
    0xf4, 0x3f, 0x30, 0x0,

    /* U+2122 "™" */
    0x0, 0x0, 0x0, 0x0, 0x9e, 0x9a, 0xc0, 0xbc,
    0xc, 0xa, 0x7b, 0x7c, 0xc, 0xa, 0x28, 0xc,
    0xb, 0x9, 0x10, 0xb,

    /* U+2126 "Ω" */
    0x0, 0x5d, 0xfc, 0x40, 0x0, 0x5f, 0x73, 0x8f,
    0x30, 0xd, 0x90, 0x0, 0xba, 0x1, 0xf4, 0x0,
    0x6, 0xe0, 0x2f, 0x20, 0x0, 0x4f, 0x2, 0xf4,
    0x0, 0x5, 0xf0, 0xe, 0x60, 0x0, 0x8c, 0x0,
    0x8c, 0x0, 0xe, 0x50, 0x3, 0xe8, 0xa, 0xc2,
    0x4, 0xff, 0xe0, 0xff, 0xf2,

    /* U+2150 "⅐" */
    0x28, 0xa1, 0x0, 0x0, 0x23, 0xe1, 0x0, 0x0,
    0x0, 0xe1, 0x0, 0x0, 0x0, 0xe1, 0x0, 0x0,
    0x0, 0xe1, 0x0, 0x0, 0x3c, 0xdc, 0x50, 0x23,
    0x0, 0x4, 0x9d, 0xb4, 0x5b, 0xea, 0x50, 0x0,
    0x53, 0x4, 0xaa, 0xb6, 0x0, 0x0, 0x0, 0xb1,
    0x0, 0x0, 0x2, 0xa0, 0x0, 0x0, 0x9, 0x40,
    0x0, 0x0, 0x1c, 0x0, 0x0, 0x0, 0x55, 0x0,

    /* U+2151 "⅑" */
    0x15, 0x70, 0x0, 0x0, 0x48, 0xe1, 0x0, 0x0,
    0x0, 0xe1, 0x0, 0x0, 0x0, 0xe1, 0x0, 0x0,
    0x0, 0xe1, 0x0, 0x0, 0x0, 0xe1, 0x0, 0x0,
    0x3c, 0xdc, 0x50, 0x43, 0x2, 0x59, 0xba, 0x72,
    0x88, 0x52, 0x99, 0x70, 0x0, 0x6, 0x60, 0x84,
    0x0, 0x7, 0x50, 0x77, 0x0, 0x1, 0xb9, 0xa7,
    0x0, 0x0, 0x0, 0x93, 0x0, 0x0, 0xaa, 0x60,

    /* U+2153 "⅓" */
    0x28, 0x90, 0x0, 0x0, 0x23, 0xe1, 0x0, 0x0,
    0x0, 0xe1, 0x0, 0x0, 0x0, 0xe1, 0x0, 0x0,
    0x0, 0xe1, 0x0, 0x0, 0x3c, 0xdc, 0x50, 0x23,
    0x0, 0x4, 0x9d, 0xc4, 0x4a, 0xeb, 0x61, 0x0,
    0x64, 0x2, 0xcc, 0xb2, 0x0, 0x0, 0x0, 0x97,
    0x0, 0x0, 0x3d, 0xd1, 0x0, 0x0, 0x0, 0x89,
    0x0, 0x1, 0x0, 0x89, 0x0, 0x4, 0xcc, 0xa1,

    /* U+2154 "⅔" */
    0x4b, 0xc7, 0x0, 0x0, 0x20, 0xd, 0x30, 0x0,
    0x0, 0x1d, 0x10, 0x0, 0x1, 0xc3, 0x0, 0x0,
    0x1c, 0x30, 0x0, 0x0, 0x7d, 0xcc, 0x40, 0x23,
    0x0, 0x4, 0x8d, 0xc4, 0x4a, 0xeb, 0x61, 0x0,
    0x64, 0x2, 0xcc, 0xb2, 0x0, 0x0, 0x0, 0x97,
    0x0, 0x0, 0x3d, 0xd1, 0x0, 0x0, 0x0, 0x89,
    0x0, 0x1, 0x0, 0x89, 0x0, 0x4, 0xcc, 0xa1,

    /* U+2155 "⅕" */
    0x28, 0xa1, 0x0, 0x0, 0x23, 0xe1, 0x0, 0x0,
    0x0, 0xe1, 0x0, 0x0, 0x0, 0xe1, 0x0, 0x0,
    0x0, 0xe1, 0x0, 0x0, 0x3c, 0xdc, 0x50, 0x23,
    0x0, 0x4, 0x9d, 0xb4, 0x5b, 0xea, 0x50, 0x0,
    0x53, 0x2, 0xca, 0xa0, 0x0, 0x2, 0x90, 0x0,
    0x0, 0x2, 0xda, 0x80, 0x0, 0x0, 0x0, 0x95,
    0x0, 0x0, 0x0, 0x85, 0x0, 0x4, 0xaa, 0x80,

    /* U+2156 "⅖" */
    0x4b, 0xc7, 0x0, 0x0, 0x20, 0xd, 0x30, 0x0,
    0x0, 0x1d, 0x10, 0x0, 0x1, 0xc3, 0x0, 0x0,
    0x1c, 0x30, 0x0, 0x0, 0x7d, 0xcc, 0x40, 0x23,
    0x0, 0x4, 0x9d, 0xb4, 0x5a, 0xea, 0x50, 0x0,
    0x53, 0x2, 0xca, 0xa0, 0x0, 0x2, 0x90, 0x0,
    0x0, 0x2, 0xda, 0x80, 0x0, 0x0, 0x0, 0x95,
    0x0, 0x0, 0x0, 0x85, 0x0, 0x4, 0xaa, 0x80,

    /* U+2157 "⅗" */
    0x3c, 0xca, 0x10, 0x0, 0x0, 0xc, 0x50, 0x0,
    0x5, 0xdc, 0x0, 0x0, 0x0, 0xa, 0x60, 0x0,
    0x10, 0xa, 0x60, 0x0, 0x5c, 0xc9, 0x0, 0x44,
    0x0, 0x15, 0xae, 0xa3, 0x5b, 0xe9, 0x40, 0x0,
    0x53, 0x2, 0xca, 0xa0, 0x0, 0x2, 0x90, 0x0,
    0x0, 0x2, 0xda, 0x80, 0x0, 0x0, 0x0, 0x95,
    0x0, 0x0, 0x0, 0x85, 0x0, 0x4, 0xaa, 0x80,

    /* U+2158 "⅘" */
    0x0, 0x87, 0x0, 0x0, 0x4, 0xca, 0x0, 0x0,
    0x1b, 0x4a, 0x0, 0x0, 0x93, 0x4a, 0x0, 0x0,
    0xbc, 0xde, 0x50, 0x0, 0x0, 0x4a, 0x0, 0x0,
    0x0, 0x3, 0x6a, 0xd6, 0x49, 0xdb, 0x73, 0x0,
    0x54, 0x2, 0xca, 0xa0, 0x0, 0x2, 0x90, 0x0,
    0x0, 0x2, 0xda, 0x80, 0x0, 0x0, 0x0, 0x95,
    0x0, 0x0, 0x0, 0x85, 0x0, 0x4, 0xaa, 0x80,

    /* U+2159 "⅙" */
    0x39, 0xb1, 0x0, 0x0, 0x12, 0xe1, 0x0, 0x0,
    0x0, 0xe1, 0x0, 0x0, 0x0, 0xe1, 0x0, 0x0,
    0x0, 0xe1, 0x0, 0x0, 0x3c, 0xdc, 0x50, 0x23,
    0x0, 0x3, 0x8d, 0xc4, 0x49, 0xeb, 0x61, 0x0,
    0x65, 0x0, 0x4a, 0xa2, 0x0, 0x1, 0xc0, 0x0,
    0x0, 0x5, 0xa9, 0xa2, 0x0, 0x5, 0xb0, 0x4a,
    0x0, 0x2, 0xb0, 0x49, 0x0, 0x0, 0x69, 0x91,

    /* U+215A "⅚" */
    0x4b, 0xa9, 0x0, 0x0, 0x57, 0x0, 0x0, 0x0,
    0x5c, 0xb7, 0x0, 0x0, 0x0, 0xb, 0x30, 0x0,
    0x0, 0xb, 0x30, 0x0, 0x6a, 0xa6, 0x0, 0x54,
    0x0, 0x5, 0xae, 0xa3, 0x5b, 0xea, 0x40, 0x0,
    0x65, 0x0, 0x4a, 0xa2, 0x0, 0x1, 0xc0, 0x0,
    0x0, 0x5, 0xa9, 0xa2, 0x0, 0x5, 0xb0, 0x4a,
    0x0, 0x2, 0xb0, 0x49, 0x0, 0x0, 0x69, 0x91,

    /* U+215B "⅛" */
    0x29, 0xa1, 0x0, 0x0, 0x12, 0xe1, 0x0, 0x0,
    0x0, 0xe1, 0x0, 0x0, 0x0, 0xe1, 0x0, 0x0,
    0x0, 0xe1, 0x0, 0x0, 0x3c, 0xdc, 0x50, 0x23,
    0x0, 0x3, 0x8d, 0xc4, 0x49, 0xeb, 0x61, 0x0,
    0x75, 0x0, 0x99, 0x91, 0x0, 0x4, 0x90, 0x76,
    0x0, 0x0, 0xaa, 0xc1, 0x0, 0x5, 0x80, 0x58,
    0x0, 0x6, 0x80, 0x59, 0x0, 0x0, 0x8a, 0x91,

    /* U+215C "⅜" */
    0x3c, 0xca, 0x10, 0x0, 0x0, 0xc, 0x50, 0x0,
    0x5, 0xdc, 0x0, 0x0, 0x0, 0xa, 0x60, 0x0,
    0x10, 0xa, 0x60, 0x0, 0x5c, 0xc9, 0x0, 0x44,
    0x0, 0x4, 0xae, 0xa3, 0x4a, 0xea, 0x50, 0x0,
    0x75, 0x0, 0x99, 0x91, 0x0, 0x4, 0x90, 0x76,
    0x0, 0x0, 0xaa, 0xc1, 0x0, 0x5, 0x80, 0x58,
    0x0, 0x6, 0x80, 0x59, 0x0, 0x0, 0x8a, 0x91,

    /* U+215D "⅝" */
    0x4b, 0xa9, 0x0, 0x0, 0x57, 0x0, 0x0, 0x0,
    0x5c, 0xb7, 0x0, 0x0, 0x0, 0xb, 0x30, 0x0,
    0x0, 0xb, 0x30, 0x0, 0x6a, 0xa6, 0x0, 0x54,
    0x0, 0x5, 0xae, 0xa3, 0x4a, 0xea, 0x50, 0x0,
    0x75, 0x0, 0x99, 0x91, 0x0, 0x4, 0x90, 0x76,
    0x0, 0x0, 0xaa, 0xc1, 0x0, 0x5, 0x80, 0x58,
    0x0, 0x6, 0x80, 0x59, 0x0, 0x0, 0x8a, 0x91,

    /* U+215E "⅞" */
    0x6a, 0xac, 0x40, 0x0, 0x0, 0xc, 0x0, 0x0,
    0x0, 0x39, 0x0, 0x0, 0x0, 0xa3, 0x0, 0x0,
    0x0, 0xc0, 0x0, 0x0, 0x6, 0x70, 0x0, 0x0,
    0x4, 0x10, 0x37, 0xb7, 0x26, 0xbd, 0xa5, 0x10,
    0x76, 0x20, 0x99, 0x91, 0x0, 0x4, 0x90, 0x76,
    0x0, 0x0, 0xaa, 0xc1, 0x0, 0x5, 0x80, 0x58,
    0x0, 0x6, 0x80, 0x59, 0x0, 0x0, 0x8a, 0x91,

    /* U+215F "⅟" */
    0x0, 0x10, 0x0, 0x0, 0x5c, 0xf1, 0x0, 0x0,
    0x0, 0xe1, 0x0, 0x0, 0x0, 0xe1, 0x0, 0x0,
    0x0, 0xe1, 0x0, 0x0, 0x0, 0xe1, 0x0, 0x0,
    0x3c, 0xdc, 0x50, 0x33, 0x0, 0x37, 0xbc, 0x93,
    0x8c, 0x95, 0x10, 0x0, 0x0, 0x0, 0x0, 0x0,

    /* U+2190 "←" */
    0x4, 0x80, 0x0, 0x0, 0x4, 0xe5, 0x33, 0x33,
    0x30, 0xbf, 0xff, 0xff, 0xff, 0x31, 0xc5, 0x0,
    0x0, 0x0, 0x1, 0x40, 0x0, 0x0, 0x0,

    /* U+2191 "↑" */
    0x1, 0x70, 0x1, 0xdf, 0xa0, 0xa8, 0xe9, 0x60,
    0x3e, 0x0, 0x3, 0xe0, 0x0, 0x3e, 0x0, 0x3,
    0xe0, 0x0, 0x3e, 0x0,

    /* U+2192 "→" */
    0x0, 0x0, 0x5, 0x70, 0x33, 0x33, 0x34, 0xe6,
    0xff, 0xff, 0xff, 0xfe, 0x0, 0x0, 0x2, 0xd2,
    0x0, 0x0, 0x2, 0x20,

    /* U+2193 "↓" */
    0x1, 0x70, 0x0, 0x3e, 0x0, 0x3, 0xe0, 0x0,
    0x3e, 0x0, 0x3, 0xe0, 0x5, 0x3e, 0x23, 0x6e,
    0xfd, 0x30, 0x6e, 0x30,

    /* U+2194 "↔" */
    0x1, 0x90, 0x5, 0x60, 0x1d, 0x72, 0x23, 0xe6,
    0x7f, 0xff, 0xff, 0xfe, 0xb, 0x80, 0x2, 0xd3,
    0x0, 0x60, 0x3, 0x30,

    /* U+2195 "↕" */
    0x1, 0x70, 0x1, 0xdf, 0xa0, 0xa8, 0xe9, 0x60,
    0x3e, 0x0, 0x3, 0xe0, 0x5, 0x3e, 0x23, 0x6e,
    0xfd, 0x30, 0x6e, 0x30,

    /* U+2196 "↖" */
    0xbe, 0xd4, 0x0, 0xd, 0xf5, 0x0, 0x0, 0xd4,
    0xf5, 0x0, 0x4, 0x4, 0xf5, 0x0, 0x0, 0x4,
    0xf5, 0x0, 0x0, 0x4, 0xa0,

    /* U+2197 "↗" */
    0x0, 0x3d, 0xed, 0x0, 0x4, 0xff, 0x0, 0x4f,
    0x6e, 0x4, 0xf6, 0x4, 0x3f, 0x60, 0x0, 0x96,
    0x0, 0x0,

    /* U+2198 "↘" */
    0x84, 0x0, 0x0, 0x4f, 0x40, 0x0, 0x4, 0xf4,
    0x3, 0x0, 0x5f, 0x5e, 0x0, 0x5, 0xff, 0x0,
    0x3e, 0xfe,

    /* U+2199 "↙" */
    0x0, 0x0, 0x39, 0x0, 0x0, 0x3f, 0x60, 0x30,
    0x3f, 0x60, 0xd, 0x3f, 0x60, 0x0, 0xdf, 0x60,
    0x0, 0xc, 0xfe, 0x40, 0x0,

    /* U+219A "↚" */
    0x1, 0x90, 0x0, 0xa1, 0x1d, 0x72, 0x29, 0xd2,
    0x7f, 0xff, 0xff, 0xfe, 0xb, 0x80, 0xb9, 0x0,
    0x0, 0x60, 0x61, 0x0,

    /* U+219B "↛" */
    0x0, 0x9, 0x35, 0x60, 0x12, 0x5f, 0x43, 0xe6,
    0x8f, 0xff, 0xff, 0xfe, 0x7, 0xd0, 0x2, 0xd3,
    0x4, 0x30, 0x3, 0x30,

    /* U+219C "↜" */
    0x1e, 0xdd, 0x9, 0xd5, 0x2, 0xfa, 0x6, 0xa3,
    0xa0, 0x2b, 0x9e, 0xd1, 0x0, 0x0, 0x20, 0x10,
    0x0, 0x0,

    /* U+219D "↝" */
    0x8, 0xd5, 0x4d, 0xeb, 0x29, 0x3d, 0x22, 0xde,
    0x0, 0x4, 0xee, 0x5e, 0x0, 0x0, 0x11, 0x3,

    /* U+219E "↞" */
    0x1, 0x90, 0x91, 0x0, 0x1d, 0x7a, 0xb2, 0x22,
    0x7f, 0xff, 0xff, 0xfe, 0xb, 0x87, 0xb0, 0x0,
    0x0, 0x60, 0x50, 0x0,

    /* U+219F "↟" */
    0x1, 0x70, 0x1, 0xdf, 0xa0, 0xa8, 0xe9, 0x60,
    0xaf, 0x60, 0x9b, 0xfc, 0x51, 0x3e, 0x0, 0x3,
    0xe0, 0x0, 0x3e, 0x0,

    /* U+21A0 "↠" */
    0x0, 0x8, 0x35, 0x60, 0x12, 0x25, 0xe5, 0xe6,
    0x8f, 0xff, 0xff, 0xfe, 0x0, 0x5, 0xc4, 0xd3,
    0x0, 0x5, 0x13, 0x30,

    /* U+21A1 "↡" */
    0x1, 0x70, 0x0, 0x3e, 0x0, 0x3, 0xe0, 0x8,
    0x5e, 0x55, 0x3e, 0xfc, 0x15, 0x5f, 0x43, 0x6e,
    0xfd, 0x30, 0x6e, 0x30,

    /* U+21A2 "↢" */
    0x1, 0x90, 0x0, 0x29, 0x1d, 0x72, 0x23, 0xd4,
    0x7f, 0xff, 0xff, 0x90, 0xb, 0x80, 0x0, 0xb7,
    0x0, 0x60, 0x0, 0x6,

    /* U+21A3 "↣" */
    0x47, 0x0, 0x5, 0x60, 0xb, 0x72, 0x23, 0xe6,
    0x2, 0xff, 0xff, 0xfe, 0x2d, 0x40, 0x2, 0xd3,
    0x24, 0x0, 0x3, 0x30,

    /* U+21A4 "↤" */
    0x0, 0x0, 0x0, 0x0, 0x2, 0xb0, 0x0, 0x2f,
    0x2e, 0x85, 0x55, 0x6f, 0x6f, 0xcc, 0xcc, 0xcf,
    0x8, 0xa0, 0x0, 0x2f, 0x0, 0x30, 0x0, 0x17,

    /* U+21A5 "↥" */
    0x0, 0x26, 0x0, 0x2, 0xef, 0x80, 0xb, 0x8c,
    0xb3, 0x0, 0x5c, 0x0, 0x0, 0x5c, 0x0, 0x0,
    0x5c, 0x0, 0x2, 0x6c, 0x20, 0x1f, 0xff, 0xf7,

    /* U+21A6 "↦" */
    0x0, 0x0, 0x0, 0x0, 0x5, 0xc0, 0x0, 0x2b,
    0x0, 0x5d, 0x55, 0x55, 0xcb, 0x5, 0xfc, 0xcc,
    0xcd, 0xf1, 0x5c, 0x0, 0x1, 0xd4, 0x2, 0x60,
    0x0, 0x3, 0x0,

    /* U+21A7 "↧" */
    0x5, 0x55, 0x52, 0xd, 0xef, 0xd6, 0x0, 0x5c,
    0x0, 0x0, 0x5c, 0x0, 0x0, 0x5c, 0x0, 0x2,
    0x5c, 0x10, 0xb, 0xcd, 0xd3, 0x0, 0xbf, 0x40,
    0x0, 0x2, 0x0,

    /* U+21A8 "↨" */
    0x0, 0x26, 0x0, 0x2, 0xef, 0x80, 0xb, 0x8c,
    0xb3, 0x0, 0x5c, 0x0, 0x3, 0x5c, 0x20, 0xb,
    0xce, 0xd2, 0x2, 0xcf, 0x50, 0x1f, 0xff, 0xf7,

    /* U+21A9 "↩" */
    0x0, 0x0, 0x0, 0x10, 0x0, 0x0, 0x0, 0xf6,
    0x2, 0xc0, 0x0, 0x4e, 0x1e, 0x72, 0x22, 0x8d,
    0x7f, 0xff, 0xff, 0xd3, 0xb, 0x80, 0x0, 0x0,
    0x0, 0x60, 0x0, 0x0,

    /* U+21AA "↪" */
    0x0, 0x10, 0x0, 0x0, 0x0, 0xc9, 0x0, 0x0,
    0x0, 0x4d, 0x0, 0x3, 0xb0, 0x3, 0xf3, 0x22,
    0x2c, 0x90, 0x8, 0xef, 0xff, 0xff, 0x10, 0x0,
    0x0, 0x1c, 0x50, 0x0, 0x0, 0x1, 0x40, 0x0,

    /* U+21AB "↫" */
    0x0, 0x0, 0x1, 0x10, 0x0, 0x0, 0x6f, 0xf6,
    0x2, 0xc0, 0xe5, 0x4e, 0x1e, 0x72, 0xf5, 0x8d,
    0x7f, 0xff, 0xff, 0xd3, 0xb, 0x80, 0xf2, 0x0,
    0x0, 0x60, 0x61, 0x0,

    /* U+21AC "↬" */
    0x0, 0x20, 0x0, 0x0, 0xc, 0xfc, 0x0, 0x0,
    0x4e, 0xe, 0x46, 0x80, 0x3f, 0x3c, 0x73, 0xe6,
    0x8, 0xef, 0xff, 0xfe, 0x0, 0xc, 0x52, 0xd3,
    0x0, 0x4, 0x23, 0x30,

    /* U+21AD "↭" */
    0x0, 0x0, 0x0, 0x0, 0x4, 0xc0, 0x5, 0xa0,
    0x4f, 0x58, 0xe2, 0xda, 0x5f, 0xec, 0x6f, 0xfc,
    0x6, 0xd1, 0x7, 0xc0, 0x0, 0x20, 0x1, 0x10,

    /* U+21AE "↮" */
    0x0, 0x0, 0x0, 0x0, 0x1, 0x90, 0xd5, 0x60,
    0x1d, 0x74, 0xe3, 0xe6, 0x7f, 0xff, 0xff, 0xfe,
    0xb, 0x89, 0x62, 0xd3, 0x0, 0x68, 0x23, 0x30,

    /* U+21AF "↯" */
    0x3, 0x80, 0x0, 0x0, 0x6, 0xb0, 0x0, 0x70,
    0x9, 0x80, 0x4d, 0xe0, 0xb, 0x7a, 0xfc, 0xb0,
    0xe, 0xfb, 0x29, 0x90, 0x1d, 0x40, 0xb, 0x60,
    0x0, 0x0, 0xe, 0x30, 0x0, 0x7, 0x4f, 0x11,
    0x0, 0x3, 0xef, 0xd5, 0x0, 0x0, 0x7d, 0x30,

    /* U+21B0 "↰" */
    0x1, 0x50, 0x0, 0x1, 0xc5, 0x0, 0x0, 0xaf,
    0xff, 0xff, 0x23, 0xe5, 0x22, 0xf2, 0x3, 0x70,
    0xf, 0x20, 0x0, 0x0, 0xf2, 0x0, 0x0, 0xf,
    0x20, 0x0, 0x0, 0xf2, 0x0, 0x0, 0xf, 0x20,
    0x0, 0x0, 0xb2,

    /* U+21B1 "↱" */
    0x0, 0x3, 0x30, 0x0, 0x2, 0xd3, 0xef, 0xff,
    0xfe, 0xe5, 0x23, 0xe6, 0xe3, 0x5, 0x50, 0xe3,
    0x0, 0x0, 0xe3, 0x0, 0x0, 0xe3, 0x0, 0x0,
    0xe3, 0x0, 0x0, 0xb2, 0x0, 0x0,

    /* U+21B2 "↲" */
    0x0, 0x0, 0x8, 0x10, 0x0, 0x0, 0xf2, 0x0,
    0x0, 0xf, 0x20, 0x0, 0x0, 0xf2, 0x0, 0x0,
    0xf, 0x20, 0x15, 0x0, 0xf2, 0x1c, 0x50, 0xf,
    0x2a, 0xff, 0xff, 0xf2, 0x3e, 0x52, 0x22, 0x0,
    0x37, 0x0, 0x0,

    /* U+21B3 "↳" */
    0x81, 0x0, 0x0, 0xe3, 0x0, 0x0, 0xe3, 0x0,
    0x0, 0xe3, 0x0, 0x0, 0xe3, 0x0, 0x0, 0xe3,
    0x3, 0x30, 0xe3, 0x2, 0xd3, 0xef, 0xff, 0xfe,
    0x22, 0x23, 0xe6, 0x0, 0x5, 0x50,

    /* U+21B4 "↴" */
    0x55, 0x55, 0x10, 0xbc, 0xcf, 0x30, 0x0, 0xe,
    0x30, 0x0, 0xe, 0x30, 0x0, 0xe, 0x30, 0x1,
    0x1e, 0x32, 0x4, 0xce, 0xc9, 0x0, 0x5f, 0xa0,
    0x0, 0x2, 0x0,

    /* U+21B5 "↵" */
    0x0, 0x0, 0x0, 0x0, 0x0, 0x0, 0x0, 0x2f,
    0x0, 0x60, 0x0, 0x2f, 0xb, 0x70, 0x0, 0x2f,
    0x8f, 0xff, 0xff, 0xff, 0x1d, 0x72, 0x22, 0x22,
    0x1, 0x90, 0x0, 0x0,

    /* U+21B6 "↶" */
    0x0, 0x4, 0xbb, 0x50, 0x0, 0x4d, 0x43, 0xd5,
    0x38, 0xa8, 0xa0, 0x4a, 0xa, 0xff, 0x30, 0x0,
    0x0, 0x83, 0x0, 0x0,

    /* U+21B7 "↷" */
    0x1, 0x9c, 0x91, 0x0, 0x0, 0xd8, 0x28, 0xc0,
    0x0, 0x3c, 0x3, 0x8d, 0x5a, 0x0, 0x0, 0xa,
    0xff, 0x30, 0x0, 0x0, 0x8, 0x30, 0x0,

    /* U+21B8 "↸" */
    0x12, 0x22, 0x22, 0x22, 0x3, 0x66, 0x66, 0x66,
    0x60, 0x9, 0xed, 0x60, 0x0, 0x0, 0xbf, 0x70,
    0x0, 0x0, 0xb, 0x5e, 0x70, 0x0, 0x0, 0x30,
    0x3e, 0x70, 0x0, 0x0, 0x0, 0x3e, 0x70, 0x0,
    0x0, 0x0, 0x3b, 0x0,

    /* U+21B9 "↹" */
    0x38, 0x5, 0x10, 0x0, 0x5, 0xc6, 0xc1, 0x0,
    0x0, 0x5f, 0xff, 0xff, 0xff, 0x35, 0xca, 0xb2,
    0x22, 0x20, 0x5c, 0xb, 0x43, 0x8, 0x10, 0x0,
    0x2, 0xd3, 0xe3, 0x4d, 0xdd, 0xde, 0xef, 0x31,
    0x44, 0x44, 0xd9, 0xe3, 0x0, 0x0, 0x49, 0xe,
    0x30,

    /* U+21BA "↺" */
    0x0, 0x0, 0x1e, 0xee, 0x0, 0x82, 0x2, 0xfe,
    0x10, 0x2f, 0x20, 0x2b, 0xb8, 0x5, 0xd0, 0x0,
    0x26, 0xa0, 0x3f, 0x10, 0x0, 0xa9, 0x0, 0xbc,
    0x42, 0x8e, 0x20, 0x0, 0x8e, 0xfb, 0x20, 0x0,

    /* U+21BB "↻" */
    0x5e, 0xfb, 0x0, 0x0, 0x5, 0xfd, 0x0, 0x82,
    0xe, 0x6d, 0x0, 0x9a, 0xf, 0x13, 0x0, 0x5c,
    0xe, 0x40, 0x0, 0x9a, 0x6, 0xe5, 0x27, 0xf3,
    0x0, 0x5d, 0xfc, 0x30,

    /* U+21BC "↼" */
    0x1, 0x90, 0x0, 0x0, 0x1d, 0x72, 0x22, 0x22,
    0x8f, 0xff, 0xff, 0xfe,

    /* U+21BD "↽" */
    0x12, 0x22, 0x22, 0x22, 0x7f, 0xff, 0xff, 0xfe,
    0xb, 0x80, 0x0, 0x0, 0x0, 0x60, 0x0, 0x0,

    /* U+21BE "↾" */
    0x17, 0x0, 0x3f, 0xa0, 0x3e, 0x96, 0x3e, 0x0,
    0x3e, 0x0, 0x3e, 0x0, 0x3e, 0x0, 0x3e, 0x0,

    /* U+21BF "↿" */
    0x1, 0x71, 0xde, 0xa8, 0xe0, 0x3e, 0x3, 0xe0,
    0x3e, 0x3, 0xe0, 0x3e,

    /* U+21C0 "⇀" */
    0x0, 0x0, 0x5, 0x60, 0x12, 0x22, 0x23, 0xe6,
    0x8f, 0xff, 0xff, 0xfe,

    /* U+21C1 "⇁" */
    0x12, 0x22, 0x22, 0x22, 0x8f, 0xff, 0xff, 0xfe,
    0x0, 0x0, 0x2, 0xd3, 0x0, 0x0, 0x3, 0x30,

    /* U+21C2 "⇂" */
    0x17, 0x0, 0x3e, 0x0, 0x3e, 0x0, 0x3e, 0x0,
    0x3e, 0x0, 0x3e, 0x23, 0x3f, 0xd3, 0x3f, 0x30,

    /* U+21C3 "⇃" */
    0x0, 0x80, 0x1, 0xf1, 0x1, 0xf1, 0x1, 0xf1,
    0x1, 0xf1, 0x42, 0xf1, 0x4d, 0xf1, 0x4, 0xf1,

    /* U+21C4 "⇄" */
    0x0, 0x0, 0x4, 0x50, 0x12, 0x22, 0x23, 0xe5,
    0x8f, 0xff, 0xff, 0xfe, 0x0, 0x50, 0x2, 0xd3,
    0xa, 0x80, 0x2, 0x20, 0x7f, 0xff, 0xff, 0xff,
    0x1d, 0x72, 0x22, 0x22, 0x1, 0x90, 0x0, 0x0,

    /* U+21C5 "⇅" */
    0x0, 0x70, 0x7, 0x10, 0xb, 0xfc, 0xe, 0x30,
    0x77, 0xf8, 0x6e, 0x30, 0x0, 0xf2, 0xe, 0x30,
    0x0, 0xf2, 0xe, 0x30, 0x0, 0xf3, 0x3e, 0x45,
    0x0, 0xf4, 0xdf, 0xe7, 0x0, 0xf2, 0x2e, 0x70,

    /* U+21C6 "⇆" */
    0x1, 0x90, 0x0, 0x0, 0x1d, 0x72, 0x22, 0x22,
    0x7f, 0xff, 0xff, 0xff, 0xa, 0x80, 0x2, 0x20,
    0x0, 0x50, 0x3, 0xd3, 0x8f, 0xff, 0xff, 0xfe,
    0x12, 0x22, 0x23, 0xe6, 0x0, 0x0, 0x5, 0x60,

    /* U+21C7 "⇇" */
    0x1, 0x90, 0x0, 0x0, 0x1d, 0x72, 0x22, 0x22,
    0x7f, 0xff, 0xff, 0xff, 0xa, 0x80, 0x0, 0x0,
    0xa, 0x80, 0x0, 0x0, 0x7f, 0xff, 0xff, 0xff,
    0x1d, 0x72, 0x22, 0x22, 0x1, 0x90, 0x0, 0x0,

    /* U+21C8 "⇈" */
    0x0, 0x70, 0x7, 0x10, 0xb, 0xfc, 0x9f, 0xd1,
    0x77, 0xf8, 0x9e, 0x8a, 0x0, 0xf2, 0xe, 0x30,
    0x0, 0xf2, 0xe, 0x30, 0x0, 0xf2, 0xe, 0x30,
    0x0, 0xf2, 0xe, 0x30, 0x0, 0xf2, 0xe, 0x30,

    /* U+21C9 "⇉" */
    0x0, 0x0, 0x4, 0x50, 0x12, 0x22, 0x23, 0xe5,
    0x8f, 0xff, 0xff, 0xfe, 0x0, 0x0, 0x2, 0xd3,
    0x0, 0x0, 0x3, 0xd3, 0x8f, 0xff, 0xff, 0xfe,
    0x12, 0x22, 0x23, 0xe6, 0x0, 0x0, 0x5, 0x60,

    /* U+21CA "⇊" */
    0x0, 0x81, 0x7, 0x10, 0x0, 0xf2, 0xe, 0x30,
    0x0, 0xf2, 0xe, 0x30, 0x0, 0xf2, 0xe, 0x30,
    0x0, 0xf2, 0xe, 0x30, 0x32, 0xf3, 0x3e, 0x45,
    0x4d, 0xfd, 0xdf, 0xe7, 0x4, 0xf5, 0x2e, 0x70,

    /* U+21CB "⇋" */
    0x2, 0xb0, 0x0, 0x0, 0x2e, 0x84, 0x44, 0x44,
    0x7d, 0xdd, 0xdd, 0xdd, 0x12, 0x22, 0x22, 0x22,
    0x8f, 0xff, 0xff, 0xfe, 0x0, 0x0, 0x2, 0xd3,
    0x0, 0x0, 0x3, 0x30,

    /* U+21CC "⇌" */
    0x0, 0x0, 0x5, 0x80, 0x24, 0x44, 0x45, 0xe7,
    0x7d, 0xdd, 0xdd, 0xdd, 0x12, 0x22, 0x22, 0x22,
    0x7f, 0xff, 0xff, 0xff, 0xb, 0x80, 0x0, 0x0,
    0x0, 0x60, 0x0, 0x0,

    /* U+21CD "⇍" */
    0x0, 0x10, 0x0, 0x10, 0x6, 0xd2, 0x28, 0x92,
    0x5c, 0x66, 0x7d, 0x66, 0x4d, 0x88, 0xbb, 0x87,
    0x4, 0xc2, 0xb1, 0x10, 0x0, 0x0, 0x0, 0x0,

    /* U+21CE "⇎" */
    0x0, 0x10, 0x81, 0x0, 0x6, 0xd3, 0xf8, 0xc0,
    0x5c, 0x69, 0xc6, 0x8c, 0x4d, 0x8b, 0xc8, 0xaa,
    0x4, 0xcb, 0x46, 0xb0, 0x0, 0x0, 0x0, 0x0,

    /* U+21CF "⇏" */
    0x0, 0x0, 0x10, 0x0, 0x12, 0x26, 0xa8, 0xc0,
    0x36, 0x6e, 0x66, 0x8c, 0x48, 0xac, 0x88, 0xaa,
    0x1, 0xc1, 0x16, 0xb0, 0x0, 0x0, 0x0, 0x0,

    /* U+21D0 "⇐" */
    0x0, 0x10, 0x0, 0x0, 0x6, 0xd2, 0x22, 0x22,
    0x5c, 0x66, 0x66, 0x66, 0x4d, 0x88, 0x88, 0x87,
    0x4, 0xc1, 0x11, 0x10, 0x0, 0x0, 0x0, 0x0,

    /* U+21D1 "⇑" */
    0x0, 0x27, 0x0, 0x2, 0xda, 0xb0, 0xb, 0x90,
    0xe7, 0x0, 0x90, 0x80, 0x0, 0x90, 0x80, 0x0,
    0x90, 0x80, 0x0, 0x90, 0x80, 0x0, 0x90, 0x80,

    /* U+21D2 "⇒" */
    0x0, 0x0, 0x0, 0x0, 0x12, 0x22, 0x28, 0xc0,
    0x36, 0x66, 0x66, 0x8c, 0x48, 0x88, 0x88, 0xaa,
    0x1, 0x11, 0x16, 0xb0, 0x0, 0x0, 0x0, 0x0,

    /* U+21D3 "⇓" */
    0x0, 0x40, 0x40, 0x0, 0x90, 0x80, 0x0, 0x90,
    0x80, 0x0, 0x90, 0x80, 0x0, 0x90, 0x80, 0x5,
    0x90, 0xa3, 0x8, 0xc3, 0xf4, 0x0, 0x8f, 0x30,

    /* U+21D4 "⇔" */
    0x0, 0x10, 0x0, 0x0, 0x6, 0xd2, 0x28, 0xc0,
    0x5c, 0x66, 0x66, 0x8c, 0x4d, 0x88, 0x88, 0xaa,
    0x4, 0xc1, 0x16, 0xb0, 0x0, 0x0, 0x0, 0x0,

    /* U+21D5 "⇕" */
    0x0, 0x27, 0x0, 0x2, 0xda, 0xb0, 0xb, 0x90,
    0xe7, 0x0, 0x90, 0x80, 0x0, 0x90, 0x80, 0x5,
    0x90, 0xa3, 0x8, 0xc3, 0xf4, 0x0, 0x8f, 0x30,

    /* U+21D6 "⇖" */
    0xcd, 0xe3, 0x0, 0xe, 0x9, 0x20, 0x0, 0xe9,
    0x9, 0x20, 0x4, 0x39, 0x9, 0x20, 0x0, 0x39,
    0x9, 0x10, 0x0, 0x39, 0x0, 0x0, 0x0, 0x20,
    0x0,

    /* U+21D7 "⇗" */
    0x0, 0x0, 0xee, 0xd1, 0x0, 0x1, 0xa1, 0xc2,
    0x0, 0xa, 0x17, 0xe2, 0x0, 0xa1, 0x75, 0x30,
    0xa, 0x17, 0x50, 0x0, 0x0, 0x75, 0x0, 0x0,
    0x0, 0x20, 0x0, 0x0,

    /* U+21D8 "⇘" */
    0x0, 0x10, 0x0, 0x0, 0x0, 0x84, 0x0, 0x0,
    0xa, 0x18, 0x40, 0x0, 0x1, 0xa1, 0x84, 0x20,
    0x0, 0x1a, 0x18, 0xe2, 0x0, 0x1, 0xa1, 0xc2,
    0x0, 0x0, 0xee, 0xe1,

    /* U+21D9 "⇙" */
    0x0, 0x0, 0x10, 0x0, 0x0, 0x2a, 0x0, 0x0,
    0x29, 0x9, 0x23, 0x29, 0x9, 0x30, 0xe9, 0x9,
    0x30, 0xe, 0x9, 0x30, 0x0, 0xde, 0xf3, 0x0,
    0x0,

    /* U+21DA "⇚" */
    0x0, 0x0, 0x0, 0x0, 0x4, 0xe9, 0x99, 0x98,
    0x3e, 0x42, 0x22, 0x22, 0x6f, 0x76, 0x66, 0x66,
    0x7, 0xd8, 0x88, 0x88, 0x0, 0x30, 0x0, 0x0,

    /* U+21DB "⇛" */
    0x0, 0x0, 0x0, 0x0, 0x49, 0x99, 0x9b, 0xa0,
    0x12, 0x22, 0x22, 0xba, 0x36, 0x66, 0x66, 0xbd,
    0x48, 0x88, 0x8a, 0xd1, 0x0, 0x0, 0x1, 0x10,

    /* U+21DC "⇜" */
    0x1, 0x90, 0x0, 0x0, 0x1d, 0x72, 0x81, 0x90,
    0x7f, 0xfe, 0xce, 0xce, 0xb, 0x95, 0x5, 0x5,
    0x0, 0x60, 0x0, 0x0,

    /* U+21DD "⇝" */
    0x0, 0x0, 0x5, 0x60, 0x4, 0x73, 0x72, 0xe6,
    0x8e, 0xde, 0xde, 0xfe, 0x23, 0x14, 0x17, 0xd3,
    0x0, 0x0, 0x3, 0x30,

    /* U+21E0 "⇠" */
    0x0, 0x91, 0x0, 0x0, 0x0, 0xba, 0x20, 0x20,
    0x20, 0x4f, 0xfd, 0x3f, 0x2f, 0x20, 0x8b, 0x0,
    0x0, 0x0, 0x0, 0x60, 0x0, 0x0, 0x0,

    /* U+21E1 "⇡" */
    0x0, 0x40, 0x0, 0xbf, 0x70, 0xaa, 0xfb, 0x51,
    0x2e, 0x0, 0x0, 0x30, 0x0, 0x2d, 0x0, 0x0,
    0x40, 0x0, 0x3e, 0x0,

    /* U+21E2 "⇢" */
    0x0, 0x0, 0x7, 0x30, 0x2, 0x2, 0x15, 0xe3,
    0x5d, 0x5b, 0x7f, 0xfb, 0x0, 0x0, 0x4, 0xd1,
    0x0, 0x0, 0x5, 0x10,

    /* U+21E3 "⇣" */
    0x0, 0x40, 0x0, 0x2e, 0x0, 0x0, 0x30, 0x0,
    0x2d, 0x0, 0x0, 0x40, 0x5, 0x3e, 0x23, 0x6e,
    0xfd, 0x30, 0x6e, 0x30,

    /* U+21E4 "⇤" */
    0x0, 0x0, 0x0, 0x0, 0x5, 0xc0, 0xb2, 0x0,
    0x0, 0x5d, 0xbc, 0x55, 0x55, 0x15, 0xef, 0xdc,
    0xcc, 0xc2, 0x5c, 0x4d, 0x10, 0x0, 0x2, 0x60,
    0x30, 0x0, 0x0,

    /* U+21E5 "⇥" */
    0x0, 0x0, 0x0, 0x0, 0x0, 0x0, 0x76, 0x2f,
    0x25, 0x55, 0x6f, 0x8f, 0x6c, 0xcc, 0xcf, 0xef,
    0x0, 0x0, 0x5c, 0x3f, 0x0, 0x0, 0x21, 0x17,

    /* U+21E6 "⇦" */
    0x0, 0x10, 0x0, 0x0, 0x3, 0xa0, 0x0, 0x0,
    0x27, 0x67, 0x77, 0x7b, 0x82, 0x0, 0x0, 0x7,
    0x8, 0xc7, 0x77, 0x77, 0x0, 0x50, 0x0, 0x0,

    /* U+21E7 "⇧" */
    0x0, 0x27, 0x0, 0x2, 0x83, 0x70, 0xa, 0x60,
    0xc5, 0x0, 0x70, 0x70, 0x0, 0x70, 0x70, 0x0,
    0x70, 0x70, 0x0, 0x70, 0x70, 0x0, 0xb7, 0x70,

    /* U+21E8 "⇨" */
    0x0, 0x0, 0x1, 0x0, 0x0, 0x0, 0x0, 0x75,
    0x0, 0x87, 0x77, 0x77, 0x55, 0x7, 0x0, 0x0,
    0x1, 0x90, 0x47, 0x77, 0x7b, 0x90, 0x0, 0x0,
    0x0, 0x40, 0x0,

    /* U+21E9 "⇩" */
    0x0, 0xa7, 0x60, 0x0, 0x70, 0x70, 0x0, 0x70,
    0x70, 0x0, 0x70, 0x70, 0x0, 0x70, 0x70, 0x8,
    0x70, 0xc5, 0x4, 0x61, 0x80, 0x0, 0x49, 0x0,

    /* U+21EB "⇫" */
    0x0, 0x27, 0x0, 0x3, 0x83, 0x70, 0x1a, 0x60,
    0xc5, 0x0, 0x70, 0x70, 0x0, 0x70, 0x70, 0x0,
    0x70, 0x70, 0x67, 0x40, 0x89, 0x77, 0x77, 0x7a,

    /* U+21EC "⇬" */
    0x0, 0x27, 0x0, 0x3, 0xa8, 0x70, 0x1a, 0x60,
    0xc5, 0x0, 0x70, 0x70, 0x0, 0x70, 0x70, 0x0,
    0x70, 0x70, 0x67, 0x40, 0x89, 0x77, 0x77, 0x7a,

    /* U+21ED "⇭" */
    0x0, 0x27, 0x0, 0x3, 0x8a, 0x70, 0x1a, 0x68,
    0xc5, 0x0, 0x88, 0x70, 0x0, 0x88, 0x70, 0x0,
    0x88, 0x70, 0x67, 0x48, 0x89, 0x77, 0x7b, 0x7a,

    /* U+21EE "⇮" */
    0x0, 0x38, 0x0, 0x3, 0x76, 0x80, 0xa, 0xb6,
    0xd5, 0xc, 0x50, 0xc5, 0x0, 0x70, 0x70, 0x0,
    0x70, 0x70, 0x0, 0x70, 0x70, 0x0, 0xb7, 0x70,

    /* U+21EF "⇯" */
    0x0, 0x48, 0x0, 0x4, 0x76, 0x80, 0x1a, 0xb6,
    0xc5, 0x1d, 0x40, 0xc5, 0x0, 0x70, 0x70, 0x0,
    0x70, 0x70, 0x78, 0x40, 0x8a, 0x77, 0x77, 0x7a,

    /* U+21F0 "⇰" */
    0x36, 0x10, 0x1, 0x0, 0x7, 0x35, 0x0, 0x75,
    0x0, 0x71, 0x77, 0x77, 0x55, 0x7, 0x2, 0x22,
    0x21, 0x90, 0x72, 0x85, 0x5a, 0x90, 0x6, 0x83,
    0x0, 0x30, 0x0,

    /* U+21F1 "⇱" */
    0x48, 0x88, 0x88, 0x87, 0x80, 0x0, 0x0, 0x0,
    0x80, 0xce, 0xd3, 0x0, 0x80, 0xff, 0x40, 0x0,
    0x80, 0xe5, 0xf4, 0x0, 0x80, 0x40, 0x5f, 0x40,
    0x80, 0x0, 0x5, 0xf4, 0x70, 0x0, 0x0, 0x59,

    /* U+21F2 "⇲" */
    0x12, 0x0, 0x0, 0x3, 0x6e, 0x20, 0x0, 0x8,
    0x7, 0xe3, 0x0, 0x8, 0x0, 0x6f, 0x4b, 0x28,
    0x0, 0x5, 0xfd, 0x28, 0x0, 0xa, 0xef, 0x28,
    0x0, 0x3, 0x33, 0x8, 0x58, 0x88, 0x88, 0x89,

    /* U+21F3 "⇳" */
    0x0, 0x27, 0x0, 0x2, 0x83, 0x70, 0xa, 0x60,
    0xc5, 0x0, 0x70, 0x70, 0x0, 0x70, 0x70, 0x8,
    0x70, 0xc5, 0x4, 0x61, 0x80, 0x0, 0x49, 0x0,

    /* U+21F4 "⇴" */
    0x0, 0x0, 0x0, 0x0, 0x2, 0xaa, 0x26, 0x90,
    0x3c, 0x99, 0xd6, 0xea, 0x5e, 0xbb, 0xea, 0xec,
    0x4, 0xcc, 0x44, 0xc1, 0x0, 0x0, 0x1, 0x10,

    /* U+21F5 "⇵" */
    0x0, 0x81, 0x7, 0x10, 0x0, 0xf2, 0x9f, 0xd1,
    0x0, 0xf5, 0x9e, 0x8a, 0x0, 0xf2, 0xe, 0x30,
    0x0, 0xf2, 0xe, 0x30, 0x32, 0xf3, 0x3e, 0x30,
    0x4d, 0xfd, 0x3e, 0x30, 0x4, 0xf5, 0xe, 0x30,

    /* U+21F6 "⇶" */
    0x0, 0x0, 0x3, 0x30, 0x0, 0x0, 0x3, 0xd3,
    0x8e, 0xee, 0xee, 0xfe, 0x13, 0x33, 0x33, 0xd7,
    0x0, 0x0, 0x6, 0xd0, 0x12, 0x22, 0x23, 0xd7,
    0x8f, 0xff, 0xff, 0xfe, 0x0, 0x0, 0x3, 0xd2,
    0x1, 0x11, 0x13, 0xd4, 0x8f, 0xff, 0xff, 0xfe,
    0x0, 0x0, 0x2, 0xd4, 0x0, 0x0, 0x4, 0x40,

    /* U+21F7 "⇷" */
    0x0, 0x0, 0x0, 0x0, 0x2, 0xb0, 0xa7, 0x0,
    0x2e, 0x85, 0xca, 0x55, 0x6f, 0xcc, 0xee, 0xcc,
    0x8, 0xa0, 0xa7, 0x0, 0x0, 0x30, 0x53, 0x0,

    /* U+21F8 "⇸" */
    0x0, 0x0, 0x0, 0x0, 0x0, 0xf, 0x15, 0x80,
    0x25, 0x5f, 0x65, 0xe8, 0x6c, 0xcf, 0xcc, 0xed,
    0x0, 0xf, 0x14, 0xd1, 0x0, 0x8, 0x2, 0x10,

    /* U+21F9 "⇹" */
    0x0, 0x0, 0x0, 0x0, 0x2, 0xb5, 0xc5, 0x80,
    0x2e, 0x88, 0xd5, 0xe8, 0x6f, 0xcd, 0xfc, 0xed,
    0x8, 0xa5, 0xc4, 0xd1, 0x0, 0x32, 0x62, 0x10,

    /* U+21FA "⇺" */
    0x0, 0x0, 0x0, 0x0, 0x2, 0xb5, 0xc7, 0xb0,
    0x2e, 0x88, 0xd9, 0xc5, 0x6f, 0xcd, 0xfe, 0xec,
    0x8, 0xa5, 0xc7, 0xb0, 0x0, 0x32, 0x63, 0x50,

    /* U+21FB "⇻" */
    0x0, 0x0, 0x0, 0x0, 0x4, 0xd5, 0xc5, 0x80,
    0x28, 0xe8, 0xd5, 0xe8, 0x6d, 0xfd, 0xfc, 0xed,
    0x4, 0xd5, 0xc4, 0xd1, 0x2, 0x62, 0x62, 0x10,

    /* U+21FC "⇼" */
    0x0, 0x0, 0x0, 0x0, 0x2, 0xbe, 0xab, 0x80,
    0x2e, 0x8e, 0xb9, 0xe8, 0x6f, 0xcf, 0xed, 0xed,
    0x8, 0xae, 0xa9, 0xd1, 0x0, 0x37, 0x54, 0x10,

    /* U+21FD "⇽" */
    0x0, 0x0, 0x0, 0x0, 0x1, 0x90, 0x0, 0x0,
    0x18, 0x92, 0x22, 0x22, 0x82, 0xcf, 0xff, 0xfe,
    0x8, 0x90, 0x0, 0x0, 0x0, 0x60, 0x0, 0x0,

    /* U+21FE "⇾" */
    0x0, 0x0, 0x0, 0x0, 0x0, 0x0, 0x0, 0x73,
    0x0, 0x22, 0x22, 0x29, 0x73, 0xb, 0xff, 0xff,
    0xf1, 0xa0, 0x0, 0x0, 0x8, 0x91, 0x0, 0x0,
    0x0, 0x51, 0x0,

    /* U+21FF "⇿" */
    0x0, 0x0, 0x0, 0x0, 0x0, 0x19, 0x0, 0x73,
    0x0, 0x18, 0x92, 0x29, 0x73, 0x8, 0x2c, 0xff,
    0xf1, 0xa0, 0x8, 0x90, 0x8, 0x91, 0x0, 0x6,
    0x0, 0x51, 0x0,

    /* U+2200 "∀" */
    0x9c, 0x0, 0x0, 0x6f, 0x4, 0xf1, 0x0, 0xa,
    0xb0, 0xf, 0x85, 0x55, 0xe6, 0x0, 0xaf, 0xcc,
    0xdf, 0x10, 0x6, 0xe0, 0x8, 0xc0, 0x0, 0x1f,
    0x30, 0xc7, 0x0, 0x0, 0xc8, 0x1f, 0x20, 0x0,
    0x7, 0xc5, 0xe0, 0x0, 0x0, 0x2f, 0xb9, 0x0,
    0x0, 0x0, 0xdf, 0x40, 0x0, 0x0, 0x2, 0x30,
    0x0, 0x0,

    /* U+2201 "∁" */
    0x0, 0x1, 0x30, 0x0, 0x0, 0xaf, 0xef, 0x50,
    0x8, 0xe2, 0x6, 0xf2, 0xe, 0x70, 0x0, 0xa6,
    0x1f, 0x40, 0x0, 0x0, 0x2f, 0x30, 0x0, 0x0,
    0x2f, 0x30, 0x0, 0x0, 0x1f, 0x40, 0x0, 0x0,
    0xe, 0x80, 0x0, 0xb6, 0x7, 0xe2, 0x6, 0xf2,
    0x0, 0xaf, 0xef, 0x50, 0x0, 0x1, 0x20, 0x0,

    /* U+2202 "∂" */
    0x1, 0xce, 0xa1, 0x0, 0x17, 0x4, 0x90, 0x0,
    0x0, 0x1e, 0x0, 0x27, 0x62, 0xf0, 0x2f, 0x41,
    0xbf, 0x9, 0xb0, 0xa, 0xe0, 0xb9, 0x0, 0xb9,
    0x8, 0x90, 0x1e, 0x20, 0x9, 0x69, 0x40, 0x0,

    /* U+2203 "∃" */
    0x23, 0x33, 0x33, 0xb, 0xff, 0xff, 0xf3, 0x0,
    0x0, 0xf, 0x30, 0x0, 0x0, 0xf3, 0x0, 0x0,
    0xf, 0x3b, 0xee, 0xee, 0xf3, 0x34, 0x44, 0x4f,
    0x30, 0x0, 0x0, 0xf3, 0x0, 0x0, 0xf, 0x31,
    0x22, 0x23, 0xf3, 0xcf, 0xff, 0xff, 0x30,

    /* U+2204 "∄" */
    0x23, 0x35, 0xc3, 0xb, 0xff, 0xff, 0xf3, 0x0,
    0xc, 0x5f, 0x30, 0x1, 0xf1, 0xf3, 0x0, 0x6a,
    0xf, 0x3b, 0xef, 0xfe, 0xf3, 0x34, 0xf4, 0x4f,
    0x30, 0x3d, 0x0, 0xf3, 0x7, 0x90, 0xf, 0x31,
    0xc6, 0x23, 0xf3, 0xcf, 0xff, 0xff, 0x32, 0x80,
    0x0, 0x0,

    /* U+2205 "∅" */
    0x0, 0x0, 0x0, 0x0, 0x0, 0x8, 0xee, 0xd7,
    0xc0, 0x9, 0xb1, 0x5, 0xf8, 0x1, 0xe0, 0x3,
    0xe5, 0xe0, 0x3c, 0x3, 0xe3, 0xe, 0x1, 0xe4,
    0xe3, 0x1, 0xe0, 0xa, 0xf3, 0x1, 0xc7, 0x1,
    0xd9, 0xfd, 0xe6, 0x0, 0x0, 0x0, 0x10, 0x0,
    0x0,

    /* U+2206 "∆" */
    0x0, 0x0, 0x7b, 0x0, 0x0, 0x0, 0x0, 0xef,
    0x50, 0x0, 0x0, 0x5, 0xe8, 0xb0, 0x0, 0x0,
    0xa, 0x92, 0xf1, 0x0, 0x0, 0x1f, 0x30, 0xc7,
    0x0, 0x0, 0x6d, 0x0, 0x6d, 0x0, 0x0, 0xc8,
    0x0, 0x1f, 0x30, 0x2, 0xf2, 0x0, 0xb, 0x90,
    0x8, 0xd2, 0x22, 0x28, 0xe0, 0xd, 0xff, 0xff,
    0xff, 0xf4,

    /* U+2207 "∇" */
    0xd, 0xff, 0xff, 0xff, 0xf4, 0x8, 0xd3, 0x33,
    0x38, 0xe0, 0x2, 0xf2, 0x0, 0xb, 0x90, 0x0,
    0xc7, 0x0, 0x1f, 0x30, 0x0, 0x6d, 0x0, 0x6d,
    0x0, 0x0, 0x1f, 0x30, 0xc7, 0x0, 0x0, 0xb,
    0x81, 0xf2, 0x0, 0x0, 0x5, 0xe7, 0xc0, 0x0,
    0x0, 0x0, 0xef, 0x60, 0x0, 0x0, 0x0, 0x8c,
    0x0, 0x0,

    /* U+2208 "∈" */
    0x0, 0x0, 0x0, 0x0, 0x0, 0x3d, 0xff, 0xf8,
    0x2, 0xf7, 0x22, 0x21, 0xa, 0xa0, 0x0, 0x0,
    0xe, 0x40, 0x0, 0x0, 0x1f, 0x65, 0x55, 0x53,
    0x1f, 0xdc, 0xcc, 0xc6, 0xe, 0x30, 0x0, 0x0,
    0xa, 0x90, 0x0, 0x0, 0x2, 0xf7, 0x22, 0x21,
    0x0, 0x3d, 0xff, 0xf8,

    /* U+2209 "∉" */
    0x0, 0x0, 0x0, 0x0, 0x0, 0x0, 0x6, 0xd0,
    0x0, 0x3d, 0xff, 0xf8, 0x2, 0xf7, 0x3f, 0x51,
    0xa, 0xa0, 0x4f, 0x0, 0xe, 0x40, 0x8a, 0x0,
    0x1f, 0x75, 0xda, 0x53, 0x1f, 0xdd, 0xfc, 0xc6,
    0xe, 0x37, 0xc0, 0x0, 0xa, 0x9c, 0x70, 0x0,
    0x2, 0xff, 0x42, 0x21, 0x0, 0x7f, 0xff, 0xf8,
    0x0, 0xa8, 0x0, 0x0, 0x0, 0x0, 0x0, 0x0,

    /* U+220A "∊" */
    0x0, 0x4b, 0xdd, 0xd7, 0x5, 0xf8, 0x55, 0x52,
    0xe, 0x70, 0x0, 0x0, 0xf, 0xff, 0xff, 0xf8,
    0xe, 0x83, 0x33, 0x31, 0x6, 0xf7, 0x33, 0x31,
    0x0, 0x6d, 0xff, 0xf8,

    /* U+220B "∋" */
    0x0, 0x0, 0x0, 0x0, 0x1f, 0xff, 0xf9, 0x0,
    0x2, 0x22, 0x4d, 0x90, 0x0, 0x0, 0x3, 0xf1,
    0x0, 0x0, 0x0, 0xd6, 0x5, 0x55, 0x55, 0xc8,
    0xc, 0xcc, 0xcc, 0xe8, 0x0, 0x0, 0x0, 0xc6,
    0x0, 0x0, 0x2, 0xf1, 0x2, 0x22, 0x3d, 0x80,
    0x1f, 0xff, 0xe8, 0x0,

    /* U+220C "∌" */
    0x0, 0x0, 0x1, 0x0, 0x0, 0x0, 0x1f, 0x20,
    0x1f, 0xff, 0xfe, 0x0, 0x2, 0x22, 0xbf, 0x80,
    0x0, 0x0, 0xe8, 0xf1, 0x0, 0x3, 0xf0, 0xd6,
    0x5, 0x5a, 0xd5, 0xc8, 0xc, 0xcf, 0xdc, 0xe8,
    0x0, 0x2f, 0x10, 0xc6, 0x0, 0x7c, 0x2, 0xf1,
    0x2, 0xc8, 0x3d, 0x80, 0x1f, 0xff, 0xe8, 0x0,
    0x5, 0xd0, 0x0, 0x0, 0x0, 0x10, 0x0, 0x0,

    /* U+220D "∍" */
    0x1d, 0xdd, 0xc8, 0x0, 0x5, 0x55, 0x5d, 0xc0,
    0x0, 0x0, 0x1, 0xe5, 0x1f, 0xff, 0xff, 0xf8,
    0x3, 0x33, 0x33, 0xe6, 0x3, 0x33, 0x4b, 0xd0,
    0x1f, 0xff, 0xea, 0x10,

    /* U+220E "∎" */
    0x1c, 0xcc, 0xcb, 0x1f, 0xff, 0xfe, 0x1f, 0xff,
    0xfe, 0x1f, 0xff, 0xfe, 0x1f, 0xff, 0xfe, 0x1f,
    0xff, 0xfe, 0x1f, 0xff, 0xfe, 0x1f, 0xff, 0xfe,
    0x1f, 0xff, 0xfe,

    /* U+220F "∏" */
    0x22, 0x22, 0x22, 0xf, 0xcc, 0xcc, 0xf2, 0xf1,
    0x0, 0xe, 0x2f, 0x10, 0x0, 0xe2, 0xf1, 0x0,
    0xe, 0x2f, 0x10, 0x0, 0xe2, 0xf1, 0x0, 0xe,
    0x2f, 0x10, 0x0, 0xe2, 0xf1, 0x0, 0xe, 0x2f,
    0x10, 0x0, 0xe2, 0xf1, 0x0, 0xe, 0x2f, 0x10,
    0x0, 0xe2, 0xf1, 0x0, 0xe, 0x2f, 0x10, 0x0,
    0xe2, 0x30, 0x0, 0x2, 0x0,

    /* U+2210 "∐" */
    0x50, 0x0, 0x5, 0x1f, 0x10, 0x0, 0xe2, 0xf1,
    0x0, 0xe, 0x2f, 0x10, 0x0, 0xe2, 0xf1, 0x0,
    0xe, 0x2f, 0x10, 0x0, 0xe2, 0xf1, 0x0, 0xe,
    0x2f, 0x10, 0x0, 0xe2, 0xf1, 0x0, 0xe, 0x2f,
    0x10, 0x0, 0xe2, 0xf1, 0x0, 0xe, 0x2f, 0x10,
    0x0, 0xe2, 0xf1, 0x0, 0xe, 0x2f, 0xee, 0xee,
    0xf2,

    /* U+2211 "∑" */
    0x2, 0x22, 0x22, 0x20, 0xe, 0xdc, 0xcc, 0xc3,
    0x5, 0xb0, 0x0, 0x0, 0x0, 0xb6, 0x0, 0x0,
    0x0, 0x1e, 0x10, 0x0, 0x0, 0x6, 0xb0, 0x0,
    0x0, 0x0, 0xb6, 0x0, 0x0, 0x0, 0x7a, 0x0,
    0x0, 0x1, 0xe1, 0x0, 0x0, 0xa, 0x60, 0x0,
    0x0, 0x4d, 0x0, 0x0, 0x0, 0xd3, 0x0, 0x0,
    0x7, 0x90, 0x0, 0x0, 0xf, 0xff, 0xff, 0xf6,

    /* U+2212 "−" */
    0x4f, 0xff, 0xff, 0xfe, 0x3, 0x33, 0x33, 0x32,

    /* U+2213 "∓" */
    0x4f, 0xff, 0xff, 0xfe, 0x2, 0x22, 0x22, 0x22,
    0x0, 0x2, 0x90, 0x0, 0x0, 0x4, 0xe0, 0x0,
    0x26, 0x69, 0xe6, 0x66, 0x3c, 0xcd, 0xfc, 0xcb,
    0x0, 0x4, 0xe0, 0x0, 0x0, 0x4, 0xe0, 0x0,

    /* U+2215 "∕" */
    0x0, 0x0, 0x0, 0x31, 0x0, 0x0, 0x4, 0xf1,
    0x0, 0x0, 0xb, 0x90, 0x0, 0x0, 0x3f, 0x20,
    0x0, 0x0, 0xaa, 0x0, 0x0, 0x2, 0xf2, 0x0,
    0x0, 0x9, 0xb0, 0x0, 0x0, 0x1f, 0x30, 0x0,
    0x0, 0x8c, 0x0, 0x0, 0x0, 0xe4, 0x0, 0x0,
    0x7, 0xd0, 0x0, 0x0, 0xe, 0x50, 0x0, 0x0,
    0x14, 0x0, 0x0, 0x0,

    /* U+2217 "∗" */
    0x0, 0x5, 0x0, 0x0, 0x0, 0xc0, 0x0, 0x5b,
    0x2c, 0x4c, 0x30, 0x1b, 0xf8, 0x0, 0x18, 0xae,
    0xb6, 0x5, 0x40, 0xc0, 0x63, 0x0, 0xb, 0x0,
    0x0,

    /* U+2218 "∘" */
    0x9, 0xa2, 0xa, 0x64, 0xd0, 0xd0, 0xa, 0x3b,
    0x63, 0xd0, 0x1a, 0xb3, 0x0,

    /* U+2219 "∙" */
    0x9f, 0xa, 0xf0, 0x11, 0x0,

    /* U+221A "√" */
    0x0, 0x0, 0x0, 0xc, 0x10, 0x0, 0x0, 0x5,
    0xa0, 0x0, 0x0, 0x0, 0xa5, 0x0, 0x0, 0x0,
    0xe, 0x0, 0x0, 0x0, 0x4, 0xa0, 0x1, 0x75,
    0x0, 0x95, 0x0, 0x59, 0xc0, 0xe, 0x10, 0x0,
    0xe, 0x13, 0xb0, 0x0, 0x0, 0x95, 0x86, 0x0,
    0x0, 0x4, 0xad, 0x10, 0x0, 0x0, 0xf, 0xc0,
    0x0, 0x0, 0x0, 0xb7, 0x0, 0x0, 0x0, 0x0,
    0x0, 0x0, 0x0,

    /* U+221B "∛" */
    0x7, 0xbc, 0x80, 0x0, 0x0, 0x0, 0xf, 0x0,
    0x90, 0x0, 0x8d, 0x80, 0x4b, 0x0, 0x0, 0x2e,
    0x19, 0x50, 0x1, 0x1, 0xe2, 0xe1, 0x0, 0x9c,
    0xc6, 0x3b, 0x0, 0x3, 0x30, 0x8, 0x60, 0x6,
    0xcb, 0x0, 0xd1, 0x0, 0x0, 0xe0, 0x2c, 0x0,
    0x0, 0xa, 0x48, 0x70, 0x0, 0x0, 0x59, 0xd2,
    0x0, 0x0, 0x1, 0xfd, 0x0, 0x0, 0x0, 0xc,
    0x80, 0x0, 0x0, 0x0, 0x11, 0x0, 0x0,

    /* U+221C "∜" */
    0x0, 0x2b, 0x10, 0x0, 0x0, 0x9c, 0x20, 0x3b,
    0x8, 0x3c, 0x20, 0x87, 0x39, 0xc, 0x20, 0xd1,
    0x5b, 0xbf, 0xb2, 0xc0, 0x0, 0xc, 0x27, 0x80,
    0x1, 0x10, 0xc, 0x30, 0x9f, 0x60, 0x1e, 0x0,
    0x14, 0xb0, 0x59, 0x0, 0x0, 0xe0, 0xa4, 0x0,
    0x0, 0xa5, 0xe0, 0x0, 0x0, 0x5d, 0xb0, 0x0,
    0x0, 0x1f, 0x60, 0x0, 0x0, 0x6, 0x10, 0x0,

    /* U+221D "∝" */
    0x1a, 0xd5, 0x1b, 0x28, 0x82, 0xdb, 0x70, 0xb2,
    0x7, 0xd0, 0x9, 0x50, 0xce, 0x30, 0x1d, 0xe8,
    0x2e, 0x20, 0x1, 0x0, 0x0,

    /* U+221E "∞" */
    0x1a, 0xd5, 0x1b, 0xc3, 0x8, 0x82, 0xdb, 0x72,
    0xd0, 0xa2, 0x7, 0xd0, 0xb, 0x18, 0x50, 0xce,
    0x30, 0xe0, 0x1d, 0xe8, 0x2e, 0xe7, 0x0, 0x1,
    0x0, 0x1, 0x0,

    /* U+221F "∟" */
    0x1a, 0x0, 0x0, 0x0, 0x2f, 0x0, 0x0, 0x0,
    0x2f, 0x0, 0x0, 0x0, 0x2f, 0x0, 0x0, 0x0,
    0x2f, 0x0, 0x0, 0x0, 0x2f, 0x22, 0x22, 0x21,
    0x2f, 0xff, 0xff, 0xf9, 0x0, 0x0, 0x0, 0x0,

    /* U+2220 "∠" */
    0x0, 0x0, 0x0, 0x91, 0x0, 0x0, 0xa, 0x70,
    0x0, 0x0, 0x7a, 0x0, 0x0, 0x4, 0xd0, 0x0,
    0x0, 0x2d, 0x20, 0x0, 0x0, 0xd6, 0x22, 0x21,
    0xb, 0xff, 0xff, 0xf9, 0x0, 0x0, 0x0, 0x0,

    /* U+2223 "∣" */
    0x3d, 0x4e, 0x4e, 0x4e, 0x4e, 0x4e, 0x4e, 0x4e,
    0x4e, 0x4e, 0x4e, 0x4e, 0x4e, 0x4e, 0x1,

    /* U+2227 "∧" */
    0x0, 0x11, 0x0, 0x0, 0xc, 0xf3, 0x0, 0x0,
    0xff, 0x70, 0x0, 0x5f, 0x8c, 0x0, 0x9, 0xa4,
    0xf0, 0x0, 0xe6, 0xf, 0x50, 0x2f, 0x10, 0xb9,
    0x7, 0xd0, 0x6, 0xe0, 0xb8, 0x0, 0x2f, 0x20,

    /* U+2228 "∨" */
    0x10, 0x0, 0x1, 0xb, 0x90, 0x2, 0xf2, 0x6d,
    0x0, 0x7d, 0x2, 0xf2, 0xb, 0x90, 0xd, 0x60,
    0xf4, 0x0, 0x9b, 0x4f, 0x0, 0x4, 0xf9, 0xb0,
    0x0, 0xf, 0xf7, 0x0, 0x0, 0xbf, 0x20, 0x0,

    /* U+2229 "∩" */
    0x0, 0x0, 0x0, 0x1, 0xbf, 0xfd, 0x40, 0xab,
    0x21, 0x7f, 0xd, 0x50, 0x0, 0xf2, 0xe4, 0x0,
    0xe, 0x3e, 0x40, 0x0, 0xe3, 0xe4, 0x0, 0xe,
    0x4e, 0x40, 0x0, 0xe4, 0xe4, 0x0, 0xe, 0x40,

    /* U+222A "∪" */
    0x10, 0x0, 0x1, 0xe, 0x40, 0x0, 0xe4, 0xe4,
    0x0, 0xe, 0x4e, 0x40, 0x0, 0xe4, 0xe4, 0x0,
    0xe, 0x3e, 0x40, 0x0, 0xe3, 0xd5, 0x0, 0xf,
    0x29, 0xc4, 0x39, 0xe0, 0x9, 0xef, 0xb2, 0x0,

    /* U+222B "∫" */
    0x0, 0x0, 0x7, 0xa2, 0x0, 0x0, 0x76, 0xf6,
    0x0, 0x0, 0xe2, 0x0, 0x0, 0x2, 0xf0, 0x0,
    0x0, 0x4, 0xf0, 0x0, 0x0, 0x5, 0xf0, 0x0,
    0x0, 0x6, 0xe0, 0x0, 0x0, 0x7, 0xe0, 0x0,
    0x0, 0x7, 0xd0, 0x0, 0x0, 0x8, 0xb0, 0x0,
    0x0, 0x9, 0x90, 0x0, 0x0, 0xa, 0x60, 0x0,
    0xe, 0x7d, 0x10, 0x0, 0x8, 0xa3, 0x0, 0x0,

    /* U+222C "∬" */
    0x0, 0x1, 0x0, 0x10, 0x0, 0x6f, 0xc7, 0xfb,
    0x0, 0xd6, 0xe, 0x50, 0x0, 0xe5, 0xf, 0x40,
    0x0, 0xe5, 0xf, 0x40, 0x0, 0xe5, 0xf, 0x40,
    0x0, 0xe5, 0xf, 0x40, 0x0, 0xe5, 0xf, 0x40,
    0x0, 0xe5, 0xf, 0x40, 0x0, 0xe5, 0xf, 0x40,
    0x0, 0xe5, 0xf, 0x40, 0x0, 0xe5, 0xf, 0x40,
    0x0, 0xe5, 0xf, 0x40, 0x0, 0xe5, 0xf, 0x40,
    0x14, 0xf4, 0x4f, 0x20, 0x4d, 0x85, 0xd7, 0x0,

    /* U+222D "∭" */
    0x0, 0x0, 0x0, 0x0, 0x0, 0x7f, 0x9e, 0xe9,
    0xf2, 0xc, 0x66, 0xe0, 0xf4, 0x0, 0xd6, 0x6d,
    0xf, 0x40, 0xd, 0x66, 0xd0, 0xf4, 0x0, 0xd6,
    0x6d, 0xf, 0x40, 0xd, 0x66, 0xd0, 0xf4, 0x0,
    0xd6, 0x6d, 0xf, 0x40, 0xd, 0x66, 0xd0, 0xf4,
    0x0, 0xd6, 0x6d, 0xf, 0x40, 0xd, 0x66, 0xd0,
    0xf4, 0x0, 0xd6, 0x6d, 0xf, 0x40, 0xd, 0x66,
    0xd0, 0xf4, 0x0, 0xd6, 0x6d, 0xf, 0x40, 0x9f,
    0x9e, 0x9d, 0xe1, 0x2, 0x21, 0x30, 0x31, 0x0,

    /* U+2234 "∴" */
    0x0, 0x9e, 0x0, 0x0, 0xa, 0xf0, 0x0, 0x0,
    0x11, 0x0, 0x0, 0x0, 0x0, 0x0, 0x0, 0x0,
    0x0, 0xb, 0xf0, 0x9, 0xf1, 0xbf, 0x0, 0x9f,
    0x10, 0x10, 0x0, 0x10,

    /* U+2235 "∵" */
    0xae, 0x0, 0x8f, 0x2b, 0xf0, 0x8, 0xf2, 0x11,
    0x0, 0x2, 0x0, 0x0, 0x0, 0x0, 0x0, 0x0,
    0x0, 0x0, 0x9, 0xf1, 0x0, 0x0, 0x9f, 0x10,
    0x0, 0x0, 0x10, 0x0,

    /* U+2236 "∶" */
    0x9f, 0xa, 0xf0, 0x12, 0x0, 0x0, 0x0, 0x9,
    0xf1, 0xaf, 0x10, 0x10,

    /* U+2237 "∷" */
    0xae, 0x0, 0x9f, 0xb, 0xf0, 0xa, 0xf1, 0x11,
    0x0, 0x12, 0x0, 0x0, 0x0, 0x0, 0x0, 0x0,
    0x0, 0xb, 0xf0, 0x9, 0xf1, 0xbf, 0x0, 0x9f,
    0x10, 0x10, 0x0, 0x10,

    /* U+2238 "∸" */
    0x0, 0x7, 0xe2, 0x0, 0x0, 0x8, 0xf2, 0x0,
    0x0, 0x1, 0x20, 0x0, 0x4f, 0xff, 0xff, 0xfe,
    0x3, 0x33, 0x33, 0x32,

    /* U+2239 "∹" */
    0x0, 0x0, 0x0, 0x8f, 0x10, 0x0, 0x0, 0x9,
    0xf2, 0x0, 0x0, 0x0, 0x12, 0x4, 0xff, 0xff,
    0xd0, 0x0, 0x3, 0x33, 0x32, 0x0, 0x0, 0x0,
    0x0, 0x9, 0xf1, 0x0, 0x0, 0x0, 0x9f, 0x10,
    0x0, 0x0, 0x0, 0x10,

    /* U+223A "∺" */
    0x8f, 0x10, 0x0, 0xf9, 0x9f, 0x10, 0x1, 0xfa,
    0x12, 0x0, 0x0, 0x21, 0x9f, 0xff, 0xff, 0xfa,
    0x13, 0x33, 0x33, 0x31, 0x9f, 0x10, 0x0, 0xfa,
    0x9f, 0x10, 0x0, 0xfa, 0x1, 0x0, 0x0, 0x10,

    /* U+223B "∻" */
    0x0, 0x6, 0xc1, 0x0, 0x0, 0x8, 0xf2, 0x0,
    0x0, 0x34, 0x40, 0x0, 0x2e, 0xef, 0xd8, 0x8d,
    0x22, 0x0, 0x49, 0x82, 0x0, 0x8, 0xf2, 0x0,
    0x0, 0x8, 0xf2, 0x0, 0x0, 0x0, 0x10, 0x0,

    /* U+223C "∼" */
    0x0, 0x10, 0x0, 0x0, 0x2d, 0xff, 0xb6, 0x6c,
    0x34, 0x2, 0x7c, 0xb4,

    /* U+223D "∽" */
    0x0, 0x0, 0x1, 0x0, 0x4a, 0x57, 0xdf, 0xf9,
    0x8, 0xca, 0x50, 0x17,

    /* U+2241 "≁" */
    0x0, 0x0, 0x10, 0x0, 0x0, 0x0, 0xa5, 0x0,
    0x0, 0x11, 0xd1, 0x0, 0x2d, 0xff, 0xf6, 0x6c,
    0x35, 0x5, 0xdc, 0xb4, 0x0, 0x8, 0x70, 0x0,
    0x0, 0xb, 0x30, 0x0, 0x0, 0x0, 0x0, 0x0,

    /* U+2242 "≂" */
    0x3, 0x33, 0x33, 0x32, 0x4f, 0xff, 0xff, 0xfe,
    0x0, 0x0, 0x0, 0x0, 0x1a, 0xfe, 0x94, 0x5a,
    0x36, 0x13, 0x8d, 0xc5,

    /* U+2243 "≃" */
    0x5, 0xa9, 0x40, 0x5, 0x4c, 0x79, 0xee, 0xfb,
    0x0, 0x0, 0x3, 0x20, 0x15, 0x55, 0x55, 0x55,
    0x3d, 0xdd, 0xdd, 0xdb,

    /* U+2244 "≄" */
    0x0, 0x0, 0x1, 0x20, 0x0, 0x0, 0xa, 0x70,
    0x5, 0x99, 0x6d, 0x5, 0x4c, 0x89, 0xff, 0xfb,
    0x0, 0x6, 0xb4, 0x30, 0x15, 0x5e, 0x85, 0x55,
    0x3d, 0xfe, 0xdd, 0xdb, 0x1, 0xe2, 0x0, 0x0,
    0x0, 0x30, 0x0, 0x0,

    /* U+2245 "≅" */
    0x1a, 0xed, 0x83, 0x4a, 0x47, 0x34, 0xaf, 0xe7,
    0x0, 0x0, 0x0, 0x0, 0x4f, 0xff, 0xff, 0xfe,
    0x3, 0x33, 0x33, 0x32, 0x14, 0x44, 0x44, 0x43,
    0x4e, 0xee, 0xee, 0xed,

    /* U+2246 "≆" */
    0x1a, 0xed, 0x83, 0x4a, 0x47, 0x34, 0xaf, 0xe7,
    0x0, 0x0, 0x8, 0x30, 0x4f, 0xff, 0xff, 0xfe,
    0x3, 0x34, 0xf5, 0x32, 0x14, 0x4a, 0xb4, 0x43,
    0x4e, 0xff, 0xee, 0xed, 0x0, 0x82, 0x0, 0x0,

    /* U+2247 "≇" */
    0x0, 0x0, 0x0, 0x0, 0x0, 0x0, 0xd, 0x30,
    0x1a, 0xee, 0xaf, 0x4a, 0x48, 0x34, 0xdf, 0xe7,
    0x0, 0x0, 0xe4, 0x0, 0x4f, 0xff, 0xff, 0xfe,
    0x3, 0x3b, 0x93, 0x32, 0x14, 0x4e, 0x74, 0x43,
    0x4e, 0xff, 0xee, 0xed, 0x0, 0x98, 0x0, 0x0,
    0x0, 0x0, 0x0, 0x0,

    /* U+2248 "≈" */
    0x5, 0xa9, 0x40, 0x5, 0x4c, 0x79, 0xee, 0xfb,
    0x0, 0x10, 0x3, 0x20, 0x1c, 0xff, 0xa4, 0x5b,
    0x36, 0x13, 0x8d, 0xc5,

    /* U+2249 "≉" */
    0x0, 0x0, 0x4, 0x0, 0x0, 0x0, 0x4b, 0x0,
    0x5, 0x99, 0xb7, 0x5, 0x4c, 0x79, 0xfe, 0xfb,
    0x0, 0x13, 0xd3, 0x20, 0x1c, 0xff, 0xd4, 0x5b,
    0x36, 0x1c, 0xbd, 0xc5, 0x0, 0x1e, 0x0, 0x0,
    0x0, 0x16, 0x0, 0x0,

    /* U+224A "≊" */
    0x1a, 0xfe, 0x93, 0x4a, 0x47, 0x24, 0x9e, 0xd6,
    0x4, 0x87, 0x30, 0x4, 0x4c, 0x79, 0xee, 0xfb,
    0x0, 0x0, 0x3, 0x20, 0x14, 0x44, 0x44, 0x43,
    0x4e, 0xee, 0xee, 0xed,

    /* U+224B "≋" */
    0x1a, 0xfe, 0x93, 0x4a, 0x47, 0x24, 0x9e, 0xd6,
    0x4, 0x87, 0x30, 0x4, 0x4c, 0x79, 0xee, 0xfb,
    0x0, 0x10, 0x3, 0x20, 0x1c, 0xff, 0x93, 0x4b,
    0x47, 0x24, 0x9e, 0xd6,

    /* U+224C "≌" */
    0x47, 0x34, 0xae, 0xd6, 0x1a, 0xfd, 0x73, 0x49,
    0x0, 0x0, 0x0, 0x0, 0x4f, 0xff, 0xff, 0xfe,
    0x3, 0x33, 0x33, 0x32, 0x14, 0x44, 0x44, 0x43,
    0x4e, 0xee, 0xee, 0xed,

    /* U+224D "≍" */
    0x0, 0x0, 0x0, 0x1, 0x4e, 0x84, 0x25, 0xae,
    0x4, 0xae, 0xfd, 0x82, 0x0, 0x0, 0x0, 0x0,
    0x2, 0x8c, 0xda, 0x50, 0x4f, 0xb6, 0x58, 0xdd,
    0x11, 0x0, 0x0, 0x3,

    /* U+224E "≎" */
    0x0, 0x0, 0x20, 0x0, 0x0, 0x3e, 0xea, 0x0,
    0x13, 0xc5, 0xd, 0x62, 0x5f, 0xf0, 0x7, 0xfe,
    0x0, 0x0, 0x0, 0x0, 0x25, 0x50, 0x2, 0x55,
    0x5d, 0xf1, 0x8, 0xeb, 0x0, 0x9b, 0x6f, 0x20,
    0x0, 0x8, 0xb4, 0x0,

    /* U+224F "≏" */
    0x0, 0x0, 0x20, 0x0, 0x0, 0x2e, 0xeb, 0x0,
    0x3, 0xb7, 0xc, 0x62, 0x4f, 0xf1, 0x7, 0xfe,
    0x0, 0x0, 0x0, 0x0, 0x15, 0x55, 0x55, 0x55,
    0x3d, 0xdd, 0xdd, 0xdb,

    /* U+2250 "≐" */
    0x0, 0x6, 0xc1, 0x0, 0x0, 0x8, 0xf2, 0x0,
    0x3, 0x35, 0x83, 0x32, 0x4f, 0xff, 0xff, 0xfe,
    0x0, 0x0, 0x0, 0x0, 0x15, 0x55, 0x55, 0x55,
    0x3d, 0xdd, 0xdd, 0xdb,

    /* U+2251 "≑" */
    0x0, 0x0, 0x0, 0x0, 0x0, 0x0, 0x0, 0x0,
    0x3, 0x33, 0x33, 0x32, 0x4f, 0xff, 0xff, 0xfe,
    0x0, 0x0, 0x0, 0x0, 0x28, 0x88, 0x88, 0x87,
    0x29, 0x99, 0x99, 0x98, 0x0, 0x8, 0xf2, 0x0,
    0x0, 0x8, 0xf2, 0x0, 0x0, 0x0, 0x10, 0x0,

    /* U+2252 "≒" */
    0x7c, 0x10, 0x0, 0x0, 0x9f, 0x10, 0x0, 0x0,
    0x48, 0x33, 0x33, 0x32, 0x9f, 0xff, 0xff, 0xf9,
    0x0, 0x0, 0x0, 0x0, 0x58, 0x88, 0x88, 0x85,
    0x59, 0x99, 0x99, 0x96, 0x0, 0x0, 0x0, 0xf9,
    0x0, 0x0, 0x1, 0xfa, 0x0, 0x0, 0x0, 0x21,

    /* U+2253 "≓" */
    0x0, 0x0, 0x0, 0xc7, 0x0, 0x0, 0x1, 0xfa,
    0x23, 0x33, 0x33, 0x84, 0x9f, 0xff, 0xff, 0xf9,
    0x0, 0x0, 0x0, 0x0, 0x58, 0x88, 0x88, 0x85,
    0x69, 0x99, 0x99, 0x96, 0x9f, 0x10, 0x0, 0x0,
    0x9f, 0x10, 0x0, 0x0, 0x12, 0x0, 0x0, 0x0,

    /* U+2254 "≔" */
    0x48, 0x13, 0x33, 0x32, 0x8f, 0x7f, 0xff, 0xfd,
    0x24, 0x0, 0x0, 0x0, 0x5b, 0x35, 0x55, 0x55,
    0x8f, 0x6d, 0xdd, 0xdb, 0x12, 0x0, 0x0, 0x0,

    /* U+2255 "≕" */
    0x13, 0x33, 0x32, 0x48, 0x5, 0xff, 0xff, 0xe9,
    0xf0, 0x0, 0x0, 0x0, 0x24, 0x2, 0x55, 0x55,
    0x55, 0xb0, 0x4d, 0xdd, 0xdb, 0x8f, 0x0, 0x0,
    0x0, 0x1, 0x20,

    /* U+2256 "≖" */
    0x3, 0x33, 0x33, 0x32, 0x4f, 0xff, 0xff, 0xfe,
    0x0, 0x39, 0xd, 0x0, 0x15, 0x7c, 0x5e, 0x55,
    0x3d, 0xdd, 0xdd, 0xdb,

    /* U+2257 "≗" */
    0x0, 0x8, 0xb5, 0x0, 0x0, 0x77, 0x1c, 0x10,
    0x0, 0x93, 0x9, 0x40, 0x0, 0x3d, 0x9b, 0x0,
    0x3, 0x34, 0x73, 0x32, 0x4f, 0xff, 0xff, 0xfe,
    0x0, 0x0, 0x0, 0x0, 0x15, 0x55, 0x55, 0x55,
    0x3d, 0xdd, 0xdd, 0xdb,

    /* U+2258 "≘" */
    0x0, 0x2, 0x31, 0x0, 0x4, 0xdf, 0xef, 0xb1,
    0x8, 0x50, 0x2, 0x94, 0x3, 0x33, 0x33, 0x33,
    0x4f, 0xff, 0xff, 0xfe, 0x0, 0x0, 0x0, 0x0,
    0x15, 0x55, 0x55, 0x55, 0x3d, 0xdd, 0xdd, 0xdb,

    /* U+2259 "≙" */
    0x0, 0x5, 0xc0, 0x0, 0x0, 0xb, 0xd6, 0x0,
    0x0, 0x2d, 0x3c, 0x0, 0x0, 0x87, 0xd, 0x20,
    0x3, 0x64, 0x35, 0x52, 0x4f, 0xff, 0xff, 0xfe,
    0x0, 0x0, 0x0, 0x0, 0x15, 0x55, 0x55, 0x55,
    0x3d, 0xdd, 0xdd, 0xdb,

    /* U+225A "≚" */
    0x0, 0x84, 0x8, 0x30, 0x0, 0x5b, 0x1e, 0x0,
    0x0, 0xe, 0x89, 0x0, 0x0, 0x8, 0xf2, 0x0,
    0x3, 0x34, 0x73, 0x32, 0x4f, 0xff, 0xff, 0xfe,
    0x0, 0x0, 0x0, 0x0, 0x15, 0x55, 0x55, 0x55,
    0x3d, 0xdd, 0xdd, 0xdb,

    /* U+225B "≛" */
    0x0, 0x0, 0x10, 0x0, 0x0, 0x0, 0x90, 0x0,
    0x0, 0x6c, 0xfb, 0x30, 0x0, 0xc, 0xf6, 0x0,
    0x0, 0x9, 0x37, 0x0, 0x3, 0x33, 0x33, 0x32,
    0x4f, 0xff, 0xff, 0xfe, 0x0, 0x0, 0x0, 0x0,
    0x15, 0x55, 0x55, 0x55, 0x3d, 0xdd, 0xdd, 0xdb,

    /* U+225C "≜" */
    0x0, 0x1, 0x80, 0x0, 0x0, 0x7, 0xd1, 0x0,
    0x0, 0xc, 0x47, 0x0, 0x0, 0x48, 0xc, 0x0,
    0x0, 0x9d, 0xce, 0x30, 0x3, 0x33, 0x33, 0x32,
    0x4f, 0xff, 0xff, 0xfe, 0x0, 0x0, 0x0, 0x0,
    0x15, 0x55, 0x55, 0x55, 0x3d, 0xdd, 0xdd, 0xdb,

    /* U+225D "≝" */
    0x0, 0x40, 0x0, 0x26, 0x16, 0x92, 0x74, 0x85,
    0x70, 0x88, 0x58, 0x61, 0x63, 0xa6, 0x32, 0x61,
    0x17, 0x53, 0x75, 0x43, 0x6f, 0xff, 0xff, 0xfc,
    0x0, 0x0, 0x0, 0x0, 0x25, 0x55, 0x55, 0x54,
    0x5d, 0xdd, 0xdd, 0xda,

    /* U+225E "≞" */
    0x3, 0x58, 0x27, 0x50, 0x6, 0x61, 0xc0, 0xa0,
    0x6, 0x30, 0x90, 0x90, 0x6, 0x30, 0x90, 0x90,
    0x5, 0x43, 0x63, 0x63, 0x4f, 0xff, 0xff, 0xfe,
    0x0, 0x0, 0x0, 0x0, 0x15, 0x55, 0x55, 0x55,
    0x3d, 0xdd, 0xdd, 0xdb,

    /* U+225F "≟" */
    0x0, 0x19, 0xa4, 0x0, 0x0, 0x0, 0x38, 0x0,
    0x0, 0x1, 0xa0, 0x0, 0x0, 0x3, 0x50, 0x0,
    0x0, 0x2, 0x30, 0x0, 0x3, 0x34, 0x53, 0x32,
    0x4f, 0xff, 0xff, 0xfe, 0x0, 0x0, 0x0, 0x0,
    0x15, 0x55, 0x55, 0x55, 0x3d, 0xdd, 0xdd, 0xdb,

    /* U+2260 "≠" */
    0x0, 0x0, 0x0, 0x10, 0x0, 0x0, 0x0, 0xd6,
    0x3, 0x33, 0x3a, 0xd3, 0x4f, 0xff, 0xff, 0xfe,
    0x0, 0x3, 0xf3, 0x0, 0x15, 0x5d, 0xc5, 0x55,
    0x3d, 0xfe, 0xdd, 0xdb, 0x7, 0xe1, 0x0, 0x0,
    0xa, 0x30, 0x0, 0x0,

    /* U+2261 "≡" */
    0x13, 0x33, 0x33, 0x33, 0x4e, 0xee, 0xee, 0xed,
    0x0, 0x0, 0x0, 0x0, 0x4f, 0xff, 0xff, 0xfe,
    0x3, 0x33, 0x33, 0x32, 0x14, 0x44, 0x44, 0x43,
    0x4e, 0xee, 0xee, 0xed,

    /* U+2262 "≢" */
    0x0, 0x0, 0x2, 0x20, 0x13, 0x33, 0x3b, 0x93,
    0x4e, 0xee, 0xff, 0xed, 0x0, 0x0, 0xb7, 0x0,
    0x4f, 0xff, 0xff, 0xfe, 0x3, 0x3c, 0x93, 0x32,
    0x14, 0x4f, 0x64, 0x43, 0x4e, 0xff, 0xee, 0xed,
    0x0, 0xd3, 0x0, 0x0, 0x0, 0x0, 0x0, 0x0,

    /* U+2263 "≣" */
    0x4d, 0xdd, 0xdd, 0xdc, 0x15, 0x55, 0x55, 0x54,
    0x2, 0x22, 0x22, 0x22, 0x4f, 0xff, 0xff, 0xfe,
    0x0, 0x0, 0x0, 0x0, 0x4e, 0xee, 0xee, 0xed,
    0x14, 0x44, 0x44, 0x44, 0x2, 0x22, 0x22, 0x22,
    0x4f, 0xff, 0xff, 0xfe,

    /* U+2264 "≤" */
    0x0, 0x0, 0x0, 0x4, 0x0, 0x1, 0x5a, 0xfd,
    0x16, 0xbf, 0xd8, 0x30, 0x4f, 0xe6, 0x0, 0x0,
    0x3, 0x8d, 0xfb, 0x61, 0x0, 0x0, 0x27, 0xce,
    0x2, 0x22, 0x22, 0x23, 0x4f, 0xff, 0xff, 0xfe,

    /* U+2265 "≥" */
    0x12, 0x0, 0x0, 0x0, 0x4f, 0xd8, 0x30, 0x0,
    0x1, 0x5a, 0xee, 0x94, 0x0, 0x0, 0x19, 0xfe,
    0x3, 0x8c, 0xfb, 0x61, 0x4f, 0xb6, 0x10, 0x0,
    0x13, 0x22, 0x22, 0x22, 0x4f, 0xff, 0xff, 0xfe,

    /* U+2266 "≦" */
    0x0, 0x0, 0x0, 0x0, 0x0, 0x0, 0x5, 0xad,
    0x1, 0x6b, 0xfd, 0x94, 0x4f, 0xe7, 0x20, 0x0,
    0x19, 0xef, 0xa6, 0x10, 0x0, 0x3, 0x8d, 0xfb,
    0x0, 0x0, 0x0, 0x26, 0x3d, 0xdd, 0xdd, 0xdc,
    0x15, 0x55, 0x55, 0x55, 0x4f, 0xff, 0xff, 0xfe,
    0x2, 0x22, 0x22, 0x22,

    /* U+2267 "≧" */
    0x0, 0x0, 0x0, 0x0, 0x4d, 0x83, 0x0, 0x0,
    0x6, 0xaf, 0xe9, 0x40, 0x0, 0x0, 0x49, 0xfe,
    0x0, 0x37, 0xcf, 0xc6, 0x3e, 0xfb, 0x61, 0x0,
    0x25, 0x0, 0x0, 0x0, 0x3d, 0xdd, 0xdd, 0xdc,
    0x15, 0x55, 0x55, 0x55, 0x4f, 0xff, 0xff, 0xfe,
    0x2, 0x22, 0x22, 0x22,

    /* U+2268 "≨" */
    0x0, 0x0, 0x0, 0x0, 0x0, 0x0, 0x5, 0xad,
    0x1, 0x6b, 0xfd, 0x94, 0x4f, 0xe7, 0x20, 0x0,
    0x19, 0xef, 0xa6, 0x10, 0x0, 0x3, 0x8d, 0xfb,
    0x0, 0x0, 0x6, 0x96, 0x3d, 0xdd, 0xdf, 0xec,
    0x15, 0x5a, 0xf7, 0x55, 0x4f, 0xff, 0xff, 0xfe,
    0x3, 0xe6, 0x22, 0x22, 0x0, 0x0, 0x0, 0x0,

    /* U+2269 "≩" */
    0x0, 0x0, 0x0, 0x0, 0x4d, 0x83, 0x0, 0x0,
    0x6, 0xaf, 0xe9, 0x40, 0x0, 0x0, 0x49, 0xfe,
    0x0, 0x37, 0xcf, 0xc6, 0x3e, 0xfb, 0x61, 0x0,
    0x25, 0x0, 0x6, 0x70, 0x3d, 0xdd, 0xdf, 0xec,
    0x15, 0x5a, 0xf7, 0x55, 0x4f, 0xff, 0xff, 0xfe,
    0x3, 0xe6, 0x22, 0x22, 0x0, 0x0, 0x0, 0x0,

    /* U+226D "≭" */
    0x0, 0x0, 0x3, 0x60, 0x0, 0x0, 0xc, 0x81,
    0x4e, 0x84, 0x5f, 0xce, 0x4, 0xae, 0xfd, 0x82,
    0x0, 0x4, 0xf1, 0x0, 0x1, 0x6d, 0xe9, 0x40,
    0x3f, 0xef, 0x69, 0xed, 0x22, 0xc8, 0x0, 0x4,
    0x1, 0xc1, 0x0, 0x0,

    /* U+226E "≮" */
    0x0, 0x0, 0xc, 0x10, 0x0, 0x0, 0x3e, 0x48,
    0x0, 0x1, 0xaf, 0xe7, 0x4, 0xbf, 0xf6, 0x0,
    0x6f, 0xa4, 0xf0, 0x0, 0x18, 0xee, 0xd1, 0x0,
    0x0, 0xd, 0xdf, 0xb4, 0x0, 0x1f, 0x11, 0x8b,
    0x0, 0x5b, 0x0, 0x0, 0x0, 0x1, 0x0, 0x0,

    /* U+226F "≯" */
    0x0, 0x0, 0x3b, 0x0, 0x47, 0x10, 0x89, 0x0,
    0x3c, 0xfa, 0xe4, 0x0, 0x0, 0x29, 0xfd, 0x71,
    0x0, 0x7, 0xa5, 0xed, 0x0, 0xc, 0xdf, 0xb4,
    0x18, 0xef, 0x81, 0x0, 0x6b, 0xab, 0x0, 0x0,
    0x0, 0xb6, 0x0, 0x0, 0x0, 0x0, 0x0, 0x0,

    /* U+2270 "≰" */
    0x0, 0x0, 0x8, 0x30, 0x0, 0x0, 0xf, 0x34,
    0x0, 0x1, 0x8f, 0xfd, 0x16, 0xbf, 0xfb, 0x30,
    0x4f, 0xe6, 0xf3, 0x0, 0x3, 0x8e, 0xfb, 0x61,
    0x0, 0xa, 0xa7, 0xce, 0x2, 0x2f, 0x62, 0x23,
    0x4f, 0xff, 0xff, 0xfe, 0x0, 0xa9, 0x0, 0x0,
    0x0, 0x63, 0x0, 0x0,

    /* U+2271 "≱" */
    0x0, 0x0, 0x48, 0x0, 0x12, 0x0, 0x99, 0x0,
    0x4f, 0xd8, 0xe4, 0x0, 0x1, 0x5b, 0xfe, 0x94,
    0x0, 0x9, 0xb9, 0xfe, 0x3, 0x8e, 0xfb, 0x61,
    0x4f, 0xdf, 0x10, 0x0, 0x13, 0x9b, 0x22, 0x22,
    0x4f, 0xff, 0xff, 0xfe, 0x3, 0xf0, 0x0, 0x0,
    0x2, 0x60, 0x0, 0x0,

    /* U+2272 "≲" */
    0x0, 0x0, 0x0, 0x4, 0x0, 0x1, 0x6b, 0xfd,
    0x17, 0xcf, 0xc7, 0x30, 0x4f, 0xe6, 0x0, 0x0,
    0x3, 0x8d, 0xfb, 0x72, 0x0, 0x0, 0x27, 0xce,
    0x6, 0xa9, 0x40, 0x7, 0x4c, 0x79, 0xee, 0xfb,
    0x0, 0x0, 0x3, 0x20,

    /* U+2273 "≳" */
    0x23, 0x0, 0x0, 0x0, 0x3f, 0xe9, 0x40, 0x0,
    0x0, 0x59, 0xef, 0xa5, 0x0, 0x0, 0x29, 0xfe,
    0x4, 0x8d, 0xfb, 0x61, 0x4f, 0xa5, 0x0, 0x0,
    0x16, 0xa9, 0x40, 0x5, 0x4c, 0x79, 0xee, 0xfb,
    0x0, 0x0, 0x3, 0x20,

    /* U+2274 "≴" */
    0x0, 0x0, 0x8, 0x40, 0x0, 0x0, 0xf, 0x44,
    0x0, 0x1, 0x8f, 0xfd, 0x17, 0xcf, 0xfb, 0x30,
    0x4f, 0xe6, 0xf3, 0x0, 0x3, 0x8d, 0xfb, 0x72,
    0x0, 0xa, 0xa7, 0xce, 0x5, 0xaf, 0x70, 0x7,
    0x4c, 0xbf, 0xee, 0xfb, 0x0, 0xa9, 0x3, 0x20,
    0x0, 0x53, 0x0, 0x0,

    /* U+2275 "≵" */
    0x0, 0x0, 0x48, 0x0, 0x23, 0x0, 0x99, 0x0,
    0x3f, 0xe9, 0xe4, 0x0, 0x0, 0x5b, 0xfe, 0xa5,
    0x0, 0x9, 0xb9, 0xfe, 0x4, 0x8f, 0xfb, 0x61,
    0x4f, 0xcf, 0x0, 0x0, 0x6, 0xcd, 0x40, 0x5,
    0x4c, 0xfb, 0xee, 0xfb, 0x3, 0xf0, 0x3, 0x20,
    0x2, 0x60, 0x0, 0x0,

    /* U+2276 "≶" */
    0x0, 0x0, 0x0, 0x4, 0x0, 0x1, 0x5a, 0xfd,
    0x16, 0xbf, 0xc8, 0x30, 0x4f, 0xe6, 0x0, 0x0,
    0x16, 0x8d, 0xfb, 0x61, 0x4f, 0xd8, 0x67, 0xce,
    0x1, 0x5a, 0xee, 0x96, 0x0, 0x0, 0x19, 0xfe,
    0x3, 0x8d, 0xfb, 0x61, 0x4f, 0xa5, 0x10, 0x0,
    0x0, 0x0, 0x0, 0x0,

    /* U+2277 "≷" */
    0x13, 0x0, 0x0, 0x0, 0x4f, 0xd9, 0x40, 0x0,
    0x0, 0x59, 0xee, 0xa4, 0x0, 0x0, 0x19, 0xfe,
    0x3, 0x8d, 0xfb, 0x76, 0x4f, 0xa6, 0x6a, 0xfd,
    0x17, 0xbf, 0xd8, 0x30, 0x4f, 0xe6, 0x0, 0x0,
    0x3, 0x8d, 0xfb, 0x61, 0x0, 0x0, 0x27, 0xce,
    0x0, 0x0, 0x0, 0x1,

    /* U+2278 "≸" */
    0x0, 0x0, 0x7, 0x80, 0x0, 0x0, 0xc, 0x74,
    0x0, 0x1, 0x6f, 0xfd, 0x16, 0xbf, 0xfd, 0x30,
    0x4f, 0xe6, 0xb7, 0x0, 0x16, 0x8d, 0xfc, 0x61,
    0x4f, 0xdb, 0xe7, 0xce, 0x1, 0x5d, 0xfe, 0x96,
    0x0, 0xe, 0x69, 0xfe, 0x3, 0x9f, 0xfb, 0x61,
    0x4f, 0xeb, 0x10, 0x0, 0x0, 0xd5, 0x0, 0x0,
    0x0, 0x91, 0x0, 0x0,

    /* U+2279 "≹" */
    0x0, 0x0, 0x7, 0x80, 0x13, 0x0, 0xc, 0x60,
    0x4f, 0xd9, 0x5f, 0x10, 0x0, 0x5a, 0xef, 0xa4,
    0x0, 0x0, 0xbe, 0xfe, 0x3, 0x8d, 0xfb, 0x76,
    0x4f, 0xaa, 0xfa, 0xfd, 0x17, 0xbf, 0xd8, 0x30,
    0x4f, 0xef, 0x40, 0x0, 0x3, 0xaf, 0xfb, 0x61,
    0x0, 0x8a, 0x27, 0xce, 0x0, 0xd5, 0x0, 0x1,
    0x0, 0x91, 0x0, 0x0,

    /* U+227A "≺" */
    0x0, 0x0, 0x0, 0x0, 0x0, 0x0, 0x0, 0x8,
    0x0, 0x0, 0x0, 0xab, 0x0, 0x0, 0x4d, 0xc0,
    0x3, 0x7d, 0xf7, 0x0, 0x6f, 0xf8, 0x10, 0x0,
    0x17, 0xbf, 0xb3, 0x0, 0x0, 0x1, 0x8f, 0x80,
    0x0, 0x0, 0x3, 0xd9, 0x0, 0x0, 0x0, 0x1a,
    0x0, 0x0, 0x0, 0x0,

    /* U+227B "≻" */
    0x0, 0x0, 0x0, 0x0, 0x52, 0x0, 0x0, 0x0,
    0x4e, 0x30, 0x0, 0x0, 0x6, 0xf8, 0x10, 0x0,
    0x0, 0x3c, 0xf9, 0x50, 0x0, 0x0, 0x4d, 0xfd,
    0x0, 0x18, 0xfd, 0x84, 0x3, 0xec, 0x40, 0x0,
    0x3e, 0x70, 0x0, 0x0, 0x65, 0x0, 0x0, 0x0,
    0x0, 0x0, 0x0, 0x0,

    /* U+227C "≼" */
    0x0, 0x0, 0x0, 0x7, 0x0, 0x0, 0x1, 0xad,
    0x0, 0x1, 0x7e, 0xd2, 0x17, 0xbf, 0xe7, 0x0,
    0x4f, 0xfc, 0x40, 0x0, 0x1, 0x4a, 0xfd, 0x30,
    0x3a, 0x71, 0x1a, 0xf7, 0x2a, 0xef, 0xa1, 0x4e,
    0x0, 0x5, 0xdf, 0x42, 0x0, 0x0, 0x8, 0xf6,
    0x0, 0x0, 0x0, 0x5e, 0x0, 0x0, 0x0, 0x4,

    /* U+227D "≽" */
    0x34, 0x0, 0x0, 0x0, 0x3f, 0x60, 0x0, 0x0,
    0x6, 0xfc, 0x40, 0x0, 0x0, 0x2a, 0xfe, 0x95,
    0x0, 0x1, 0x7f, 0xfe, 0x0, 0x7f, 0xe7, 0x30,
    0x1c, 0xe6, 0x3, 0x8b, 0x4c, 0x14, 0xdf, 0xd8,
    0x10, 0x9f, 0x92, 0x0, 0xb, 0xe3, 0x0, 0x0,
    0x4d, 0x10, 0x0, 0x0, 0x21, 0x0, 0x0, 0x0,

    /* U+227E "≾" */
    0x0, 0x0, 0x0, 0x6, 0x0, 0x0, 0x0, 0x9e,
    0x0, 0x0, 0x6e, 0xe3, 0x16, 0xae, 0xf8, 0x0,
    0x4f, 0xfc, 0x30, 0x0, 0x2, 0x5b, 0xfc, 0x20,
    0x0, 0x0, 0x2b, 0xf6, 0x0, 0x0, 0x0, 0x6e,
    0x0, 0x10, 0x0, 0x3, 0x2c, 0xff, 0xa5, 0x6c,
    0x35, 0x12, 0x8c, 0xb5,

    /* U+227F "≿" */
    0x33, 0x0, 0x0, 0x0, 0x4f, 0x50, 0x0, 0x0,
    0x7, 0xfb, 0x30, 0x0, 0x0, 0x3b, 0xfd, 0x84,
    0x0, 0x0, 0x7f, 0xfe, 0x0, 0x6e, 0xe9, 0x40,
    0xb, 0xf7, 0x0, 0x0, 0x4d, 0x20, 0x0, 0x0,
    0x21, 0x10, 0x0, 0x0, 0x2c, 0xff, 0xa5, 0x6c,
    0x35, 0x12, 0x8c, 0xb5,

    /* U+2280 "⊀" */
    0x0, 0x0, 0x7, 0x60, 0x0, 0x0, 0xd, 0x67,
    0x0, 0x0, 0x1f, 0xbb, 0x0, 0x0, 0x7f, 0xc1,
    0x3, 0x7d, 0xf9, 0x0, 0x6f, 0xf9, 0xf2, 0x0,
    0x17, 0xcf, 0xf3, 0x0, 0x0, 0xa, 0xdf, 0x80,
    0x0, 0xe, 0x43, 0xd9, 0x0, 0x4f, 0x0, 0x1a,
    0x0, 0x7a, 0x0, 0x0, 0x0, 0x0, 0x0, 0x0,

    /* U+2281 "⊁" */
    0x0, 0x0, 0x2b, 0x0, 0x53, 0x0, 0x7b, 0x0,
    0x4e, 0x30, 0xc6, 0x0, 0x6, 0xf9, 0xf1, 0x0,
    0x0, 0x3d, 0xfa, 0x50, 0x0, 0xb, 0xbd, 0xfc,
    0x0, 0x1f, 0xfd, 0x83, 0x3, 0xee, 0x30, 0x0,
    0x3e, 0xe9, 0x0, 0x0, 0x64, 0xe4, 0x0, 0x0,
    0x2, 0xe0, 0x0, 0x0, 0x0, 0x0, 0x0, 0x0,

    /* U+2282 "⊂" */
    0x0, 0x7c, 0xee, 0xed, 0x9, 0xc4, 0x22, 0x22,
    0x1f, 0x10, 0x0, 0x0, 0x3c, 0x0, 0x0, 0x0,
    0x1e, 0x0, 0x0, 0x0, 0xa, 0xb2, 0x11, 0x11,
    0x0, 0x8e, 0xff, 0xfe,

    /* U+2283 "⊃" */
    0x5e, 0xee, 0xdb, 0x30, 0x2, 0x22, 0x26, 0xf2,
    0x0, 0x0, 0x0, 0x7a, 0x0, 0x0, 0x0, 0x3c,
    0x0, 0x0, 0x0, 0x6a, 0x1, 0x11, 0x15, 0xf3,
    0x5f, 0xff, 0xfc, 0x40,

    /* U+2284 "⊄" */
    0x0, 0x0, 0x3, 0x0, 0x0, 0x0, 0xe, 0x40,
    0x0, 0x6c, 0xef, 0xed, 0x9, 0xc4, 0xaa, 0x22,
    0x1f, 0x10, 0xe5, 0x0, 0x3c, 0x3, 0xf0, 0x0,
    0x1f, 0x8, 0xa0, 0x0, 0x9, 0xbe, 0x61, 0x11,
    0x0, 0xaf, 0xff, 0xfe, 0x0, 0x8a, 0x0, 0x0,
    0x0, 0x22, 0x0, 0x0,

    /* U+2285 "⊅" */
    0x0, 0x0, 0x3, 0x0, 0x0, 0x0, 0x1f, 0x20,
    0x5e, 0xee, 0xef, 0x30, 0x2, 0x22, 0xdb, 0xe2,
    0x0, 0x1, 0xf2, 0x7a, 0x0, 0x6, 0xd0, 0x3c,
    0x0, 0xb, 0x70, 0x7a, 0x2, 0x2f, 0x56, 0xf3,
    0x5e, 0xff, 0xeb, 0x30, 0x0, 0xb7, 0x0, 0x0,
    0x0, 0x21, 0x0, 0x0,

    /* U+2286 "⊆" */
    0x0, 0x8e, 0xff, 0xfe, 0xa, 0xc2, 0x11, 0x11,
    0x1e, 0x10, 0x0, 0x0, 0x3c, 0x0, 0x0, 0x0,
    0x1e, 0x0, 0x0, 0x0, 0xa, 0xb2, 0x11, 0x10,
    0x0, 0x8e, 0xff, 0xfe, 0x2, 0x22, 0x22, 0x22,
    0x4f, 0xff, 0xff, 0xff,

    /* U+2287 "⊇" */
    0x4f, 0xff, 0xfc, 0x50, 0x1, 0x11, 0x14, 0xe4,
    0x0, 0x0, 0x0, 0x5c, 0x0, 0x0, 0x0, 0x2e,
    0x0, 0x0, 0x0, 0x5c, 0x1, 0x11, 0x14, 0xe4,
    0x4f, 0xff, 0xfc, 0x50, 0x2, 0x22, 0x22, 0x22,
    0x4f, 0xff, 0xff, 0xfe,

    /* U+2288 "⊈" */
    0x0, 0x0, 0x2, 0x20, 0x0, 0x0, 0xa, 0x80,
    0x0, 0x8e, 0xff, 0xfe, 0xa, 0xb2, 0x5e, 0x11,
    0x2e, 0x0, 0x99, 0x0, 0x4c, 0x0, 0xe4, 0x0,
    0x2f, 0x3, 0xf0, 0x0, 0xa, 0xb9, 0xb1, 0x10,
    0x0, 0x9f, 0xff, 0xfe, 0x2, 0x5f, 0x32, 0x22,
    0x4f, 0xff, 0xff, 0xfe, 0x0, 0xe4, 0x0, 0x0,
    0x0, 0x40, 0x0, 0x0,

    /* U+2289 "⊉" */
    0x0, 0x0, 0x2, 0x20, 0x0, 0x0, 0xa, 0x80,
    0x4f, 0xff, 0xff, 0x70, 0x1, 0x11, 0x5e, 0xe4,
    0x0, 0x0, 0x99, 0x5b, 0x0, 0x0, 0xe4, 0x2e,
    0x0, 0x4, 0xe0, 0x5b, 0x2, 0x29, 0xb5, 0xf3,
    0x4d, 0xdf, 0xdb, 0x30, 0x2, 0x5f, 0x22, 0x22,
    0x4f, 0xff, 0xff, 0xfe, 0x0, 0xe4, 0x0, 0x0,
    0x0, 0x40, 0x0, 0x0,

    /* U+228A "⊊" */
    0x0, 0x8e, 0xff, 0xfe, 0xa, 0xb2, 0x11, 0x11,
    0x2e, 0x0, 0x0, 0x0, 0x4c, 0x0, 0x0, 0x0,
    0x2e, 0x0, 0x0, 0x0, 0xa, 0xb2, 0x11, 0x10,
    0x0, 0x8e, 0xff, 0xfe, 0x2, 0x22, 0x9d, 0x22,
    0x4f, 0xff, 0xff, 0xfe, 0x0, 0x3f, 0x30, 0x0,
    0x0, 0x2, 0x0, 0x0,

    /* U+228B "⊋" */
    0x4f, 0xff, 0xfc, 0x50, 0x1, 0x11, 0x14, 0xe4,
    0x0, 0x0, 0x0, 0x5c, 0x0, 0x0, 0x0, 0x2e,
    0x0, 0x0, 0x0, 0x5c, 0x1, 0x11, 0x14, 0xe4,
    0x4f, 0xff, 0xfd, 0x40, 0x2, 0x22, 0xad, 0x22,
    0x4f, 0xff, 0xff, 0xfe, 0x0, 0x3f, 0x30, 0x0,
    0x0, 0x2, 0x0, 0x0,

    /* U+228D "⊍" */
    0x1c, 0x0, 0x0, 0xa3, 0x1f, 0x10, 0x0, 0xd5,
    0x1f, 0x10, 0x0, 0xd5, 0x1f, 0x10, 0x0, 0xd5,
    0x1f, 0x14, 0x80, 0xd5, 0x1f, 0x17, 0xd0, 0xd4,
    0xf, 0x20, 0x0, 0xf3, 0xd, 0x90, 0x6, 0xf1,
    0x4, 0xef, 0xff, 0x60, 0x0, 0x2, 0x20, 0x0,

    /* U+228E "⊎" */
    0x9, 0x0, 0x0, 0x72, 0x1f, 0x10, 0x0, 0xd5,
    0x1f, 0x10, 0x0, 0xd5, 0x1f, 0x10, 0x10, 0xd5,
    0x1f, 0x10, 0xb0, 0xd5, 0x1f, 0x4b, 0xe6, 0xd4,
    0xf, 0x20, 0xa0, 0xf4, 0xd, 0x90, 0x6, 0xf1,
    0x4, 0xef, 0xff, 0x60, 0x0, 0x2, 0x20, 0x0,

    /* U+228F "⊏" */
    0x3f, 0xff, 0xff, 0xff, 0x3f, 0x33, 0x33, 0x33,
    0x3e, 0x0, 0x0, 0x0, 0x3e, 0x0, 0x0, 0x0,
    0x3e, 0x0, 0x0, 0x0, 0x3e, 0x0, 0x0, 0x0,
    0x3f, 0xff, 0xff, 0xff, 0x3, 0x33, 0x33, 0x32,

    /* U+2290 "⊐" */
    0x4f, 0xff, 0xff, 0xfe, 0x13, 0x33, 0x33, 0x6e,
    0x0, 0x0, 0x0, 0x3e, 0x0, 0x0, 0x0, 0x3e,
    0x0, 0x0, 0x0, 0x3e, 0x0, 0x0, 0x0, 0x3e,
    0x4f, 0xff, 0xff, 0xfe, 0x3, 0x33, 0x33, 0x32,

    /* U+2291 "⊑" */
    0x3e, 0xee, 0xee, 0xee, 0x3f, 0x44, 0x44, 0x44,
    0x3e, 0x0, 0x0, 0x0, 0x3e, 0x0, 0x0, 0x0,
    0x3e, 0x0, 0x0, 0x0, 0x3f, 0x55, 0x55, 0x55,
    0x3e, 0xee, 0xee, 0xed, 0x3, 0x33, 0x33, 0x33,
    0x3f, 0xff, 0xff, 0xff,

    /* U+2292 "⊒" */
    0x4e, 0xee, 0xee, 0xed, 0x14, 0x44, 0x44, 0x7e,
    0x0, 0x0, 0x0, 0x3e, 0x0, 0x0, 0x0, 0x3e,
    0x0, 0x0, 0x0, 0x3e, 0x15, 0x55, 0x55, 0x7e,
    0x4e, 0xee, 0xee, 0xec, 0x13, 0x33, 0x33, 0x33,
    0x4f, 0xff, 0xff, 0xfe,

    /* U+2293 "⊓" */
    0x3f, 0xff, 0xff, 0xfe, 0x4f, 0x33, 0x33, 0x6e,
    0x4e, 0x0, 0x0, 0x3e, 0x4e, 0x0, 0x0, 0x3e,
    0x4e, 0x0, 0x0, 0x3e, 0x4e, 0x0, 0x0, 0x3e,
    0x4e, 0x0, 0x0, 0x3e, 0x4e, 0x0, 0x0, 0x3e,
    0x3c, 0x0, 0x0, 0x3c,

    /* U+2294 "⊔" */
    0x3b, 0x0, 0x0, 0x2b, 0x4e, 0x0, 0x0, 0x3e,
    0x4e, 0x0, 0x0, 0x3e, 0x4e, 0x0, 0x0, 0x3e,
    0x4e, 0x0, 0x0, 0x3e, 0x4e, 0x0, 0x0, 0x3e,
    0x4e, 0x0, 0x0, 0x3e, 0x4e, 0x22, 0x22, 0x5e,
    0x4f, 0xff, 0xff, 0xfe,

    /* U+2295 "⊕" */
    0x0, 0x0, 0x0, 0x0, 0x0, 0x7, 0xef, 0xe5,
    0x0, 0x9, 0xb2, 0xb2, 0xc6, 0x1, 0xe0, 0xe,
    0x2, 0xe0, 0x3c, 0xde, 0xfe, 0xbe, 0x11, 0xe1,
    0x1e, 0x2, 0xe0, 0x9, 0xa1, 0xc1, 0xc7, 0x0,
    0x8, 0xfd, 0xe7, 0x0, 0x0, 0x0, 0x10, 0x0,
    0x0,

    /* U+2296 "⊖" */
    0x0, 0x0, 0x0, 0x0, 0x0, 0x7, 0xef, 0xe5,
    0x0, 0x9, 0xb1, 0x2, 0xc6, 0x1, 0xe0, 0x0,
    0x2, 0xe0, 0x3c, 0xde, 0xee, 0xbe, 0x11, 0xe1,
    0x0, 0x2, 0xe0, 0x9, 0xa0, 0x1, 0xc7, 0x0,
    0x8, 0xfd, 0xe7, 0x0, 0x0, 0x0, 0x10, 0x0,
    0x0,

    /* U+2297 "⊗" */
    0x0, 0x0, 0x0, 0x0, 0x0, 0x7, 0xef, 0xe5,
    0x0, 0x9, 0xc3, 0x4, 0xd6, 0x1, 0xe5, 0xd5,
    0xe5, 0xe0, 0x3c, 0x7, 0xf6, 0xe, 0x11, 0xe4,
    0xe7, 0xe4, 0xe0, 0x9, 0xb3, 0x4, 0xc7, 0x0,
    0x8, 0xfd, 0xe7, 0x0, 0x0, 0x0, 0x10, 0x0,
    0x0,

    /* U+2298 "⊘" */
    0x0, 0x0, 0x0, 0x0, 0x0, 0x7, 0xef, 0xe5,
    0x0, 0x9, 0xb1, 0x4, 0xd6, 0x1, 0xe0, 0x3,
    0xe4, 0xe0, 0x3c, 0x3, 0xe3, 0xe, 0x11, 0xe4,
    0xe3, 0x1, 0xe0, 0x9, 0xb3, 0x1, 0xc7, 0x0,
    0x8, 0xfd, 0xe7, 0x0, 0x0, 0x0, 0x10, 0x0,
    0x0,

    /* U+2299 "⊙" */
    0x0, 0x0, 0x0, 0x0, 0x0, 0x7, 0xef, 0xe5,
    0x0, 0x9, 0xb1, 0x2, 0xc6, 0x1, 0xe0, 0x12,
    0x2, 0xe0, 0x3c, 0xa, 0xf1, 0xe, 0x11, 0xe0,
    0x9f, 0x11, 0xe0, 0x9, 0xa0, 0x1, 0xc7, 0x0,
    0x8, 0xfd, 0xe7, 0x0, 0x0, 0x0, 0x10, 0x0,
    0x0,

    /* U+229A "⊚" */
    0x0, 0x6d, 0xfc, 0x40, 0x0, 0x8c, 0x31, 0x3d,
    0x50, 0x1e, 0x2c, 0xdb, 0x3e, 0x3, 0xc5, 0x90,
    0xc2, 0xe0, 0x1e, 0x2d, 0x9d, 0x2e, 0x0, 0xaa,
    0x24, 0x2c, 0x70, 0x0, 0x8f, 0xde, 0x70, 0x0,
    0x0, 0x1, 0x0, 0x0,

    /* U+229B "⊛" */
    0x0, 0x0, 0x0, 0x0, 0x0, 0x7, 0xef, 0xe5,
    0x0, 0x8, 0xb1, 0xc2, 0xd6, 0x1, 0xec, 0x5c,
    0x6c, 0xe0, 0x3c, 0xa, 0xf8, 0xe, 0x11, 0xea,
    0x9d, 0x99, 0xe0, 0xb, 0xa0, 0xc0, 0xc8, 0x0,
    0xa, 0xdf, 0xe9, 0x0, 0x0, 0x2, 0x41, 0x0,
    0x0,

    /* U+229C "⊜" */
    0x0, 0x0, 0x0, 0x0, 0x0, 0x7, 0xef, 0xe5,
    0x0, 0x9, 0xb1, 0x2, 0xc6, 0x1, 0xe7, 0x99,
    0x97, 0xe0, 0x3c, 0x12, 0x22, 0x1e, 0x11, 0xe8,
    0xbb, 0xb8, 0xe0, 0x9, 0xa0, 0x1, 0xc7, 0x0,
    0x8, 0xfd, 0xe7, 0x0, 0x0, 0x0, 0x10, 0x0,
    0x0,

    /* U+229D "⊝" */
    0x0, 0x0, 0x0, 0x0, 0x0, 0x7, 0xef, 0xe5,
    0x0, 0x9, 0xb1, 0x2, 0xc6, 0x1, 0xe0, 0x0,
    0x2, 0xe0, 0x3c, 0xd, 0xeb, 0xe, 0x11, 0xe0,
    0x0, 0x1, 0xe0, 0x9, 0xa0, 0x1, 0xc7, 0x0,
    0x8, 0xfd, 0xe7, 0x0, 0x0, 0x0, 0x10, 0x0,
    0x0,

    /* U+229E "⊞" */
    0x3f, 0xff, 0xff, 0xff, 0x13, 0xb0, 0xd, 0x0,
    0xe1, 0x3b, 0x0, 0xe0, 0xe, 0x13, 0xee, 0xef,
    0xee, 0xe1, 0x3b, 0x1, 0xe0, 0xe, 0x13, 0xb0,
    0xe, 0x0, 0xe1, 0x3f, 0xee, 0xee, 0xef, 0x10,
    0x11, 0x11, 0x11, 0x10,

    /* U+229F "⊟" */
    0x3f, 0xff, 0xff, 0xff, 0x13, 0xb0, 0x0, 0x0,
    0xe1, 0x3b, 0x0, 0x0, 0xe, 0x13, 0xbd, 0xee,
    0xeb, 0xe1, 0x3b, 0x0, 0x0, 0xe, 0x13, 0xb0,
    0x0, 0x0, 0xe1, 0x3f, 0xee, 0xee, 0xef, 0x10,
    0x11, 0x11, 0x11, 0x10,

    /* U+22A0 "⊠" */
    0x3f, 0xff, 0xff, 0xff, 0x13, 0xb9, 0x10, 0x38,
    0xe1, 0x3b, 0x5d, 0x5e, 0x3e, 0x13, 0xb0, 0x8f,
    0x50, 0xe1, 0x3b, 0x4e, 0x6e, 0x2e, 0x13, 0xba,
    0x20, 0x38, 0xe1, 0x3f, 0xee, 0xee, 0xef, 0x10,
    0x11, 0x11, 0x11, 0x10,

    /* U+22A1 "⊡" */
    0x3f, 0xff, 0xff, 0xff, 0x13, 0xb0, 0x0, 0x0,
    0xe1, 0x3b, 0x1, 0x20, 0xe, 0x13, 0xb0, 0xaf,
    0x10, 0xe1, 0x3b, 0x9, 0xf1, 0xe, 0x13, 0xb0,
    0x0, 0x0, 0xe1, 0x3f, 0xee, 0xee, 0xef, 0x10,
    0x11, 0x11, 0x11, 0x10,

    /* U+22A2 "⊢" */
    0x2b, 0x0, 0x0, 0x0, 0x3e, 0x0, 0x0, 0x0,
    0x3e, 0x0, 0x0, 0x0, 0x3e, 0x0, 0x0, 0x0,
    0x3f, 0xff, 0xff, 0xff, 0x3e, 0x33, 0x33, 0x33,
    0x3e, 0x0, 0x0, 0x0, 0x3e, 0x0, 0x0, 0x0,
    0x3e, 0x0, 0x0, 0x0,

    /* U+22A3 "⊣" */
    0x0, 0x0, 0x0, 0x2b, 0x0, 0x0, 0x0, 0x3e,
    0x0, 0x0, 0x0, 0x3e, 0x0, 0x0, 0x0, 0x3e,
    0x4f, 0xff, 0xff, 0xfe, 0x3, 0x33, 0x33, 0x6e,
    0x0, 0x0, 0x0, 0x3e, 0x0, 0x0, 0x0, 0x3e,
    0x0, 0x0, 0x0, 0x3e,

    /* U+22A4 "⊤" */
    0x4f, 0xff, 0xff, 0xfe, 0x13, 0x36, 0xe3, 0x33,
    0x0, 0x4, 0xe0, 0x0, 0x0, 0x4, 0xe0, 0x0,
    0x0, 0x4, 0xe0, 0x0, 0x0, 0x4, 0xe0, 0x0,
    0x0, 0x4, 0xe0, 0x0, 0x0, 0x4, 0xe0, 0x0,
    0x0, 0x3, 0xb0, 0x0,

    /* U+22B2 "⊲" */
    0x0, 0x0, 0x0, 0x39, 0x0, 0x1, 0x7d, 0xfe,
    0x4, 0xaf, 0xb5, 0x4e, 0x4f, 0xb1, 0x0, 0x3e,
    0x17, 0xed, 0x71, 0x3e, 0x0, 0x4, 0xaf, 0xde,
    0x0, 0x0, 0x1, 0x7c, 0x0, 0x0, 0x0, 0x0,

    /* U+22B3 "⊳" */
    0x28, 0x20, 0x0, 0x0, 0x3f, 0xfb, 0x50, 0x0,
    0x3e, 0x17, 0xde, 0x82, 0x3e, 0x0, 0x4, 0xdf,
    0x3e, 0x3, 0x9e, 0xc5, 0x3f, 0xde, 0x82, 0x0,
    0x3b, 0x50, 0x0, 0x0, 0x0, 0x0, 0x0, 0x0,

    /* U+22B4 "⊴" */
    0x0, 0x0, 0x0, 0x4, 0x0, 0x1, 0x5a, 0xfe,
    0x16, 0xbf, 0xd8, 0x6e, 0x4f, 0xe6, 0x0, 0x3e,
    0x3, 0x8d, 0xfb, 0x9e, 0x0, 0x0, 0x27, 0xce,
    0x2, 0x22, 0x22, 0x23, 0x4f, 0xff, 0xff, 0xfe,

    /* U+22B5 "⊵" */
    0x13, 0x0, 0x0, 0x0, 0x3f, 0xe9, 0x40, 0x0,
    0x3e, 0x59, 0xee, 0xa5, 0x3e, 0x0, 0x18, 0xff,
    0x3f, 0x7c, 0xfc, 0x72, 0x3f, 0xb6, 0x10, 0x0,
    0x13, 0x22, 0x22, 0x22, 0x3f, 0xff, 0xff, 0xff,

    /* U+22B8 "⊸" */
    0x0, 0x0, 0x0, 0x10, 0x0, 0x0, 0x4, 0xee,
    0x80, 0xbc, 0xcc, 0xe5, 0xf, 0x15, 0x66, 0x6b,
    0xa5, 0xe0, 0x0, 0x0, 0x19, 0xa3, 0x0,

    /* U+22C2 "⋂" */
    0x0, 0x8b, 0xc9, 0x10, 0xa, 0xd6, 0x5c, 0xd0,
    0xf, 0x40, 0x1, 0xf3, 0x1f, 0x10, 0x0, 0xe4,
    0x1f, 0x10, 0x0, 0xd5, 0x1f, 0x10, 0x0, 0xd5,
    0x1f, 0x10, 0x0, 0xd5, 0x1f, 0x10, 0x0, 0xd5,
    0x1f, 0x10, 0x0, 0xd5, 0x1f, 0x10, 0x0, 0xd5,
    0x1f, 0x10, 0x0, 0xd5, 0x1f, 0x10, 0x0, 0xd5,
    0x1f, 0x10, 0x0, 0xd5, 0x1c, 0x0, 0x0, 0xa3,

    /* U+22C3 "⋃" */
    0x6, 0x0, 0x0, 0x51, 0x1f, 0x10, 0x0, 0xd5,
    0x1f, 0x10, 0x0, 0xd5, 0x1f, 0x10, 0x0, 0xd5,
    0x1f, 0x10, 0x0, 0xd5, 0x1f, 0x10, 0x0, 0xd5,
    0x1f, 0x10, 0x0, 0xd5, 0x1f, 0x10, 0x0, 0xd5,
    0x1f, 0x10, 0x0, 0xd5, 0x1f, 0x10, 0x0, 0xd5,
    0x1f, 0x10, 0x0, 0xe4, 0xf, 0x20, 0x0, 0xf3,
    0xd, 0xa0, 0x7, 0xf0, 0x3, 0xef, 0xff, 0x60,
    0x0, 0x1, 0x10, 0x0,

    /* U+22C4 "⋄" */
    0x0, 0x3, 0x80, 0x0, 0x0, 0x3f, 0xf9, 0x0,
    0x3, 0xf7, 0x2e, 0x90, 0x1f, 0x90, 0x3, 0xf6,
    0x6, 0xf4, 0xc, 0xc0, 0x0, 0x6f, 0xcc, 0x0,
    0x0, 0x6, 0xc0, 0x0, 0x0, 0x0, 0x0, 0x0,

    /* U+22C5 "⋅" */
    0x9f, 0xa, 0xf0, 0x11, 0x0,

    /* U+22C6 "⋆" */
    0x0, 0x0, 0x0, 0x0, 0x17, 0x0, 0x7, 0xbe,
    0x92, 0x0, 0xdf, 0x50, 0x1, 0x95, 0x60, 0x0,
    0x0, 0x0,

    /* U+22CD "⋍" */
    0x23, 0x0, 0x6a, 0x82, 0x2e, 0xef, 0xc7, 0x8d,
    0x0, 0x32, 0x0, 0x0, 0x15, 0x55, 0x55, 0x55,
    0x3d, 0xdd, 0xdd, 0xdb,

    /* U+22CE "⋎" */
    0xa, 0x90, 0x0, 0x9, 0xa0, 0x1, 0xda, 0x0,
    0xad, 0x10, 0x0, 0x3f, 0x66, 0xf3, 0x0, 0x0,
    0xa, 0xdd, 0xa0, 0x0, 0x0, 0x4, 0xff, 0x40,
    0x0, 0x0, 0x0, 0xff, 0x0, 0x0, 0x0, 0x0,
    0xcc, 0x0, 0x0, 0x0, 0x0, 0xba, 0x0, 0x0,
    0x0, 0x0, 0x99, 0x0, 0x0,

    /* U+22CF "⋏" */
    0x0, 0x0, 0x49, 0x0, 0x0, 0x0, 0x0, 0x7d,
    0x0, 0x0, 0x0, 0x0, 0x8f, 0x0, 0x0, 0x0,
    0x0, 0xbf, 0x10, 0x0, 0x0, 0x0, 0xff, 0x60,
    0x0, 0x0, 0x5, 0xfc, 0xb0, 0x0, 0x0, 0xd,
    0xb5, 0xf4, 0x0, 0x0, 0x8e, 0x20, 0xad, 0x10,
    0x8, 0xe3, 0x0, 0xb, 0xd1,

    /* U+22D0 "⋐" */
    0x0, 0x2a, 0xef, 0xfc, 0x3, 0xfa, 0x43, 0x32,
    0xd, 0x70, 0x24, 0x43, 0x3f, 0x7, 0xfe, 0xeb,
    0x5c, 0xf, 0x30, 0x0, 0x4e, 0xe, 0x83, 0x33,
    0xe, 0x63, 0xde, 0xfc, 0x4, 0xf8, 0x32, 0x21,
    0x0, 0x2b, 0xff, 0xfd, 0x0, 0x0, 0x0, 0x0,

    /* U+22D1 "⋑" */
    0x7f, 0xfe, 0xc5, 0x0, 0x13, 0x33, 0x7e, 0x80,
    0x24, 0x43, 0x2, 0xf4, 0x6e, 0xef, 0xc0, 0x99,
    0x0, 0x0, 0xd5, 0x6b, 0x13, 0x34, 0xf4, 0x8a,
    0x7f, 0xfe, 0x71, 0xe4, 0x2, 0x22, 0x5e, 0x90,
    0x7f, 0xff, 0xd6, 0x0, 0x0, 0x0, 0x0, 0x0,

    /* U+22DA "⋚" */
    0x0, 0x0, 0x0, 0x4, 0x0, 0x1, 0x6b, 0xfd,
    0x17, 0xcf, 0xc7, 0x30, 0x4f, 0xe6, 0x0, 0x0,
    0x3, 0x8d, 0xfb, 0x72, 0x0, 0x0, 0x27, 0xce,
    0x3, 0x33, 0x33, 0x34, 0x4f, 0xff, 0xff, 0xfe,
    0x13, 0x0, 0x0, 0x0, 0x3f, 0xe9, 0x40, 0x0,
    0x0, 0x59, 0xee, 0xa4, 0x0, 0x0, 0x29, 0xfe,
    0x4, 0x8d, 0xfb, 0x61, 0x4f, 0xa5, 0x10, 0x0,
    0x0, 0x0, 0x0, 0x0,

    /* U+22DB "⋛" */
    0x23, 0x0, 0x0, 0x0, 0x3f, 0xe9, 0x40, 0x0,
    0x0, 0x49, 0xef, 0xa5, 0x0, 0x0, 0x29, 0xfe,
    0x4, 0x8d, 0xfb, 0x61, 0x4e, 0xa5, 0x0, 0x0,
    0x13, 0x33, 0x33, 0x32, 0x4f, 0xff, 0xff, 0xfe,
    0x0, 0x0, 0x0, 0x4, 0x0, 0x1, 0x6b, 0xfd,
    0x16, 0xcf, 0xc8, 0x30, 0x4f, 0xe6, 0x0, 0x0,
    0x3, 0x8d, 0xfb, 0x72, 0x0, 0x0, 0x27, 0xce,
    0x0, 0x0, 0x0, 0x1,

    /* U+22DC "⋜" */
    0x13, 0x33, 0x33, 0x33, 0x4f, 0xff, 0xff, 0xfe,
    0x0, 0x0, 0x0, 0x4, 0x0, 0x1, 0x6b, 0xfd,
    0x17, 0xcf, 0xc7, 0x30, 0x4f, 0xe6, 0x0, 0x0,
    0x3, 0x8d, 0xfb, 0x72, 0x0, 0x0, 0x27, 0xce,
    0x0, 0x0, 0x0, 0x1,

    /* U+22DD "⋝" */
    0x13, 0x33, 0x33, 0x33, 0x4f, 0xff, 0xff, 0xfe,
    0x13, 0x0, 0x0, 0x0, 0x3f, 0xe9, 0x40, 0x0,
    0x0, 0x49, 0xee, 0xa4, 0x0, 0x0, 0x29, 0xfe,
    0x4, 0x9d, 0xfb, 0x61, 0x4f, 0xa5, 0x0, 0x0,
    0x0, 0x0, 0x0, 0x0,

    /* U+22DE "⋞" */
    0x0, 0x0, 0x0, 0x7, 0x0, 0x0, 0x0, 0x8e,
    0x0, 0x0, 0x1b, 0xe3, 0x0, 0x28, 0xfc, 0x25,
    0x3e, 0xfd, 0x50, 0x8e, 0x27, 0x30, 0x4d, 0xe3,
    0x4, 0x8d, 0xf9, 0x10, 0x4f, 0xfc, 0x30, 0x0,
    0x3, 0x7c, 0xfb, 0x20, 0x0, 0x0, 0x3c, 0xf4,
    0x0, 0x0, 0x0, 0x7e, 0x0, 0x0, 0x0, 0x4,

    /* U+22DF "⋟" */
    0x33, 0x0, 0x0, 0x0, 0x4e, 0x30, 0x0, 0x0,
    0x7, 0xf7, 0x0, 0x0, 0x32, 0x6f, 0xd6, 0x0,
    0x4e, 0x31, 0x9f, 0xfc, 0x8, 0xf9, 0x20, 0x47,
    0x0, 0x3c, 0xfb, 0x62, 0x0, 0x0, 0x7f, 0xfe,
    0x0, 0x5d, 0xfa, 0x62, 0x9, 0xf8, 0x10, 0x0,
    0x4e, 0x30, 0x0, 0x0, 0x21, 0x0, 0x0, 0x0,

    /* U+22E0 "⋠" */
    0x0, 0x0, 0x1, 0xa0, 0x0, 0x0, 0x5, 0xd7,
    0x0, 0x0, 0xa, 0xfd, 0x0, 0x0, 0x7f, 0xd2,
    0x17, 0xbf, 0xfe, 0x0, 0x4f, 0xfd, 0xb9, 0x0,
    0x0, 0x4a, 0xfd, 0x40, 0x3a, 0x75, 0xf9, 0xf7,
    0x2a, 0xef, 0xd1, 0x4d, 0x0, 0xe, 0xee, 0x52,
    0x0, 0x2f, 0x18, 0xf6, 0x0, 0x7b, 0x0, 0x5e,
    0x0, 0xc6, 0x0, 0x3, 0x0, 0x51, 0x0, 0x0,

    /* U+22E1 "⋡" */
    0x0, 0x0, 0x6, 0x50, 0x34, 0x0, 0xc, 0x60,
    0x3f, 0x60, 0x1f, 0x10, 0x5, 0xfc, 0x9c, 0x0,
    0x0, 0x29, 0xfe, 0x95, 0x0, 0x1, 0xff, 0xfe,
    0x0, 0x7f, 0xe7, 0x20, 0x1b, 0xee, 0x83, 0x8a,
    0x4c, 0x2f, 0xff, 0xd8, 0x10, 0x9f, 0xa2, 0x0,
    0xb, 0xf9, 0x0, 0x0, 0x4d, 0xf4, 0x0, 0x0,
    0x25, 0xf0, 0x0, 0x0, 0x1, 0x50, 0x0, 0x0,

    /* U+22E2 "⋢" */
    0x0, 0x0, 0x3, 0xa0, 0x0, 0x0, 0x9, 0xa0,
    0x3f, 0xff, 0xff, 0xff, 0x3f, 0x33, 0x9d, 0x33,
    0x3e, 0x0, 0xc7, 0x0, 0x3e, 0x3, 0xf1, 0x0,
    0x3e, 0x9, 0xa0, 0x0, 0x3e, 0xf, 0x30, 0x0,
    0x3f, 0xff, 0xff, 0xff, 0x3, 0xe8, 0x33, 0x32,
    0x2, 0xe1, 0x0, 0x0, 0x0, 0x0, 0x0, 0x0,

    /* U+22E3 "⋣" */
    0x0, 0x0, 0x4, 0x90, 0x0, 0x0, 0xa, 0x90,
    0x4f, 0xff, 0xff, 0xfe, 0x13, 0x33, 0x9c, 0x6e,
    0x0, 0x0, 0xd6, 0x3e, 0x0, 0x4, 0xf0, 0x3e,
    0x0, 0xa, 0x90, 0x3e, 0x0, 0x1f, 0x30, 0x3e,
    0x4f, 0xff, 0xff, 0xfe, 0x3, 0xe7, 0x33, 0x32,
    0x2, 0xe0, 0x0, 0x0, 0x0, 0x0, 0x0, 0x0,

    /* U+22E4 "⋤" */
    0x4e, 0xee, 0xee, 0xed, 0x4e, 0x44, 0x44, 0x44,
    0x4d, 0x0, 0x0, 0x0, 0x4d, 0x0, 0x0, 0x0,
    0x4d, 0x0, 0x0, 0x0, 0x4e, 0x55, 0x55, 0x55,
    0x4e, 0xee, 0xef, 0xec, 0x13, 0x33, 0xbd, 0x33,
    0x4f, 0xff, 0xff, 0xfe, 0x0, 0x3f, 0x30, 0x0,
    0x0, 0x2, 0x0, 0x0,

    /* U+22E5 "⋥" */
    0x4e, 0xee, 0xee, 0xed, 0x14, 0x44, 0x44, 0x7e,
    0x0, 0x0, 0x0, 0x3e, 0x0, 0x0, 0x0, 0x3e,
    0x0, 0x0, 0x0, 0x3e, 0x15, 0x55, 0x55, 0x7e,
    0x4e, 0xee, 0xef, 0xec, 0x13, 0x33, 0xbd, 0x33,
    0x4f, 0xff, 0xff, 0xfe, 0x0, 0x3f, 0x30, 0x0,
    0x0, 0x2, 0x0, 0x0,

    /* U+22E6 "⋦" */
    0x0, 0x0, 0x0, 0x4, 0x0, 0x1, 0x6b, 0xfd,
    0x17, 0xcf, 0xc7, 0x30, 0x4f, 0xe6, 0x0, 0x0,
    0x3, 0x8d, 0xfb, 0x72, 0x0, 0x0, 0xc9, 0xce,
    0x5, 0xa9, 0xf0, 0x7, 0x4c, 0x7a, 0xff, 0xfb,
    0x0, 0x7, 0x83, 0x20, 0x0, 0x7, 0x40, 0x0,

    /* U+22E7 "⋧" */
    0x23, 0x0, 0x0, 0x0, 0x3f, 0xe9, 0x40, 0x0,
    0x0, 0x59, 0xef, 0xa5, 0x0, 0x0, 0x29, 0xfe,
    0x4, 0x8d, 0xfb, 0x61, 0x4f, 0xa5, 0xc3, 0x0,
    0x6, 0xa9, 0xf0, 0x5, 0x4c, 0x7a, 0xff, 0xfb,
    0x0, 0x7, 0x83, 0x20, 0x0, 0x7, 0x40, 0x0,

    /* U+22E8 "⋨" */
    0x0, 0x0, 0x0, 0x6, 0x0, 0x0, 0x0, 0x9e,
    0x0, 0x0, 0x6e, 0xe3, 0x16, 0xae, 0xf8, 0x0,
    0x4f, 0xfc, 0x30, 0x0, 0x2, 0x5b, 0xfc, 0x20,
    0x0, 0x0, 0x3b, 0xf6, 0x0, 0x0, 0x95, 0x6e,
    0x0, 0x10, 0xd2, 0x3, 0x2c, 0xff, 0xf6, 0x6c,
    0x35, 0x16, 0xdc, 0xb5, 0x0, 0x8, 0x70, 0x0,
    0x0, 0xb, 0x30, 0x0, 0x0, 0x0, 0x0, 0x0,

    /* U+22E9 "⋩" */
    0x33, 0x0, 0x0, 0x0, 0x4f, 0x50, 0x0, 0x0,
    0x7, 0xfb, 0x30, 0x0, 0x0, 0x3b, 0xfd, 0x84,
    0x0, 0x0, 0x7f, 0xfe, 0x0, 0x6e, 0xe9, 0x40,
    0xb, 0xf7, 0x20, 0x0, 0x4d, 0x20, 0x95, 0x0,
    0x21, 0x10, 0xd2, 0x0, 0x2c, 0xff, 0xf6, 0x6c,
    0x35, 0x16, 0xdc, 0xb5, 0x0, 0x8, 0x70, 0x0,
    0x0, 0xb, 0x30, 0x0, 0x0, 0x0, 0x0, 0x0,

    /* U+22EF "⋯" */
    0x13, 0x2, 0x20, 0x32, 0xaf, 0x1c, 0xe0, 0xfc,
    0x8d, 0xa, 0xc0, 0xca,

    /* U+2304 "⌄" */
    0xa6, 0x0, 0x1d, 0x21, 0xe1, 0xa, 0x70, 0x5,
    0xb5, 0xc0, 0x0, 0xb, 0xf2, 0x0, 0x0, 0x16,
    0x0, 0x0,

    /* U+2308 "⌈" */
    0xcd, 0xde, 0x61, 0xe5, 0xe, 0x50, 0xe5, 0xe,
    0x50, 0xe5, 0xe, 0x50, 0xe5, 0xe, 0x50, 0xe5,
    0xe, 0x50, 0x93, 0x0,

    /* U+2309 "⌉" */
    0x8d, 0xd3, 0x12, 0xf4, 0x0, 0xf4, 0x0, 0xf4,
    0x0, 0xf4, 0x0, 0xf4, 0x0, 0xf4, 0x0, 0xf4,
    0x0, 0xf4, 0x0, 0xf4, 0x0, 0xf4, 0x0, 0xf4,
    0x0, 0xa2,

    /* U+230A "⌊" */
    0x82, 0xe, 0x50, 0xe5, 0xe, 0x50, 0xe5, 0xe,
    0x50, 0xe5, 0xe, 0x50, 0xe5, 0xe, 0x50, 0xe5,
    0xe, 0x50, 0xde, 0xe0,

    /* U+230B "⌋" */
    0x0, 0x92, 0x0, 0xf4, 0x0, 0xf4, 0x0, 0xf4,
    0x0, 0xf4, 0x0, 0xf4, 0x0, 0xf4, 0x0, 0xf4,
    0x0, 0xf4, 0x0, 0xf4, 0x0, 0xf4, 0x0, 0xf4,
    0x9e, 0xe3,

    /* U+2310 "⌐" */
    0x3f, 0xff, 0xff, 0xff, 0x3f, 0x33, 0x33, 0x33,
    0x3e, 0x0, 0x0, 0x0, 0x15, 0x0, 0x0, 0x0,

    /* U+2320 "⌠" */
    0x1, 0xbe, 0x40, 0xb4, 0xb4, 0xf, 0x10, 0x3,
    0xf0, 0x0, 0x5e, 0x0, 0x6, 0xe0, 0x0, 0x7d,
    0x0, 0x7, 0xd0, 0x0, 0x8d, 0x0, 0x8, 0xd0,
    0x0, 0x8d, 0x0, 0x8, 0xd0, 0x0, 0x8d, 0x0,
    0x8, 0xd0, 0x0, 0x8d, 0x0, 0x8, 0xd0, 0x0,
    0x46, 0x0, 0x0,

    /* U+2321 "⌡" */
    0x0, 0x2, 0x60, 0x0, 0x6f, 0x0, 0x6, 0xf0,
    0x0, 0x6f, 0x0, 0x6, 0xf0, 0x0, 0x6f, 0x0,
    0x6, 0xf0, 0x0, 0x6f, 0x0, 0x6, 0xf0, 0x0,
    0x6f, 0x0, 0x6, 0xe0, 0x0, 0x7e, 0x0, 0x7,
    0xd0, 0x0, 0x8b, 0x0, 0x9, 0x80, 0x94, 0xc3,
    0xd, 0xe8, 0x0, 0x0, 0x0,

    /* U+239B "⎛" */
    0x0, 0x0, 0x11, 0x0, 0x0, 0xe3, 0x0, 0x8,
    0xb0, 0x0, 0xe, 0x40, 0x0, 0x5e, 0x0, 0x0,
    0xb9, 0x0, 0x0, 0xf4, 0x0, 0x3, 0xf0, 0x0,
    0x6, 0xc0, 0x0, 0x9, 0xa0, 0x0, 0xc, 0x80,
    0x0, 0xd, 0x60, 0x0, 0xf, 0x50, 0x0, 0xf,
    0x40, 0x0, 0xf, 0x40, 0x0, 0x1f, 0x40, 0x0,
    0x1f, 0x40, 0x0, 0x9, 0x20, 0x0,

    /* U+239C "⎜" */
    0x0, 0x1, 0xf4, 0x1f, 0x41, 0xf4, 0x1f, 0x41,
    0xf4, 0x1f, 0x41, 0xf4, 0x1f, 0x41, 0xf4, 0x1f,
    0x41, 0xf4, 0x1f, 0x41, 0xf4, 0x1f, 0x41, 0xf4,
    0x1f, 0x40, 0xa2,

    /* U+239D "⎝" */
    0x3, 0x0, 0x0, 0x1f, 0x40, 0x0, 0x1f, 0x40,
    0x0, 0xf, 0x40, 0x0, 0xf, 0x40, 0x0, 0xf,
    0x50, 0x0, 0xe, 0x60, 0x0, 0xc, 0x80, 0x0,
    0xa, 0x90, 0x0, 0x7, 0xc0, 0x0, 0x4, 0xf0,
    0x0, 0x1, 0xf3, 0x0, 0x0, 0xc8, 0x0, 0x0,
    0x7d, 0x0, 0x0, 0x1f, 0x30, 0x0, 0x9, 0xa0,
    0x0, 0x1, 0xf1, 0x0, 0x0, 0x32,

    /* U+239E "⎞" */
    0x2, 0x0, 0x0, 0xc, 0x60, 0x0, 0x5, 0xe0,
    0x0, 0x0, 0xd6, 0x0, 0x0, 0x7c, 0x0, 0x0,
    0x2f, 0x10, 0x0, 0xd, 0x60, 0x0, 0x9, 0xa0,
    0x0, 0x6, 0xd0, 0x0, 0x3, 0xf0, 0x0, 0x1,
    0xf2, 0x0, 0x0, 0xf4, 0x0, 0x0, 0xe6, 0x0,
    0x0, 0xd7, 0x0, 0x0, 0xd7, 0x0, 0x0, 0xd7,
    0x0, 0x0, 0xd8, 0x0, 0x0, 0x75,

    /* U+239F "⎟" */
    0x0, 0xe6, 0xe6, 0xe6, 0xe6, 0xe6, 0xe6, 0xe6,
    0xe6, 0xe6, 0xe6, 0xe6, 0xe6, 0xe6, 0xe6, 0xe6,
    0xe6, 0x94,

    /* U+23A0 "⎠" */
    0x0, 0x0, 0x21, 0x0, 0x0, 0xe6, 0x0, 0x0,
    0xe6, 0x0, 0x0, 0xf6, 0x0, 0x0, 0xf5, 0x0,
    0x0, 0xf4, 0x0, 0x1, 0xf3, 0x0, 0x3, 0xf1,
    0x0, 0x4, 0xf0, 0x0, 0x7, 0xd0, 0x0, 0xa,
    0x90, 0x0, 0xe, 0x50, 0x0, 0x2f, 0x10, 0x0,
    0x8c, 0x0, 0x0, 0xe5, 0x0, 0x5, 0xe0, 0x0,
    0xc, 0x60, 0x0, 0x5, 0x0, 0x0,

    /* U+23A1 "⎡" */
    0x1f, 0xff, 0xf8, 0x1f, 0x85, 0x52, 0x1f, 0x40,
    0x0, 0x1f, 0x40, 0x0, 0x1f, 0x40, 0x0, 0x1f,
    0x40, 0x0, 0x1f, 0x40, 0x0, 0x1f, 0x40, 0x0,
    0x1f, 0x40, 0x0, 0x1f, 0x40, 0x0, 0x1f, 0x40,
    0x0, 0x1f, 0x40, 0x0, 0x1f, 0x40, 0x0, 0x1f,
    0x40, 0x0, 0x1f, 0x40, 0x0, 0x1f, 0x40, 0x0,
    0x8, 0x20, 0x0,

    /* U+23A2 "⎢" */
    0x0, 0x1, 0xf4, 0x1f, 0x41, 0xf4, 0x1f, 0x41,
    0xf4, 0x1f, 0x41, 0xf4, 0x1f, 0x41, 0xf4, 0x1f,
    0x41, 0xf4, 0x1f, 0x41, 0xf4, 0x1f, 0x41, 0xf4,
    0x1f, 0x40, 0xa2,

    /* U+23A3 "⎣" */
    0x3, 0x0, 0x0, 0x1f, 0x40, 0x0, 0x1f, 0x40,
    0x0, 0x1f, 0x40, 0x0, 0x1f, 0x40, 0x0, 0x1f,
    0x40, 0x0, 0x1f, 0x40, 0x0, 0x1f, 0x40, 0x0,
    0x1f, 0x40, 0x0, 0x1f, 0x40, 0x0, 0x1f, 0x40,
    0x0, 0x1f, 0x40, 0x0, 0x1f, 0x40, 0x0, 0x1f,
    0x40, 0x0, 0x1f, 0x40, 0x0, 0x1f, 0x40, 0x0,
    0x1f, 0xff, 0xf8, 0x5, 0x55, 0x52,

    /* U+23A4 "⎤" */
    0x2f, 0xff, 0xf6, 0x5, 0x55, 0xf6, 0x0, 0x0,
    0xe6, 0x0, 0x0, 0xe6, 0x0, 0x0, 0xe6, 0x0,
    0x0, 0xe6, 0x0, 0x0, 0xe6, 0x0, 0x0, 0xe6,
    0x0, 0x0, 0xe6, 0x0, 0x0, 0xe6, 0x0, 0x0,
    0xe6, 0x0, 0x0, 0xe6, 0x0, 0x0, 0xe6, 0x0,
    0x0, 0xe6, 0x0, 0x0, 0xe6, 0x0, 0x0, 0xe6,
    0x0, 0x0, 0x73,

    /* U+23A5 "⎥" */
    0x0, 0xe6, 0xe6, 0xe6, 0xe6, 0xe6, 0xe6, 0xe6,
    0xe6, 0xe6, 0xe6, 0xe6, 0xe6, 0xe6, 0xe6, 0xe6,
    0xe6, 0x83,

    /* U+23A6 "⎦" */
    0x0, 0x0, 0x10, 0x0, 0x0, 0xe6, 0x0, 0x0,
    0xe6, 0x0, 0x0, 0xe6, 0x0, 0x0, 0xe6, 0x0,
    0x0, 0xe6, 0x0, 0x0, 0xe6, 0x0, 0x0, 0xe6,
    0x0, 0x0, 0xe6, 0x0, 0x0, 0xe6, 0x0, 0x0,
    0xe6, 0x0, 0x0, 0xe6, 0x0, 0x0, 0xe6, 0x0,
    0x0, 0xe6, 0x0, 0x0, 0xe6, 0x0, 0x0, 0xe6,
    0x2f, 0xff, 0xf6, 0x5, 0x55, 0x52,

    /* U+23A7 "⎧" */
    0x2, 0xcf, 0xf6, 0xd, 0xb3, 0x31, 0x3f, 0x10,
    0x0, 0x5f, 0x0, 0x0, 0x5e, 0x0, 0x0, 0x5e,
    0x0, 0x0, 0x5e, 0x0, 0x0, 0x5e, 0x0, 0x0,
    0x5e, 0x0, 0x0, 0x5e, 0x0, 0x0, 0x5e, 0x0,
    0x0, 0x5e, 0x0, 0x0, 0x5e, 0x0, 0x0, 0x5e,
    0x0, 0x0, 0x5e, 0x0, 0x0, 0x5e, 0x0, 0x0,
    0x39, 0x0, 0x0,

    /* U+23A8 "⎨" */
    0x0, 0x0, 0x0, 0x0, 0x5e, 0x0, 0x5, 0xe0,
    0x0, 0x5e, 0x0, 0x5, 0xe0, 0x0, 0x6e, 0x0,
    0x7, 0xd0, 0x0, 0xba, 0x46, 0x9f, 0x4c, 0xff,
    0xd0, 0x0, 0x4e, 0x70, 0x0, 0x9b, 0x0, 0x6,
    0xd0, 0x0, 0x5e, 0x0, 0x5, 0xe0, 0x0, 0x5e,
    0x0, 0x5, 0xe0, 0x0, 0x39,

    /* U+23A9 "⎩" */
    0x14, 0x0, 0x0, 0x5e, 0x0, 0x0, 0x5e, 0x0,
    0x0, 0x5e, 0x0, 0x0, 0x5e, 0x0, 0x0, 0x5e,
    0x0, 0x0, 0x5e, 0x0, 0x0, 0x5e, 0x0, 0x0,
    0x5e, 0x0, 0x0, 0x5e, 0x0, 0x0, 0x5e, 0x0,
    0x0, 0x5e, 0x0, 0x0, 0x5e, 0x0, 0x0, 0x5e,
    0x0, 0x0, 0x4f, 0x0, 0x0, 0xe, 0x70, 0x0,
    0x4, 0xff, 0xf5, 0x0, 0x3, 0x41,

    /* U+23AA "⎪" */
    0x0, 0x5e, 0x5e, 0x5e, 0x5e, 0x5e, 0x5e, 0x5e,
    0x5e, 0x5e, 0x5e, 0x5e, 0x5e, 0x5e, 0x5e, 0x5e,
    0x5e, 0x4a,

    /* U+23AB "⎫" */
    0xdf, 0xe8, 0x2, 0x35, 0xf6, 0x0, 0x8, 0xc0,
    0x0, 0x5e, 0x0, 0x5, 0xe0, 0x0, 0x5e, 0x0,
    0x5, 0xe0, 0x0, 0x5e, 0x0, 0x5, 0xe0, 0x0,
    0x5e, 0x0, 0x5, 0xe0, 0x0, 0x5e, 0x0, 0x5,
    0xe0, 0x0, 0x5e, 0x0, 0x5, 0xe0, 0x0, 0x5e,
    0x0, 0x3, 0x90,

    /* U+23AC "⎬" */
    0x0, 0x0, 0x0, 0x5e, 0x0, 0x0, 0x5e, 0x0,
    0x0, 0x5e, 0x0, 0x0, 0x5e, 0x0, 0x0, 0x5f,
    0x0, 0x0, 0x3f, 0x0, 0x0, 0x1f, 0x40, 0x0,
    0xb, 0xe7, 0x52, 0x4, 0xff, 0xf5, 0xe, 0xa1,
    0x0, 0x2f, 0x20, 0x0, 0x4f, 0x0, 0x0, 0x5e,
    0x0, 0x0, 0x5e, 0x0, 0x0, 0x5e, 0x0, 0x0,
    0x5e, 0x0, 0x0, 0x39, 0x0, 0x0,

    /* U+23AD "⎭" */
    0x0, 0x1, 0x40, 0x0, 0x5e, 0x0, 0x5, 0xe0,
    0x0, 0x5e, 0x0, 0x5, 0xe0, 0x0, 0x5e, 0x0,
    0x5, 0xe0, 0x0, 0x5e, 0x0, 0x5, 0xe0, 0x0,
    0x5e, 0x0, 0x5, 0xe0, 0x0, 0x5e, 0x0, 0x5,
    0xe0, 0x0, 0x5e, 0x0, 0x7, 0xd0, 0x1, 0xd8,
    0xcf, 0xfc, 0x3, 0x42, 0x0,

    /* U+23AE "⎮" */
    0x0, 0x7e, 0x7e, 0x7e, 0x7e, 0x7e, 0x7e, 0x7e,
    0x7e, 0x7e, 0x7e, 0x7e, 0x7e, 0x7e, 0x7e, 0x7e,
    0x7e, 0x49,

    /* U+2500 "─" */
    0x3, 0x33, 0x33, 0x33, 0x32, 0x1f, 0xff, 0xff,
    0xff, 0xf9,

    /* U+2501 "━" */
    0x1f, 0xff, 0xff, 0xff, 0xf9, 0x1f, 0xff, 0xff,
    0xff, 0xfa, 0x5, 0x55, 0x55, 0x55, 0x53,

    /* U+2502 "│" */
    0x1, 0x2e, 0x2e, 0x2e, 0x2e, 0x2e, 0x2e, 0x2e,
    0x2e, 0x2e, 0x2e, 0x2e, 0x2e, 0x2e, 0x2e, 0x2e,
    0x2e, 0x2c,

    /* U+2503 "┃" */
    0x11, 0xe, 0xf4, 0xef, 0x4e, 0xf4, 0xef, 0x4e,
    0xf4, 0xef, 0x4e, 0xf4, 0xef, 0x4e, 0xf4, 0xef,
    0x4e, 0xf4, 0xef, 0x4e, 0xf4, 0xef, 0x4e, 0xf4,
    0xef, 0x4c, 0xd3,

    /* U+2504 "┄" */
    0x33, 0x3, 0x30, 0x32, 0xcf, 0x2f, 0xf2, 0xfc,

    /* U+2505 "┅" */
    0xcf, 0x2f, 0xf2, 0xfc, 0xdf, 0x3f, 0xf3, 0xfc,
    0x45, 0x15, 0x51, 0x54,

    /* U+2506 "┆" */
    0x3, 0x2e, 0x2e, 0x2e, 0x2e, 0x0, 0x2e, 0x2e,
    0x2e, 0x2e, 0x3, 0x3, 0x2e, 0x2e, 0x2e, 0x2e,

    /* U+2507 "┇" */
    0x34, 0x1e, 0xf4, 0xef, 0x4e, 0xf4, 0xef, 0x40,
    0x0, 0xef, 0x4e, 0xf4, 0xef, 0x4e, 0xf4, 0x34,
    0x13, 0x41, 0xef, 0x4e, 0xf4, 0xef, 0x4e, 0xf4,

    /* U+2508 "┈" */
    0x13, 0x3, 0x3, 0x3, 0x5, 0xe4, 0xf2, 0xf2,
    0xf3,

    /* U+2509 "┉" */
    0x5e, 0x4f, 0x2f, 0x2f, 0x36, 0xe4, 0xf3, 0xf2,
    0xf3, 0x25, 0x15, 0x15, 0x5, 0x10,

    /* U+250A "┊" */
    0x2, 0x2e, 0x2e, 0x1a, 0x0, 0x2e, 0x2e, 0x2b,
    0x0, 0x2e, 0x2e, 0x2b, 0x0, 0x2e, 0x2e, 0x2b,

    /* U+250B "┋" */
    0x22, 0xe, 0xf4, 0xef, 0x4a, 0xb2, 0x1, 0xe,
    0xf4, 0xef, 0x4b, 0xc3, 0x0, 0xe, 0xf4, 0xef,
    0x4b, 0xd3, 0x0, 0xe, 0xf4, 0xef, 0x4b, 0xd3,

    /* U+250C "┌" */
    0x3, 0x33, 0x32, 0x2f, 0xff, 0xfa, 0x2e, 0x0,
    0x0, 0x2e, 0x0, 0x0, 0x2e, 0x0, 0x0, 0x2e,
    0x0, 0x0, 0x2e, 0x0, 0x0, 0x2e, 0x0, 0x0,
    0x2e, 0x0, 0x0, 0x2b, 0x0, 0x0,

    /* U+250D "┍" */
    0x2f, 0xff, 0xfb, 0x2f, 0xff, 0xfb, 0x2f, 0x55,
    0x54, 0x2e, 0x0, 0x0, 0x2e, 0x0, 0x0, 0x2e,
    0x0, 0x0, 0x2e, 0x0, 0x0, 0x2e, 0x0, 0x0,
    0x2e, 0x0, 0x0, 0x19, 0x0, 0x0,

    /* U+250E "┎" */
    0x33, 0x33, 0x31, 0xef, 0xff, 0xf7, 0xef, 0x40,
    0x0, 0xef, 0x40, 0x0, 0xef, 0x40, 0x0, 0xef,
    0x40, 0x0, 0xef, 0x40, 0x0, 0xef, 0x40, 0x0,
    0xef, 0x40, 0x0, 0xbc, 0x30, 0x0,

    /* U+250F "┏" */
    0xef, 0xff, 0xf8, 0xef, 0xff, 0xf8, 0xef, 0x85,
    0x52, 0xef, 0x40, 0x0, 0xef, 0x40, 0x0, 0xef,
    0x40, 0x0, 0xef, 0x40, 0x0, 0xef, 0x40, 0x0,
    0xef, 0x40, 0x0, 0x9a, 0x20, 0x0,

    /* U+2510 "┐" */
    0x33, 0x33, 0x3f, 0xff, 0xfe, 0x0, 0x2, 0xe0,
    0x0, 0x2e, 0x0, 0x2, 0xe0, 0x0, 0x2e, 0x0,
    0x2, 0xe0, 0x0, 0x2e, 0x0, 0x2, 0xe0, 0x0,
    0x2b,

    /* U+2511 "┑" */
    0xff, 0xff, 0xef, 0xff, 0xfe, 0x55, 0x57, 0xe0,
    0x0, 0x2e, 0x0, 0x2, 0xe0, 0x0, 0x2e, 0x0,
    0x2, 0xe0, 0x0, 0x2e, 0x0, 0x2, 0xe0, 0x0,
    0x19,

    /* U+2512 "┒" */
    0x3, 0x33, 0x33, 0x2, 0xff, 0xff, 0xf4, 0x0,
    0x0, 0xef, 0x40, 0x0, 0xe, 0xf4, 0x0, 0x0,
    0xef, 0x40, 0x0, 0xe, 0xf4, 0x0, 0x0, 0xef,
    0x40, 0x0, 0xe, 0xf4, 0x0, 0x0, 0xef, 0x40,
    0x0, 0xb, 0xc3,

    /* U+2513 "┓" */
    0x2f, 0xff, 0xff, 0x43, 0xff, 0xff, 0xf4, 0x15,
    0x55, 0xff, 0x40, 0x0, 0xe, 0xf4, 0x0, 0x0,
    0xef, 0x40, 0x0, 0xe, 0xf4, 0x0, 0x0, 0xef,
    0x40, 0x0, 0xe, 0xf4, 0x0, 0x0, 0xef, 0x40,
    0x0, 0x9, 0xa2,

    /* U+2514 "└" */
    0x2, 0x0, 0x0, 0x2e, 0x0, 0x0, 0x2e, 0x0,
    0x0, 0x2e, 0x0, 0x0, 0x2e, 0x0, 0x0, 0x2e,
    0x0, 0x0, 0x2e, 0x0, 0x0, 0x2e, 0x0, 0x0,
    0x2f, 0x33, 0x32, 0x2f, 0xff, 0xfa,

    /* U+2515 "┕" */
    0x4, 0x0, 0x0, 0x2e, 0x0, 0x0, 0x2e, 0x0,
    0x0, 0x2e, 0x0, 0x0, 0x2e, 0x0, 0x0, 0x2e,
    0x0, 0x0, 0x2e, 0x0, 0x0, 0x2e, 0x0, 0x0,
    0x2f, 0xff, 0xfb, 0x2f, 0xff, 0xfb, 0x5, 0x55,
    0x54,

    /* U+2516 "┖" */
    0x22, 0x0, 0x0, 0xef, 0x40, 0x0, 0xef, 0x40,
    0x0, 0xef, 0x40, 0x0, 0xef, 0x40, 0x0, 0xef,
    0x40, 0x0, 0xef, 0x40, 0x0, 0xef, 0x40, 0x0,
    0xef, 0x73, 0x31, 0xef, 0xff, 0xf7,

    /* U+2517 "┗" */
    0x45, 0x10, 0x0, 0xef, 0x40, 0x0, 0xef, 0x40,
    0x0, 0xef, 0x40, 0x0, 0xef, 0x40, 0x0, 0xef,
    0x40, 0x0, 0xef, 0x40, 0x0, 0xef, 0x40, 0x0,
    0xef, 0xff, 0xf8, 0xef, 0xff, 0xf8, 0x55, 0x55,
    0x52,

    /* U+2518 "┘" */
    0x0, 0x0, 0x20, 0x0, 0x2e, 0x0, 0x2, 0xe0,
    0x0, 0x2e, 0x0, 0x2, 0xe0, 0x0, 0x2e, 0x0,
    0x2, 0xe0, 0x0, 0x2e, 0x33, 0x35, 0xef, 0xff,
    0xfe,

    /* U+2519 "┙" */
    0x0, 0x0, 0x40, 0x0, 0x2e, 0x0, 0x2, 0xe0,
    0x0, 0x2e, 0x0, 0x2, 0xe0, 0x0, 0x2e, 0x0,
    0x2, 0xe0, 0x0, 0x2e, 0xff, 0xff, 0xef, 0xff,
    0xfe, 0x55, 0x55, 0x50,

    /* U+251A "┚" */
    0x0, 0x0, 0x22, 0x0, 0x0, 0xe, 0xf4, 0x0,
    0x0, 0xef, 0x40, 0x0, 0xe, 0xf4, 0x0, 0x0,
    0xef, 0x40, 0x0, 0xe, 0xf4, 0x0, 0x0, 0xef,
    0x40, 0x0, 0xe, 0xf4, 0x3, 0x33, 0xff, 0x42,
    0xff, 0xff, 0xf4,

    /* U+251B "┛" */
    0x0, 0x0, 0x45, 0x10, 0x0, 0xe, 0xf4, 0x0,
    0x0, 0xef, 0x40, 0x0, 0xe, 0xf4, 0x0, 0x0,
    0xef, 0x40, 0x0, 0xe, 0xf4, 0x0, 0x0, 0xef,
    0x40, 0x0, 0xe, 0xf4, 0x2f, 0xff, 0xff, 0x43,
    0xff, 0xff, 0xf4, 0x15, 0x55, 0x55, 0x10,

    /* U+251C "├" */
    0x1, 0x0, 0x0, 0x2e, 0x0, 0x0, 0x2e, 0x0,
    0x0, 0x2e, 0x0, 0x0, 0x2e, 0x0, 0x0, 0x2e,
    0x0, 0x0, 0x2e, 0x0, 0x0, 0x2e, 0x0, 0x0,
    0x2e, 0x33, 0x32, 0x2f, 0xff, 0xfb, 0x2e, 0x0,
    0x0, 0x2e, 0x0, 0x0, 0x2e, 0x0, 0x0, 0x2e,
    0x0, 0x0, 0x2e, 0x0, 0x0, 0x2e, 0x0, 0x0,
    0x2e, 0x0, 0x0, 0x2c, 0x0, 0x0,

    /* U+251D "┝" */
    0x1, 0x0, 0x0, 0x2e, 0x0, 0x0, 0x2e, 0x0,
    0x0, 0x2e, 0x0, 0x0, 0x2e, 0x0, 0x0, 0x2e,
    0x0, 0x0, 0x2e, 0x0, 0x0, 0x2e, 0x0, 0x0,
    0x2f, 0xcc, 0xc8, 0x2f, 0xff, 0xfb, 0x2f, 0x99,
    0x96, 0x2e, 0x0, 0x0, 0x2e, 0x0, 0x0, 0x2e,
    0x0, 0x0, 0x2e, 0x0, 0x0, 0x2e, 0x0, 0x0,
    0x2e, 0x0, 0x0, 0x2c, 0x0, 0x0,

    /* U+251E "┞" */
    0x22, 0x0, 0x0, 0xef, 0x40, 0x0, 0xef, 0x40,
    0x0, 0xef, 0x40, 0x0, 0xef, 0x40, 0x0, 0xef,
    0x40, 0x0, 0xef, 0x40, 0x0, 0xef, 0x40, 0x0,
    0xef, 0x63, 0x31, 0xef, 0xff, 0xf7, 0x6b, 0x0,
    0x0, 0x6b, 0x0, 0x0, 0x6b, 0x0, 0x0, 0x6b,
    0x0, 0x0, 0x6b, 0x0, 0x0, 0x6b, 0x0, 0x0,
    0x6b, 0x0, 0x0, 0x49, 0x0, 0x0,

    /* U+251F "┟" */
    0x1, 0x0, 0x0, 0x6b, 0x0, 0x0, 0x6b, 0x0,
    0x0, 0x6b, 0x0, 0x0, 0x6b, 0x0, 0x0, 0x6b,
    0x0, 0x0, 0x6b, 0x0, 0x0, 0x6b, 0x0, 0x0,
    0x7c, 0x33, 0x31, 0xef, 0xff, 0xf8, 0xef, 0x40,
    0x0, 0xef, 0x40, 0x0, 0xef, 0x40, 0x0, 0xef,
    0x40, 0x0, 0xef, 0x40, 0x0, 0xef, 0x40, 0x0,
    0xef, 0x40, 0x0, 0xcd, 0x30, 0x0,

    /* U+2520 "┠" */
    0x11, 0x0, 0x0, 0xef, 0x40, 0x0, 0xef, 0x40,
    0x0, 0xef, 0x40, 0x0, 0xef, 0x40, 0x0, 0xef,
    0x40, 0x0, 0xef, 0x40, 0x0, 0xef, 0x40, 0x0,
    0xef, 0x63, 0x31, 0xef, 0xff, 0xf8, 0xef, 0x40,
    0x0, 0xef, 0x40, 0x0, 0xef, 0x40, 0x0, 0xef,
    0x40, 0x0, 0xef, 0x40, 0x0, 0xef, 0x40, 0x0,
    0xef, 0x40, 0x0, 0xcd, 0x30, 0x0,

    /* U+2521 "┡" */
    0x11, 0x0, 0x0, 0xef, 0x40, 0x0, 0xef, 0x40,
    0x0, 0xef, 0x40, 0x0, 0xef, 0x40, 0x0, 0xef,
    0x40, 0x0, 0xef, 0x40, 0x0, 0xef, 0x40, 0x0,
    0xef, 0xdc, 0xc6, 0xef, 0xff, 0xf8, 0xbe, 0x99,
    0x94, 0x6b, 0x0, 0x0, 0x6b, 0x0, 0x0, 0x6b,
    0x0, 0x0, 0x6b, 0x0, 0x0, 0x6b, 0x0, 0x0,
    0x6b, 0x0, 0x0, 0x59, 0x0, 0x0,

    /* U+2522 "┢" */
    0x13, 0x0, 0x0, 0x6b, 0x0, 0x0, 0x6b, 0x0,
    0x0, 0x6b, 0x0, 0x0, 0x6b, 0x0, 0x0, 0x6b,
    0x0, 0x0, 0x6b, 0x0, 0x0, 0x6b, 0x0, 0x0,
    0xef, 0xff, 0xf8, 0xef, 0xff, 0xf8, 0xef, 0x85,
    0x52, 0xef, 0x40, 0x0, 0xef, 0x40, 0x0, 0xef,
    0x40, 0x0, 0xef, 0x40, 0x0, 0xef, 0x40, 0x0,
    0xef, 0x40, 0x0, 0x9a, 0x20, 0x0,

    /* U+2523 "┣" */
    0x11, 0x0, 0x0, 0xef, 0x40, 0x0, 0xef, 0x40,
    0x0, 0xef, 0x40, 0x0, 0xef, 0x40, 0x0, 0xef,
    0x40, 0x0, 0xef, 0x40, 0x0, 0xef, 0x40, 0x0,
    0xef, 0xdc, 0xc6, 0xef, 0xff, 0xf8, 0xef, 0xb9,
    0x94, 0xef, 0x40, 0x0, 0xef, 0x40, 0x0, 0xef,
    0x40, 0x0, 0xef, 0x40, 0x0, 0xef, 0x40, 0x0,
    0xef, 0x40, 0x0, 0xcd, 0x30, 0x0,

    /* U+2524 "┤" */
    0x0, 0x0, 0x10, 0x0, 0x2e, 0x0, 0x2, 0xe0,
    0x0, 0x2e, 0x0, 0x2, 0xe0, 0x0, 0x2e, 0x0,
    0x2, 0xe0, 0x0, 0x2e, 0x23, 0x35, 0xef, 0xff,
    0xfe, 0x0, 0x2, 0xe0, 0x0, 0x2e, 0x0, 0x2,
    0xe0, 0x0, 0x2e, 0x0, 0x2, 0xe0, 0x0, 0x2e,
    0x0, 0x2, 0xe0, 0x0, 0x2c,

    /* U+2525 "┥" */
    0x0, 0x0, 0x10, 0x0, 0x2e, 0x0, 0x2, 0xe0,
    0x0, 0x2e, 0x0, 0x2, 0xe0, 0x0, 0x2e, 0x0,
    0x2, 0xe0, 0x0, 0x2e, 0xcc, 0xcc, 0xef, 0xff,
    0xfe, 0x99, 0x9a, 0xe0, 0x0, 0x2e, 0x0, 0x2,
    0xe0, 0x0, 0x2e, 0x0, 0x2, 0xe0, 0x0, 0x2e,
    0x0, 0x2, 0xe0, 0x0, 0x2c,

    /* U+2526 "┦" */
    0x0, 0x0, 0x22, 0x0, 0x0, 0xe, 0xf4, 0x0,
    0x0, 0xef, 0x40, 0x0, 0xe, 0xf4, 0x0, 0x0,
    0xef, 0x40, 0x0, 0xe, 0xf4, 0x0, 0x0, 0xef,
    0x40, 0x0, 0xe, 0xf4, 0x3, 0x33, 0xff, 0x42,
    0xff, 0xff, 0xf4, 0x0, 0x0, 0x6b, 0x0, 0x0,
    0x6, 0xb0, 0x0, 0x0, 0x6b, 0x0, 0x0, 0x6,
    0xb0, 0x0, 0x0, 0x6b, 0x0, 0x0, 0x6, 0xb0,
    0x0, 0x0, 0x6b, 0x0, 0x0, 0x4, 0x90,

    /* U+2527 "┧" */
    0x0, 0x0, 0x1, 0x0, 0x0, 0x6, 0xb0, 0x0,
    0x0, 0x6b, 0x0, 0x0, 0x6, 0xb0, 0x0, 0x0,
    0x6b, 0x0, 0x0, 0x6, 0xb0, 0x0, 0x0, 0x6b,
    0x0, 0x0, 0x6, 0xb0, 0x3, 0x33, 0x8c, 0x2,
    0xff, 0xff, 0xf4, 0x0, 0x0, 0xef, 0x40, 0x0,
    0xe, 0xf4, 0x0, 0x0, 0xef, 0x40, 0x0, 0xe,
    0xf4, 0x0, 0x0, 0xef, 0x40, 0x0, 0xe, 0xf4,
    0x0, 0x0, 0xef, 0x40, 0x0, 0xb, 0xc3,

    /* U+2528 "┨" */
    0x0, 0x0, 0x11, 0x0, 0x0, 0xe, 0xf4, 0x0,
    0x0, 0xef, 0x40, 0x0, 0xe, 0xf4, 0x0, 0x0,
    0xef, 0x40, 0x0, 0xe, 0xf4, 0x0, 0x0, 0xef,
    0x40, 0x0, 0xe, 0xf4, 0x3, 0x33, 0xef, 0x43,
    0xff, 0xff, 0xf4, 0x0, 0x0, 0xef, 0x40, 0x0,
    0xe, 0xf4, 0x0, 0x0, 0xef, 0x40, 0x0, 0xe,
    0xf4, 0x0, 0x0, 0xef, 0x40, 0x0, 0xe, 0xf4,
    0x0, 0x0, 0xef, 0x40, 0x0, 0xc, 0xd3,

    /* U+2529 "┩" */
    0x0, 0x0, 0x45, 0x10, 0x0, 0xe, 0xf4, 0x0,
    0x0, 0xef, 0x40, 0x0, 0xe, 0xf4, 0x0, 0x0,
    0xef, 0x40, 0x0, 0xe, 0xf4, 0x0, 0x0, 0xef,
    0x40, 0x0, 0xe, 0xf4, 0x2f, 0xff, 0xff, 0x43,
    0xff, 0xff, 0xf4, 0x15, 0x55, 0x9d, 0x10, 0x0,
    0x6, 0xb0, 0x0, 0x0, 0x6b, 0x0, 0x0, 0x6,
    0xb0, 0x0, 0x0, 0x6b, 0x0, 0x0, 0x6, 0xb0,
    0x0, 0x0, 0x6b, 0x0, 0x0, 0x3, 0x70,

    /* U+252A "┪" */
    0x0, 0x0, 0x13, 0x0, 0x0, 0x6, 0xb0, 0x0,
    0x0, 0x6b, 0x0, 0x0, 0x6, 0xb0, 0x0, 0x0,
    0x6b, 0x0, 0x0, 0x6, 0xb0, 0x0, 0x0, 0x6b,
    0x0, 0x0, 0x6, 0xb0, 0x2f, 0xff, 0xff, 0x43,
    0xff, 0xff, 0xf4, 0x15, 0x55, 0xff, 0x40, 0x0,
    0xe, 0xf4, 0x0, 0x0, 0xef, 0x40, 0x0, 0xe,
    0xf4, 0x0, 0x0, 0xef, 0x40, 0x0, 0xe, 0xf4,
    0x0, 0x0, 0xef, 0x40, 0x0, 0x9, 0xa2,

    /* U+252B "┫" */
    0x0, 0x0, 0x11, 0x0, 0x0, 0xe, 0xf4, 0x0,
    0x0, 0xef, 0x40, 0x0, 0xe, 0xf4, 0x0, 0x0,
    0xef, 0x40, 0x0, 0xe, 0xf4, 0x0, 0x0, 0xef,
    0x40, 0x0, 0xe, 0xf4, 0x2c, 0xcc, 0xff, 0x43,
    0xff, 0xff, 0xf4, 0x19, 0x99, 0xff, 0x40, 0x0,
    0xe, 0xf4, 0x0, 0x0, 0xef, 0x40, 0x0, 0xe,
    0xf4, 0x0, 0x0, 0xef, 0x40, 0x0, 0xe, 0xf4,
    0x0, 0x0, 0xef, 0x40, 0x0, 0xc, 0xd3,

    /* U+252C "┬" */
    0x3, 0x33, 0x33, 0x33, 0x32, 0x1f, 0xff, 0xff,
    0xff, 0xf9, 0x0, 0x0, 0x4d, 0x0, 0x0, 0x0,
    0x0, 0x4d, 0x0, 0x0, 0x0, 0x0, 0x4d, 0x0,
    0x0, 0x0, 0x0, 0x4d, 0x0, 0x0, 0x0, 0x0,
    0x4d, 0x0, 0x0, 0x0, 0x0, 0x4d, 0x0, 0x0,
    0x0, 0x0, 0x4d, 0x0, 0x0, 0x0, 0x0, 0x3a,
    0x0, 0x0,

    /* U+252D "┭" */
    0x1f, 0xff, 0xfe, 0x66, 0x64, 0x1f, 0xff, 0xff,
    0xcc, 0xc7, 0x5, 0x55, 0x8d, 0x0, 0x0, 0x0,
    0x0, 0x4d, 0x0, 0x0, 0x0, 0x0, 0x4d, 0x0,
    0x0, 0x0, 0x0, 0x4d, 0x0, 0x0, 0x0, 0x0,
    0x4d, 0x0, 0x0, 0x0, 0x0, 0x4d, 0x0, 0x0,
    0x0, 0x0, 0x4d, 0x0, 0x0, 0x0, 0x0, 0x28,
    0x0, 0x0,

    /* U+252E "┮" */
    0x56, 0x67, 0xff, 0xff, 0xcb, 0xcc, 0xcf, 0xff,
    0xfc, 0x0, 0x1, 0xf5, 0x55, 0x40, 0x0, 0x1f,
    0x0, 0x0, 0x0, 0x1, 0xf0, 0x0, 0x0, 0x0,
    0x1f, 0x0, 0x0, 0x0, 0x1, 0xf0, 0x0, 0x0,
    0x0, 0x1f, 0x0, 0x0, 0x0, 0x1, 0xf0, 0x0,
    0x0, 0x0, 0x19, 0x0, 0x0,

    /* U+252F "┯" */
    0x1f, 0xff, 0xff, 0xff, 0xf9, 0x1f, 0xff, 0xff,
    0xff, 0xfa, 0x5, 0x55, 0x8e, 0x55, 0x53, 0x0,
    0x0, 0x4d, 0x0, 0x0, 0x0, 0x0, 0x4d, 0x0,
    0x0, 0x0, 0x0, 0x4d, 0x0, 0x0, 0x0, 0x0,
    0x4d, 0x0, 0x0, 0x0, 0x0, 0x4d, 0x0, 0x0,
    0x0, 0x0, 0x4d, 0x0, 0x0, 0x0, 0x0, 0x28,
    0x0, 0x0,

    /* U+2530 "┰" */
    0x3, 0x33, 0x33, 0x33, 0x31, 0x2f, 0xff, 0xff,
    0xff, 0xf7, 0x0, 0x0, 0xef, 0x40, 0x0, 0x0,
    0x0, 0xef, 0x40, 0x0, 0x0, 0x0, 0xef, 0x40,
    0x0, 0x0, 0x0, 0xef, 0x40, 0x0, 0x0, 0x0,
    0xef, 0x40, 0x0, 0x0, 0x0, 0xef, 0x40, 0x0,
    0x0, 0x0, 0xef, 0x40, 0x0, 0x0, 0x0, 0xbc,
    0x30, 0x0,

    /* U+2531 "┱" */
    0x2f, 0xff, 0xff, 0x86, 0x63, 0x3f, 0xff, 0xff,
    0xdc, 0xc6, 0x15, 0x55, 0xff, 0x40, 0x0, 0x0,
    0x0, 0xef, 0x40, 0x0, 0x0, 0x0, 0xef, 0x40,
    0x0, 0x0, 0x0, 0xef, 0x40, 0x0, 0x0, 0x0,
    0xef, 0x40, 0x0, 0x0, 0x0, 0xef, 0x40, 0x0,
    0x0, 0x0, 0xef, 0x40, 0x0, 0x0, 0x0, 0x9a,
    0x20, 0x0,

    /* U+2532 "┲" */
    0x16, 0x66, 0xff, 0xff, 0xf8, 0x2c, 0xcc, 0xff,
    0xff, 0xf8, 0x0, 0x0, 0xef, 0x85, 0x52, 0x0,
    0x0, 0xef, 0x40, 0x0, 0x0, 0x0, 0xef, 0x40,
    0x0, 0x0, 0x0, 0xef, 0x40, 0x0, 0x0, 0x0,
    0xef, 0x40, 0x0, 0x0, 0x0, 0xef, 0x40, 0x0,
    0x0, 0x0, 0xef, 0x40, 0x0, 0x0, 0x0, 0x9a,
    0x20, 0x0,

    /* U+2533 "┳" */
    0x2f, 0xff, 0xff, 0xff, 0xf8, 0x3f, 0xff, 0xff,
    0xff, 0xf8, 0x15, 0x55, 0xff, 0x85, 0x52, 0x0,
    0x0, 0xef, 0x40, 0x0, 0x0, 0x0, 0xef, 0x40,
    0x0, 0x0, 0x0, 0xef, 0x40, 0x0, 0x0, 0x0,
    0xef, 0x40, 0x0, 0x0, 0x0, 0xef, 0x40, 0x0,
    0x0, 0x0, 0xef, 0x40, 0x0, 0x0, 0x0, 0x9a,
    0x20, 0x0,

    /* U+2534 "┴" */
    0x0, 0x0, 0x2, 0x0, 0x0, 0x0, 0x0, 0x4d,
    0x0, 0x0, 0x0, 0x0, 0x4d, 0x0, 0x0, 0x0,
    0x0, 0x4d, 0x0, 0x0, 0x0, 0x0, 0x4d, 0x0,
    0x0, 0x0, 0x0, 0x4d, 0x0, 0x0, 0x0, 0x0,
    0x4d, 0x0, 0x0, 0x0, 0x0, 0x4d, 0x0, 0x0,
    0x3, 0x33, 0x7d, 0x33, 0x32, 0x1f, 0xff, 0xff,
    0xff, 0xf9,

    /* U+2535 "┵" */
    0x0, 0x0, 0x40, 0x0, 0x0, 0x0, 0x2e, 0x0,
    0x0, 0x0, 0x2, 0xe0, 0x0, 0x0, 0x0, 0x2e,
    0x0, 0x0, 0x0, 0x2, 0xe0, 0x0, 0x0, 0x0,
    0x2e, 0x0, 0x0, 0x0, 0x2, 0xe0, 0x0, 0x0,
    0x0, 0x2e, 0x0, 0x0, 0xff, 0xff, 0xf6, 0x66,
    0x4f, 0xff, 0xff, 0xcc, 0xc8, 0x55, 0x55, 0x50,
    0x0, 0x0,

    /* U+2536 "┶" */
    0x0, 0x0, 0x40, 0x0, 0x0, 0x0, 0x2e, 0x0,
    0x0, 0x0, 0x2, 0xe0, 0x0, 0x0, 0x0, 0x2e,
    0x0, 0x0, 0x0, 0x2, 0xe0, 0x0, 0x0, 0x0,
    0x2e, 0x0, 0x0, 0x0, 0x2, 0xe0, 0x0, 0x0,
    0x0, 0x2e, 0x0, 0x0, 0x66, 0x68, 0xff, 0xff,
    0xbc, 0xcc, 0xcf, 0xff, 0xfb, 0x0, 0x0, 0x55,
    0x55, 0x40,

    /* U+2537 "┷" */
    0x0, 0x0, 0x14, 0x0, 0x0, 0x0, 0x0, 0x4d,
    0x0, 0x0, 0x0, 0x0, 0x4d, 0x0, 0x0, 0x0,
    0x0, 0x4d, 0x0, 0x0, 0x0, 0x0, 0x4d, 0x0,
    0x0, 0x0, 0x0, 0x4d, 0x0, 0x0, 0x0, 0x0,
    0x4d, 0x0, 0x0, 0x0, 0x0, 0x4d, 0x0, 0x0,
    0x1f, 0xff, 0xff, 0xff, 0xf9, 0x1f, 0xff, 0xff,
    0xff, 0xfa, 0x5, 0x55, 0x55, 0x55, 0x53,

    /* U+2538 "┸" */
    0x0, 0x0, 0x22, 0x0, 0x0, 0x0, 0x0, 0xef,
    0x40, 0x0, 0x0, 0x0, 0xef, 0x40, 0x0, 0x0,
    0x0, 0xef, 0x40, 0x0, 0x0, 0x0, 0xef, 0x40,
    0x0, 0x0, 0x0, 0xef, 0x40, 0x0, 0x0, 0x0,
    0xef, 0x40, 0x0, 0x0, 0x0, 0xef, 0x40, 0x0,
    0x3, 0x33, 0xff, 0x73, 0x31, 0x2f, 0xff, 0xff,
    0xff, 0xf7,

    /* U+2539 "┹" */
    0x0, 0x0, 0x45, 0x10, 0x0, 0x0, 0x0, 0xef,
    0x40, 0x0, 0x0, 0x0, 0xef, 0x40, 0x0, 0x0,
    0x0, 0xef, 0x40, 0x0, 0x0, 0x0, 0xef, 0x40,
    0x0, 0x0, 0x0, 0xef, 0x40, 0x0, 0x0, 0x0,
    0xef, 0x40, 0x0, 0x0, 0x0, 0xef, 0x40, 0x0,
    0x2f, 0xff, 0xff, 0x96, 0x63, 0x3f, 0xff, 0xff,
    0xdc, 0xc6, 0x15, 0x55, 0x55, 0x10, 0x0,

    /* U+253A "┺" */
    0x0, 0x0, 0x45, 0x10, 0x0, 0x0, 0x0, 0xef,
    0x40, 0x0, 0x0, 0x0, 0xef, 0x40, 0x0, 0x0,
    0x0, 0xef, 0x40, 0x0, 0x0, 0x0, 0xef, 0x40,
    0x0, 0x0, 0x0, 0xef, 0x40, 0x0, 0x0, 0x0,
    0xef, 0x40, 0x0, 0x0, 0x0, 0xef, 0x40, 0x0,
    0x16, 0x66, 0xff, 0xff, 0xf8, 0x2c, 0xcc, 0xff,
    0xff, 0xf8, 0x0, 0x0, 0x55, 0x55, 0x52,

    /* U+253B "┻" */
    0x0, 0x0, 0x45, 0x10, 0x0, 0x0, 0x0, 0xef,
    0x40, 0x0, 0x0, 0x0, 0xef, 0x40, 0x0, 0x0,
    0x0, 0xef, 0x40, 0x0, 0x0, 0x0, 0xef, 0x40,
    0x0, 0x0, 0x0, 0xef, 0x40, 0x0, 0x0, 0x0,
    0xef, 0x40, 0x0, 0x0, 0x0, 0xef, 0x40, 0x0,
    0x2f, 0xff, 0xff, 0xff, 0xf8, 0x3f, 0xff, 0xff,
    0xff, 0xf8, 0x15, 0x55, 0x55, 0x55, 0x52,

    /* U+253C "┼" */
    0x0, 0x0, 0x1, 0x0, 0x0, 0x0, 0x0, 0x4d,
    0x0, 0x0, 0x0, 0x0, 0x4d, 0x0, 0x0, 0x0,
    0x0, 0x4d, 0x0, 0x0, 0x0, 0x0, 0x4d, 0x0,
    0x0, 0x0, 0x0, 0x4d, 0x0, 0x0, 0x0, 0x0,
    0x4d, 0x0, 0x0, 0x0, 0x0, 0x4d, 0x0, 0x0,
    0x3, 0x33, 0x6d, 0x33, 0x31, 0x1f, 0xff, 0xff,
    0xff, 0xfa, 0x0, 0x0, 0x4d, 0x0, 0x0, 0x0,
    0x0, 0x4d, 0x0, 0x0, 0x0, 0x0, 0x4d, 0x0,
    0x0, 0x0, 0x0, 0x4d, 0x0, 0x0, 0x0, 0x0,
    0x4d, 0x0, 0x0, 0x0, 0x0, 0x4d, 0x0, 0x0,
    0x0, 0x0, 0x4d, 0x0, 0x0, 0x0, 0x0, 0x3a,
    0x0, 0x0,

    /* U+253D "┽" */
    0x0, 0x0, 0x10, 0x0, 0x0, 0x0, 0x2e, 0x0,
    0x0, 0x0, 0x2, 0xe0, 0x0, 0x0, 0x0, 0x2e,
    0x0, 0x0, 0x0, 0x2, 0xe0, 0x0, 0x0, 0x0,
    0x2e, 0x0, 0x0, 0x0, 0x2, 0xe0, 0x0, 0x0,
    0x0, 0x2e, 0x0, 0x0, 0xcc, 0xcc, 0xe3, 0x33,
    0x2f, 0xff, 0xff, 0xff, 0xfb, 0x99, 0x9a, 0xe0,
    0x0, 0x0, 0x0, 0x2e, 0x0, 0x0, 0x0, 0x2,
    0xe0, 0x0, 0x0, 0x0, 0x2e, 0x0, 0x0, 0x0,
    0x2, 0xe0, 0x0, 0x0, 0x0, 0x2e, 0x0, 0x0,
    0x0, 0x2, 0xe0, 0x0, 0x0, 0x0, 0x2c, 0x0,
    0x0,

    /* U+253E "┾" */
    0x0, 0x0, 0x10, 0x0, 0x0, 0x0, 0x2e, 0x0,
    0x0, 0x0, 0x2, 0xe0, 0x0, 0x0, 0x0, 0x2e,
    0x0, 0x0, 0x0, 0x2, 0xe0, 0x0, 0x0, 0x0,
    0x2e, 0x0, 0x0, 0x0, 0x2, 0xe0, 0x0, 0x0,
    0x0, 0x2e, 0x0, 0x0, 0x23, 0x35, 0xfc, 0xcc,
    0x8f, 0xff, 0xff, 0xff, 0xfb, 0x0, 0x2, 0xf9,
    0x99, 0x60, 0x0, 0x2e, 0x0, 0x0, 0x0, 0x2,
    0xe0, 0x0, 0x0, 0x0, 0x2e, 0x0, 0x0, 0x0,
    0x2, 0xe0, 0x0, 0x0, 0x0, 0x2e, 0x0, 0x0,
    0x0, 0x2, 0xe0, 0x0, 0x0, 0x0, 0x2c, 0x0,
    0x0,

    /* U+253F "┿" */
    0x0, 0x0, 0x1, 0x0, 0x0, 0x0, 0x0, 0x4d,
    0x0, 0x0, 0x0, 0x0, 0x4d, 0x0, 0x0, 0x0,
    0x0, 0x4d, 0x0, 0x0, 0x0, 0x0, 0x4d, 0x0,
    0x0, 0x0, 0x0, 0x4d, 0x0, 0x0, 0x0, 0x0,
    0x4d, 0x0, 0x0, 0x0, 0x0, 0x4d, 0x0, 0x0,
    0xc, 0xcc, 0xdf, 0xcc, 0xc7, 0x1f, 0xff, 0xff,
    0xff, 0xfa, 0x9, 0x99, 0xbe, 0x99, 0x95, 0x0,
    0x0, 0x4d, 0x0, 0x0, 0x0, 0x0, 0x4d, 0x0,
    0x0, 0x0, 0x0, 0x4d, 0x0, 0x0, 0x0, 0x0,
    0x4d, 0x0, 0x0, 0x0, 0x0, 0x4d, 0x0, 0x0,
    0x0, 0x0, 0x4d, 0x0, 0x0, 0x0, 0x0, 0x3a,
    0x0, 0x0,

    /* U+2540 "╀" */
    0x0, 0x0, 0x22, 0x0, 0x0, 0x0, 0x0, 0xef,
    0x40, 0x0, 0x0, 0x0, 0xef, 0x40, 0x0, 0x0,
    0x0, 0xef, 0x40, 0x0, 0x0, 0x0, 0xef, 0x40,
    0x0, 0x0, 0x0, 0xef, 0x40, 0x0, 0x0, 0x0,
    0xef, 0x40, 0x0, 0x0, 0x0, 0xef, 0x40, 0x0,
    0x3, 0x33, 0xff, 0x73, 0x31, 0x2f, 0xff, 0xff,
    0xff, 0xf7, 0x0, 0x0, 0x6b, 0x0, 0x0, 0x0,
    0x0, 0x6b, 0x0, 0x0, 0x0, 0x0, 0x6b, 0x0,
    0x0, 0x0, 0x0, 0x6b, 0x0, 0x0, 0x0, 0x0,
    0x6b, 0x0, 0x0, 0x0, 0x0, 0x6b, 0x0, 0x0,
    0x0, 0x0, 0x6b, 0x0, 0x0, 0x0, 0x0, 0x49,
    0x0, 0x0,

    /* U+2541 "╁" */
    0x0, 0x0, 0x1, 0x0, 0x0, 0x0, 0x0, 0x6b,
    0x0, 0x0, 0x0, 0x0, 0x6b, 0x0, 0x0, 0x0,
    0x0, 0x6b, 0x0, 0x0, 0x0, 0x0, 0x6b, 0x0,
    0x0, 0x0, 0x0, 0x6b, 0x0, 0x0, 0x0, 0x0,
    0x6b, 0x0, 0x0, 0x0, 0x0, 0x6b, 0x0, 0x0,
    0x3, 0x33, 0x8c, 0x33, 0x31, 0x2f, 0xff, 0xff,
    0xff, 0xf7, 0x0, 0x0, 0xef, 0x40, 0x0, 0x0,
    0x0, 0xef, 0x40, 0x0, 0x0, 0x0, 0xef, 0x40,
    0x0, 0x0, 0x0, 0xef, 0x40, 0x0, 0x0, 0x0,
    0xef, 0x40, 0x0, 0x0, 0x0, 0xef, 0x40, 0x0,
    0x0, 0x0, 0xef, 0x40, 0x0, 0x0, 0x0, 0xbc,
    0x30, 0x0,

    /* U+2542 "╂" */
    0x0, 0x0, 0x11, 0x0, 0x0, 0x0, 0x0, 0xef,
    0x40, 0x0, 0x0, 0x0, 0xef, 0x40, 0x0, 0x0,
    0x0, 0xef, 0x40, 0x0, 0x0, 0x0, 0xef, 0x40,
    0x0, 0x0, 0x0, 0xef, 0x40, 0x0, 0x0, 0x0,
    0xef, 0x40, 0x0, 0x0, 0x0, 0xef, 0x40, 0x0,
    0x3, 0x33, 0xef, 0x63, 0x31, 0x3f, 0xff, 0xff,
    0xff, 0xf8, 0x0, 0x0, 0xef, 0x40, 0x0, 0x0,
    0x0, 0xef, 0x40, 0x0, 0x0, 0x0, 0xef, 0x40,
    0x0, 0x0, 0x0, 0xef, 0x40, 0x0, 0x0, 0x0,
    0xef, 0x40, 0x0, 0x0, 0x0, 0xef, 0x40, 0x0,
    0x0, 0x0, 0xef, 0x40, 0x0, 0x0, 0x0, 0xcd,
    0x30, 0x0,

    /* U+2543 "╃" */
    0x0, 0x0, 0x45, 0x10, 0x0, 0x0, 0x0, 0xef,
    0x40, 0x0, 0x0, 0x0, 0xef, 0x40, 0x0, 0x0,
    0x0, 0xef, 0x40, 0x0, 0x0, 0x0, 0xef, 0x40,
    0x0, 0x0, 0x0, 0xef, 0x40, 0x0, 0x0, 0x0,
    0xef, 0x40, 0x0, 0x0, 0x0, 0xef, 0x40, 0x0,
    0x2f, 0xff, 0xff, 0x96, 0x63, 0x3f, 0xff, 0xff,
    0xdc, 0xc6, 0x15, 0x55, 0x9d, 0x10, 0x0, 0x0,
    0x0, 0x6b, 0x0, 0x0, 0x0, 0x0, 0x6b, 0x0,
    0x0, 0x0, 0x0, 0x6b, 0x0, 0x0, 0x0, 0x0,
    0x6b, 0x0, 0x0, 0x0, 0x0, 0x6b, 0x0, 0x0,
    0x0, 0x0, 0x6b, 0x0, 0x0, 0x0, 0x0, 0x37,
    0x0, 0x0,

    /* U+2544 "╄" */
    0x0, 0x0, 0x11, 0x0, 0x0, 0x0, 0x0, 0xef,
    0x40, 0x0, 0x0, 0x0, 0xef, 0x40, 0x0, 0x0,
    0x0, 0xef, 0x40, 0x0, 0x0, 0x0, 0xef, 0x40,
    0x0, 0x0, 0x0, 0xef, 0x40, 0x0, 0x0, 0x0,
    0xef, 0x40, 0x0, 0x0, 0x0, 0xef, 0x40, 0x0,
    0x3, 0x33, 0xef, 0xdc, 0xc6, 0x2f, 0xff, 0xff,
    0xff, 0xf8, 0x0, 0x0, 0xbe, 0x99, 0x94, 0x0,
    0x0, 0x6b, 0x0, 0x0, 0x0, 0x0, 0x6b, 0x0,
    0x0, 0x0, 0x0, 0x6b, 0x0, 0x0, 0x0, 0x0,
    0x6b, 0x0, 0x0, 0x0, 0x0, 0x6b, 0x0, 0x0,
    0x0, 0x0, 0x6b, 0x0, 0x0, 0x0, 0x0, 0x59,
    0x0, 0x0,

    /* U+2545 "╅" */
    0x0, 0x0, 0x13, 0x0, 0x0, 0x0, 0x0, 0x6b,
    0x0, 0x0, 0x0, 0x0, 0x6b, 0x0, 0x0, 0x0,
    0x0, 0x6b, 0x0, 0x0, 0x0, 0x0, 0x6b, 0x0,
    0x0, 0x0, 0x0, 0x6b, 0x0, 0x0, 0x0, 0x0,
    0x6b, 0x0, 0x0, 0x0, 0x0, 0x6b, 0x0, 0x0,
    0x2f, 0xff, 0xff, 0x86, 0x63, 0x3f, 0xff, 0xff,
    0xdc, 0xc6, 0x15, 0x55, 0xff, 0x40, 0x0, 0x0,
    0x0, 0xef, 0x40, 0x0, 0x0, 0x0, 0xef, 0x40,
    0x0, 0x0, 0x0, 0xef, 0x40, 0x0, 0x0, 0x0,
    0xef, 0x40, 0x0, 0x0, 0x0, 0xef, 0x40, 0x0,
    0x0, 0x0, 0xef, 0x40, 0x0, 0x0, 0x0, 0x9a,
    0x20, 0x0,

    /* U+2546 "╆" */
    0x0, 0x0, 0x13, 0x0, 0x0, 0x0, 0x0, 0x6b,
    0x0, 0x0, 0x0, 0x0, 0x6b, 0x0, 0x0, 0x0,
    0x0, 0x6b, 0x0, 0x0, 0x0, 0x0, 0x6b, 0x0,
    0x0, 0x0, 0x0, 0x6b, 0x0, 0x0, 0x0, 0x0,
    0x6b, 0x0, 0x0, 0x0, 0x0, 0x6b, 0x0, 0x0,
    0x16, 0x66, 0xff, 0xff, 0xf8, 0x2c, 0xcc, 0xff,
    0xff, 0xf8, 0x0, 0x0, 0xef, 0x85, 0x52, 0x0,
    0x0, 0xef, 0x40, 0x0, 0x0, 0x0, 0xef, 0x40,
    0x0, 0x0, 0x0, 0xef, 0x40, 0x0, 0x0, 0x0,
    0xef, 0x40, 0x0, 0x0, 0x0, 0xef, 0x40, 0x0,
    0x0, 0x0, 0xef, 0x40, 0x0, 0x0, 0x0, 0x9a,
    0x20, 0x0,

    /* U+2547 "╇" */
    0x0, 0x0, 0x45, 0x10, 0x0, 0x0, 0x0, 0xef,
    0x40, 0x0, 0x0, 0x0, 0xef, 0x40, 0x0, 0x0,
    0x0, 0xef, 0x40, 0x0, 0x0, 0x0, 0xef, 0x40,
    0x0, 0x0, 0x0, 0xef, 0x40, 0x0, 0x0, 0x0,
    0xef, 0x40, 0x0, 0x0, 0x0, 0xef, 0x40, 0x0,
    0x2f, 0xff, 0xff, 0xff, 0xf8, 0x3f, 0xff, 0xff,
    0xff, 0xf8, 0x15, 0x55, 0x9d, 0x55, 0x52, 0x0,
    0x0, 0x6b, 0x0, 0x0, 0x0, 0x0, 0x6b, 0x0,
    0x0, 0x0, 0x0, 0x6b, 0x0, 0x0, 0x0, 0x0,
    0x6b, 0x0, 0x0, 0x0, 0x0, 0x6b, 0x0, 0x0,
    0x0, 0x0, 0x6b, 0x0, 0x0, 0x0, 0x0, 0x37,
    0x0, 0x0,

    /* U+2548 "╈" */
    0x0, 0x0, 0x13, 0x0, 0x0, 0x0, 0x0, 0x6b,
    0x0, 0x0, 0x0, 0x0, 0x6b, 0x0, 0x0, 0x0,
    0x0, 0x6b, 0x0, 0x0, 0x0, 0x0, 0x6b, 0x0,
    0x0, 0x0, 0x0, 0x6b, 0x0, 0x0, 0x0, 0x0,
    0x6b, 0x0, 0x0, 0x0, 0x0, 0x6b, 0x0, 0x0,
    0x2f, 0xff, 0xff, 0xff, 0xf8, 0x3f, 0xff, 0xff,
    0xff, 0xf8, 0x15, 0x55, 0xff, 0x85, 0x52, 0x0,
    0x0, 0xef, 0x40, 0x0, 0x0, 0x0, 0xef, 0x40,
    0x0, 0x0, 0x0, 0xef, 0x40, 0x0, 0x0, 0x0,
    0xef, 0x40, 0x0, 0x0, 0x0, 0xef, 0x40, 0x0,
    0x0, 0x0, 0xef, 0x40, 0x0, 0x0, 0x0, 0x9a,
    0x20, 0x0,

    /* U+2549 "╉" */
    0x0, 0x0, 0x11, 0x0, 0x0, 0x0, 0x0, 0xef,
    0x40, 0x0, 0x0, 0x0, 0xef, 0x40, 0x0, 0x0,
    0x0, 0xef, 0x40, 0x0, 0x0, 0x0, 0xef, 0x40,
    0x0, 0x0, 0x0, 0xef, 0x40, 0x0, 0x0, 0x0,
    0xef, 0x40, 0x0, 0x0, 0x0, 0xef, 0x40, 0x0,
    0x2c, 0xcc, 0xff, 0x63, 0x31, 0x3f, 0xff, 0xff,
    0xff, 0xf8, 0x19, 0x99, 0xff, 0x40, 0x0, 0x0,
    0x0, 0xef, 0x40, 0x0, 0x0, 0x0, 0xef, 0x40,
    0x0, 0x0, 0x0, 0xef, 0x40, 0x0, 0x0, 0x0,
    0xef, 0x40, 0x0, 0x0, 0x0, 0xef, 0x40, 0x0,
    0x0, 0x0, 0xef, 0x40, 0x0, 0x0, 0x0, 0xcd,
    0x30, 0x0,

    /* U+254A "╊" */
    0x0, 0x0, 0x11, 0x0, 0x0, 0x0, 0x0, 0xef,
    0x40, 0x0, 0x0, 0x0, 0xef, 0x40, 0x0, 0x0,
    0x0, 0xef, 0x40, 0x0, 0x0, 0x0, 0xef, 0x40,
    0x0, 0x0, 0x0, 0xef, 0x40, 0x0, 0x0, 0x0,
    0xef, 0x40, 0x0, 0x0, 0x0, 0xef, 0x40, 0x0,
    0x3, 0x33, 0xef, 0xdc, 0xc6, 0x3f, 0xff, 0xff,
    0xff, 0xf8, 0x0, 0x0, 0xef, 0xb9, 0x94, 0x0,
    0x0, 0xef, 0x40, 0x0, 0x0, 0x0, 0xef, 0x40,
    0x0, 0x0, 0x0, 0xef, 0x40, 0x0, 0x0, 0x0,
    0xef, 0x40, 0x0, 0x0, 0x0, 0xef, 0x40, 0x0,
    0x0, 0x0, 0xef, 0x40, 0x0, 0x0, 0x0, 0xcd,
    0x30, 0x0,

    /* U+254B "╋" */
    0x0, 0x0, 0x11, 0x0, 0x0, 0x0, 0x0, 0xef,
    0x40, 0x0, 0x0, 0x0, 0xef, 0x40, 0x0, 0x0,
    0x0, 0xef, 0x40, 0x0, 0x0, 0x0, 0xef, 0x40,
    0x0, 0x0, 0x0, 0xef, 0x40, 0x0, 0x0, 0x0,
    0xef, 0x40, 0x0, 0x0, 0x0, 0xef, 0x40, 0x0,
    0x2c, 0xcc, 0xff, 0xdc, 0xc6, 0x3f, 0xff, 0xff,
    0xff, 0xf8, 0x19, 0x99, 0xff, 0xb9, 0x94, 0x0,
    0x0, 0xef, 0x40, 0x0, 0x0, 0x0, 0xef, 0x40,
    0x0, 0x0, 0x0, 0xef, 0x40, 0x0, 0x0, 0x0,
    0xef, 0x40, 0x0, 0x0, 0x0, 0xef, 0x40, 0x0,
    0x0, 0x0, 0xef, 0x40, 0x0, 0x0, 0x0, 0xcd,
    0x30, 0x0,

    /* U+254C "╌" */
    0x13, 0x33, 0x3, 0x33, 0x7, 0xff, 0xe3, 0xff,
    0xf2,

    /* U+254D "╍" */
    0x7f, 0xfe, 0x3f, 0xff, 0x27, 0xff, 0xe4, 0xff,
    0xf2, 0x25, 0x55, 0x15, 0x55, 0x0,

    /* U+254E "╎" */
    0x2b, 0x2e, 0x2e, 0x2e, 0x2e, 0x2e, 0x0, 0x0,
    0x2b, 0x2e, 0x2e, 0x2e, 0x2e, 0x2e, 0x0,

    /* U+254F "╏" */
    0xbd, 0x3e, 0xf4, 0xef, 0x4e, 0xf4, 0xef, 0x4e,
    0xf4, 0x0, 0x0, 0x0, 0xbc, 0x3e, 0xf4, 0xef,
    0x4e, 0xf4, 0xef, 0x4e, 0xf4, 0x0, 0x0,

    /* U+2550 "═" */
    0x5, 0x55, 0x55, 0x55, 0x53, 0x1d, 0xdd, 0xdd,
    0xdd, 0xd8, 0x3, 0x33, 0x33, 0x33, 0x32, 0x1f,
    0xff, 0xff, 0xff, 0xf9,

    /* U+2551 "║" */
    0x1, 0x1, 0x3, 0xe0, 0xf1, 0x3e, 0xf, 0x13,
    0xe0, 0xf1, 0x3e, 0xf, 0x13, 0xe0, 0xf1, 0x3e,
    0xf, 0x13, 0xe0, 0xf1, 0x3e, 0xf, 0x13, 0xe0,
    0xf1, 0x3e, 0xf, 0x13, 0xe0, 0xf1, 0x3e, 0xf,
    0x13, 0xe0, 0xf1, 0x3e, 0xf, 0x13, 0xe0, 0xf1,
    0x3e, 0xf, 0x12, 0xc0, 0xd1,

    /* U+2552 "╒" */
    0x5, 0x55, 0x54, 0x2f, 0xdd, 0xd9, 0x2f, 0x33,
    0x32, 0x2f, 0xff, 0xfa, 0x2e, 0x0, 0x0, 0x2e,
    0x0, 0x0, 0x2e, 0x0, 0x0, 0x2e, 0x0, 0x0,
    0x2e, 0x0, 0x0, 0x2e, 0x0, 0x0, 0x2c, 0x0,
    0x0,

    /* U+2553 "╓" */
    0x3, 0x33, 0x33, 0x23, 0xff, 0xff, 0xfb, 0x3e,
    0xf, 0x10, 0x3, 0xe0, 0xf1, 0x0, 0x3e, 0xf,
    0x10, 0x3, 0xe0, 0xf1, 0x0, 0x3e, 0xf, 0x10,
    0x3, 0xe0, 0xf1, 0x0, 0x3e, 0xf, 0x10, 0x2,
    0xb0, 0xc0, 0x0,

    /* U+2554 "╔" */
    0x15, 0x55, 0x55, 0x33, 0xfd, 0xdd, 0xd7, 0x3e,
    0x3, 0x33, 0x13, 0xe1, 0xff, 0xf8, 0x3e, 0x1f,
    0x0, 0x3, 0xe1, 0xf0, 0x0, 0x3e, 0x1f, 0x0,
    0x3, 0xe1, 0xf0, 0x0, 0x3e, 0x1f, 0x0, 0x3,
    0xe1, 0xf0, 0x0, 0x28, 0x9, 0x0, 0x0,

    /* U+2555 "╕" */
    0x55, 0x55, 0x5c, 0xdd, 0xde, 0x33, 0x35, 0xef,
    0xff, 0xfe, 0x0, 0x2, 0xe0, 0x0, 0x2e, 0x0,
    0x2, 0xe0, 0x0, 0x2e, 0x0, 0x2, 0xe0, 0x0,
    0x2e, 0x0, 0x2, 0xc0,

    /* U+2556 "╖" */
    0x3, 0x33, 0x33, 0x30, 0x2f, 0xff, 0xff, 0xf1,
    0x0, 0x3, 0xe0, 0xf1, 0x0, 0x3, 0xe0, 0xf1,
    0x0, 0x3, 0xe0, 0xf1, 0x0, 0x3, 0xe0, 0xf1,
    0x0, 0x3, 0xe0, 0xf1, 0x0, 0x3, 0xe0, 0xf1,
    0x0, 0x3, 0xe0, 0xf1, 0x0, 0x2, 0xb0, 0xc0,

    /* U+2557 "╗" */
    0x55, 0x55, 0x55, 0xb, 0xdd, 0xdd, 0xf1, 0x33,
    0x33, 0xf, 0x1e, 0xff, 0xe0, 0xf1, 0x0, 0x3e,
    0xf, 0x10, 0x3, 0xe0, 0xf1, 0x0, 0x3e, 0xf,
    0x10, 0x3, 0xe0, 0xf1, 0x0, 0x3e, 0xf, 0x10,
    0x3, 0xe0, 0xf1, 0x0, 0x28, 0xa, 0x0,

    /* U+2558 "╘" */
    0x4, 0x0, 0x0, 0x2e, 0x0, 0x0, 0x2e, 0x0,
    0x0, 0x2e, 0x0, 0x0, 0x2e, 0x0, 0x0, 0x2e,
    0x0, 0x0, 0x2e, 0x0, 0x0, 0x2f, 0x55, 0x54,
    0x2f, 0xdd, 0xd9, 0x2f, 0x33, 0x32, 0x2f, 0xff,
    0xfa,

    /* U+2559 "╙" */
    0x2, 0x2, 0x0, 0x3, 0xe0, 0xf1, 0x0, 0x3e,
    0xf, 0x10, 0x3, 0xe0, 0xf1, 0x0, 0x3e, 0xf,
    0x10, 0x3, 0xe0, 0xf1, 0x0, 0x3e, 0xf, 0x10,
    0x3, 0xe0, 0xf1, 0x0, 0x3e, 0x3f, 0x43, 0x23,
    0xff, 0xff, 0xfb,

    /* U+255A "╚" */
    0x1, 0x1, 0x0, 0x3, 0xe1, 0xf0, 0x0, 0x3e,
    0x1f, 0x0, 0x3, 0xe1, 0xf0, 0x0, 0x3e, 0x1f,
    0x0, 0x3, 0xe1, 0xf0, 0x0, 0x3e, 0x1f, 0x0,
    0x3, 0xe1, 0xf5, 0x53, 0x3e, 0xd, 0xdd, 0x73,
    0xe3, 0x33, 0x31, 0x3f, 0xff, 0xff, 0x80,

    /* U+255B "╛" */
    0x0, 0x0, 0x40, 0x0, 0x2e, 0x0, 0x2, 0xe0,
    0x0, 0x2e, 0x0, 0x2, 0xe0, 0x0, 0x2e, 0x0,
    0x2, 0xe5, 0x55, 0x7e, 0xcd, 0xdd, 0xe3, 0x33,
    0x5e, 0xff, 0xff, 0xe0,

    /* U+255C "╜" */
    0x0, 0x0, 0x20, 0x20, 0x0, 0x3, 0xe0, 0xf1,
    0x0, 0x3, 0xe0, 0xf1, 0x0, 0x3, 0xe0, 0xf1,
    0x0, 0x3, 0xe0, 0xf1, 0x0, 0x3, 0xe0, 0xf1,
    0x0, 0x3, 0xe0, 0xf1, 0x0, 0x3, 0xe0, 0xf1,
    0x3, 0x36, 0xe3, 0xf1, 0x2f, 0xff, 0xff, 0xf1,

    /* U+255D "╝" */
    0x0, 0x1, 0x1, 0x0, 0x3, 0xe0, 0xf1, 0x0,
    0x3e, 0xf, 0x10, 0x3, 0xe0, 0xf1, 0x0, 0x3e,
    0xf, 0x10, 0x3, 0xe0, 0xf1, 0x0, 0x3e, 0xf,
    0x15, 0x57, 0xe0, 0xf1, 0xbd, 0xdb, 0xf, 0x13,
    0x33, 0x33, 0xf1, 0xef, 0xff, 0xff, 0x10,

    /* U+255E "╞" */
    0x1, 0x0, 0x0, 0x2e, 0x0, 0x0, 0x2e, 0x0,
    0x0, 0x2e, 0x0, 0x0, 0x2e, 0x0, 0x0, 0x2e,
    0x0, 0x0, 0x2e, 0x0, 0x0, 0x2f, 0x55, 0x54,
    0x2f, 0xdd, 0xd9, 0x2e, 0x0, 0x0, 0x2f, 0xff,
    0xfb, 0x2e, 0x22, 0x21, 0x2e, 0x0, 0x0, 0x2e,
    0x0, 0x0, 0x2e, 0x0, 0x0, 0x2e, 0x0, 0x0,
    0x2e, 0x0, 0x0, 0x2c, 0x0, 0x0,

    /* U+255F "╟" */
    0x1, 0x1, 0x0, 0x3, 0xe1, 0xf0, 0x0, 0x3e,
    0x1f, 0x0, 0x3, 0xe1, 0xf0, 0x0, 0x3e, 0x1f,
    0x0, 0x3, 0xe1, 0xf0, 0x0, 0x3e, 0x1f, 0x0,
    0x3, 0xe1, 0xf0, 0x0, 0x3e, 0x1f, 0x33, 0x13,
    0xe1, 0xff, 0xf9, 0x3e, 0x1f, 0x0, 0x3, 0xe1,
    0xf0, 0x0, 0x3e, 0x1f, 0x0, 0x3, 0xe1, 0xf0,
    0x0, 0x3e, 0x1f, 0x0, 0x3, 0xe1, 0xf0, 0x0,
    0x3e, 0x1f, 0x0, 0x2, 0xc0, 0xd0, 0x0,

    /* U+2560 "╠" */
    0x1, 0x1, 0x0, 0x3, 0xe1, 0xf0, 0x0, 0x3e,
    0x1f, 0x0, 0x3, 0xe1, 0xf0, 0x0, 0x3e, 0x1f,
    0x0, 0x3, 0xe1, 0xf0, 0x0, 0x3e, 0x1f, 0x0,
    0x3, 0xe1, 0xf5, 0x53, 0x3e, 0xd, 0xdd, 0x73,
    0xe0, 0x0, 0x0, 0x3e, 0x1f, 0xff, 0x93, 0xe1,
    0xf2, 0x21, 0x3e, 0x1f, 0x0, 0x3, 0xe1, 0xf0,
    0x0, 0x3e, 0x1f, 0x0, 0x3, 0xe1, 0xf0, 0x0,
    0x3e, 0x1f, 0x0, 0x2, 0xc0, 0xd0, 0x0,

    /* U+2561 "╡" */
    0x0, 0x0, 0x10, 0x0, 0x2e, 0x0, 0x2, 0xe0,
    0x0, 0x2e, 0x0, 0x2, 0xe0, 0x0, 0x2e, 0x0,
    0x2, 0xe5, 0x55, 0x7e, 0xcd, 0xdd, 0xe0, 0x0,
    0x2e, 0xff, 0xff, 0xe2, 0x22, 0x5e, 0x0, 0x2,
    0xe0, 0x0, 0x2e, 0x0, 0x2, 0xe0, 0x0, 0x2e,
    0x0, 0x2, 0xe0, 0x0, 0x2c,

    /* U+2562 "╢" */
    0x0, 0x1, 0x1, 0x0, 0x3, 0xe0, 0xf1, 0x0,
    0x3e, 0xf, 0x10, 0x3, 0xe0, 0xf1, 0x0, 0x3e,
    0xf, 0x10, 0x3, 0xe0, 0xf1, 0x0, 0x3e, 0xf,
    0x10, 0x3, 0xe0, 0xf1, 0x23, 0x5e, 0xf, 0x1e,
    0xff, 0xe0, 0xf1, 0x0, 0x3e, 0xf, 0x10, 0x3,
    0xe0, 0xf1, 0x0, 0x3e, 0xf, 0x10, 0x3, 0xe0,
    0xf1, 0x0, 0x3e, 0xf, 0x10, 0x3, 0xe0, 0xf1,
    0x0, 0x3e, 0xf, 0x10, 0x2, 0xc0, 0xd1,

    /* U+2563 "╣" */
    0x0, 0x1, 0x1, 0x0, 0x3, 0xe0, 0xf1, 0x0,
    0x3e, 0xf, 0x10, 0x3, 0xe0, 0xf1, 0x0, 0x3e,
    0xf, 0x10, 0x3, 0xe0, 0xf1, 0x0, 0x3e, 0xf,
    0x15, 0x57, 0xe0, 0xf1, 0xbd, 0xdb, 0xf, 0x10,
    0x0, 0x0, 0xf1, 0xef, 0xfe, 0xf, 0x12, 0x25,
    0xe0, 0xf1, 0x0, 0x3e, 0xf, 0x10, 0x3, 0xe0,
    0xf1, 0x0, 0x3e, 0xf, 0x10, 0x3, 0xe0, 0xf1,
    0x0, 0x3e, 0xf, 0x10, 0x2, 0xc0, 0xd1,

    /* U+2564 "╤" */
    0x5, 0x55, 0x55, 0x55, 0x53, 0x1d, 0xdd, 0xdd,
    0xdd, 0xd8, 0x3, 0x33, 0x33, 0x33, 0x32, 0x1f,
    0xff, 0xff, 0xff, 0xf9, 0x0, 0x0, 0x4d, 0x0,
    0x0, 0x0, 0x0, 0x4d, 0x0, 0x0, 0x0, 0x0,
    0x4d, 0x0, 0x0, 0x0, 0x0, 0x4d, 0x0, 0x0,
    0x0, 0x0, 0x4d, 0x0, 0x0, 0x0, 0x0, 0x4d,
    0x0, 0x0, 0x0, 0x0, 0x28, 0x0, 0x0,

    /* U+2565 "╥" */
    0x3, 0x33, 0x33, 0x33, 0x32, 0x1f, 0xff, 0xff,
    0xff, 0xf9, 0x0, 0x6, 0xb3, 0xe0, 0x0, 0x0,
    0x6, 0xb3, 0xe0, 0x0, 0x0, 0x6, 0xb3, 0xe0,
    0x0, 0x0, 0x6, 0xb3, 0xe0, 0x0, 0x0, 0x6,
    0xb3, 0xe0, 0x0, 0x0, 0x6, 0xb3, 0xe0, 0x0,
    0x0, 0x6, 0xb3, 0xe0, 0x0, 0x0, 0x4, 0x92,
    0xb0, 0x0,

    /* U+2566 "╦" */
    0x5, 0x55, 0x55, 0x55, 0x53, 0x1d, 0xdd, 0xdd,
    0xdd, 0xd8, 0x3, 0x33, 0x20, 0x33, 0x32, 0x1f,
    0xff, 0xb3, 0xff, 0xf9, 0x0, 0x6, 0xb3, 0xe0,
    0x0, 0x0, 0x6, 0xb3, 0xe0, 0x0, 0x0, 0x6,
    0xb3, 0xe0, 0x0, 0x0, 0x6, 0xb3, 0xe0, 0x0,
    0x0, 0x6, 0xb3, 0xe0, 0x0, 0x0, 0x6, 0xb3,
    0xe0, 0x0, 0x0, 0x3, 0x71, 0x90, 0x0,

    /* U+2567 "╧" */
    0x0, 0x0, 0x1, 0x0, 0x0, 0x0, 0x0, 0x4d,
    0x0, 0x0, 0x0, 0x0, 0x4d, 0x0, 0x0, 0x0,
    0x0, 0x4d, 0x0, 0x0, 0x0, 0x0, 0x4d, 0x0,
    0x0, 0x0, 0x0, 0x4d, 0x0, 0x0, 0x0, 0x0,
    0x4d, 0x0, 0x0, 0x5, 0x55, 0x8e, 0x55, 0x53,
    0x1d, 0xdd, 0xdd, 0xdd, 0xd8, 0x3, 0x33, 0x33,
    0x33, 0x32, 0x1f, 0xff, 0xff, 0xff, 0xf9,

    /* U+2568 "╨" */
    0x0, 0x0, 0x10, 0x20, 0x0, 0x0, 0x6, 0xb3,
    0xe0, 0x0, 0x0, 0x6, 0xb3, 0xe0, 0x0, 0x0,
    0x6, 0xb3, 0xe0, 0x0, 0x0, 0x6, 0xb3, 0xe0,
    0x0, 0x0, 0x6, 0xb3, 0xe0, 0x0, 0x0, 0x6,
    0xb3, 0xe0, 0x0, 0x0, 0x6, 0xb3, 0xe0, 0x0,
    0x3, 0x38, 0xc6, 0xe3, 0x32, 0x1f, 0xff, 0xff,
    0xff, 0xf9,

    /* U+2569 "╩" */
    0x0, 0x0, 0x10, 0x10, 0x0, 0x0, 0x6, 0xb3,
    0xe0, 0x0, 0x0, 0x6, 0xb3, 0xe0, 0x0, 0x0,
    0x6, 0xb3, 0xe0, 0x0, 0x0, 0x6, 0xb3, 0xe0,
    0x0, 0x0, 0x6, 0xb3, 0xe0, 0x0, 0x0, 0x6,
    0xb3, 0xe0, 0x0, 0x5, 0x59, 0xb3, 0xf5, 0x53,
    0x1d, 0xdd, 0x92, 0xdd, 0xd8, 0x3, 0x33, 0x33,
    0x33, 0x32, 0x1f, 0xff, 0xff, 0xff, 0xf9,

    /* U+256A "╪" */
    0x0, 0x0, 0x1, 0x0, 0x0, 0x0, 0x0, 0x4d,
    0x0, 0x0, 0x0, 0x0, 0x4d, 0x0, 0x0, 0x0,
    0x0, 0x4d, 0x0, 0x0, 0x0, 0x0, 0x4d, 0x0,
    0x0, 0x0, 0x0, 0x4d, 0x0, 0x0, 0x0, 0x0,
    0x4d, 0x0, 0x0, 0x5, 0x55, 0x8e, 0x55, 0x53,
    0x1d, 0xdd, 0xdf, 0xdd, 0xd8, 0x0, 0x0, 0x4d,
    0x0, 0x0, 0x1f, 0xff, 0xff, 0xff, 0xfa, 0x2,
    0x22, 0x6d, 0x22, 0x21, 0x0, 0x0, 0x4d, 0x0,
    0x0, 0x0, 0x0, 0x4d, 0x0, 0x0, 0x0, 0x0,
    0x4d, 0x0, 0x0, 0x0, 0x0, 0x4d, 0x0, 0x0,
    0x0, 0x0, 0x4d, 0x0, 0x0, 0x0, 0x0, 0x3a,
    0x0, 0x0,

    /* U+256B "╫" */
    0x0, 0x0, 0x10, 0x10, 0x0, 0x0, 0x6, 0xb3,
    0xe0, 0x0, 0x0, 0x6, 0xb3, 0xe0, 0x0, 0x0,
    0x6, 0xb3, 0xe0, 0x0, 0x0, 0x6, 0xb3, 0xe0,
    0x0, 0x0, 0x6, 0xb3, 0xe0, 0x0, 0x0, 0x6,
    0xb3, 0xe0, 0x0, 0x0, 0x6, 0xb3, 0xe0, 0x0,
    0x3, 0x37, 0xc5, 0xe3, 0x31, 0x1f, 0xff, 0xff,
    0xff, 0xfa, 0x0, 0x6, 0xb3, 0xe0, 0x0, 0x0,
    0x6, 0xb3, 0xe0, 0x0, 0x0, 0x6, 0xb3, 0xe0,
    0x0, 0x0, 0x6, 0xb3, 0xe0, 0x0, 0x0, 0x6,
    0xb3, 0xe0, 0x0, 0x0, 0x6, 0xb3, 0xe0, 0x0,
    0x0, 0x6, 0xb3, 0xe0, 0x0, 0x0, 0x5, 0x92,
    0xc0, 0x0,

    /* U+256C "╬" */
    0x0, 0x1, 0x1, 0x0, 0x0, 0x3, 0xe1, 0xf0,
    0x0, 0x0, 0x3e, 0x1f, 0x0, 0x0, 0x3, 0xe1,
    0xf0, 0x0, 0x0, 0x3e, 0x1f, 0x0, 0x0, 0x3,
    0xe1, 0xf0, 0x0, 0x0, 0x3e, 0x1f, 0x0, 0x5,
    0x57, 0xe1, 0xf5, 0x53, 0xbd, 0xdb, 0xd, 0xdd,
    0x73, 0x33, 0x30, 0x33, 0x31, 0xef, 0xfe, 0x1f,
    0xff, 0x80, 0x3, 0xe1, 0xf0, 0x0, 0x0, 0x3e,
    0x1f, 0x0, 0x0, 0x3, 0xe1, 0xf0, 0x0, 0x0,
    0x3e, 0x1f, 0x0, 0x0, 0x3, 0xe1, 0xf0, 0x0,
    0x0, 0x3e, 0x1f, 0x0, 0x0, 0x2, 0x80, 0x90,
    0x0,

    /* U+256D "╭" */
    0x0, 0x13, 0x32, 0x6, 0xff, 0xfa, 0xf, 0x30,
    0x0, 0x2f, 0x0, 0x0, 0x2e, 0x0, 0x0, 0x2e,
    0x0, 0x0, 0x2e, 0x0, 0x0, 0x2e, 0x0, 0x0,
    0x2e, 0x0, 0x0, 0x2b, 0x0, 0x0,

    /* U+256E "╮" */
    0x33, 0x30, 0xf, 0xff, 0xf2, 0x0, 0x7, 0xb0,
    0x0, 0x3e, 0x0, 0x2, 0xe0, 0x0, 0x2e, 0x0,
    0x2, 0xe0, 0x0, 0x2e, 0x0, 0x2, 0xe0, 0x0,
    0x2b,

    /* U+256F "╯" */
    0x0, 0x0, 0x20, 0x0, 0x2e, 0x0, 0x2, 0xe0,
    0x0, 0x2e, 0x0, 0x2, 0xe0, 0x0, 0x2e, 0x0,
    0x2, 0xe0, 0x0, 0x3e, 0x33, 0x4b, 0x9f, 0xff,
    0xb0,

    /* U+2570 "╰" */
    0x2, 0x0, 0x0, 0x2e, 0x0, 0x0, 0x2e, 0x0,
    0x0, 0x2e, 0x0, 0x0, 0x2e, 0x0, 0x0, 0x2e,
    0x0, 0x0, 0x2e, 0x0, 0x0, 0x1f, 0x0, 0x0,
    0xd, 0x83, 0x32, 0x3, 0xdf, 0xfa,

    /* U+2571 "╱" */
    0x0, 0x0, 0x0, 0x0, 0x14, 0x0, 0x0, 0x0,
    0x0, 0x9, 0xa0, 0x0, 0x0, 0x0, 0x1, 0xf2,
    0x0, 0x0, 0x0, 0x0, 0x9a, 0x0, 0x0, 0x0,
    0x0, 0x1f, 0x20, 0x0, 0x0, 0x0, 0x8, 0xa0,
    0x0, 0x0, 0x0, 0x1, 0xf2, 0x0, 0x0, 0x0,
    0x0, 0x8a, 0x0, 0x0, 0x0, 0x0, 0x1f, 0x20,
    0x0, 0x0, 0x0, 0x8, 0xa0, 0x0, 0x0, 0x0,
    0x1, 0xf2, 0x0, 0x0, 0x0, 0x0, 0x8a, 0x0,
    0x0, 0x0, 0x0, 0x1f, 0x20, 0x0, 0x0, 0x0,
    0x8, 0xa0, 0x0, 0x0, 0x0, 0x1, 0xf2, 0x0,
    0x0, 0x0, 0x0, 0x8a, 0x0, 0x0, 0x0, 0x0,
    0x1f, 0x30, 0x0, 0x0, 0x0, 0x4, 0x70, 0x0,
    0x0, 0x0, 0x0,

    /* U+2572 "╲" */
    0x22, 0x0, 0x0, 0x0, 0x0, 0x3, 0xf1, 0x0,
    0x0, 0x0, 0x0, 0xb, 0x80, 0x0, 0x0, 0x0,
    0x0, 0x3e, 0x10, 0x0, 0x0, 0x0, 0x0, 0xb7,
    0x0, 0x0, 0x0, 0x0, 0x3, 0xe0, 0x0, 0x0,
    0x0, 0x0, 0xb, 0x70, 0x0, 0x0, 0x0, 0x0,
    0x3e, 0x0, 0x0, 0x0, 0x0, 0x0, 0xb7, 0x0,
    0x0, 0x0, 0x0, 0x3, 0xe0, 0x0, 0x0, 0x0,
    0x0, 0xb, 0x70, 0x0, 0x0, 0x0, 0x0, 0x3e,
    0x0, 0x0, 0x0, 0x0, 0x0, 0xb7, 0x0, 0x0,
    0x0, 0x0, 0x3, 0xe0, 0x0, 0x0, 0x0, 0x0,
    0xb, 0x70, 0x0, 0x0, 0x0, 0x0, 0x3e, 0x0,
    0x0, 0x0, 0x0, 0x0, 0xc7, 0x0, 0x0, 0x0,
    0x0, 0x3, 0x80,

    /* U+2573 "╳" */
    0x0, 0x0, 0x0, 0x0, 0x0, 0x5, 0xd0, 0x0,
    0x0, 0x7, 0xc0, 0xd, 0x60, 0x0, 0x0, 0xe4,
    0x0, 0x5d, 0x0, 0x0, 0x7c, 0x0, 0x0, 0xd6,
    0x0, 0xe, 0x40, 0x0, 0x5, 0xd0, 0x7, 0xc0,
    0x0, 0x0, 0xd, 0x50, 0xe4, 0x0, 0x0, 0x0,
    0x5d, 0x7c, 0x0, 0x0, 0x0, 0x0, 0xdf, 0x40,
    0x0, 0x0, 0x0, 0x8, 0xf0, 0x0, 0x0, 0x0,
    0x0, 0xee, 0x50, 0x0, 0x0, 0x0, 0x6c, 0x5d,
    0x0, 0x0, 0x0, 0xe, 0x40, 0xd5, 0x0, 0x0,
    0x6, 0xc0, 0x5, 0xd0, 0x0, 0x0, 0xe4, 0x0,
    0xd, 0x50, 0x0, 0x6c, 0x0, 0x0, 0x5d, 0x0,
    0xe, 0x40, 0x0, 0x0, 0xd5, 0x5, 0xb0, 0x0,
    0x0, 0x5, 0xb0,

    /* U+2574 "╴" */
    0x3, 0x33, 0x30, 0x2f, 0xff, 0xf3,

    /* U+2575 "╵" */
    0x16, 0x2e, 0x2e, 0x2e, 0x2e, 0x2e, 0x2e, 0x2e,
    0x2e, 0x0,

    /* U+2576 "╶" */
    0x33, 0x33, 0x1e, 0xff, 0xf6,

    /* U+2577 "╷" */
    0x2e, 0x2e, 0x2e, 0x2e, 0x2e, 0x2e, 0x2e, 0x2e,
    0x17,

    /* U+2578 "╸" */
    0x2f, 0xff, 0xf3, 0x2f, 0xff, 0xf3, 0x5, 0x55,
    0x51,

    /* U+2579 "╹" */
    0x67, 0x1e, 0xf4, 0xef, 0x4e, 0xf4, 0xef, 0x4e,
    0xf4, 0xef, 0x4e, 0xf4, 0xef, 0x40, 0x0,

    /* U+257A "╺" */
    0xef, 0xff, 0x6e, 0xff, 0xf6, 0x55, 0x55, 0x20,

    /* U+257B "╻" */
    0xef, 0x4e, 0xf4, 0xef, 0x4e, 0xf4, 0xef, 0x4e,
    0xf4, 0xef, 0x4e, 0xf4, 0x77, 0x20,

    /* U+257C "╼" */
    0x26, 0x66, 0x6e, 0xff, 0xf5, 0x4c, 0xcc, 0xcf,
    0xff, 0xf5, 0x0, 0x0, 0x5, 0x55, 0x51,

    /* U+257D "╽" */
    0x25, 0x6, 0xb0, 0x6b, 0x6, 0xb0, 0x6b, 0x6,
    0xb0, 0x6b, 0x6, 0xb0, 0x6b, 0xe, 0xf4, 0xef,
    0x4e, 0xf4, 0xef, 0x4e, 0xf4, 0xef, 0x4e, 0xf4,
    0xef, 0x47, 0x72,

    /* U+257E "╾" */
    0x2f, 0xff, 0xf9, 0x66, 0x63, 0x2f, 0xff, 0xfd,
    0xcc, 0xc6, 0x5, 0x55, 0x51, 0x0, 0x0,

    /* U+257F "╿" */
    0x67, 0x1e, 0xf4, 0xef, 0x4e, 0xf4, 0xef, 0x4e,
    0xf4, 0xef, 0x4e, 0xf4, 0xef, 0x46, 0xb0, 0x6b,
    0x6, 0xb0, 0x6b, 0x6, 0xb0, 0x6b, 0x6, 0xb0,
    0x6b, 0x2, 0x50,

    /* U+2580 "▀" */
    0x77, 0x77, 0x77, 0x77, 0x3f, 0xff, 0xff, 0xff,
    0xf6, 0xff, 0xff, 0xff, 0xff, 0x6f, 0xff, 0xff,
    0xff, 0xf6, 0xff, 0xff, 0xff, 0xff, 0x6f, 0xff,
    0xff, 0xff, 0xf6, 0xff, 0xff, 0xff, 0xff, 0x6f,
    0xff, 0xff, 0xff, 0xf6, 0xff, 0xff, 0xff, 0xff,
    0x60, 0x0, 0x0, 0x0, 0x0,

    /* U+2581 "▁" */
    0xee, 0xee, 0xee, 0xee, 0x6f, 0xff, 0xff, 0xff,
    0xf6, 0x44, 0x44, 0x44, 0x44, 0x10,

    /* U+2582 "▂" */
    0xff, 0xff, 0xff, 0xff, 0x6f, 0xff, 0xff, 0xff,
    0xf6, 0xff, 0xff, 0xff, 0xff, 0x6f, 0xff, 0xff,
    0xff, 0xf6, 0x44, 0x44, 0x44, 0x44, 0x10,

    /* U+2583 "▃" */
    0xff, 0xff, 0xff, 0xff, 0x6f, 0xff, 0xff, 0xff,
    0xf6, 0xff, 0xff, 0xff, 0xff, 0x6f, 0xff, 0xff,
    0xff, 0xf6, 0xff, 0xff, 0xff, 0xff, 0x6f, 0xff,
    0xff, 0xff, 0xf6, 0x55, 0x55, 0x55, 0x55, 0x20,

    /* U+2584 "▄" */
    0xff, 0xff, 0xff, 0xff, 0x6f, 0xff, 0xff, 0xff,
    0xf6, 0xff, 0xff, 0xff, 0xff, 0x6f, 0xff, 0xff,
    0xff, 0xf6, 0xff, 0xff, 0xff, 0xff, 0x6f, 0xff,
    0xff, 0xff, 0xf6, 0xff, 0xff, 0xff, 0xff, 0x6f,
    0xff, 0xff, 0xff, 0xf6, 0x55, 0x55, 0x55, 0x55,
    0x20,

    /* U+2585 "▅" */
    0xff, 0xff, 0xff, 0xff, 0x6f, 0xff, 0xff, 0xff,
    0xf6, 0xff, 0xff, 0xff, 0xff, 0x6f, 0xff, 0xff,
    0xff, 0xf6, 0xff, 0xff, 0xff, 0xff, 0x6f, 0xff,
    0xff, 0xff, 0xf6, 0xff, 0xff, 0xff, 0xff, 0x6f,
    0xff, 0xff, 0xff, 0xf6, 0xff, 0xff, 0xff, 0xff,
    0x6f, 0xff, 0xff, 0xff, 0xf6, 0x66, 0x66, 0x66,
    0x66, 0x20,

    /* U+2586 "▆" */
    0xff, 0xff, 0xff, 0xff, 0x6f, 0xff, 0xff, 0xff,
    0xf6, 0xff, 0xff, 0xff, 0xff, 0x6f, 0xff, 0xff,
    0xff, 0xf6, 0xff, 0xff, 0xff, 0xff, 0x6f, 0xff,
    0xff, 0xff, 0xf6, 0xff, 0xff, 0xff, 0xff, 0x6f,
    0xff, 0xff, 0xff, 0xf6, 0xff, 0xff, 0xff, 0xff,
    0x6f, 0xff, 0xff, 0xff, 0xf6, 0xff, 0xff, 0xff,
    0xff, 0x6f, 0xff, 0xff, 0xff, 0xf6, 0x77, 0x77,
    0x77, 0x77, 0x30,

    /* U+2587 "▇" */
    0xff, 0xff, 0xff, 0xff, 0x6f, 0xff, 0xff, 0xff,
    0xf6, 0xff, 0xff, 0xff, 0xff, 0x6f, 0xff, 0xff,
    0xff, 0xf6, 0xff, 0xff, 0xff, 0xff, 0x6f, 0xff,
    0xff, 0xff, 0xf6, 0xff, 0xff, 0xff, 0xff, 0x6f,
    0xff, 0xff, 0xff, 0xf6, 0xff, 0xff, 0xff, 0xff,
    0x6f, 0xff, 0xff, 0xff, 0xf6, 0xff, 0xff, 0xff,
    0xff, 0x6f, 0xff, 0xff, 0xff, 0xf6, 0xff, 0xff,
    0xff, 0xff, 0x6f, 0xff, 0xff, 0xff, 0xf6, 0x88,
    0x88, 0x88, 0x88, 0x30,

    /* U+2588 "█" */
    0x11, 0x11, 0x11, 0x11, 0xf, 0xff, 0xff, 0xff,
    0xf6, 0xff, 0xff, 0xff, 0xff, 0x6f, 0xff, 0xff,
    0xff, 0xf6, 0xff, 0xff, 0xff, 0xff, 0x6f, 0xff,
    0xff, 0xff, 0xf6, 0xff, 0xff, 0xff, 0xff, 0x6f,
    0xff, 0xff, 0xff, 0xf6, 0xff, 0xff, 0xff, 0xff,
    0x6f, 0xff, 0xff, 0xff, 0xf6, 0xff, 0xff, 0xff,
    0xff, 0x6f, 0xff, 0xff, 0xff, 0xf6, 0xff, 0xff,
    0xff, 0xff, 0x6f, 0xff, 0xff, 0xff, 0xf6, 0xff,
    0xff, 0xff, 0xff, 0x6f, 0xff, 0xff, 0xff, 0xf6,
    0xff, 0xff, 0xff, 0xff, 0x6b, 0xbb, 0xbb, 0xbb,
    0xb4,

    /* U+2589 "▉" */
    0x11, 0x11, 0x11, 0x10, 0xff, 0xff, 0xff, 0xf7,
    0xff, 0xff, 0xff, 0xf7, 0xff, 0xff, 0xff, 0xf7,
    0xff, 0xff, 0xff, 0xf7, 0xff, 0xff, 0xff, 0xf7,
    0xff, 0xff, 0xff, 0xf7, 0xff, 0xff, 0xff, 0xf7,
    0xff, 0xff, 0xff, 0xf7, 0xff, 0xff, 0xff, 0xf7,
    0xff, 0xff, 0xff, 0xf7, 0xff, 0xff, 0xff, 0xf7,
    0xff, 0xff, 0xff, 0xf7, 0xff, 0xff, 0xff, 0xf7,
    0xff, 0xff, 0xff, 0xf7, 0xff, 0xff, 0xff, 0xf7,
    0xff, 0xff, 0xff, 0xf7, 0xbb, 0xbb, 0xbb, 0xb5,

    /* U+258A "▊" */
    0x11, 0x11, 0x11, 0xf, 0xff, 0xff, 0xf6, 0xff,
    0xff, 0xff, 0x6f, 0xff, 0xff, 0xf6, 0xff, 0xff,
    0xff, 0x6f, 0xff, 0xff, 0xf6, 0xff, 0xff, 0xff,
    0x6f, 0xff, 0xff, 0xf6, 0xff, 0xff, 0xff, 0x6f,
    0xff, 0xff, 0xf6, 0xff, 0xff, 0xff, 0x6f, 0xff,
    0xff, 0xf6, 0xff, 0xff, 0xff, 0x6f, 0xff, 0xff,
    0xf6, 0xff, 0xff, 0xff, 0x6f, 0xff, 0xff, 0xf6,
    0xff, 0xff, 0xff, 0x6b, 0xbb, 0xbb, 0xb4,

    /* U+258B "▋" */
    0x11, 0x11, 0x10, 0xff, 0xff, 0xf4, 0xff, 0xff,
    0xf4, 0xff, 0xff, 0xf4, 0xff, 0xff, 0xf4, 0xff,
    0xff, 0xf4, 0xff, 0xff, 0xf4, 0xff, 0xff, 0xf4,
    0xff, 0xff, 0xf4, 0xff, 0xff, 0xf4, 0xff, 0xff,
    0xf4, 0xff, 0xff, 0xf4, 0xff, 0xff, 0xf4, 0xff,
    0xff, 0xf4, 0xff, 0xff, 0xf4, 0xff, 0xff, 0xf4,
    0xff, 0xff, 0xf4, 0xbb, 0xbb, 0xb3,

    /* U+258C "▌" */
    0x11, 0x11, 0xf, 0xff, 0xf3, 0xff, 0xff, 0x3f,
    0xff, 0xf3, 0xff, 0xff, 0x3f, 0xff, 0xf3, 0xff,
    0xff, 0x3f, 0xff, 0xf3, 0xff, 0xff, 0x3f, 0xff,
    0xf3, 0xff, 0xff, 0x3f, 0xff, 0xf3, 0xff, 0xff,
    0x3f, 0xff, 0xf3, 0xff, 0xff, 0x3f, 0xff, 0xf3,
    0xff, 0xff, 0x3b, 0xbb, 0xb2,

    /* U+258D "▍" */
    0x11, 0x10, 0xff, 0xf2, 0xff, 0xf2, 0xff, 0xf2,
    0xff, 0xf2, 0xff, 0xf2, 0xff, 0xf2, 0xff, 0xf2,
    0xff, 0xf2, 0xff, 0xf2, 0xff, 0xf2, 0xff, 0xf2,
    0xff, 0xf2, 0xff, 0xf2, 0xff, 0xf2, 0xff, 0xf2,
    0xff, 0xf2, 0xbb, 0xb1,

    /* U+258E "▎" */
    0x11, 0xf, 0xf0, 0xff, 0xf, 0xf0, 0xff, 0xf,
    0xf0, 0xff, 0xf, 0xf0, 0xff, 0xf, 0xf0, 0xff,
    0xf, 0xf0, 0xff, 0xf, 0xf0, 0xff, 0xf, 0xf0,
    0xff, 0xb, 0xb0,

    /* U+258F "▏" */
    0x1f, 0xff, 0xff, 0xff, 0xff, 0xff, 0xff, 0xff,
    0xfa,

    /* U+2590 "▐" */
    0x11, 0x11, 0xe, 0xff, 0xf4, 0xef, 0xff, 0x4e,
    0xff, 0xf4, 0xef, 0xff, 0x4e, 0xff, 0xf4, 0xef,
    0xff, 0x4e, 0xff, 0xf4, 0xef, 0xff, 0x4e, 0xff,
    0xf4, 0xef, 0xff, 0x4e, 0xff, 0xf4, 0xef, 0xff,
    0x4e, 0xff, 0xf4, 0xef, 0xff, 0x4e, 0xff, 0xf4,
    0xef, 0xff, 0x4a, 0xbb, 0xb3,

    /* U+2591 "░" */
    0x10, 0x0, 0x10, 0x0, 0xf0, 0x0, 0xe2, 0x0,
    0x70, 0x0, 0x60, 0x0, 0x0, 0xe2, 0x0, 0xd2,
    0x0, 0x81, 0x0, 0x81, 0xc0, 0x0, 0xb1, 0x0,
    0xc0, 0x0, 0xb1, 0x0, 0x0, 0x81, 0x0, 0x81,
    0x0, 0xe2, 0x0, 0xd2, 0x70, 0x0, 0x60, 0x0,
    0xf0, 0x0, 0xe1, 0x0, 0x0, 0x61, 0x0, 0x61,
    0x0, 0xe2, 0x0, 0xe2, 0x40, 0x0, 0x40, 0x0,
    0xf0, 0x0, 0xe2, 0x0, 0x50, 0x0, 0x40, 0x0,
    0x0, 0xe2, 0x0, 0xe2, 0x0, 0x61, 0x0, 0x61,

    /* U+2592 "▒" */
    0x31, 0x3, 0x1, 0x30, 0xf, 0x63, 0xf3, 0x6f,
    0x0, 0x68, 0x86, 0x88, 0x69, 0x30, 0x9d, 0xc,
    0xa0, 0xf6, 0xf6, 0x3f, 0x46, 0xf1, 0xf, 0x63,
    0xf3, 0x6f, 0x10, 0x9, 0xd0, 0xca, 0xf, 0x66,
    0x88, 0x68, 0x86, 0x94, 0xf6, 0x3f, 0x36, 0xf0,
    0x5, 0x89, 0x59, 0x85, 0xa4, 0x9, 0xc0, 0xc9,
    0xe, 0x6f, 0x63, 0xf3, 0x6f, 0x0, 0x68, 0x86,
    0x88, 0x69, 0x40, 0x9d, 0xc, 0xa0, 0xf6, 0xf6,
    0x3f, 0x36, 0xf1, 0xf, 0x63, 0xf3, 0x6f, 0x10,
    0x9, 0xd0, 0xca, 0xf, 0x60, 0x57, 0x7, 0x50,
    0x83,

    /* U+2593 "▓" */
    0x3, 0x33, 0x3, 0x33, 0x0, 0xff, 0xf1, 0xff,
    0xf3, 0xbf, 0xef, 0xbf, 0xff, 0x3f, 0xf1, 0xef,
    0xf3, 0xd3, 0xff, 0x9f, 0xff, 0xae, 0x30, 0xff,
    0xf1, 0xff, 0xf3, 0xf, 0xff, 0x1f, 0xff, 0x3f,
    0xf9, 0xff, 0xfa, 0xe3, 0xff, 0x1e, 0xff, 0x3d,
    0x3a, 0xff, 0xfb, 0xff, 0xf3, 0xf, 0xff, 0x1f,
    0xff, 0x3f, 0xfa, 0xff, 0xfb, 0xf3, 0xff, 0x1e,
    0xff, 0x3d, 0x3b, 0xfe, 0xfc, 0xfe, 0xf3, 0xf,
    0xff, 0x1f, 0xff, 0x3f, 0xfb, 0xff, 0xfb, 0xf3,
    0xff, 0x1e, 0xff, 0x3d, 0x32, 0x20, 0x22, 0x20,
    0x20,

    /* U+2594 "▔" */
    0x55, 0x55, 0x55, 0x55, 0x2f, 0xff, 0xff, 0xff,
    0xf6, 0xff, 0xff, 0xff, 0xff, 0x60, 0x0, 0x0,
    0x0, 0x0,

    /* U+2595 "▕" */
    0x10, 0xb3, 0xb3, 0xb3, 0xb3, 0xb3, 0xb3, 0xb3,
    0xb3, 0xb3, 0xb3, 0xb3, 0xb3, 0xb3, 0xb3, 0xb3,
    0xb3, 0x82,

    /* U+2596 "▖" */
    0xff, 0xff, 0x3f, 0xff, 0xf3, 0xff, 0xff, 0x3f,
    0xff, 0xf3, 0xff, 0xff, 0x3f, 0xff, 0xf3, 0xff,
    0xff, 0x3f, 0xff, 0xf3, 0x55, 0x55, 0x10,

    /* U+2597 "▗" */
    0xef, 0xff, 0x4e, 0xff, 0xf4, 0xef, 0xff, 0x4e,
    0xff, 0xf4, 0xef, 0xff, 0x4e, 0xff, 0xf4, 0xef,
    0xff, 0x4e, 0xff, 0xf4, 0x55, 0x55, 0x10,

    /* U+2598 "▘" */
    0x77, 0x77, 0x1f, 0xff, 0xf3, 0xff, 0xff, 0x3f,
    0xff, 0xf3, 0xff, 0xff, 0x3f, 0xff, 0xf3, 0xff,
    0xff, 0x3f, 0xff, 0xf3, 0xff, 0xff, 0x30, 0x0,
    0x0,

    /* U+2599 "▙" */
    0x77, 0x77, 0x10, 0x0, 0xf, 0xff, 0xf3, 0x0,
    0x0, 0xff, 0xff, 0x30, 0x0, 0xf, 0xff, 0xf3,
    0x0, 0x0, 0xff, 0xff, 0x30, 0x0, 0xf, 0xff,
    0xf3, 0x0, 0x0, 0xff, 0xff, 0x30, 0x0, 0xf,
    0xff, 0xf3, 0x0, 0x0, 0xff, 0xff, 0x30, 0x0,
    0xf, 0xff, 0xff, 0xff, 0xf6, 0xff, 0xff, 0xff,
    0xff, 0x7f, 0xff, 0xff, 0xff, 0xf7, 0xff, 0xff,
    0xff, 0xff, 0x7f, 0xff, 0xff, 0xff, 0xf7, 0xff,
    0xff, 0xff, 0xff, 0x7f, 0xff, 0xff, 0xff, 0xf7,
    0xff, 0xff, 0xff, 0xff, 0x75, 0x55, 0x55, 0x55,
    0x52,

    /* U+259A "▚" */
    0x77, 0x77, 0x10, 0x0, 0xf, 0xff, 0xf3, 0x0,
    0x0, 0xff, 0xff, 0x30, 0x0, 0xf, 0xff, 0xf3,
    0x0, 0x0, 0xff, 0xff, 0x30, 0x0, 0xf, 0xff,
    0xf3, 0x0, 0x0, 0xff, 0xff, 0x30, 0x0, 0xf,
    0xff, 0xf3, 0x0, 0x0, 0xff, 0xff, 0x30, 0x0,
    0x0, 0x0, 0xc, 0xff, 0xf6, 0x0, 0x0, 0xcf,
    0xff, 0x70, 0x0, 0xc, 0xff, 0xf7, 0x0, 0x0,
    0xcf, 0xff, 0x70, 0x0, 0xc, 0xff, 0xf7, 0x0,
    0x0, 0xcf, 0xff, 0x70, 0x0, 0xc, 0xff, 0xf7,
    0x0, 0x0, 0xcf, 0xff, 0x70, 0x0, 0x4, 0x55,
    0x52,

    /* U+259B "▛" */
    0x77, 0x77, 0x77, 0x77, 0x3f, 0xff, 0xff, 0xff,
    0xf7, 0xff, 0xff, 0xff, 0xff, 0x7f, 0xff, 0xff,
    0xff, 0xf7, 0xff, 0xff, 0xff, 0xff, 0x7f, 0xff,
    0xff, 0xff, 0xf7, 0xff, 0xff, 0xff, 0xff, 0x7f,
    0xff, 0xff, 0xff, 0xf7, 0xff, 0xff, 0xff, 0xff,
    0x7f, 0xff, 0xf4, 0x0, 0x0, 0xff, 0xff, 0x30,
    0x0, 0xf, 0xff, 0xf3, 0x0, 0x0, 0xff, 0xff,
    0x30, 0x0, 0xf, 0xff, 0xf3, 0x0, 0x0, 0xff,
    0xff, 0x30, 0x0, 0xf, 0xff, 0xf3, 0x0, 0x0,
    0xff, 0xff, 0x30, 0x0, 0x5, 0x55, 0x51, 0x0,
    0x0,

    /* U+259C "▜" */
    0x17, 0x77, 0x77, 0x77, 0x72, 0x2f, 0xff, 0xff,
    0xff, 0xf4, 0x2f, 0xff, 0xff, 0xff, 0xf4, 0x2f,
    0xff, 0xff, 0xff, 0xf4, 0x2f, 0xff, 0xff, 0xff,
    0xf4, 0x2f, 0xff, 0xff, 0xff, 0xf4, 0x2f, 0xff,
    0xff, 0xff, 0xf4, 0x2f, 0xff, 0xff, 0xff, 0xf4,
    0x2f, 0xff, 0xff, 0xff, 0xf4, 0x0, 0x0, 0xe,
    0xff, 0xf4, 0x0, 0x0, 0xe, 0xff, 0xf4, 0x0,
    0x0, 0xe, 0xff, 0xf4, 0x0, 0x0, 0xe, 0xff,
    0xf4, 0x0, 0x0, 0xe, 0xff, 0xf4, 0x0, 0x0,
    0xe, 0xff, 0xf4, 0x0, 0x0, 0xe, 0xff, 0xf4,
    0x0, 0x0, 0xe, 0xff, 0xf4, 0x0, 0x0, 0x5,
    0x55, 0x51,

    /* U+259D "▝" */
    0x67, 0x77, 0x2e, 0xff, 0xf4, 0xef, 0xff, 0x4e,
    0xff, 0xf4, 0xef, 0xff, 0x4e, 0xff, 0xf4, 0xef,
    0xff, 0x4e, 0xff, 0xf4, 0xef, 0xff, 0x40, 0x0,
    0x0,

    /* U+259E "▞" */
    0x0, 0x0, 0x57, 0x77, 0x30, 0x0, 0xc, 0xff,
    0xf7, 0x0, 0x0, 0xcf, 0xff, 0x70, 0x0, 0xc,
    0xff, 0xf7, 0x0, 0x0, 0xcf, 0xff, 0x70, 0x0,
    0xc, 0xff, 0xf7, 0x0, 0x0, 0xcf, 0xff, 0x70,
    0x0, 0xc, 0xff, 0xf7, 0x0, 0x0, 0xcf, 0xff,
    0x7f, 0xff, 0xf3, 0x0, 0x0, 0xff, 0xff, 0x30,
    0x0, 0xf, 0xff, 0xf3, 0x0, 0x0, 0xff, 0xff,
    0x30, 0x0, 0xf, 0xff, 0xf3, 0x0, 0x0, 0xff,
    0xff, 0x30, 0x0, 0xf, 0xff, 0xf3, 0x0, 0x0,
    0xff, 0xff, 0x30, 0x0, 0x5, 0x55, 0x51, 0x0,
    0x0,

    /* U+259F "▟" */
    0x0, 0x0, 0x6, 0x77, 0x72, 0x0, 0x0, 0xe,
    0xff, 0xf4, 0x0, 0x0, 0xe, 0xff, 0xf4, 0x0,
    0x0, 0xe, 0xff, 0xf4, 0x0, 0x0, 0xe, 0xff,
    0xf4, 0x0, 0x0, 0xe, 0xff, 0xf4, 0x0, 0x0,
    0xe, 0xff, 0xf4, 0x0, 0x0, 0xe, 0xff, 0xf4,
    0x0, 0x0, 0xe, 0xff, 0xf4, 0x2f, 0xff, 0xff,
    0xff, 0xf4, 0x2f, 0xff, 0xff, 0xff, 0xf4, 0x2f,
    0xff, 0xff, 0xff, 0xf4, 0x2f, 0xff, 0xff, 0xff,
    0xf4, 0x2f, 0xff, 0xff, 0xff, 0xf4, 0x2f, 0xff,
    0xff, 0xff, 0xf4, 0x2f, 0xff, 0xff, 0xff, 0xf4,
    0x2f, 0xff, 0xff, 0xff, 0xf4, 0x5, 0x55, 0x55,
    0x55, 0x51,

    /* U+25A0 "■" */
    0xef, 0xff, 0xff, 0xff, 0x5f, 0xff, 0xff, 0xff,
    0xf6, 0xff, 0xff, 0xff, 0xff, 0x6f, 0xff, 0xff,
    0xff, 0xf6, 0xff, 0xff, 0xff, 0xff, 0x6f, 0xff,
    0xff, 0xff, 0xf6, 0xff, 0xff, 0xff, 0xff, 0x6f,
    0xff, 0xff, 0xff, 0xf6, 0x56, 0x66, 0x66, 0x66,
    0x20,

    /* U+25A1 "□" */
    0xcc, 0xcc, 0xcc, 0xcc, 0x7c, 0x0, 0x0, 0x0,
    0x29, 0xc0, 0x0, 0x0, 0x2, 0x9c, 0x0, 0x0,
    0x0, 0x29, 0xc0, 0x0, 0x0, 0x2, 0x9c, 0x0,
    0x0, 0x0, 0x29, 0xc0, 0x0, 0x0, 0x2, 0x9c,
    0x0, 0x0, 0x0, 0x39, 0xbc, 0xcc, 0xcc, 0xcc,
    0x70,

    /* U+25A2 "▢" */
    0x2a, 0xcc, 0xcc, 0xc7, 0xb, 0x40, 0x0, 0x0,
    0x96, 0xc0, 0x0, 0x0, 0x3, 0x9c, 0x0, 0x0,
    0x0, 0x29, 0xc0, 0x0, 0x0, 0x2, 0x9c, 0x0,
    0x0, 0x0, 0x29, 0xc0, 0x0, 0x0, 0x3, 0x9b,
    0x40, 0x0, 0x1, 0x95, 0x19, 0xbc, 0xcc, 0xb7,
    0x0,

    /* U+25A3 "▣" */
    0xcc, 0xcc, 0xcc, 0xcc, 0x7c, 0x25, 0x55, 0x55,
    0x39, 0xc7, 0xff, 0xff, 0xf4, 0x9c, 0x7f, 0xff,
    0xff, 0x49, 0xc7, 0xff, 0xff, 0xf4, 0x9c, 0x7f,
    0xff, 0xff, 0x49, 0xc7, 0xff, 0xff, 0xf4, 0x9c,
    0x24, 0x44, 0x44, 0x39, 0xbc, 0xcc, 0xcc, 0xcc,
    0x70,

    /* U+25A4 "▤" */
    0x99, 0x99, 0x99, 0x99, 0x5d, 0x44, 0x44, 0x44,
    0x69, 0xeb, 0xbb, 0xbb, 0xbb, 0x9e, 0x99, 0x99,
    0x99, 0xa9, 0xd4, 0x44, 0x44, 0x46, 0x9e, 0xbb,
    0xbb, 0xbb, 0xc9, 0xe9, 0x99, 0x99, 0x9a, 0x9d,
    0x44, 0x44, 0x44, 0x69, 0xbc, 0xcc, 0xcc, 0xcc,
    0x70,

    /* U+25A5 "▥" */
    0xcc, 0xcc, 0xcc, 0xcc, 0x5c, 0x75, 0xc7, 0x5c,
    0x66, 0xc7, 0x5c, 0x75, 0xc6, 0x6c, 0x75, 0xc7,
    0x5c, 0x66, 0xc7, 0x5c, 0x75, 0xc6, 0x6c, 0x75,
    0xc7, 0x5c, 0x66, 0xc7, 0x5c, 0x75, 0xc6, 0x6c,
    0x75, 0xc7, 0x6c, 0x66, 0xbc, 0xcc, 0xcc, 0xcc,
    0x40,

    /* U+25A6 "▦" */
    0x99, 0x99, 0x99, 0x99, 0x3d, 0x98, 0xd9, 0x8d,
    0x86, 0xed, 0xce, 0xdc, 0xec, 0x6e, 0xcb, 0xec,
    0xbe, 0xb6, 0xd9, 0x8d, 0x98, 0xd8, 0x6e, 0xdc,
    0xfd, 0xde, 0xd6, 0xec, 0xbe, 0xcb, 0xeb, 0x6d,
    0x97, 0xd9, 0x8d, 0x86, 0xbc, 0xcc, 0xcc, 0xcc,
    0x40,

    /* U+25A7 "▧" */
    0xcc, 0xcc, 0xcc, 0xcc, 0x7d, 0x3c, 0x3c, 0x5b,
    0x89, 0xec, 0x3c, 0x3c, 0x5b, 0x9d, 0x5c, 0x3c,
    0x3c, 0x79, 0xfa, 0x5c, 0x3c, 0x3c, 0x9c, 0x89,
    0x5c, 0x3c, 0x59, 0xf8, 0x89, 0x5c, 0x3e, 0x9c,
    0xa8, 0x89, 0x5c, 0x59, 0xbc, 0xcc, 0xcc, 0xcc,
    0x70,

    /* U+25A8 "▨" */
    0xcc, 0xcc, 0xdc, 0xcc, 0x7c, 0xa7, 0x98, 0x6b,
    0x59, 0xf7, 0x98, 0x6b, 0x4e, 0x9c, 0x98, 0x6b,
    0x4c, 0x59, 0xf8, 0x6b, 0x4c, 0x3d, 0x9c, 0x6b,
    0x4c, 0x3c, 0x69, 0xeb, 0x4c, 0x3c, 0x4c, 0x9d,
    0x4d, 0x3c, 0x4c, 0x79, 0xbc, 0xcc, 0xcc, 0xcc,
    0x70,

    /* U+25A9 "▩" */
    0xcc, 0xcc, 0xdc, 0xdc, 0x7d, 0xbe, 0xae, 0x9f,
    0xa9, 0xfd, 0xae, 0x8f, 0x8f, 0x9d, 0xbe, 0x9f,
    0x7f, 0x99, 0xfd, 0x9f, 0x7f, 0x7f, 0x9d, 0xbe,
    0x8f, 0x7f, 0x99, 0xfd, 0xaf, 0x8f, 0x8f, 0x9d,
    0xbe, 0xaf, 0x9f, 0x99, 0xbc, 0xcc, 0xcc, 0xcc,
    0x70,

    /* U+25AA "▪" */
    0x25, 0x55, 0x55, 0x8f, 0xff, 0xfe, 0x8f, 0xff,
    0xfe, 0x8f, 0xff, 0xfe, 0x8f, 0xff, 0xfe, 0x8f,
    0xff, 0xfe, 0x1, 0x11, 0x11,

    /* U+25AB "▫" */
    0x12, 0x22, 0x21, 0xba, 0xaa, 0xac, 0xb1, 0x0,
    0xc, 0xb1, 0x0, 0xc, 0xb1, 0x0, 0xc, 0xbc,
    0xcc, 0xcc,

    /* U+25AC "▬" */
    0xdd, 0xdd, 0xdd, 0xdd, 0x5f, 0xff, 0xff, 0xff,
    0xf6, 0xff, 0xff, 0xff, 0xff, 0x6f, 0xff, 0xff,
    0xff, 0xf6, 0x22, 0x22, 0x22, 0x22, 0x0,

    /* U+25AD "▭" */
    0xbc, 0xcc, 0xcc, 0xcc, 0x7c, 0x0, 0x0, 0x0,
    0x29, 0xc0, 0x0, 0x0, 0x2, 0x9e, 0xaa, 0xaa,
    0xaa, 0xb9, 0x22, 0x22, 0x22, 0x22, 0x10,

    /* U+25AE "▮" */
    0xdf, 0xff, 0x1e, 0xff, 0xf1, 0xef, 0xff, 0x1e,
    0xff, 0xf1, 0xef, 0xff, 0x1e, 0xff, 0xf1, 0xef,
    0xff, 0x1e, 0xff, 0xf1, 0x56, 0x66, 0x0,

    /* U+25AF "▯" */
    0xac, 0xcc, 0xc0, 0xc, 0xc0, 0xc, 0xc0, 0xc,
    0xc0, 0xc, 0xc0, 0xc, 0xc0, 0xc, 0xc0, 0xc,
    0x9c, 0xcc,

    /* U+25B0 "▰" */
    0x1, 0xdd, 0xdd, 0xdd, 0x20, 0x9f, 0xff, 0xff,
    0xa0, 0x1f, 0xff, 0xff, 0xf2, 0x9, 0xff, 0xff,
    0xf9, 0x0, 0x22, 0x22, 0x22, 0x0, 0x0,

    /* U+25B1 "▱" */
    0x1, 0xcc, 0xcc, 0xcc, 0x20, 0x83, 0x0, 0x1,
    0xa0, 0x1a, 0x0, 0x0, 0x92, 0x9, 0xca, 0xaa,
    0xa9, 0x0, 0x22, 0x22, 0x22, 0x0, 0x0,

    /* U+25B2 "▲" */
    0x0, 0x0, 0x40, 0x0, 0x0, 0x0, 0x7d, 0x0,
    0x0, 0x0, 0xe, 0xf5, 0x0, 0x0, 0x7, 0xff,
    0xd0, 0x0, 0x0, 0xef, 0xff, 0x50, 0x0, 0x7f,
    0xff, 0xfd, 0x0, 0xe, 0xff, 0xff, 0xf5, 0x7,
    0xff, 0xff, 0xff, 0xd0, 0x68, 0x88, 0x88, 0x88,
    0x20,

    /* U+25B3 "△" */
    0x0, 0x0, 0x20, 0x0, 0x0, 0x0, 0x5c, 0x0,
    0x0, 0x0, 0xb, 0x84, 0x0, 0x0, 0x5, 0x71,
    0xb0, 0x0, 0x0, 0xb0, 0x8, 0x40, 0x0, 0x57,
    0x0, 0x1b, 0x0, 0xb, 0x0, 0x0, 0x84, 0x5,
    0x70, 0x0, 0x1, 0xb0, 0x9c, 0xcc, 0xcc, 0xcc,
    0x20,

    /* U+25B4 "▴" */
    0x0, 0x0, 0x0, 0x0, 0x3a, 0x0, 0x0, 0xbf,
    0x20, 0x3, 0xff, 0xa0, 0xb, 0xff, 0xf2, 0x3f,
    0xff, 0xfa, 0x1, 0x11, 0x11,

    /* U+25B5 "▵" */
    0x0, 0x1, 0x0, 0x0, 0x3a, 0x0, 0x0, 0xba,
    0x20, 0x3, 0x81, 0xa0, 0xb, 0x10, 0x92, 0x3f,
    0xcc, 0xda,

    /* U+25B6 "▶" */
    0x81, 0x0, 0x0, 0x0, 0xf, 0xf9, 0x10, 0x0,
    0x0, 0xff, 0xff, 0x91, 0x0, 0xf, 0xff, 0xff,
    0xf9, 0x10, 0xff, 0xff, 0xff, 0xfc, 0x1f, 0xff,
    0xff, 0xc4, 0x0, 0xff, 0xfc, 0x40, 0x0, 0xf,
    0xc4, 0x0, 0x0, 0x0, 0x40, 0x0, 0x0, 0x0,
    0x0,

    /* U+25B7 "▷" */
    0x81, 0x0, 0x0, 0x0, 0xd, 0xa9, 0x10, 0x0,
    0x0, 0xc0, 0x3a, 0x91, 0x0, 0xc, 0x0, 0x3,
    0xa9, 0x10, 0xc0, 0x0, 0x0, 0xac, 0x1c, 0x0,
    0x7, 0xb4, 0x0, 0xc0, 0x7b, 0x40, 0x0, 0xe,
    0xb4, 0x0, 0x0, 0x0, 0x40, 0x0, 0x0, 0x0,
    0x0,

    /* U+25B8 "▸" */
    0x10, 0x0, 0x0, 0x8d, 0x50, 0x0, 0x8f, 0xfd,
    0x50, 0x8f, 0xff, 0xf6, 0x8f, 0xf9, 0x10, 0x79,
    0x10, 0x0, 0x0, 0x0, 0x0,

    /* U+25B9 "▹" */
    0x10, 0x0, 0x0, 0xbb, 0x30, 0x0, 0xb2, 0x8b,
    0x30, 0xb1, 0x6, 0xe3, 0xb5, 0xb7, 0x0, 0xa7,
    0x0, 0x0, 0x0, 0x0, 0x0,

    /* U+25BA "►" */
    0x20, 0x0, 0x0, 0x0, 0xf, 0xd8, 0x30, 0x0,
    0x0, 0xff, 0xff, 0xe9, 0x40, 0xf, 0xff, 0xff,
    0xff, 0x90, 0xff, 0xfe, 0xa4, 0x0, 0xd, 0x94,
    0x0, 0x0, 0x0, 0x0, 0x0, 0x0, 0x0, 0x0,

    /* U+25BB "▻" */
    0x20, 0x0, 0x0, 0x0, 0xe, 0xd8, 0x30, 0x0,
    0x0, 0xc0, 0x48, 0xb9, 0x40, 0xc, 0x0, 0x1,
    0x7e, 0x90, 0xc4, 0x8c, 0xa4, 0x0, 0xd, 0x94,
    0x0, 0x0, 0x0, 0x0, 0x0, 0x0, 0x0, 0x0,

    /* U+25BC "▼" */
    0x9d, 0xdd, 0xdd, 0xdc, 0x24, 0xff, 0xff, 0xff,
    0xb0, 0xc, 0xff, 0xff, 0xf3, 0x0, 0x4f, 0xff,
    0xfb, 0x0, 0x0, 0xcf, 0xff, 0x30, 0x0, 0x4,
    0xff, 0xb0, 0x0, 0x0, 0xc, 0xf3, 0x0, 0x0,
    0x0, 0x4b, 0x0, 0x0, 0x0, 0x0, 0x20, 0x0,
    0x0,

    /* U+25BD "▽" */
    0xae, 0xee, 0xee, 0xee, 0x24, 0xb0, 0x0, 0x4,
    0xb0, 0xc, 0x30, 0x0, 0xc3, 0x0, 0x4b, 0x0,
    0x4b, 0x0, 0x0, 0xc3, 0xc, 0x30, 0x0, 0x4,
    0xb4, 0xb0, 0x0, 0x0, 0xc, 0xd3, 0x0, 0x0,
    0x0, 0x4b, 0x0, 0x0, 0x0, 0x0, 0x10, 0x0,
    0x0,

    /* U+25BE "▾" */
    0x25, 0x55, 0x54, 0x1f, 0xff, 0xf8, 0x9, 0xff,
    0xf1, 0x1, 0xff, 0x80, 0x0, 0x9f, 0x10, 0x0,
    0x17, 0x0, 0x0, 0x0, 0x0,

    /* U+25BF "▿" */
    0x2, 0x22, 0x21, 0x3e, 0xaa, 0xc9, 0xa, 0x10,
    0xa2, 0x3, 0x92, 0x90, 0x0, 0xab, 0x20, 0x0,
    0x29, 0x0, 0x0, 0x0, 0x0,

    /* U+25C0 "◀" */
    0x0, 0x0, 0x0, 0x5, 0x40, 0x0, 0x0, 0x5d,
    0xf6, 0x0, 0x5, 0xdf, 0xff, 0x60, 0x5d, 0xff,
    0xff, 0xf6, 0x7f, 0xff, 0xff, 0xff, 0x60, 0x19,
    0xff, 0xff, 0xf6, 0x0, 0x1, 0x9f, 0xff, 0x60,
    0x0, 0x0, 0x19, 0xf6, 0x0, 0x0, 0x0, 0x1,
    0x20,

    /* U+25C1 "◁" */
    0x0, 0x0, 0x0, 0x4, 0x60, 0x0, 0x0, 0x4b,
    0xa9, 0x0, 0x4, 0xb8, 0x12, 0x90, 0x4b, 0x81,
    0x0, 0x29, 0x4e, 0x50, 0x0, 0x2, 0x90, 0x7,
    0xb4, 0x0, 0x29, 0x0, 0x0, 0x7b, 0x42, 0x90,
    0x0, 0x0, 0x7, 0xc9, 0x0, 0x0, 0x0, 0x0,
    0x30,

    /* U+25C2 "◂" */
    0x0, 0x0, 0x1, 0x0, 0x2, 0xae, 0x2, 0xaf,
    0xfe, 0x2d, 0xff, 0xfe, 0x0, 0x5d, 0xfe, 0x0,
    0x0, 0x5c, 0x0, 0x0, 0x0,

    /* U+25C3 "◃" */
    0x0, 0x0, 0x1, 0x0, 0x2, 0x9e, 0x2, 0x9a,
    0x2c, 0x2d, 0x90, 0xc, 0x0, 0x5b, 0x6c, 0x0,
    0x0, 0x5c, 0x0, 0x0, 0x0,

    /* U+25C4 "◄" */
    0x0, 0x0, 0x0, 0x1, 0x10, 0x0, 0x1, 0x6b,
    0xf6, 0x1, 0x6c, 0xff, 0xff, 0x64, 0xdf, 0xff,
    0xff, 0xf6, 0x0, 0x27, 0xdf, 0xff, 0x60, 0x0,
    0x0, 0x27, 0xc6, 0x0, 0x0, 0x0, 0x0, 0x0,

    /* U+25C5 "◅" */
    0x0, 0x0, 0x0, 0x0, 0x20, 0x0, 0x0, 0x5a,
    0xe9, 0x1, 0x5a, 0xb7, 0x22, 0x92, 0xbd, 0x50,
    0x0, 0x29, 0x0, 0x16, 0xbb, 0x75, 0x90, 0x0,
    0x0, 0x16, 0xb9, 0x0, 0x0, 0x0, 0x0, 0x0,

    /* U+25C6 "◆" */
    0x0, 0x2, 0x70, 0x0, 0x0, 0x2, 0xef, 0x80,
    0x0, 0x2, 0xef, 0xff, 0x80, 0x2, 0xef, 0xff,
    0xff, 0x80, 0xaf, 0xff, 0xff, 0xff, 0x20, 0xcf,
    0xff, 0xff, 0x40, 0x0, 0xcf, 0xff, 0x40, 0x0,
    0x0, 0xcf, 0x40, 0x0, 0x0, 0x0, 0x30, 0x0,
    0x0,

    /* U+25C7 "◇" */
    0x0, 0x2, 0x70, 0x0, 0x0, 0x2, 0xdc, 0x80,
    0x0, 0x2, 0xd3, 0xb, 0x80, 0x2, 0xd3, 0x0,
    0xb, 0x80, 0xa9, 0x0, 0x0, 0x2f, 0x20, 0xc7,
    0x0, 0x2d, 0x40, 0x0, 0xc7, 0x2d, 0x40, 0x0,
    0x0, 0xce, 0x40, 0x0, 0x0, 0x0, 0x30, 0x0,
    0x0,

    /* U+25C8 "◈" */
    0x0, 0x2, 0x70, 0x0, 0x0, 0x2, 0xc9, 0x80,
    0x0, 0x2, 0xc8, 0xc9, 0x80, 0x2, 0xc8, 0xff,
    0xc9, 0x80, 0xa6, 0xff, 0xff, 0x7d, 0x20, 0xb7,
    0xff, 0x9b, 0x40, 0x0, 0xb7, 0x9b, 0x40, 0x0,
    0x0, 0xbc, 0x40, 0x0, 0x0, 0x0, 0x30, 0x0,
    0x0,

    /* U+25C9 "◉" */
    0x0, 0x6b, 0xc8, 0x10, 0x0, 0xb8, 0x55, 0x6d,
    0x20, 0x77, 0xaf, 0xfd, 0x5c, 0xc, 0x6f, 0xff,
    0xf9, 0xc1, 0xd7, 0xff, 0xff, 0xca, 0x3c, 0x5f,
    0xff, 0xf9, 0xc1, 0x78, 0xaf, 0xfd, 0x5b, 0x0,
    0xb9, 0x55, 0x7d, 0x20, 0x0, 0x5b, 0xb7, 0x10,
    0x0,

    /* U+25CA "◊" */
    0x0, 0x0, 0x0, 0x0, 0x0, 0x2, 0x90, 0x0,
    0x0, 0x9, 0xc1, 0x0, 0x0, 0x1a, 0x48, 0x0,
    0x0, 0x93, 0xb, 0x0, 0x1, 0xb0, 0x5, 0x70,
    0x8, 0x40, 0x0, 0xb0, 0xb, 0x0, 0x0, 0x56,
    0xb, 0x0, 0x0, 0x65, 0x7, 0x40, 0x0, 0xb0,
    0x1, 0xb0, 0x5, 0x60, 0x0, 0x83, 0xb, 0x0,
    0x0, 0x1a, 0x48, 0x0, 0x0, 0x9, 0xc1, 0x0,
    0x0, 0x2, 0x90, 0x0, 0x0, 0x0, 0x0, 0x0,

    /* U+25CB "○" */
    0x0, 0x6b, 0xc8, 0x10, 0x0, 0xb8, 0x10, 0x6d,
    0x20, 0x77, 0x0, 0x0, 0x3c, 0xc, 0x0, 0x0,
    0x0, 0xc1, 0xd0, 0x0, 0x0, 0xa, 0x3c, 0x0,
    0x0, 0x0, 0xc1, 0x78, 0x0, 0x0, 0x4b, 0x0,
    0xb9, 0x21, 0x6d, 0x20, 0x0, 0x5b, 0xb7, 0x10,
    0x0,

    /* U+25CC "◌" */
    0x0, 0x9, 0xc0, 0x0, 0x0, 0xb4, 0x0, 0x1d,
    0x20, 0x3, 0x0, 0x0, 0x21, 0x6, 0x0, 0x0,
    0x0, 0x51, 0xd0, 0x0, 0x0, 0xa, 0x35, 0x0,
    0x0, 0x0, 0x41, 0x4, 0x0, 0x0, 0x31, 0x0,
    0xb4, 0x11, 0x1d, 0x10, 0x0, 0x9, 0xb0, 0x0,
    0x0,

    /* U+25CD "◍" */
    0x0, 0x6b, 0xc9, 0x10, 0x0, 0xb9, 0xc7, 0x9e,
    0x30, 0x7e, 0x5c, 0x75, 0xdd, 0xd, 0x75, 0xc7,
    0x5c, 0x94, 0xd7, 0x5c, 0x75, 0xc7, 0x5c, 0x85,
    0xc7, 0x5c, 0xa4, 0x7e, 0x5c, 0x75, 0xdd, 0x0,
    0xba, 0xc7, 0xae, 0x30, 0x0, 0x5b, 0xc8, 0x10,
    0x0,

    /* U+25CE "◎" */
    0x0, 0x6b, 0xc8, 0x10, 0x0, 0xb8, 0x10, 0x6d,
    0x20, 0x77, 0x0, 0x0, 0x3c, 0xc, 0x4, 0xcb,
    0x60, 0xc1, 0xd0, 0x92, 0xc, 0xa, 0x3c, 0x3,
    0xcc, 0x50, 0xc1, 0x78, 0x0, 0x0, 0x4b, 0x0,
    0xb9, 0x21, 0x6d, 0x20, 0x0, 0x5b, 0xb7, 0x10,
    0x0,

    /* U+25CF "●" */
    0x0, 0x6b, 0xc9, 0x20, 0x0, 0xcf, 0xff, 0xff,
    0x40, 0x8f, 0xff, 0xff, 0xfe, 0xd, 0xff, 0xff,
    0xff, 0xf4, 0xef, 0xff, 0xff, 0xff, 0x5c, 0xff,
    0xff, 0xff, 0xf3, 0x5f, 0xff, 0xff, 0xfc, 0x0,
    0x7f, 0xff, 0xfc, 0x10, 0x0, 0x27, 0x84, 0x0,
    0x0,

    /* U+25D0 "◐" */
    0x0, 0x6b, 0xc8, 0x10, 0x0, 0xcf, 0xf4, 0x5d,
    0x20, 0x7f, 0xff, 0x30, 0x3c, 0xd, 0xff, 0xf3,
    0x0, 0xc1, 0xef, 0xff, 0x30, 0xa, 0x3d, 0xff,
    0xf3, 0x0, 0xc1, 0x7f, 0xff, 0x30, 0x3b, 0x0,
    0xbf, 0xf4, 0x6d, 0x20, 0x0, 0x5b, 0xb7, 0x10,
    0x0,

    /* U+25D1 "◑" */
    0x0, 0x6b, 0xc8, 0x10, 0x0, 0xb8, 0x1e, 0xfe,
    0x20, 0x77, 0x0, 0xef, 0xfc, 0xc, 0x0, 0xe,
    0xff, 0xf2, 0xd0, 0x0, 0xef, 0xff, 0x3c, 0x0,
    0xe, 0xff, 0xf1, 0x77, 0x0, 0xef, 0xfc, 0x0,
    0xb9, 0x2e, 0xfe, 0x20, 0x0, 0x5b, 0xb7, 0x10,
    0x0,

    /* U+25D2 "◒" */
    0x0, 0x7b, 0xc8, 0x10, 0x0, 0xc7, 0x10, 0x5d,
    0x30, 0x85, 0x0, 0x0, 0x2c, 0xc, 0x0, 0x0,
    0x0, 0xb2, 0xed, 0xdd, 0xdd, 0xdf, 0x3b, 0xff,
    0xff, 0xff, 0xf0, 0x4f, 0xff, 0xff, 0xf8, 0x0,
    0x5e, 0xff, 0xf8, 0x0, 0x0, 0x4, 0x41, 0x0,
    0x0,

    /* U+25D3 "◓" */
    0x0, 0x8d, 0xea, 0x20, 0x0, 0xdf, 0xff, 0xff,
    0x30, 0x8f, 0xff, 0xff, 0xfc, 0xd, 0xff, 0xff,
    0xff, 0xf1, 0xd4, 0x44, 0x44, 0x4b, 0x3c, 0x10,
    0x0, 0x0, 0xd1, 0x79, 0x0, 0x0, 0x4b, 0x0,
    0xb9, 0x21, 0x7d, 0x10, 0x0, 0x5b, 0xb7, 0x10,
    0x0,

    /* U+25D4 "◔" */
    0x0, 0x6b, 0xc8, 0x10, 0x0, 0xb8, 0x1f, 0xfe,
    0x20, 0x77, 0x0, 0xff, 0xfc, 0xc, 0x0, 0xf,
    0xff, 0xf1, 0xd0, 0x0, 0x55, 0x5c, 0x3c, 0x0,
    0x0, 0x0, 0xc1, 0x78, 0x0, 0x0, 0x4b, 0x0,
    0xb9, 0x21, 0x7d, 0x20, 0x0, 0x5b, 0xb7, 0x10,
    0x0,

    /* U+25D5 "◕" */
    0x0, 0x7b, 0xc8, 0x10, 0x0, 0xc7, 0x1e, 0xfe,
    0x30, 0x85, 0x0, 0xef, 0xfd, 0xc, 0x0, 0xe,
    0xff, 0xf2, 0xed, 0xdd, 0xff, 0xff, 0x3b, 0xff,
    0xff, 0xff, 0xf1, 0x4f, 0xff, 0xff, 0xf8, 0x0,
    0x5e, 0xff, 0xf8, 0x0, 0x0, 0x4, 0x41, 0x0,
    0x0,

    /* U+25D6 "◖" */
    0x0, 0x6b, 0x30, 0xcf, 0xf3, 0x7f, 0xff, 0x3d,
    0xff, 0xf3, 0xef, 0xff, 0x3b, 0xff, 0xf3, 0x5f,
    0xff, 0x30, 0x7f, 0xf3, 0x0, 0x27, 0x20,

    /* U+25D7 "◗" */
    0xb8, 0x10, 0xe, 0xfe, 0x20, 0xef, 0xfc, 0xe,
    0xff, 0xf2, 0xef, 0xff, 0x3e, 0xff, 0xf1, 0xef,
    0xfa, 0xe, 0xfa, 0x0, 0x73, 0x0, 0x0,

    /* U+25D8 "◘" */
    0x19, 0x99, 0x99, 0x99, 0x93, 0x2f, 0xff, 0xff,
    0xff, 0xf6, 0x2f, 0xff, 0xff, 0xff, 0xf6, 0x2f,
    0xff, 0xff, 0xff, 0xf6, 0x2f, 0xfc, 0x10, 0x9f,
    0xf6, 0x2f, 0xf4, 0x0, 0xf, 0xf6, 0x2f, 0xf5,
    0x0, 0x1f, 0xf6, 0x2f, 0xfe, 0x43, 0xcf, 0xf6,
    0x2f, 0xff, 0xff, 0xff, 0xf6, 0x2f, 0xff, 0xff,
    0xff, 0xf6, 0x2f, 0xff, 0xff, 0xff, 0xf6, 0x2,
    0x22, 0x22, 0x22, 0x20,

    /* U+25D9 "◙" */
    0x2c, 0xcc, 0xcc, 0xcc, 0xc6, 0x3f, 0xff, 0xff,
    0xff, 0xf8, 0x3f, 0xff, 0xff, 0xff, 0xf8, 0x3f,
    0xf9, 0x43, 0x7e, 0xf8, 0x3f, 0x37, 0xef, 0xa3,
    0xc8, 0x37, 0x9f, 0xff, 0xfe, 0x38, 0x32, 0xff,
    0xff, 0xff, 0x64, 0x32, 0xff, 0xff, 0xff, 0x73,
    0x32, 0xef, 0xff, 0xff, 0x45, 0x38, 0x6f, 0xff,
    0xfb, 0x28, 0x3f, 0x43, 0xab, 0x61, 0xd8, 0x3f,
    0xfa, 0x44, 0x8e, 0xf8, 0x3f, 0xff, 0xff, 0xff,
    0xf8, 0x3f, 0xff, 0xff, 0xff, 0xf8, 0x2b, 0xbb,
    0xbb, 0xbb, 0xb5,

    /* U+25DA "◚" */
    0x2c, 0xcc, 0xcc, 0xcc, 0xc6, 0x3f, 0xff, 0xff,
    0xff, 0xf8, 0x3f, 0xff, 0xff, 0xff, 0xf8, 0x3f,
    0xf9, 0x43, 0x7e, 0xf8, 0x3f, 0x37, 0xef, 0xa2,
    0xc8, 0x37, 0x9f, 0xff, 0xfe, 0x27, 0x32, 0xff,
    0xff, 0xff, 0x64, 0x10, 0x55, 0x55, 0x55, 0x21,

    /* U+25DB "◛" */
    0x11, 0x66, 0x66, 0x66, 0x31, 0x32, 0xff, 0xff,
    0xff, 0x54, 0x37, 0x8f, 0xff, 0xfd, 0x28, 0x3f,
    0x46, 0xde, 0x92, 0xc8, 0x3f, 0xfa, 0x44, 0x8e,
    0xf8, 0x3f, 0xff, 0xff, 0xff, 0xf8, 0x3f, 0xff,
    0xff, 0xff, 0xf8, 0x2b, 0xbb, 0xbb, 0xbb, 0xb5,

    /* U+25DC "◜" */
    0x0, 0x5b, 0x30, 0xa9, 0x20, 0x78, 0x0, 0xc,
    0x10, 0x0, 0x40, 0x0, 0x0,

    /* U+25DD "◝" */
    0xb8, 0x10, 0x1, 0x6d, 0x20, 0x0, 0x3c, 0x0,
    0x0, 0xb2, 0x0, 0x3, 0x10,

    /* U+25DE "◞" */
    0x0, 0x4, 0x10, 0x0, 0xb1, 0x0, 0x3c, 0x1,
    0x7c, 0x20, 0xa7, 0x0, 0x0,

    /* U+25DF "◟" */
    0x50, 0x0, 0xc, 0x10, 0x0, 0x69, 0x0, 0x0,
    0xaa, 0x30, 0x0, 0x4a, 0x30,

    /* U+25E0 "◠" */
    0x0, 0x6c, 0xc8, 0x10, 0x0, 0xc8, 0x10, 0x6d,
    0x20, 0x86, 0x0, 0x0, 0x3c, 0xd, 0x0, 0x0,
    0x0, 0xb2, 0x40, 0x0, 0x0, 0x3, 0x10,

    /* U+25E1 "◡" */
    0x50, 0x0, 0x0, 0x4, 0x1d, 0x0, 0x0, 0x0,
    0xc1, 0x77, 0x0, 0x0, 0x3c, 0x0, 0xb9, 0x21,
    0x6d, 0x20, 0x0, 0x5b, 0xb7, 0x10, 0x0,

    /* U+25E2 "◢" */
    0x0, 0x0, 0x0, 0x1, 0x30, 0x0, 0x0, 0x1,
    0xd6, 0x0, 0x0, 0x1, 0xdf, 0x60, 0x0, 0x1,
    0xdf, 0xf6, 0x0, 0x1, 0xdf, 0xff, 0x60, 0x1,
    0xdf, 0xff, 0xf6, 0x1, 0xdf, 0xff, 0xff, 0x61,
    0xdf, 0xff, 0xff, 0xf6, 0x58, 0x88, 0x88, 0x88,
    0x30,

    /* U+25E3 "◣" */
    0x50, 0x0, 0x0, 0x0, 0xf, 0x50, 0x0, 0x0,
    0x0, 0xff, 0x50, 0x0, 0x0, 0xf, 0xff, 0x50,
    0x0, 0x0, 0xff, 0xff, 0x50, 0x0, 0xf, 0xff,
    0xff, 0x50, 0x0, 0xff, 0xff, 0xff, 0x50, 0xf,
    0xff, 0xff, 0xff, 0x50, 0x88, 0x88, 0x88, 0x88,
    0x10,

    /* U+25E4 "◤" */
    0xcd, 0xdd, 0xdd, 0xdb, 0x1f, 0xff, 0xff, 0xfe,
    0x20, 0xff, 0xff, 0xfe, 0x20, 0xf, 0xff, 0xfe,
    0x20, 0x0, 0xff, 0xfe, 0x20, 0x0, 0xf, 0xfe,
    0x20, 0x0, 0x0, 0xfe, 0x20, 0x0, 0x0, 0xd,
    0x20, 0x0, 0x0, 0x0, 0x20, 0x0, 0x0, 0x0,
    0x0,

    /* U+25E5 "◥" */
    0x7d, 0xdd, 0xdd, 0xdd, 0x50, 0xaf, 0xff, 0xff,
    0xf6, 0x0, 0xaf, 0xff, 0xff, 0x60, 0x0, 0xaf,
    0xff, 0xf6, 0x0, 0x0, 0xaf, 0xff, 0x60, 0x0,
    0x0, 0xaf, 0xf6, 0x0, 0x0, 0x0, 0xaf, 0x60,
    0x0, 0x0, 0x0, 0xa6, 0x0, 0x0, 0x0, 0x0,
    0x20,

    /* U+25E6 "◦" */
    0x3, 0x51, 0x5, 0x31, 0x71, 0x60, 0x1, 0x57,
    0x0, 0x43, 0x7, 0x64, 0x0,

    /* U+25E7 "◧" */
    0xcd, 0xdd, 0xcc, 0xcc, 0x7f, 0xff, 0xf3, 0x0,
    0x29, 0xff, 0xff, 0x30, 0x2, 0x9f, 0xff, 0xf3,
    0x0, 0x29, 0xff, 0xff, 0x30, 0x2, 0x9f, 0xff,
    0xf3, 0x0, 0x29, 0xff, 0xff, 0x30, 0x2, 0x9f,
    0xff, 0xf3, 0x0, 0x39, 0xbc, 0xcc, 0xcc, 0xcc,
    0x70,

    /* U+25E8 "◨" */
    0xcc, 0xcc, 0xcd, 0xdd, 0x3c, 0x0, 0xe, 0xff,
    0xf4, 0xc0, 0x0, 0xef, 0xff, 0x4c, 0x0, 0xe,
    0xff, 0xf4, 0xc0, 0x0, 0xef, 0xff, 0x4c, 0x0,
    0xe, 0xff, 0xf4, 0xc0, 0x0, 0xef, 0xff, 0x4c,
    0x0, 0xe, 0xff, 0xf4, 0xbc, 0xcc, 0xcc, 0xcc,
    0x30,

    /* U+25E9 "◩" */
    0x69, 0x99, 0x99, 0x99, 0x5b, 0xff, 0xff, 0xff,
    0xa9, 0xbf, 0xff, 0xff, 0x82, 0x9b, 0xff, 0xff,
    0x80, 0x29, 0xbf, 0xff, 0x80, 0x2, 0x9b, 0xff,
    0x80, 0x0, 0x29, 0xbf, 0x80, 0x0, 0x2, 0x9b,
    0x80, 0x0, 0x0, 0x39, 0x8c, 0xcc, 0xcc, 0xcc,
    0x70,

    /* U+25EA "◪" */
    0xcc, 0xcc, 0xcc, 0xcc, 0x5c, 0x0, 0x0, 0x1,
    0xd6, 0xc0, 0x0, 0x1, 0xdf, 0x6c, 0x0, 0x1,
    0xdf, 0xf6, 0xc0, 0x1, 0xdf, 0xff, 0x6c, 0x1,
    0xdf, 0xff, 0xf6, 0xc1, 0xdf, 0xff, 0xff, 0x6d,
    0xdf, 0xff, 0xff, 0xf6, 0x88, 0x88, 0x88, 0x88,
    0x30,

    /* U+25EB "◫" */
    0xcc, 0xcc, 0xcc, 0xcc, 0x9c, 0x0, 0xc, 0x0,
    0xb, 0xc0, 0x0, 0xc0, 0x0, 0xbc, 0x0, 0xc,
    0x0, 0xb, 0xc0, 0x0, 0xc0, 0x0, 0xbc, 0x0,
    0xc, 0x0, 0xb, 0xc0, 0x0, 0xc0, 0x0, 0xbc,
    0x0, 0xc, 0x0, 0x1b, 0xbc, 0xcc, 0xcc, 0xcc,
    0x80,

    /* U+25EC "◬" */
    0x0, 0x0, 0x20, 0x0, 0x0, 0x0, 0x5c, 0x0,
    0x0, 0x0, 0xb, 0x84, 0x0, 0x0, 0x5, 0x71,
    0xb0, 0x0, 0x0, 0xb1, 0x18, 0x40, 0x0, 0x57,
    0x9f, 0x2b, 0x0, 0xb, 0x4, 0x80, 0x84, 0x5,
    0x70, 0x0, 0x1, 0xb0, 0x9c, 0xcc, 0xcc, 0xcc,
    0x20,

    /* U+25ED "◭" */
    0x0, 0x0, 0x20, 0x0, 0x0, 0x0, 0x5c, 0x0,
    0x0, 0x0, 0xd, 0xb4, 0x0, 0x0, 0x5, 0xf4,
    0xb0, 0x0, 0x0, 0xdf, 0x38, 0x40, 0x0, 0x5f,
    0xf3, 0x1b, 0x0, 0xd, 0xff, 0x30, 0x84, 0x5,
    0xff, 0xf3, 0x1, 0xb0, 0x9c, 0xcc, 0xcc, 0xcc,
    0x20,

    /* U+25EE "◮" */
    0x0, 0x0, 0x20, 0x0, 0x0, 0x0, 0x5c, 0x0,
    0x0, 0x0, 0xb, 0xd4, 0x0, 0x0, 0x5, 0x7c,
    0xc0, 0x0, 0x0, 0xb0, 0xcf, 0x40, 0x0, 0x57,
    0xc, 0xfc, 0x0, 0xb, 0x0, 0xcf, 0xf4, 0x5,
    0x70, 0xc, 0xff, 0xc0, 0x9c, 0xcc, 0xcc, 0xcc,
    0x20,

    /* U+25EF "◯" */
    0x0, 0x0, 0x0, 0x0, 0x0, 0x0, 0x19, 0xdd,
    0xc5, 0x0, 0x2, 0xd6, 0x0, 0x2b, 0x80, 0xb,
    0x40, 0x0, 0x0, 0xc3, 0xd, 0x0, 0x0, 0x0,
    0x58, 0x1c, 0x0, 0x0, 0x0, 0x49, 0xe, 0x0,
    0x0, 0x0, 0x77, 0x9, 0x70, 0x0, 0x1, 0xd1,
    0x0, 0xba, 0x32, 0x6d, 0x40, 0x0, 0x5, 0xab,
    0x81, 0x0,

    /* U+25F0 "◰" */
    0xcc, 0xcc, 0xcc, 0xcc, 0x9c, 0x0, 0xc, 0x0,
    0xb, 0xc0, 0x0, 0xc0, 0x0, 0xbc, 0x0, 0xc,
    0x0, 0xb, 0xec, 0xcc, 0x90, 0x0, 0xbc, 0x0,
    0x0, 0x0, 0xb, 0xc0, 0x0, 0x0, 0x0, 0xbc,
    0x0, 0x0, 0x0, 0x1b, 0xbc, 0xcc, 0xcc, 0xcc,
    0x80,

    /* U+25F1 "◱" */
    0xcc, 0xcc, 0xcc, 0xcc, 0x9c, 0x0, 0x0, 0x0,
    0xb, 0xc0, 0x0, 0x0, 0x0, 0xbc, 0x0, 0x0,
    0x0, 0xb, 0xec, 0xcc, 0xc0, 0x0, 0xbc, 0x0,
    0xc, 0x0, 0xb, 0xc0, 0x0, 0xc0, 0x0, 0xbc,
    0x0, 0xc, 0x0, 0x1b, 0xbc, 0xcc, 0xcc, 0xcc,
    0x80,

    /* U+25F2 "◲" */
    0xcc, 0xcc, 0xcc, 0xcc, 0x9c, 0x0, 0x0, 0x0,
    0xb, 0xc0, 0x0, 0x0, 0x0, 0xbc, 0x0, 0x0,
    0x0, 0xb, 0xc0, 0x0, 0xfc, 0xcc, 0xbc, 0x0,
    0xc, 0x0, 0xb, 0xc0, 0x0, 0xc0, 0x0, 0xbc,
    0x0, 0xc, 0x0, 0x1b, 0xbc, 0xcc, 0xcc, 0xcc,
    0x80,

    /* U+25F3 "◳" */
    0xcc, 0xcc, 0xcc, 0xcc, 0x9c, 0x0, 0xc, 0x0,
    0xb, 0xc0, 0x0, 0xc0, 0x0, 0xbc, 0x0, 0xc,
    0x0, 0xb, 0xc0, 0x0, 0xcc, 0xcc, 0xbc, 0x0,
    0x0, 0x0, 0xb, 0xc0, 0x0, 0x0, 0x0, 0xbc,
    0x0, 0x0, 0x0, 0x1b, 0xbc, 0xcc, 0xcc, 0xcc,
    0x80,

    /* U+25F4 "◴" */
    0x0, 0x4a, 0xc9, 0x30, 0x0, 0x9a, 0x3c, 0x4c,
    0x60, 0x4a, 0x0, 0xc0, 0xd, 0x2a, 0x30, 0xc,
    0x0, 0x67, 0xcc, 0xcc, 0x90, 0x4, 0x9a, 0x30,
    0x0, 0x0, 0x67, 0x4b, 0x0, 0x0, 0xd, 0x20,
    0x8b, 0x31, 0x4c, 0x50, 0x0, 0x4a, 0xc9, 0x20,
    0x0,

    /* U+25F5 "◵" */
    0x0, 0x5b, 0xca, 0x30, 0x0, 0x9a, 0x30, 0x3b,
    0x70, 0x5a, 0x0, 0x0, 0xc, 0x2a, 0x20, 0x0,
    0x0, 0x58, 0xbc, 0xcc, 0xc0, 0x4, 0x99, 0x40,
    0xc, 0x0, 0x77, 0x3c, 0x0, 0xc0, 0x1d, 0x10,
    0x5d, 0x6d, 0x7d, 0x30, 0x0, 0x17, 0x86, 0x0,
    0x0,

    /* U+25F6 "◶" */
    0x0, 0x6b, 0xc9, 0x20, 0x0, 0xb9, 0x20, 0x4c,
    0x60, 0x87, 0x0, 0x0, 0xc, 0x2d, 0x0, 0x0,
    0x0, 0x67, 0xd0, 0x0, 0xfc, 0xcd, 0x8c, 0x10,
    0xc, 0x0, 0x76, 0x5a, 0x0, 0xc0, 0x2d, 0x0,
    0x8d, 0x6d, 0x8d, 0x30, 0x0, 0x27, 0x85, 0x0,
    0x0,

    /* U+25F7 "◷" */
    0x0, 0x5b, 0xc9, 0x20, 0x0, 0xba, 0x2c, 0x4c,
    0x50, 0x78, 0x0, 0xc0, 0xc, 0x1c, 0x0, 0xc,
    0x0, 0x66, 0xd0, 0x0, 0xcc, 0xcd, 0x8c, 0x0,
    0x0, 0x0, 0x76, 0x78, 0x0, 0x0, 0x1d, 0x10,
    0xaa, 0x21, 0x5d, 0x50, 0x0, 0x5a, 0xc9, 0x20,
    0x0,

    /* U+25F8 "◸" */
    0xcc, 0xcc, 0xcc, 0xcb, 0x1c, 0x0, 0x0, 0x2d,
    0x20, 0xc0, 0x0, 0x2d, 0x20, 0xc, 0x0, 0x2d,
    0x20, 0x0, 0xc0, 0x2d, 0x20, 0x0, 0xc, 0x2d,
    0x20, 0x0, 0x0, 0xdd, 0x20, 0x0, 0x0, 0xd,
    0x20, 0x0, 0x0, 0x0, 0x20, 0x0, 0x0, 0x0,
    0x0,

    /* U+25F9 "◹" */
    0x4c, 0xcc, 0xcc, 0xcc, 0x70, 0x6b, 0x0, 0x0,
    0x29, 0x0, 0x6b, 0x0, 0x2, 0x90, 0x0, 0x6b,
    0x0, 0x29, 0x0, 0x0, 0x6b, 0x2, 0x90, 0x0,
    0x0, 0x6b, 0x39, 0x0, 0x0, 0x0, 0x6d, 0x90,
    0x0, 0x0, 0x0, 0x69, 0x0, 0x0, 0x0, 0x0,
    0x20,

    /* U+25FA "◺" */
    0x20, 0x0, 0x0, 0x0, 0xe, 0x30, 0x0, 0x0,
    0x0, 0xdd, 0x30, 0x0, 0x0, 0xc, 0x2d, 0x30,
    0x0, 0x0, 0xc0, 0x2d, 0x30, 0x0, 0xc, 0x0,
    0x2d, 0x30, 0x0, 0xc0, 0x0, 0x2d, 0x30, 0xc,
    0x0, 0x0, 0x2d, 0x30, 0xbc, 0xcc, 0xcc, 0xca,
    0x10,

    /* U+25FB "◻" */
    0x2e, 0xcc, 0xcc, 0xcf, 0x2a, 0x0, 0x0, 0xc,
    0x2a, 0x0, 0x0, 0xc, 0x2a, 0x0, 0x0, 0xc,
    0x2a, 0x0, 0x0, 0xc, 0x2a, 0x0, 0x0, 0xc,
    0x1d, 0xcc, 0xcc, 0xcd,

    /* U+25FC "◼" */
    0x2, 0x22, 0x22, 0x22, 0x3f, 0xff, 0xff, 0xfe,
    0x3f, 0xff, 0xff, 0xfe, 0x3f, 0xff, 0xff, 0xfe,
    0x3f, 0xff, 0xff, 0xfe, 0x3f, 0xff, 0xff, 0xfe,
    0x3f, 0xff, 0xff, 0xfe, 0x2f, 0xff, 0xff, 0xfe,

    /* U+25FD "◽" */
    0x9c, 0xcc, 0xcc, 0xc0, 0x0, 0xc, 0xc0, 0x0,
    0xc, 0xc0, 0x0, 0xc, 0xc0, 0x0, 0xc, 0xca,
    0xaa, 0xae, 0x12, 0x22, 0x22,

    /* U+25FE "◾" */
    0xce, 0xee, 0xee, 0x1e, 0xff, 0xff, 0xf1, 0xef,
    0xff, 0xff, 0x1e, 0xff, 0xff, 0xf1, 0xef, 0xff,
    0xff, 0x1e, 0xff, 0xff, 0xf1, 0x22, 0x22, 0x22,
    0x0,

    /* U+25FF "◿" */
    0x0, 0x0, 0x0, 0x0, 0x20, 0x0, 0x0, 0x0,
    0x79, 0x0, 0x0, 0x0, 0x7c, 0x90, 0x0, 0x0,
    0x7a, 0x39, 0x0, 0x0, 0x7a, 0x2, 0x90, 0x0,
    0x7a, 0x0, 0x29, 0x0, 0x7a, 0x0, 0x2, 0x90,
    0x7a, 0x0, 0x0, 0x39, 0x4b, 0xcc, 0xcc, 0xcc,
    0x70,

    /* U+266A "♪" */
    0x0, 0x0, 0x0, 0x0, 0x0, 0x0, 0x0, 0xf6,
    0x0, 0x0, 0x0, 0xf, 0xe2, 0x0, 0x0, 0x0,
    0xe6, 0xa0, 0x0, 0x0, 0xe, 0xf, 0x0, 0x0,
    0x0, 0xe0, 0xd1, 0x0, 0x0, 0xe, 0xa, 0x10,
    0x0, 0x0, 0xe0, 0x0, 0x0, 0x0, 0xe, 0x0,
    0x0, 0x37, 0x72, 0xe0, 0x0, 0x4f, 0xff, 0xfd,
    0x0, 0x6, 0xff, 0xff, 0x70, 0x0, 0x7, 0xcd,
    0x70, 0x0, 0x0,

    /* U+2756 "❖" */
    0x0, 0x2, 0x70, 0x0, 0x0, 0x2, 0xef, 0x80,
    0x0, 0x2, 0x6e, 0xf8, 0x60, 0x2, 0xef, 0x67,
    0xcf, 0x80, 0x5f, 0xf7, 0x5e, 0xfb, 0x0, 0x57,
    0xbf, 0x69, 0x0, 0x0, 0x4f, 0xfb, 0x0, 0x0,
    0x0, 0x5b, 0x0, 0x0, 0x0, 0x0, 0x0, 0x0,
    0x0,

    /* U+2768 "❨" */
    0x0, 0x1, 0x64, 0x0, 0x5e, 0x30, 0x4, 0xf7,
    0x0, 0xd, 0xf1, 0x0, 0x2f, 0xe0, 0x0, 0x4f,
    0xc0, 0x0, 0x2f, 0xe0, 0x0, 0xe, 0xf1, 0x0,
    0x5, 0xf7, 0x0, 0x0, 0x6e, 0x20, 0x0, 0x1,
    0x63,

    /* U+2769 "❩" */
    0x17, 0x40, 0x0, 0x1, 0xbb, 0x10, 0x0, 0xe,
    0xc0, 0x0, 0x9, 0xf5, 0x0, 0x6, 0xfa, 0x0,
    0x5, 0xfc, 0x0, 0x6, 0xfa, 0x0, 0x9, 0xf5,
    0x0, 0xe, 0xc0, 0x0, 0x9a, 0x10, 0x14, 0x20,
    0x0,

    /* U+276A "❪" */
    0x0, 0x21, 0x7, 0xf6, 0xf, 0xe0, 0x5f, 0xa0,
    0x9f, 0x60, 0xbf, 0x50, 0xbf, 0x50, 0x9f, 0x70,
    0x4f, 0xb0, 0xe, 0xf1, 0x5, 0xf7,

    /* U+276B "❫" */
    0x3f, 0x90, 0xc, 0xf2, 0x7, 0xf8, 0x3, 0xfc,
    0x1, 0xfe, 0x1, 0xfd, 0x3, 0xfb, 0x7, 0xf7,
    0xd, 0xf1, 0x3d, 0x70,

    /* U+276C "❬" */
    0x0, 0x14, 0x0, 0x9, 0xd0, 0x2, 0xf5, 0x0,
    0x9d, 0x0, 0x2f, 0x50, 0x9, 0xd0, 0x0, 0x7e,
    0x0, 0x0, 0xe7, 0x0, 0x7, 0xe0, 0x0, 0xe,
    0x70, 0x0, 0x7e, 0x0,

    /* U+276D "❭" */
    0x33, 0x0, 0x6, 0xf1, 0x0, 0xe, 0x80, 0x0,
    0x6f, 0x10, 0x0, 0xe8, 0x0, 0x6, 0xf1, 0x0,
    0x9d, 0x0, 0x1f, 0x60, 0x8, 0xd0, 0x1, 0xf6,
    0x0, 0x8d, 0x0, 0x0,

    /* U+276E "❮" */
    0x0, 0x0, 0x10, 0x0, 0xa, 0xf9, 0x0, 0x4f,
    0xe1, 0x0, 0xdf, 0x40, 0x9, 0xfa, 0x0, 0x3f,
    0xe1, 0x0, 0x4f, 0xe0, 0x0, 0xa, 0xf9, 0x0,
    0x1, 0xef, 0x30, 0x0, 0x5f, 0xd0, 0x0, 0xb,
    0xf8, 0x0, 0x0, 0x22,

    /* U+276F "❯" */
    0x1, 0x0, 0x0, 0x3f, 0xf1, 0x0, 0x8, 0xfb,
    0x0, 0x0, 0xdf, 0x50, 0x0, 0x3f, 0xe1, 0x0,
    0x9, 0xfa, 0x0, 0x8, 0xfb, 0x0, 0x2f, 0xf1,
    0x0, 0xcf, 0x60, 0x7, 0xfc, 0x0, 0x2f, 0xf2,
    0x0, 0x12, 0x10, 0x0,

    /* U+2770 "❰" */
    0x0, 0x2, 0x22, 0x0, 0x1, 0xff, 0xa0, 0x0,
    0x9f, 0xf2, 0x0, 0x1f, 0xfa, 0x0, 0x9, 0xff,
    0x30, 0x1, 0xff, 0xa0, 0x0, 0x7f, 0xf4, 0x0,
    0x2, 0xff, 0x90, 0x0, 0xa, 0xff, 0x20, 0x0,
    0x2f, 0xf9, 0x0, 0x0, 0xaf, 0xf2, 0x0, 0x2,
    0xff, 0x90, 0x0, 0x3, 0x44, 0x0,

    /* U+2771 "❱" */
    0x13, 0x30, 0x0, 0x3, 0xff, 0x70, 0x0, 0xb,
    0xfe, 0x0, 0x0, 0x4f, 0xf7, 0x0, 0x0, 0xcf,
    0xe0, 0x0, 0x4, 0xff, 0x70, 0x0, 0xd, 0xfe,
    0x0, 0x3, 0xff, 0x80, 0x0, 0xbf, 0xf1, 0x0,
    0x3f, 0xf8, 0x0, 0xb, 0xff, 0x10, 0x3, 0xff,
    0x80, 0x0, 0x24, 0x41, 0x0, 0x0,

    /* U+2772 "❲" */
    0x4, 0x5, 0xc0, 0xd0, 0xd, 0x0, 0xd0, 0xd,
    0x0, 0xd0, 0xd, 0x0, 0xd0, 0xd, 0x0, 0xa7,
    0x0, 0xa1,

    /* U+2773 "❳" */
    0x5, 0x0, 0x9, 0x90, 0x0, 0xc1, 0x0, 0xc1,
    0x0, 0xc1, 0x0, 0xc1, 0x0, 0xc1, 0x0, 0xc1,
    0x0, 0xc1, 0x0, 0xc1, 0x5, 0xc0, 0x9, 0x10,

    /* U+2774 "❴" */
    0x0, 0x1, 0x21, 0x0, 0x4f, 0xe5, 0x0, 0x8f,
    0x20, 0x0, 0x9f, 0x10, 0x0, 0x9f, 0x10, 0x1,
    0xce, 0x0, 0x1e, 0xf8, 0x0, 0x0, 0xbf, 0x0,
    0x0, 0x9f, 0x10, 0x0, 0x8f, 0x10, 0x0, 0x8f,
    0x20, 0x0, 0x2e, 0xf7, 0x0, 0x0, 0x0,

    /* U+2775 "❵" */
    0x3a, 0xa4, 0x0, 0x4, 0xee, 0x0, 0x0, 0xbf,
    0x0, 0x0, 0xbf, 0x10, 0x0, 0xbf, 0x10, 0x0,
    0x8f, 0x60, 0x0, 0x2f, 0xf9, 0x0, 0x9f, 0x30,
    0x0, 0xbf, 0x10, 0x0, 0xbf, 0x0, 0x0, 0xdf,
    0x0, 0x3e, 0xf9, 0x0, 0x1, 0x0, 0x0,

    /* U+2794 "➔" */
    0x0, 0x0, 0x8a, 0x0, 0x0, 0x0, 0x1b, 0xc0,
    0x6f, 0xff, 0xff, 0xf9, 0x2, 0x22, 0x2b, 0xd1,
    0x0, 0x0, 0x8c, 0x10,

    /* U+2798 "➘" */
    0x7, 0x20, 0x0, 0x0, 0xc, 0xe2, 0x0, 0x0,
    0x0, 0xbd, 0x10, 0x0, 0x0, 0x9, 0xc0, 0x34,
    0x0, 0x0, 0x8b, 0xd6, 0x0, 0x0, 0x2e, 0xf7,
    0x0, 0x1, 0xac, 0xe9,

    /* U+2799 "➙" */
    0x0, 0x0, 0x5, 0x0, 0x24, 0x43, 0x29, 0xd2,
    0x5c, 0xba, 0x9c, 0xf7, 0x0, 0x0, 0x8, 0x50,
    0x0, 0x0, 0x1, 0x0,

    /* U+279A "➚" */
    0x0, 0x0, 0x0, 0x1, 0x0, 0x1, 0xbf, 0xf9,
    0x0, 0x0, 0x1e, 0xf7, 0x0, 0x0, 0xa9, 0xc5,
    0x0, 0xc, 0xa0, 0x23, 0x1, 0xdc, 0x0, 0x0,
    0xd, 0xd1, 0x0, 0x0, 0x5, 0x10, 0x0, 0x0,

    /* U+279B "➛" */
    0x0, 0x3, 0x0, 0x0, 0x0, 0x0, 0x5d, 0x61,
    0x0, 0x7a, 0xab, 0xff, 0xb4, 0x0, 0x0, 0x77,
    0x10, 0x0, 0x0, 0x0, 0x0, 0x0, 0x0,

    /* U+279C "➜" */
    0x0, 0x0, 0x3, 0x0, 0x0, 0x0, 0x4f, 0x50,
    0x4, 0x55, 0x5b, 0xf5, 0x5f, 0xff, 0xff, 0xfc,
    0x0, 0x0, 0xc, 0xe2, 0x0, 0x0, 0x4d, 0x20,
    0x0, 0x0, 0x0, 0x0,

    /* U+279D "➝" */
    0x0, 0x0, 0x0, 0x0, 0x0, 0x0, 0x4, 0x80,
    0x26, 0x66, 0x68, 0xf8, 0x0, 0x0, 0x4, 0xf3,
    0x0, 0x0, 0x3, 0x30,

    /* U+279E "➞" */
    0x0, 0x0, 0x2, 0x40, 0x2, 0x33, 0x33, 0x5f,
    0x40, 0xaf, 0xff, 0xff, 0xfd, 0x0, 0x0, 0x0,
    0x2d, 0x10, 0x0, 0x0, 0x1, 0x10, 0x0,

    /* U+279F "➟" */
    0x0, 0x0, 0x0, 0x0, 0x0, 0x0, 0x0, 0x37,
    0x0, 0x49, 0xe9, 0xff, 0xf7, 0x4, 0x9e, 0x9f,
    0xff, 0x90, 0x0, 0x10, 0x14, 0x90, 0x0, 0x0,
    0x0, 0x0, 0x0,

    /* U+27A0 "➠" */
    0x1, 0x21, 0x35, 0x0, 0x48, 0xe9, 0xff, 0xa0,
    0x48, 0xe9, 0xff, 0xf5, 0x36, 0xa7, 0xbd, 0x40,
    0x0, 0x0, 0x1, 0x0,

    /* U+27A1 "➡" */
    0x0, 0x0, 0x0, 0x0, 0x0, 0x0, 0x3, 0x40,
    0x6e, 0xee, 0xee, 0xf4, 0x6f, 0xff, 0xff, 0xf6,
    0x0, 0x0, 0x4, 0x70, 0x0, 0x0, 0x0, 0x0,

    /* U+27A2 "➢" */
    0x0, 0x0, 0x0, 0x0, 0x8, 0x83, 0x0, 0x0,
    0x0, 0x74, 0x66, 0x40, 0x0, 0x6e, 0xdb, 0x82,
    0x6, 0xd8, 0x30, 0x0, 0x2, 0x0, 0x0, 0x0,

    /* U+27A3 "➣" */
    0x0, 0x0, 0x0, 0x0, 0x6, 0xb6, 0x10, 0x0,
    0x0, 0x6f, 0xea, 0x61, 0x0, 0x64, 0x66, 0x40,
    0x6, 0x84, 0x0, 0x0, 0x0, 0x0, 0x0, 0x0,

    /* U+27A4 "➤" */
    0x0, 0x0, 0x0, 0x0, 0xa, 0x81, 0x0, 0x0,
    0x3, 0xff, 0x91, 0x0, 0x0, 0xaf, 0xff, 0xa2,
    0x0, 0xcf, 0xfd, 0x60, 0x5, 0xfc, 0x50, 0x0,
    0x9, 0x40, 0x0, 0x0, 0x0, 0x0, 0x0, 0x0,

    /* U+27A5 "➥" */
    0x0, 0x0, 0x0, 0x0, 0x6, 0x33, 0x33, 0x58,
    0x0, 0xaf, 0xff, 0xff, 0xf8, 0x7, 0xff, 0xff,
    0xff, 0x90, 0x3, 0x44, 0x46, 0x90, 0x0, 0x0,
    0x0, 0x0, 0x0,

    /* U+27A6 "➦" */
    0x0, 0x0, 0x0, 0x0, 0x0, 0x56, 0x66, 0x8b,
    0x0, 0x8f, 0xff, 0xff, 0xfb, 0xa, 0xff, 0xff,
    0xff, 0x60, 0x51, 0x11, 0x13, 0x60, 0x0, 0x0,
    0x0, 0x0, 0x0,

    /* U+27A7 "➧" */
    0x0, 0x20, 0x0, 0xa, 0x0, 0xae, 0xf7, 0xb,
    0xff, 0xf0, 0xbf, 0xf9, 0x1, 0x2c, 0x10, 0x0,
    0x40, 0x0,

    /* U+27A8 "➨" */
    0x0, 0x0, 0x3, 0x0, 0xa, 0xff, 0xff, 0xf5,
    0x0, 0xaf, 0xff, 0xff, 0xf6, 0x8, 0xdd, 0xdd,
    0xd2, 0x0, 0x0, 0x0, 0x2, 0x0, 0x0,

    /* U+27A9 "➩" */
    0x0, 0x0, 0x20, 0x0, 0x0, 0x0, 0xac, 0x10,
    0x66, 0x66, 0x24, 0xd1, 0x60, 0x0, 0x1, 0xd5,
    0x26, 0x66, 0x7c, 0x50, 0x0, 0x0, 0x74, 0x0,

    /* U+27AA "➪" */
    0x0, 0x0, 0xb7, 0x0, 0x2a, 0x66, 0xb3, 0x60,
    0x3e, 0x0, 0x0, 0x15, 0x2b, 0x66, 0x92, 0x60,
    0x0, 0x0, 0xd8, 0x0,

    /* U+27AB "➫" */
    0x0, 0x0, 0x0, 0x83, 0x0, 0x56, 0x66, 0x62,
    0x70, 0x15, 0x0, 0x0, 0x1b, 0x9, 0xff, 0xfc,
    0x6e, 0xa0, 0x46, 0x68, 0xfe, 0x40, 0x0, 0x0,
    0x17, 0x0, 0x0,

    /* U+27AC "➬" */
    0x0, 0x0, 0x20, 0x0, 0x13, 0x35, 0xf9, 0x10,
    0x4f, 0xff, 0xc8, 0xe6, 0x6, 0x0, 0x0, 0x29,
    0x1, 0x55, 0x56, 0x44, 0x0, 0x0, 0x0, 0x50,

    /* U+27AD "➭" */
    0x0, 0x6, 0x0, 0x8, 0x66, 0x67, 0x0, 0x60,
    0x0, 0x8, 0x6, 0x0, 0x2, 0xe8, 0xef, 0xfa,
    0xee, 0x24, 0x77, 0xce, 0x20, 0x0, 0x2, 0x10,
    0x0,

    /* U+27AE "➮" */
    0x0, 0x0, 0x10, 0x0, 0x8, 0x88, 0xed, 0x10,
    0x5f, 0xff, 0xaf, 0xd2, 0x70, 0x0, 0x4, 0xfb,
    0x70, 0x0, 0x0, 0x84, 0x70, 0x0, 0x4, 0x50,
    0x37, 0x77, 0xa5, 0x0, 0x0, 0x0, 0x40, 0x0,

    /* U+27AF "➯" */
    0x0, 0x0, 0x55, 0x0, 0x96, 0x66, 0x62, 0x50,
    0x34, 0x0, 0x0, 0x36, 0x61, 0x0, 0x0, 0xa9,
    0xae, 0xee, 0xfa, 0xa0, 0x0, 0x0, 0x38, 0x0,

    /* U+27B1 "➱" */
    0x0, 0x0, 0x25, 0x0, 0x9b, 0xbb, 0xdd, 0x60,
    0x83, 0x33, 0x31, 0xd6, 0x33, 0x0, 0x0, 0x2a,
    0x70, 0x0, 0x0, 0x70, 0x56, 0x66, 0xa7, 0x10,
    0x0, 0x0, 0x11, 0x0,

    /* U+27B2 "➲" */
    0x0, 0x0, 0x0, 0x0, 0x1, 0xaf, 0xea, 0x10,
    0x8, 0xbb, 0x6e, 0xd0, 0x0, 0x0, 0x1, 0xd4,
    0x0, 0x0, 0x0, 0x66, 0x0, 0x0, 0x5, 0xf3,
    0x8, 0xff, 0xaf, 0x90, 0x0, 0x5a, 0xa5, 0x0,

    /* U+27B3 "➳" */
    0x14, 0x41, 0x0, 0x10, 0x7, 0x87, 0x0, 0xc1,
    0x7, 0xab, 0x66, 0xf6, 0x17, 0x73, 0x0, 0x40,

    /* U+27B4 "➴" */
    0x0, 0x0, 0x0, 0x0, 0x0, 0x44, 0x0, 0x0,
    0x3, 0x4f, 0x40, 0x0, 0x7, 0xe7, 0xf0, 0x0,
    0x0, 0x7e, 0x70, 0x0, 0x0, 0x2, 0x28, 0x13,
    0x0, 0x0, 0x1, 0xe7, 0x0, 0x0, 0x4, 0x96,

    /* U+27B5 "➵" */
    0x18, 0x86, 0x0, 0x40, 0x6, 0x99, 0x56, 0xd7,
    0x1b, 0xda, 0x0, 0x80, 0x0, 0x0, 0x0, 0x0,

    /* U+27B6 "➶" */
    0x0, 0x0, 0x4, 0x96, 0x0, 0x0, 0x2, 0xe7,
    0x0, 0x2, 0x28, 0x13, 0x0, 0x7e, 0x70, 0x0,
    0x7, 0xe7, 0xf0, 0x0, 0x3, 0x4f, 0x50, 0x0,
    0x0, 0x45, 0x0, 0x0, 0x0, 0x0, 0x0, 0x0,

    /* U+27B7 "➷" */
    0x0, 0x40, 0x0, 0x0, 0x0, 0xca, 0x0, 0x0,
    0x2f, 0xef, 0xa0, 0x0, 0x5, 0xff, 0xd0, 0x0,
    0x0, 0x5b, 0xb2, 0x0, 0x0, 0x0, 0x8, 0x14,
    0x0, 0x0, 0x0, 0xab, 0x0, 0x0, 0x2, 0x89,

    /* U+27B8 "➸" */
    0x57, 0x73, 0x0, 0x30, 0x4, 0xff, 0xd7, 0x6b,
    0x90, 0x9f, 0xf9, 0x0, 0x73, 0x0, 0x0, 0x0,
    0x0, 0x0,

    /* U+27B9 "➹" */
    0x0, 0x0, 0x0, 0x0, 0x0, 0x0, 0x3, 0xc8,
    0x0, 0x0, 0x3, 0x86, 0x0, 0x3, 0x55, 0x0,
    0x0, 0xbf, 0xc0, 0x0, 0xc, 0xff, 0xc0, 0x0,
    0x3, 0xbd, 0x10, 0x0, 0x0, 0x61, 0x0, 0x0,

    /* U+27BA "➺" */
    0x0, 0x0, 0x8, 0x10, 0x0, 0x30, 0x1, 0xeb,
    0x0, 0x8f, 0xfb, 0x97, 0x86, 0x4, 0xb8, 0x42,
    0x7b, 0x20, 0x0, 0x0, 0x1e, 0x40, 0x0,

    /* U+27BB "➻" */
    0x0, 0x0, 0x0, 0x20, 0x0, 0xbb, 0x40, 0x1d,
    0x10, 0x8f, 0xff, 0xd5, 0xed, 0x1, 0xcc, 0x50,
    0x1e, 0x10, 0x0, 0x0, 0x0, 0x20, 0x0,

    /* U+27BC "➼" */
    0x46, 0x65, 0x0, 0x10, 0x7, 0xff, 0xf7, 0x18,
    0x70, 0x3f, 0xff, 0xdb, 0xde, 0x9, 0xff, 0xf3,
    0x6, 0x20,

    /* U+27BD "➽" */
    0x0, 0x0, 0x0, 0x0, 0x9, 0xff, 0xf7, 0x56,
    0x0, 0x2f, 0xff, 0xf5, 0xf8, 0x0, 0xff, 0xff,
    0x9f, 0xc0, 0x7f, 0xff, 0xa4, 0xb0, 0x1, 0x22,
    0x20, 0x20, 0x0,

    /* U+27BE "➾" */
    0x0, 0x0, 0x22, 0x0, 0x0, 0x0, 0x8, 0x45,
    0x0, 0x57, 0x77, 0x72, 0x56, 0x5, 0x77, 0x78,
    0x27, 0x50, 0x0, 0x0, 0x85, 0x40, 0x0, 0x0,
    0x1, 0x10, 0x0,

    /* U+27C2 "⟂" */
    0x0, 0x3, 0xb0, 0x0, 0x0, 0x4, 0xe0, 0x0,
    0x0, 0x4, 0xe0, 0x0, 0x0, 0x4, 0xe0, 0x0,
    0x0, 0x4, 0xe0, 0x0, 0x0, 0x4, 0xe0, 0x0,
    0x0, 0x4, 0xe0, 0x0, 0x2, 0x26, 0xe2, 0x22,
    0x4f, 0xff, 0xff, 0xfe,

    /* U+27C5 "⟅" */
    0x19, 0xb3, 0x7, 0x87, 0xb0, 0x0, 0x7a, 0x0,
    0xc, 0x50, 0x2, 0xf1, 0x0, 0x8b, 0x0, 0xd,
    0x50, 0x3, 0xe0, 0x0, 0x99, 0x0, 0xc, 0x50,
    0x0, 0xd4, 0x0, 0x8, 0xc3, 0x0, 0x8, 0xee,
    0x50, 0x0, 0x10,

    /* U+27C6 "⟆" */
    0x8, 0xb4, 0x2, 0xe3, 0xd0, 0x1f, 0x0, 0x0,
    0xd4, 0x0, 0x8, 0xa0, 0x0, 0x2f, 0x0, 0x0,
    0xd5, 0x0, 0x8, 0xb0, 0x0, 0x2f, 0x0, 0x0,
    0xe3, 0x0, 0xe, 0x40, 0x7, 0xe0, 0xbf, 0xb2,
    0x1, 0x0, 0x0,

    /* U+27DC "⟜" */
    0x0, 0x10, 0x0, 0x0, 0x4, 0xee, 0x80, 0x0,
    0x0, 0xb5, 0x1f, 0xcc, 0xcc, 0x29, 0x96, 0xe5,
    0x55, 0x51, 0x19, 0xa3, 0x0, 0x0, 0x0,

    /* U+27E0 "⟠" */
    0x0, 0x0, 0x10, 0x0, 0x0, 0x4, 0xb0, 0x0,
    0x0, 0xb, 0xb2, 0x0, 0x0, 0x39, 0x29, 0x0,
    0x0, 0xa1, 0xa, 0x10, 0x2, 0x90, 0x3, 0x90,
    0x9, 0x20, 0x0, 0xb1, 0x1e, 0xaa, 0xaa, 0xc7,
    0xc, 0x22, 0x22, 0x94, 0x6, 0x60, 0x0, 0xb0,
    0x0, 0xb0, 0x7, 0x50, 0x0, 0x75, 0xb, 0x0,
    0x0, 0xb, 0x66, 0x0, 0x0, 0x8, 0xd0, 0x0,
    0x0, 0x1, 0x60, 0x0, 0x0, 0x0, 0x0, 0x0,

    /* U+27E6 "⟦" */
    0xab, 0xbb, 0x4b, 0xb, 0x0, 0xb0, 0xb0, 0xb,
    0xb, 0x0, 0xb0, 0xb0, 0xb, 0xb, 0x0, 0xb0,
    0xb0, 0xb, 0xb, 0x0, 0xb0, 0xb0, 0xb, 0xb,
    0x0, 0xb0, 0xb0, 0xb, 0xb, 0x0, 0xcb, 0xcb,
    0x40,

    /* U+27E7 "⟧" */
    0x7b, 0xbb, 0x70, 0x19, 0xb, 0x1, 0x90, 0xb0,
    0x19, 0xb, 0x1, 0x90, 0xb0, 0x19, 0xb, 0x1,
    0x90, 0xb0, 0x19, 0xb, 0x1, 0x90, 0xb0, 0x19,
    0xb, 0x1, 0x90, 0xb0, 0x19, 0xb, 0x7b, 0xcb,
    0x90,

    /* U+27E8 "⟨" */
    0x0, 0x45, 0x0, 0xb6, 0x0, 0xf2, 0x5, 0xd0,
    0xa, 0x80, 0xe, 0x30, 0x3e, 0x0, 0x1f, 0x10,
    0xc, 0x60, 0x7, 0xa0, 0x2, 0xf0, 0x0, 0xd4,
    0x0, 0x89,

    /* U+27E9 "⟩" */
    0x27, 0x0, 0xf, 0x20, 0xb, 0x70, 0x6, 0xc0,
    0x1, 0xf1, 0x0, 0xc5, 0x0, 0x7a, 0x0, 0xa8,
    0x0, 0xe3, 0x4, 0xe0, 0x9, 0x90, 0xe, 0x40,
    0x2e, 0x0,

    /* U+27EA "⟪" */
    0x0, 0x62, 0x18, 0x0, 0x1f, 0x16, 0xb0, 0x6,
    0xc0, 0xb7, 0x0, 0xb7, 0xf, 0x20, 0xf, 0x25,
    0xd0, 0x5, 0xd0, 0xa8, 0x0, 0x98, 0xe, 0x30,
    0x7, 0xb0, 0xc6, 0x0, 0x2f, 0x7, 0xb0, 0x0,
    0xd5, 0x2f, 0x0, 0x8, 0xa0, 0xd4, 0x0, 0x3e,
    0x8, 0x90, 0x0, 0xd3, 0x3d, 0x0,

    /* U+27EB "⟫" */
    0x54, 0x7, 0x20, 0x6, 0xc0, 0xa8, 0x0, 0x1f,
    0x15, 0xd0, 0x0, 0xc6, 0xf, 0x20, 0x7, 0xb0,
    0xb7, 0x0, 0x2f, 0x6, 0xb0, 0x0, 0xd4, 0x1f,
    0x0, 0xf, 0x24, 0xe0, 0x5, 0xd0, 0x99, 0x0,
    0xa8, 0xe, 0x40, 0xe, 0x33, 0xf0, 0x3, 0xe0,
    0x8a, 0x0, 0x89, 0xc, 0x50, 0x0,

    /* U+27F5 "⟵" */
    0x3, 0x80, 0x0, 0x0, 0x0, 0x3, 0xe5, 0x22,
    0x22, 0x22, 0x20, 0xaf, 0xff, 0xff, 0xff, 0xff,
    0x11, 0xc5, 0x0, 0x0, 0x0, 0x0, 0x1, 0x50,
    0x0, 0x0, 0x0, 0x0,

    /* U+27F6 "⟶" */
    0x0, 0x0, 0x0, 0x3, 0x70, 0x1, 0x22, 0x22,
    0x22, 0x3d, 0x70, 0xaf, 0xff, 0xff, 0xff, 0xff,
    0x0, 0x0, 0x0, 0x0, 0x1d, 0x40, 0x0, 0x0,
    0x0, 0x2, 0x40, 0x0,

    /* U+27F7 "⟷" */
    0x3, 0x80, 0x0, 0x3, 0x70, 0x3, 0xe5, 0x22,
    0x22, 0x3d, 0x70, 0xaf, 0xff, 0xff, 0xff, 0xff,
    0x1, 0xc5, 0x0, 0x0, 0x1d, 0x40, 0x1, 0x50,
    0x0, 0x2, 0x40, 0x0,

    /* U+2987 "⦇" */
    0x0, 0x3, 0x50, 0xb, 0xd9, 0xb, 0xa1, 0x94,
    0xf1, 0x19, 0xa9, 0x1, 0x9d, 0x60, 0x19, 0xe4,
    0x1, 0x9e, 0x50, 0x19, 0xb8, 0x1, 0x95, 0xe0,
    0x19, 0xd, 0x81, 0x90, 0x2d, 0xa9, 0x0, 0x7,
    0x70,

    /* U+2988 "⦈" */
    0x71, 0x0, 0xd, 0xe4, 0x0, 0xb2, 0xf3, 0xb,
    0x8, 0xb0, 0xb0, 0x2f, 0x1b, 0x0, 0xf3, 0xb0,
    0xd, 0x5b, 0x0, 0xe4, 0xb0, 0x1f, 0x2b, 0x6,
    0xd0, 0xb1, 0xe5, 0xc, 0xc8, 0x0, 0xa4, 0x0,
    0x0,

    /* U+2997 "⦗" */
    0x0, 0x5, 0x80, 0x5, 0xe2, 0x5, 0xf2, 0x1,
    0xfe, 0x0, 0x2f, 0xe0, 0x2, 0xfe, 0x0, 0x2f,
    0xe0, 0x2, 0xfe, 0x0, 0x2f, 0xe0, 0x2, 0xfe,
    0x0, 0x9, 0xf0, 0x0, 0x9, 0xc0, 0x0, 0x9,
    0x90, 0x0, 0x0,

    /* U+2998 "⦘" */
    0xb, 0x30, 0x0, 0x4e, 0x30, 0x0, 0x5e, 0x20,
    0x2, 0xfd, 0x0, 0x2f, 0xe0, 0x2, 0xfe, 0x0,
    0x2f, 0xe0, 0x2, 0xfe, 0x0, 0x2f, 0xe0, 0x2,
    0xfe, 0x0, 0x3f, 0x50, 0x2e, 0x50, 0xc, 0x50,
    0x0, 0x0, 0x0,

    /* U+29EB "⧫" */
    0x0, 0x0, 0x0, 0x0, 0x0, 0x2, 0x90, 0x0,
    0x0, 0xa, 0xf1, 0x0, 0x0, 0x1f, 0xf8, 0x0,
    0x0, 0x9f, 0xff, 0x0, 0x1, 0xff, 0xff, 0x70,
    0x8, 0xff, 0xff, 0xe0, 0xe, 0xff, 0xff, 0xf6,
    0xe, 0xff, 0xff, 0xf5, 0x7, 0xff, 0xff, 0xe0,
    0x1, 0xff, 0xff, 0x60, 0x0, 0x8f, 0xfe, 0x0,
    0x0, 0x1f, 0xf8, 0x0, 0x0, 0x9, 0xf1, 0x0,
    0x0, 0x2, 0x90, 0x0, 0x0, 0x0, 0x0, 0x0,

    /* U+29FA "⧺" */
    0x0, 0xa8, 0xe, 0x40, 0x0, 0xa8, 0xe, 0x40,
    0x0, 0xa8, 0xe, 0x40, 0x4f, 0xff, 0xff, 0xfe,
    0x3, 0xb9, 0x3e, 0x62, 0x0, 0xa8, 0xe, 0x40,
    0x0, 0xa8, 0xe, 0x40, 0x0, 0x21, 0x3, 0x0,

    /* U+29FB "⧻" */
    0x8, 0xa4, 0xe0, 0xf2, 0x8, 0xa4, 0xe0, 0xf2,
    0x8, 0xa4, 0xe0, 0xf2, 0x4f, 0xff, 0xff, 0xfe,
    0x9, 0xb6, 0xe3, 0xf4, 0x8, 0xa4, 0xe0, 0xf2,
    0x8, 0xa4, 0xe0, 0xf2, 0x1, 0x20, 0x30, 0x30,

    /* U+2A00 "⨀" */
    0x0, 0x2a, 0xc9, 0x10, 0x0, 0x1e, 0x63, 0x8d,
    0x0, 0x8, 0x80, 0x0, 0xa6, 0x0, 0xd1, 0x0,
    0x4, 0xb0, 0xe, 0x0, 0x0, 0xe, 0x2, 0xc0,
    0x0, 0x0, 0xe0, 0x3b, 0x8, 0xd0, 0xe, 0x13,
    0xb0, 0xaf, 0x10, 0xd1, 0x3c, 0x1, 0x30, 0xe,
    0x1, 0xd0, 0x0, 0x0, 0xf0, 0xe, 0x0, 0x0,
    0x2c, 0x0, 0xa5, 0x0, 0x7, 0x80, 0x3, 0xd1,
    0x2, 0xe2, 0x0, 0x6, 0xed, 0xe4, 0x0, 0x0,
    0x0, 0x10, 0x0, 0x0,

    /* U+2A2F "⨯" */
    0x41, 0x0, 0x5, 0xa, 0xd1, 0x7, 0xe2, 0xa,
    0xd8, 0xe3, 0x0, 0xd, 0xf4, 0x0, 0x7, 0xeb,
    0xc1, 0x7, 0xe3, 0xb, 0xc1, 0x73, 0x0, 0x8,
    0x10,

    /* U+2A6A "⩪" */
    0x0, 0x8, 0xf2, 0x0, 0x0, 0x8, 0xf2, 0x0,
    0x0, 0x44, 0x20, 0x0, 0x2d, 0xff, 0xc6, 0x6c,
    0x34, 0x2, 0x7c, 0xb4,

    /* U+2A6B "⩫" */
    0x0, 0x0, 0xb, 0xa0, 0x0, 0x0, 0xe, 0xd0,
    0x0, 0x32, 0x3, 0x30, 0x2e, 0xef, 0xd8, 0x8d,
    0x22, 0x0, 0x49, 0x82, 0x2, 0xf8, 0x0, 0x0,
    0x2, 0xf8, 0x0, 0x0, 0x0, 0x10, 0x0, 0x0,

    /* U+2B05 "⬅" */
    0x0, 0x0, 0x0, 0x0, 0x0, 0x70, 0x0, 0x0,
    0xc, 0xfe, 0xee, 0xec, 0x1e, 0xff, 0xff, 0xfd,
    0x2, 0x90, 0x0, 0x0, 0x0, 0x0, 0x0, 0x0,

    /* U+2B06 "⬆" */
    0x0, 0x1, 0x0, 0x0, 0xce, 0x20, 0x7, 0xff,
    0x90, 0x0, 0xef, 0x10, 0x0, 0xef, 0x10, 0x0,
    0xef, 0x10, 0x0, 0xef, 0x10, 0x0, 0xcd, 0x10,

    /* U+2B07 "⬇" */
    0x0, 0x56, 0x0, 0x0, 0xef, 0x10, 0x0, 0xef,
    0x10, 0x0, 0xef, 0x10, 0x0, 0xef, 0x10, 0x4,
    0xef, 0x50, 0x4, 0xff, 0x70, 0x0, 0x47, 0x0,

    /* U+2B08 "⬈" */
    0x0, 0x0, 0x55, 0x40, 0x0, 0xa, 0xfc, 0x0,
    0x7, 0xff, 0xc0, 0x7, 0xff, 0x53, 0x7, 0xff,
    0x50, 0x0, 0xaf, 0x50, 0x0, 0x0, 0x30, 0x0,
    0x0,

    /* U+2B09 "⬉" */
    0x25, 0x52, 0x0, 0x5, 0xff, 0x10, 0x0, 0x5f,
    0xfc, 0x10, 0x2, 0x1c, 0xfc, 0x10, 0x0, 0x1c,
    0xfc, 0x10, 0x0, 0x1c, 0xe2, 0x0, 0x0, 0x12,
    0x0,

    /* U+2B0A "⬊" */
    0x0, 0x10, 0x0, 0x0, 0xcc, 0x10, 0x0, 0x1c,
    0xfc, 0x10, 0x0, 0x1c, 0xfc, 0x12, 0x0, 0x1c,
    0xfe, 0x70, 0x0, 0x1e, 0xf7, 0x0, 0x2, 0x77,
    0x30,

    /* U+2B0B "⬋" */
    0x0, 0x0, 0x2, 0x0, 0x0, 0x7, 0xf4, 0x0,
    0x7, 0xff, 0x50, 0x17, 0xff, 0x50, 0xe, 0xff,
    0x50, 0x0, 0xff, 0x60, 0x0, 0x7, 0x75, 0x0,
    0x0,

    /* U+2B0C "⬌" */
    0x0, 0x0, 0x0, 0x0, 0x0, 0x70, 0x3, 0x40,
    0xc, 0xfe, 0xee, 0xf4, 0x1e, 0xff, 0xff, 0xf6,
    0x2, 0x90, 0x4, 0x70, 0x0, 0x0, 0x0, 0x0,

    /* U+2B0D "⬍" */
    0x0, 0x2, 0x0, 0x0, 0xce, 0x20, 0x7, 0xff,
    0x90, 0x0, 0xef, 0x10, 0x0, 0xef, 0x10, 0x4,
    0xef, 0x50, 0x4, 0xff, 0x70, 0x0, 0x47, 0x0,

    /* U+2B16 "⬖" */
    0x0, 0x2, 0x70, 0x0, 0x0, 0x2, 0xeb, 0x80,
    0x0, 0x2, 0xef, 0x38, 0x80, 0x2, 0xef, 0xf3,
    0x8, 0x80, 0xaf, 0xff, 0x30, 0xd, 0x20, 0xcf,
    0xf3, 0xb, 0x40, 0x0, 0xcf, 0x4b, 0x40, 0x0,
    0x0, 0xcd, 0x40, 0x0, 0x0, 0x0, 0x30, 0x0,
    0x0,

    /* U+2B17 "⬗" */
    0x0, 0x2, 0x70, 0x0, 0x0, 0x2, 0xcd, 0x80,
    0x0, 0x2, 0xc1, 0xcf, 0x80, 0x2, 0xc1, 0xc,
    0xff, 0x80, 0xa5, 0x0, 0xcf, 0xff, 0x20, 0xb4,
    0xc, 0xff, 0x40, 0x0, 0xb4, 0xcf, 0x40, 0x0,
    0x0, 0xbe, 0x40, 0x0, 0x0, 0x0, 0x30, 0x0,
    0x0,

    /* U+2B18 "⬘" */
    0x0, 0x2, 0x70, 0x0, 0x0, 0x2, 0xef, 0x80,
    0x0, 0x2, 0xef, 0xff, 0x80, 0x2, 0xef, 0xff,
    0xff, 0x80, 0xa9, 0x55, 0x55, 0x6e, 0x20, 0xb4,
    0x0, 0xb, 0x40, 0x0, 0xb4, 0xb, 0x40, 0x0,
    0x0, 0xbc, 0x40, 0x0, 0x0, 0x0, 0x30, 0x0,
    0x0,

    /* U+2B19 "⬙" */
    0x0, 0x2, 0x70, 0x0, 0x0, 0x2, 0xc9, 0x80,
    0x0, 0x2, 0xc1, 0x8, 0x80, 0x2, 0xc1, 0x0,
    0x8, 0x80, 0xab, 0xaa, 0xaa, 0xae, 0x20, 0xcf,
    0xff, 0xff, 0x40, 0x0, 0xcf, 0xff, 0x40, 0x0,
    0x0, 0xcf, 0x40, 0x0, 0x0, 0x0, 0x30, 0x0,
    0x0,

    /* U+2B1A "⬚" */
    0xc5, 0x3b, 0xc, 0x1a, 0x77, 0x0, 0x0, 0x0,
    0x15, 0x30, 0x0, 0x0, 0x0, 0x2b, 0x0, 0x0,
    0x0, 0x29, 0x10, 0x0, 0x0, 0x0, 0x1c, 0x0,
    0x0, 0x0, 0x29, 0x0, 0x0, 0x0, 0x0, 0x8,
    0x0, 0x0, 0x0, 0x26, 0xb4, 0x3a, 0xc, 0x19,
    0x70,

    /* U+2E18 "⸘" */
    0x0, 0x5f, 0x30, 0x0, 0x6f, 0x40, 0x0, 0x0,
    0x0, 0x0, 0x3c, 0x0, 0x0, 0x4f, 0x0, 0x0,
    0xaf, 0x0, 0x9, 0xff, 0x0, 0x6f, 0x6f, 0x0,
    0xac, 0x4f, 0x0, 0x7f, 0x9f, 0x6a, 0x9, 0xef,
    0xc4,

    /* U+2E1F "⸟" */
    0x19, 0xed, 0x60, 0x28, 0x58, 0x35, 0xcf, 0xf7,
    0x0, 0x1, 0x22, 0x0, 0x0, 0xa, 0xf1, 0x0,
    0x0, 0xa, 0xf1, 0x0,

    /* U+2E22 "⸢" */
    0xdf, 0xf1, 0xd6, 0x0, 0xd6, 0x0, 0xd6, 0x0,
    0xd6, 0x0,

    /* U+2E23 "⸣" */
    0xaf, 0xf4, 0x0, 0xf4, 0x0, 0xf4, 0x0, 0xf4,
    0x0, 0xf4,

    /* U+2E24 "⸤" */
    0x0, 0x0, 0xd6, 0x0, 0xd6, 0x0, 0xd6, 0x0,
    0xd6, 0x0, 0xdf, 0xf0,

    /* U+2E25 "⸥" */
    0x0, 0x0, 0x0, 0xf4, 0x0, 0xf4, 0x0, 0xf4,
    0x0, 0xf4, 0xaf, 0xf4,

    /* U+2E2E "⸮" */
    0x7, 0xef, 0xc6, 0x5f, 0x72, 0x5b, 0x6f, 0x0,
    0x0, 0x1e, 0x80, 0x0, 0x1, 0xd9, 0x0, 0x0,
    0x2f, 0x20, 0x0, 0x1f, 0x30, 0x0, 0x1, 0x0,
    0x0, 0x4f, 0x60, 0x0, 0x3f, 0x50,

    /* U+E0A0 "" */
    0x1, 0x0, 0x0, 0x1, 0xf9, 0x0, 0x0, 0x1f,
    0x90, 0x20, 0x1, 0xf9, 0x2e, 0x70, 0x1f, 0x97,
    0xfa, 0x11, 0xf9, 0xd, 0x20, 0x1f, 0x90, 0xd2,
    0x1, 0xf8, 0xf, 0x10, 0x17, 0x9, 0xe0, 0x0,
    0x1c, 0xf4, 0x0, 0xb, 0xf3, 0x0, 0x0, 0xfa,
    0x0, 0x0, 0x1f, 0x90, 0x0, 0x1, 0xf9, 0x0,
    0x0, 0x1f, 0x90, 0x0, 0x0,

    /* U+E0A1 "" */
    0x2, 0x0, 0x0, 0x2f, 0x0, 0x0, 0x2f, 0x0,
    0x0, 0x2f, 0x0, 0x0, 0x2f, 0x0, 0x0, 0x2f,
    0x0, 0x0, 0x2f, 0x88, 0x50, 0x17, 0x77, 0x40,
    0x4, 0xf2, 0x4e, 0x4, 0xf9, 0x4e, 0x4, 0xef,
    0x4e, 0x4, 0xcc, 0xae, 0x4, 0xd6, 0xfe, 0x4,
    0xd0, 0xee, 0x3, 0xa0, 0x6b,

    /* U+E0A2 "" */
    0x0, 0x0, 0x20, 0x0, 0x0, 0x6f, 0xfd, 0x10,
    0x1, 0xf4, 0xb, 0x90, 0x3, 0xf0, 0x5, 0xd0,
    0x4, 0xe0, 0x5, 0xd0, 0x4, 0xe0, 0x5, 0xd0,
    0x1c, 0xfc, 0xcd, 0xf7, 0x4f, 0xff, 0xef, 0xfe,
    0x5f, 0xf5, 0xb, 0xfe, 0x5f, 0xf5, 0xb, 0xfe,
    0x5f, 0xfb, 0x2f, 0xfe, 0x5f, 0xfb, 0x2f, 0xfe,
    0x5f, 0xfb, 0x3f, 0xfe, 0x5f, 0xff, 0xff, 0xfe,
    0x1d, 0xff, 0xff, 0xf9,

    /* U+E0B0 "" */
    0x0, 0x0, 0x0, 0x0, 0x0, 0x8e, 0x20, 0x0,
    0x0, 0x0, 0x8f, 0xe2, 0x0, 0x0, 0x0, 0x8f,
    0xfe, 0x10, 0x0, 0x0, 0x8f, 0xff, 0xd1, 0x0,
    0x0, 0x8f, 0xff, 0xfd, 0x10, 0x0, 0x8f, 0xff,
    0xff, 0xc0, 0x0, 0x8f, 0xff, 0xff, 0xfb, 0x0,
    0x8f, 0xff, 0xff, 0xff, 0xb0, 0x8f, 0xff, 0xff,
    0xff, 0xf2, 0x8f, 0xff, 0xff, 0xff, 0x30, 0x8f,
    0xff, 0xff, 0xf4, 0x0, 0x8f, 0xff, 0xff, 0x40,
    0x0, 0x8f, 0xff, 0xf4, 0x0, 0x0, 0x8f, 0xff,
    0x50, 0x0, 0x0, 0x8f, 0xf5, 0x0, 0x0, 0x0,
    0x8f, 0x60, 0x0, 0x0, 0x0, 0x34, 0x0, 0x0,
    0x0, 0x0,

    /* U+E0B1 "" */
    0x55, 0x0, 0x0, 0x0, 0x0, 0x4f, 0x40, 0x0,
    0x0, 0x0, 0x5, 0xf3, 0x0, 0x0, 0x0, 0x0,
    0x6e, 0x20, 0x0, 0x0, 0x0, 0x7, 0xe2, 0x0,
    0x0, 0x0, 0x0, 0x8d, 0x10, 0x0, 0x0, 0x0,
    0x9, 0xd1, 0x0, 0x0, 0x0, 0x0, 0xac, 0x0,
    0x0, 0x0, 0x0, 0xb, 0xb0, 0x0, 0x0, 0x0,
    0x6, 0xf2, 0x0, 0x0, 0x0, 0x4f, 0x40, 0x0,
    0x0, 0x4, 0xf4, 0x0, 0x0, 0x0, 0x3f, 0x50,
    0x0, 0x0, 0x2, 0xe6, 0x0, 0x0, 0x0, 0x2e,
    0x70, 0x0, 0x0, 0x1, 0xe7, 0x0, 0x0, 0x0,
    0x1d, 0x80, 0x0, 0x0, 0x0, 0x89, 0x0, 0x0,
    0x0, 0x0, 0x0, 0x0, 0x0, 0x0, 0x0,

    /* U+E0B2 "" */
    0x0, 0x0, 0x0, 0x0, 0x10, 0x0, 0x0, 0x0,
    0xaf, 0x0, 0x0, 0x0, 0x9f, 0xf0, 0x0, 0x0,
    0x9f, 0xff, 0x0, 0x0, 0x8f, 0xff, 0xf0, 0x0,
    0x7f, 0xff, 0xff, 0x0, 0x6f, 0xff, 0xff, 0xf0,
    0x5f, 0xff, 0xff, 0xff, 0x5f, 0xff, 0xff, 0xff,
    0xfb, 0xff, 0xff, 0xff, 0xff, 0xb, 0xff, 0xff,
    0xff, 0xf0, 0xc, 0xff, 0xff, 0xff, 0x0, 0xc,
    0xff, 0xff, 0xf0, 0x0, 0x1c, 0xff, 0xff, 0x0,
    0x0, 0x1d, 0xff, 0xf0, 0x0, 0x0, 0x1d, 0xff,
    0x0, 0x0, 0x0, 0x1d, 0xf0, 0x0, 0x0, 0x0,
    0x15,

    /* U+E0B3 "" */
    0x0, 0x0, 0x0, 0x1, 0x90, 0x0, 0x0, 0x0,
    0xc, 0xa0, 0x0, 0x0, 0x0, 0xbb, 0x0, 0x0,
    0x0, 0xa, 0xc0, 0x0, 0x0, 0x0, 0x9d, 0x10,
    0x0, 0x0, 0x8, 0xd1, 0x0, 0x0, 0x0, 0x7e,
    0x20, 0x0, 0x0, 0x6, 0xf3, 0x0, 0x0, 0x0,
    0x5f, 0x30, 0x0, 0x0, 0x0, 0xbc, 0x0, 0x0,
    0x0, 0x0, 0xc, 0xb0, 0x0, 0x0, 0x0, 0x0,
    0xca, 0x0, 0x0, 0x0, 0x0, 0x1d, 0x90, 0x0,
    0x0, 0x0, 0x1, 0xd8, 0x0, 0x0, 0x0, 0x0,
    0x2e, 0x80, 0x0, 0x0, 0x0, 0x2, 0xe7, 0x0,
    0x0, 0x0, 0x0, 0x3e, 0x60, 0x0, 0x0, 0x0,
    0x3, 0xd0, 0x0, 0x0, 0x0, 0x0, 0x0,

    /* U+FEFF "﻿" */

};


/*---------------------
 *  GLYPH DESCRIPTION
 *--------------------*/

static const lv_font_fmt_txt_glyph_dsc_t glyph_dsc[] = {
    {.bitmap_index = 0, .adv_w = 0, .box_w = 0, .box_h = 0, .ofs_x = 0, .ofs_y = 0} /* id = 0 reserved */,
    {.bitmap_index = 0, .adv_w = 0, .box_w = 0, .box_h = 0, .ofs_x = 0, .ofs_y = 0},
    {.bitmap_index = 0, .adv_w = 135, .box_w = 0, .box_h = 0, .ofs_x = 0, .ofs_y = 0},
    {.bitmap_index = 0, .adv_w = 135, .box_w = 0, .box_h = 0, .ofs_x = 0, .ofs_y = 0},
    {.bitmap_index = 0, .adv_w = 135, .box_w = 3, .box_h = 10, .ofs_x = 3, .ofs_y = 0},
    {.bitmap_index = 15, .adv_w = 135, .box_w = 5, .box_h = 4, .ofs_x = 2, .ofs_y = 6},
    {.bitmap_index = 25, .adv_w = 135, .box_w = 9, .box_h = 10, .ofs_x = 0, .ofs_y = 0},
    {.bitmap_index = 70, .adv_w = 135, .box_w = 7, .box_h = 14, .ofs_x = 1, .ofs_y = -3},
    {.bitmap_index = 119, .adv_w = 135, .box_w = 9, .box_h = 10, .ofs_x = 0, .ofs_y = 0},
    {.bitmap_index = 164, .adv_w = 135, .box_w = 9, .box_h = 10, .ofs_x = 0, .ofs_y = 0},
    {.bitmap_index = 209, .adv_w = 135, .box_w = 2, .box_h = 4, .ofs_x = 3, .ofs_y = 6},
    {.bitmap_index = 213, .adv_w = 135, .box_w = 4, .box_h = 13, .ofs_x = 2, .ofs_y = -2},
    {.bitmap_index = 239, .adv_w = 135, .box_w = 4, .box_h = 13, .ofs_x = 3, .ofs_y = -2},
    {.bitmap_index = 265, .adv_w = 135, .box_w = 8, .box_h = 7, .ofs_x = 0, .ofs_y = 3},
    {.bitmap_index = 293, .adv_w = 135, .box_w = 8, .box_h = 8, .ofs_x = 0, .ofs_y = 1},
    {.bitmap_index = 325, .adv_w = 135, .box_w = 4, .box_h = 7, .ofs_x = 2, .ofs_y = -4},
    {.bitmap_index = 339, .adv_w = 135, .box_w = 7, .box_h = 2, .ofs_x = 1, .ofs_y = 3},
    {.bitmap_index = 346, .adv_w = 135, .box_w = 3, .box_h = 3, .ofs_x = 3, .ofs_y = 0},
    {.bitmap_index = 351, .adv_w = 135, .box_w = 8, .box_h = 12, .ofs_x = 0, .ofs_y = -2},
    {.bitmap_index = 399, .adv_w = 135, .box_w = 8, .box_h = 10, .ofs_x = 0, .ofs_y = 0},
    {.bitmap_index = 439, .adv_w = 135, .box_w = 7, .box_h = 10, .ofs_x = 1, .ofs_y = 0},
    {.bitmap_index = 474, .adv_w = 135, .box_w = 7, .box_h = 10, .ofs_x = 1, .ofs_y = 0},
    {.bitmap_index = 509, .adv_w = 135, .box_w = 7, .box_h = 10, .ofs_x = 1, .ofs_y = 0},
    {.bitmap_index = 544, .adv_w = 135, .box_w = 8, .box_h = 10, .ofs_x = 0, .ofs_y = 0},
    {.bitmap_index = 584, .adv_w = 135, .box_w = 8, .box_h = 10, .ofs_x = 0, .ofs_y = 0},
    {.bitmap_index = 624, .adv_w = 135, .box_w = 8, .box_h = 10, .ofs_x = 0, .ofs_y = 0},
    {.bitmap_index = 664, .adv_w = 135, .box_w = 8, .box_h = 10, .ofs_x = 0, .ofs_y = 0},
    {.bitmap_index = 704, .adv_w = 135, .box_w = 8, .box_h = 10, .ofs_x = 0, .ofs_y = 0},
    {.bitmap_index = 744, .adv_w = 135, .box_w = 8, .box_h = 10, .ofs_x = 0, .ofs_y = 0},
    {.bitmap_index = 784, .adv_w = 135, .box_w = 3, .box_h = 8, .ofs_x = 3, .ofs_y = 0},
    {.bitmap_index = 796, .adv_w = 135, .box_w = 4, .box_h = 12, .ofs_x = 2, .ofs_y = -4},
    {.bitmap_index = 820, .adv_w = 135, .box_w = 8, .box_h = 8, .ofs_x = 0, .ofs_y = 0},
    {.bitmap_index = 852, .adv_w = 135, .box_w = 8, .box_h = 5, .ofs_x = 0, .ofs_y = 2},
    {.bitmap_index = 872, .adv_w = 135, .box_w = 8, .box_h = 8, .ofs_x = 0, .ofs_y = 0},
    {.bitmap_index = 904, .adv_w = 135, .box_w = 7, .box_h = 10, .ofs_x = 1, .ofs_y = 0},
    {.bitmap_index = 939, .adv_w = 135, .box_w = 9, .box_h = 12, .ofs_x = 0, .ofs_y = -2},
    {.bitmap_index = 993, .adv_w = 135, .box_w = 9, .box_h = 10, .ofs_x = 0, .ofs_y = 0},
    {.bitmap_index = 1038, .adv_w = 135, .box_w = 7, .box_h = 10, .ofs_x = 1, .ofs_y = 0},
    {.bitmap_index = 1073, .adv_w = 135, .box_w = 8, .box_h = 10, .ofs_x = 0, .ofs_y = 0},
    {.bitmap_index = 1113, .adv_w = 135, .box_w = 8, .box_h = 10, .ofs_x = 0, .ofs_y = 0},
    {.bitmap_index = 1153, .adv_w = 135, .box_w = 7, .box_h = 10, .ofs_x = 1, .ofs_y = 0},
    {.bitmap_index = 1188, .adv_w = 135, .box_w = 7, .box_h = 10, .ofs_x = 1, .ofs_y = 0},
    {.bitmap_index = 1223, .adv_w = 135, .box_w = 8, .box_h = 10, .ofs_x = 0, .ofs_y = 0},
    {.bitmap_index = 1263, .adv_w = 135, .box_w = 8, .box_h = 10, .ofs_x = 0, .ofs_y = 0},
    {.bitmap_index = 1303, .adv_w = 135, .box_w = 7, .box_h = 10, .ofs_x = 1, .ofs_y = 0},
    {.bitmap_index = 1338, .adv_w = 135, .box_w = 7, .box_h = 10, .ofs_x = 0, .ofs_y = 0},
    {.bitmap_index = 1373, .adv_w = 135, .box_w = 9, .box_h = 10, .ofs_x = 0, .ofs_y = 0},
    {.bitmap_index = 1418, .adv_w = 135, .box_w = 7, .box_h = 10, .ofs_x = 1, .ofs_y = 0},
    {.bitmap_index = 1453, .adv_w = 135, .box_w = 8, .box_h = 10, .ofs_x = 0, .ofs_y = 0},
    {.bitmap_index = 1493, .adv_w = 135, .box_w = 8, .box_h = 10, .ofs_x = 0, .ofs_y = 0},
    {.bitmap_index = 1533, .adv_w = 135, .box_w = 8, .box_h = 10, .ofs_x = 0, .ofs_y = 0},
    {.bitmap_index = 1573, .adv_w = 135, .box_w = 7, .box_h = 10, .ofs_x = 1, .ofs_y = 0},
    {.bitmap_index = 1608, .adv_w = 135, .box_w = 9, .box_h = 12, .ofs_x = 0, .ofs_y = -2},
    {.bitmap_index = 1662, .adv_w = 135, .box_w = 9, .box_h = 10, .ofs_x = 0, .ofs_y = 0},
    {.bitmap_index = 1707, .adv_w = 135, .box_w = 8, .box_h = 10, .ofs_x = 0, .ofs_y = 0},
    {.bitmap_index = 1747, .adv_w = 135, .box_w = 9, .box_h = 10, .ofs_x = 0, .ofs_y = 0},
    {.bitmap_index = 1792, .adv_w = 135, .box_w = 7, .box_h = 10, .ofs_x = 1, .ofs_y = 0},
    {.bitmap_index = 1827, .adv_w = 135, .box_w = 9, .box_h = 10, .ofs_x = 0, .ofs_y = 0},
    {.bitmap_index = 1872, .adv_w = 135, .box_w = 9, .box_h = 10, .ofs_x = 0, .ofs_y = 0},
    {.bitmap_index = 1917, .adv_w = 135, .box_w = 9, .box_h = 10, .ofs_x = 0, .ofs_y = 0},
    {.bitmap_index = 1962, .adv_w = 135, .box_w = 9, .box_h = 10, .ofs_x = 0, .ofs_y = 0},
    {.bitmap_index = 2007, .adv_w = 135, .box_w = 8, .box_h = 10, .ofs_x = 0, .ofs_y = 0},
    {.bitmap_index = 2047, .adv_w = 135, .box_w = 5, .box_h = 13, .ofs_x = 2, .ofs_y = -2},
    {.bitmap_index = 2080, .adv_w = 135, .box_w = 8, .box_h = 12, .ofs_x = 0, .ofs_y = -2},
    {.bitmap_index = 2128, .adv_w = 135, .box_w = 6, .box_h = 13, .ofs_x = 1, .ofs_y = -2},
    {.bitmap_index = 2167, .adv_w = 135, .box_w = 8, .box_h = 4, .ofs_x = 0, .ofs_y = 7},
    {.bitmap_index = 2183, .adv_w = 135, .box_w = 8, .box_h = 1, .ofs_x = 0, .ofs_y = -2},
    {.bitmap_index = 2187, .adv_w = 135, .box_w = 5, .box_h = 3, .ofs_x = 1, .ofs_y = 9},
    {.bitmap_index = 2195, .adv_w = 135, .box_w = 8, .box_h = 8, .ofs_x = 0, .ofs_y = 0},
    {.bitmap_index = 2227, .adv_w = 135, .box_w = 7, .box_h = 11, .ofs_x = 1, .ofs_y = 0},
    {.bitmap_index = 2266, .adv_w = 135, .box_w = 7, .box_h = 8, .ofs_x = 1, .ofs_y = 0},
    {.bitmap_index = 2294, .adv_w = 135, .box_w = 8, .box_h = 11, .ofs_x = 0, .ofs_y = 0},
    {.bitmap_index = 2338, .adv_w = 135, .box_w = 8, .box_h = 8, .ofs_x = 0, .ofs_y = 0},
    {.bitmap_index = 2370, .adv_w = 135, .box_w = 7, .box_h = 11, .ofs_x = 1, .ofs_y = 0},
    {.bitmap_index = 2409, .adv_w = 135, .box_w = 7, .box_h = 11, .ofs_x = 1, .ofs_y = -3},
    {.bitmap_index = 2448, .adv_w = 135, .box_w = 7, .box_h = 11, .ofs_x = 1, .ofs_y = 0},
    {.bitmap_index = 2487, .adv_w = 135, .box_w = 7, .box_h = 11, .ofs_x = 1, .ofs_y = 0},
    {.bitmap_index = 2526, .adv_w = 135, .box_w = 5, .box_h = 14, .ofs_x = 1, .ofs_y = -3},
    {.bitmap_index = 2561, .adv_w = 135, .box_w = 8, .box_h = 11, .ofs_x = 1, .ofs_y = 0},
    {.bitmap_index = 2605, .adv_w = 135, .box_w = 7, .box_h = 11, .ofs_x = 1, .ofs_y = 0},
    {.bitmap_index = 2644, .adv_w = 135, .box_w = 8, .box_h = 8, .ofs_x = 0, .ofs_y = 0},
    {.bitmap_index = 2676, .adv_w = 135, .box_w = 7, .box_h = 8, .ofs_x = 1, .ofs_y = 0},
    {.bitmap_index = 2704, .adv_w = 135, .box_w = 8, .box_h = 8, .ofs_x = 0, .ofs_y = 0},
    {.bitmap_index = 2736, .adv_w = 135, .box_w = 7, .box_h = 11, .ofs_x = 1, .ofs_y = -3},
    {.bitmap_index = 2775, .adv_w = 135, .box_w = 8, .box_h = 11, .ofs_x = 0, .ofs_y = -3},
    {.bitmap_index = 2819, .adv_w = 135, .box_w = 6, .box_h = 8, .ofs_x = 2, .ofs_y = 0},
    {.bitmap_index = 2843, .adv_w = 135, .box_w = 7, .box_h = 8, .ofs_x = 1, .ofs_y = 0},
    {.bitmap_index = 2871, .adv_w = 135, .box_w = 8, .box_h = 11, .ofs_x = 0, .ofs_y = 0},
    {.bitmap_index = 2915, .adv_w = 135, .box_w = 7, .box_h = 8, .ofs_x = 1, .ofs_y = 0},
    {.bitmap_index = 2943, .adv_w = 135, .box_w = 8, .box_h = 8, .ofs_x = 0, .ofs_y = 0},
    {.bitmap_index = 2975, .adv_w = 135, .box_w = 9, .box_h = 8, .ofs_x = 0, .ofs_y = 0},
    {.bitmap_index = 3011, .adv_w = 135, .box_w = 8, .box_h = 8, .ofs_x = 0, .ofs_y = 0},
    {.bitmap_index = 3043, .adv_w = 135, .box_w = 8, .box_h = 11, .ofs_x = 0, .ofs_y = -3},
    {.bitmap_index = 3087, .adv_w = 135, .box_w = 7, .box_h = 8, .ofs_x = 1, .ofs_y = 0},
    {.bitmap_index = 3115, .adv_w = 135, .box_w = 7, .box_h = 13, .ofs_x = 0, .ofs_y = -2},
    {.bitmap_index = 3161, .adv_w = 135, .box_w = 2, .box_h = 15, .ofs_x = 3, .ofs_y = -4},
    {.bitmap_index = 3176, .adv_w = 135, .box_w = 7, .box_h = 13, .ofs_x = 1, .ofs_y = -2},
    {.bitmap_index = 3222, .adv_w = 135, .box_w = 8, .box_h = 4, .ofs_x = 0, .ofs_y = 2},
    {.bitmap_index = 3238, .adv_w = 135, .box_w = 0, .box_h = 0, .ofs_x = 0, .ofs_y = 0},
    {.bitmap_index = 3238, .adv_w = 135, .box_w = 3, .box_h = 11, .ofs_x = 3, .ofs_y = -1},
    {.bitmap_index = 3255, .adv_w = 135, .box_w = 7, .box_h = 12, .ofs_x = 1, .ofs_y = -2},
    {.bitmap_index = 3297, .adv_w = 135, .box_w = 8, .box_h = 10, .ofs_x = 0, .ofs_y = 0},
    {.bitmap_index = 3337, .adv_w = 135, .box_w = 7, .box_h = 7, .ofs_x = 1, .ofs_y = 1},
    {.bitmap_index = 3362, .adv_w = 135, .box_w = 9, .box_h = 10, .ofs_x = 0, .ofs_y = 0},
    {.bitmap_index = 3407, .adv_w = 135, .box_w = 2, .box_h = 13, .ofs_x = 3, .ofs_y = -2},
    {.bitmap_index = 3420, .adv_w = 135, .box_w = 7, .box_h = 12, .ofs_x = 1, .ofs_y = -2},
    {.bitmap_index = 3462, .adv_w = 135, .box_w = 5, .box_h = 3, .ofs_x = 2, .ofs_y = 9},
    {.bitmap_index = 3470, .adv_w = 135, .box_w = 9, .box_h = 9, .ofs_x = 0, .ofs_y = 1},
    {.bitmap_index = 3511, .adv_w = 135, .box_w = 6, .box_h = 7, .ofs_x = 1, .ofs_y = 4},
    {.bitmap_index = 3532, .adv_w = 135, .box_w = 7, .box_h = 8, .ofs_x = 0, .ofs_y = 0},
    {.bitmap_index = 3560, .adv_w = 135, .box_w = 8, .box_h = 5, .ofs_x = 0, .ofs_y = 2},
    {.bitmap_index = 3580, .adv_w = 135, .box_w = 4, .box_h = 2, .ofs_x = 2, .ofs_y = 3},
    {.bitmap_index = 3584, .adv_w = 135, .box_w = 9, .box_h = 9, .ofs_x = 0, .ofs_y = 1},
    {.bitmap_index = 3625, .adv_w = 135, .box_w = 5, .box_h = 2, .ofs_x = 2, .ofs_y = 9},
    {.bitmap_index = 3630, .adv_w = 135, .box_w = 5, .box_h = 5, .ofs_x = 2, .ofs_y = 6},
    {.bitmap_index = 3643, .adv_w = 135, .box_w = 8, .box_h = 8, .ofs_x = 0, .ofs_y = 0},
    {.bitmap_index = 3675, .adv_w = 135, .box_w = 5, .box_h = 5, .ofs_x = 2, .ofs_y = 8},
    {.bitmap_index = 3688, .adv_w = 135, .box_w = 5, .box_h = 5, .ofs_x = 2, .ofs_y = 8},
    {.bitmap_index = 3701, .adv_w = 135, .box_w = 4, .box_h = 3, .ofs_x = 3, .ofs_y = 9},
    {.bitmap_index = 3707, .adv_w = 135, .box_w = 7, .box_h = 11, .ofs_x = 1, .ofs_y = -3},
    {.bitmap_index = 3746, .adv_w = 135, .box_w = 8, .box_h = 12, .ofs_x = 0, .ofs_y = -2},
    {.bitmap_index = 3794, .adv_w = 135, .box_w = 3, .box_h = 3, .ofs_x = 3, .ofs_y = 4},
    {.bitmap_index = 3799, .adv_w = 135, .box_w = 4, .box_h = 4, .ofs_x = 2, .ofs_y = -3},
    {.bitmap_index = 3807, .adv_w = 135, .box_w = 5, .box_h = 5, .ofs_x = 2, .ofs_y = 8},
    {.bitmap_index = 3820, .adv_w = 135, .box_w = 6, .box_h = 7, .ofs_x = 1, .ofs_y = 3},
    {.bitmap_index = 3841, .adv_w = 135, .box_w = 7, .box_h = 8, .ofs_x = 1, .ofs_y = 0},
    {.bitmap_index = 3869, .adv_w = 135, .box_w = 8, .box_h = 15, .ofs_x = 0, .ofs_y = -3},
    {.bitmap_index = 3929, .adv_w = 135, .box_w = 8, .box_h = 14, .ofs_x = 0, .ofs_y = -2},
    {.bitmap_index = 3985, .adv_w = 135, .box_w = 8, .box_h = 15, .ofs_x = 0, .ofs_y = -3},
    {.bitmap_index = 4045, .adv_w = 135, .box_w = 6, .box_h = 11, .ofs_x = 1, .ofs_y = 0},
    {.bitmap_index = 4078, .adv_w = 135, .box_w = 9, .box_h = 13, .ofs_x = 0, .ofs_y = 0},
    {.bitmap_index = 4137, .adv_w = 135, .box_w = 9, .box_h = 13, .ofs_x = 0, .ofs_y = 0},
    {.bitmap_index = 4196, .adv_w = 135, .box_w = 9, .box_h = 13, .ofs_x = 0, .ofs_y = 0},
    {.bitmap_index = 4255, .adv_w = 135, .box_w = 9, .box_h = 13, .ofs_x = 0, .ofs_y = 0},
    {.bitmap_index = 4314, .adv_w = 135, .box_w = 9, .box_h = 14, .ofs_x = 0, .ofs_y = 0},
    {.bitmap_index = 4377, .adv_w = 135, .box_w = 9, .box_h = 13, .ofs_x = 0, .ofs_y = 0},
    {.bitmap_index = 4436, .adv_w = 135, .box_w = 9, .box_h = 10, .ofs_x = 0, .ofs_y = 0},
    {.bitmap_index = 4481, .adv_w = 135, .box_w = 8, .box_h = 13, .ofs_x = 0, .ofs_y = -3},
    {.bitmap_index = 4533, .adv_w = 135, .box_w = 7, .box_h = 13, .ofs_x = 1, .ofs_y = 0},
    {.bitmap_index = 4579, .adv_w = 135, .box_w = 7, .box_h = 13, .ofs_x = 1, .ofs_y = 0},
    {.bitmap_index = 4625, .adv_w = 135, .box_w = 7, .box_h = 13, .ofs_x = 1, .ofs_y = 0},
    {.bitmap_index = 4671, .adv_w = 135, .box_w = 7, .box_h = 14, .ofs_x = 1, .ofs_y = 0},
    {.bitmap_index = 4720, .adv_w = 135, .box_w = 7, .box_h = 13, .ofs_x = 1, .ofs_y = 0},
    {.bitmap_index = 4766, .adv_w = 135, .box_w = 7, .box_h = 13, .ofs_x = 1, .ofs_y = 0},
    {.bitmap_index = 4812, .adv_w = 135, .box_w = 7, .box_h = 13, .ofs_x = 1, .ofs_y = 0},
    {.bitmap_index = 4858, .adv_w = 135, .box_w = 7, .box_h = 14, .ofs_x = 1, .ofs_y = 0},
    {.bitmap_index = 4907, .adv_w = 135, .box_w = 8, .box_h = 10, .ofs_x = 0, .ofs_y = 0},
    {.bitmap_index = 4947, .adv_w = 135, .box_w = 8, .box_h = 13, .ofs_x = 0, .ofs_y = 0},
    {.bitmap_index = 4999, .adv_w = 135, .box_w = 8, .box_h = 13, .ofs_x = 0, .ofs_y = 0},
    {.bitmap_index = 5051, .adv_w = 135, .box_w = 8, .box_h = 13, .ofs_x = 0, .ofs_y = 0},
    {.bitmap_index = 5103, .adv_w = 135, .box_w = 8, .box_h = 13, .ofs_x = 0, .ofs_y = 0},
    {.bitmap_index = 5155, .adv_w = 135, .box_w = 8, .box_h = 13, .ofs_x = 0, .ofs_y = 0},
    {.bitmap_index = 5207, .adv_w = 135, .box_w = 8, .box_h = 14, .ofs_x = 0, .ofs_y = 0},
    {.bitmap_index = 5263, .adv_w = 135, .box_w = 7, .box_h = 7, .ofs_x = 1, .ofs_y = 1},
    {.bitmap_index = 5288, .adv_w = 135, .box_w = 9, .box_h = 12, .ofs_x = 0, .ofs_y = -1},
    {.bitmap_index = 5342, .adv_w = 135, .box_w = 7, .box_h = 13, .ofs_x = 1, .ofs_y = 0},
    {.bitmap_index = 5388, .adv_w = 135, .box_w = 7, .box_h = 13, .ofs_x = 1, .ofs_y = 0},
    {.bitmap_index = 5434, .adv_w = 135, .box_w = 7, .box_h = 13, .ofs_x = 1, .ofs_y = 0},
    {.bitmap_index = 5480, .adv_w = 135, .box_w = 7, .box_h = 14, .ofs_x = 1, .ofs_y = 0},
    {.bitmap_index = 5529, .adv_w = 135, .box_w = 9, .box_h = 13, .ofs_x = 0, .ofs_y = 0},
    {.bitmap_index = 5588, .adv_w = 135, .box_w = 7, .box_h = 10, .ofs_x = 1, .ofs_y = 0},
    {.bitmap_index = 5623, .adv_w = 135, .box_w = 7, .box_h = 11, .ofs_x = 1, .ofs_y = 0},
    {.bitmap_index = 5662, .adv_w = 135, .box_w = 8, .box_h = 12, .ofs_x = 0, .ofs_y = 0},
    {.bitmap_index = 5710, .adv_w = 135, .box_w = 8, .box_h = 12, .ofs_x = 0, .ofs_y = 0},
    {.bitmap_index = 5758, .adv_w = 135, .box_w = 8, .box_h = 12, .ofs_x = 0, .ofs_y = 0},
    {.bitmap_index = 5806, .adv_w = 135, .box_w = 8, .box_h = 12, .ofs_x = 0, .ofs_y = 0},
    {.bitmap_index = 5854, .adv_w = 135, .box_w = 8, .box_h = 11, .ofs_x = 0, .ofs_y = 0},
    {.bitmap_index = 5898, .adv_w = 135, .box_w = 8, .box_h = 13, .ofs_x = 0, .ofs_y = 0},
    {.bitmap_index = 5950, .adv_w = 135, .box_w = 9, .box_h = 8, .ofs_x = 0, .ofs_y = 0},
    {.bitmap_index = 5986, .adv_w = 135, .box_w = 7, .box_h = 11, .ofs_x = 1, .ofs_y = -3},
    {.bitmap_index = 6025, .adv_w = 135, .box_w = 8, .box_h = 12, .ofs_x = 0, .ofs_y = 0},
    {.bitmap_index = 6073, .adv_w = 135, .box_w = 8, .box_h = 12, .ofs_x = 0, .ofs_y = 0},
    {.bitmap_index = 6121, .adv_w = 135, .box_w = 8, .box_h = 12, .ofs_x = 0, .ofs_y = 0},
    {.bitmap_index = 6169, .adv_w = 135, .box_w = 8, .box_h = 11, .ofs_x = 0, .ofs_y = 0},
    {.bitmap_index = 6213, .adv_w = 135, .box_w = 7, .box_h = 12, .ofs_x = 1, .ofs_y = 0},
    {.bitmap_index = 6255, .adv_w = 135, .box_w = 7, .box_h = 12, .ofs_x = 1, .ofs_y = 0},
    {.bitmap_index = 6297, .adv_w = 135, .box_w = 7, .box_h = 12, .ofs_x = 1, .ofs_y = 0},
    {.bitmap_index = 6339, .adv_w = 135, .box_w = 7, .box_h = 11, .ofs_x = 1, .ofs_y = 0},
    {.bitmap_index = 6378, .adv_w = 135, .box_w = 8, .box_h = 11, .ofs_x = 0, .ofs_y = 0},
    {.bitmap_index = 6422, .adv_w = 135, .box_w = 7, .box_h = 11, .ofs_x = 1, .ofs_y = 0},
    {.bitmap_index = 6461, .adv_w = 135, .box_w = 8, .box_h = 12, .ofs_x = 0, .ofs_y = 0},
    {.bitmap_index = 6509, .adv_w = 135, .box_w = 8, .box_h = 12, .ofs_x = 0, .ofs_y = 0},
    {.bitmap_index = 6557, .adv_w = 135, .box_w = 8, .box_h = 12, .ofs_x = 0, .ofs_y = 0},
    {.bitmap_index = 6605, .adv_w = 135, .box_w = 8, .box_h = 11, .ofs_x = 0, .ofs_y = 0},
    {.bitmap_index = 6649, .adv_w = 135, .box_w = 8, .box_h = 11, .ofs_x = 0, .ofs_y = 0},
    {.bitmap_index = 6693, .adv_w = 135, .box_w = 8, .box_h = 7, .ofs_x = 0, .ofs_y = 1},
    {.bitmap_index = 6721, .adv_w = 135, .box_w = 9, .box_h = 10, .ofs_x = 0, .ofs_y = -1},
    {.bitmap_index = 6766, .adv_w = 135, .box_w = 7, .box_h = 12, .ofs_x = 1, .ofs_y = 0},
    {.bitmap_index = 6808, .adv_w = 135, .box_w = 7, .box_h = 12, .ofs_x = 1, .ofs_y = 0},
    {.bitmap_index = 6850, .adv_w = 135, .box_w = 7, .box_h = 12, .ofs_x = 1, .ofs_y = 0},
    {.bitmap_index = 6892, .adv_w = 135, .box_w = 7, .box_h = 11, .ofs_x = 1, .ofs_y = 0},
    {.bitmap_index = 6931, .adv_w = 135, .box_w = 8, .box_h = 15, .ofs_x = 0, .ofs_y = -3},
    {.bitmap_index = 6991, .adv_w = 135, .box_w = 7, .box_h = 14, .ofs_x = 1, .ofs_y = -3},
    {.bitmap_index = 7040, .adv_w = 135, .box_w = 8, .box_h = 13, .ofs_x = 0, .ofs_y = -3},
    {.bitmap_index = 7092, .adv_w = 135, .box_w = 9, .box_h = 13, .ofs_x = 0, .ofs_y = 0},
    {.bitmap_index = 7151, .adv_w = 135, .box_w = 8, .box_h = 10, .ofs_x = 0, .ofs_y = 0},
    {.bitmap_index = 7191, .adv_w = 135, .box_w = 9, .box_h = 13, .ofs_x = 0, .ofs_y = 0},
    {.bitmap_index = 7250, .adv_w = 135, .box_w = 8, .box_h = 11, .ofs_x = 0, .ofs_y = 0},
    {.bitmap_index = 7294, .adv_w = 135, .box_w = 9, .box_h = 13, .ofs_x = 0, .ofs_y = -3},
    {.bitmap_index = 7353, .adv_w = 135, .box_w = 9, .box_h = 11, .ofs_x = 0, .ofs_y = -3},
    {.bitmap_index = 7403, .adv_w = 135, .box_w = 8, .box_h = 13, .ofs_x = 0, .ofs_y = 0},
    {.bitmap_index = 7455, .adv_w = 135, .box_w = 7, .box_h = 12, .ofs_x = 1, .ofs_y = 0},
    {.bitmap_index = 7497, .adv_w = 135, .box_w = 8, .box_h = 13, .ofs_x = 0, .ofs_y = 0},
    {.bitmap_index = 7549, .adv_w = 135, .box_w = 7, .box_h = 12, .ofs_x = 1, .ofs_y = 0},
    {.bitmap_index = 7591, .adv_w = 135, .box_w = 8, .box_h = 14, .ofs_x = 0, .ofs_y = 0},
    {.bitmap_index = 7647, .adv_w = 135, .box_w = 7, .box_h = 11, .ofs_x = 1, .ofs_y = 0},
    {.bitmap_index = 7686, .adv_w = 135, .box_w = 8, .box_h = 13, .ofs_x = 0, .ofs_y = 0},
    {.bitmap_index = 7738, .adv_w = 135, .box_w = 7, .box_h = 12, .ofs_x = 1, .ofs_y = 0},
    {.bitmap_index = 7780, .adv_w = 135, .box_w = 8, .box_h = 13, .ofs_x = 0, .ofs_y = 0},
    {.bitmap_index = 7832, .adv_w = 135, .box_w = 9, .box_h = 11, .ofs_x = 0, .ofs_y = 0},
    {.bitmap_index = 7882, .adv_w = 135, .box_w = 8, .box_h = 10, .ofs_x = 0, .ofs_y = 0},
    {.bitmap_index = 7922, .adv_w = 135, .box_w = 9, .box_h = 11, .ofs_x = 0, .ofs_y = 0},
    {.bitmap_index = 7972, .adv_w = 135, .box_w = 7, .box_h = 13, .ofs_x = 1, .ofs_y = 0},
    {.bitmap_index = 8018, .adv_w = 135, .box_w = 8, .box_h = 10, .ofs_x = 0, .ofs_y = 0},
    {.bitmap_index = 8058, .adv_w = 135, .box_w = 7, .box_h = 13, .ofs_x = 1, .ofs_y = 0},
    {.bitmap_index = 8104, .adv_w = 135, .box_w = 8, .box_h = 11, .ofs_x = 0, .ofs_y = 0},
    {.bitmap_index = 8148, .adv_w = 135, .box_w = 7, .box_h = 14, .ofs_x = 1, .ofs_y = 0},
    {.bitmap_index = 8197, .adv_w = 135, .box_w = 8, .box_h = 11, .ofs_x = 0, .ofs_y = 0},
    {.bitmap_index = 8241, .adv_w = 135, .box_w = 7, .box_h = 13, .ofs_x = 1, .ofs_y = -3},
    {.bitmap_index = 8287, .adv_w = 135, .box_w = 8, .box_h = 11, .ofs_x = 0, .ofs_y = -3},
    {.bitmap_index = 8331, .adv_w = 135, .box_w = 7, .box_h = 13, .ofs_x = 1, .ofs_y = 0},
    {.bitmap_index = 8377, .adv_w = 135, .box_w = 8, .box_h = 12, .ofs_x = 0, .ofs_y = 0},
    {.bitmap_index = 8425, .adv_w = 135, .box_w = 8, .box_h = 13, .ofs_x = 0, .ofs_y = 0},
    {.bitmap_index = 8477, .adv_w = 135, .box_w = 7, .box_h = 15, .ofs_x = 1, .ofs_y = -3},
    {.bitmap_index = 8530, .adv_w = 135, .box_w = 8, .box_h = 13, .ofs_x = 0, .ofs_y = 0},
    {.bitmap_index = 8582, .adv_w = 135, .box_w = 7, .box_h = 14, .ofs_x = 1, .ofs_y = -3},
    {.bitmap_index = 8631, .adv_w = 135, .box_w = 8, .box_h = 14, .ofs_x = 0, .ofs_y = 0},
    {.bitmap_index = 8687, .adv_w = 135, .box_w = 7, .box_h = 14, .ofs_x = 1, .ofs_y = -3},
    {.bitmap_index = 8736, .adv_w = 135, .box_w = 8, .box_h = 14, .ofs_x = 0, .ofs_y = -4},
    {.bitmap_index = 8792, .adv_w = 135, .box_w = 7, .box_h = 15, .ofs_x = 1, .ofs_y = -3},
    {.bitmap_index = 8845, .adv_w = 135, .box_w = 8, .box_h = 13, .ofs_x = 0, .ofs_y = 0},
    {.bitmap_index = 8897, .adv_w = 135, .box_w = 7, .box_h = 13, .ofs_x = 1, .ofs_y = 0},
    {.bitmap_index = 8943, .adv_w = 135, .box_w = 9, .box_h = 10, .ofs_x = 0, .ofs_y = 0},
    {.bitmap_index = 8988, .adv_w = 135, .box_w = 8, .box_h = 11, .ofs_x = 0, .ofs_y = 0},
    {.bitmap_index = 9032, .adv_w = 135, .box_w = 7, .box_h = 13, .ofs_x = 1, .ofs_y = 0},
    {.bitmap_index = 9078, .adv_w = 135, .box_w = 7, .box_h = 11, .ofs_x = 1, .ofs_y = 0},
    {.bitmap_index = 9117, .adv_w = 135, .box_w = 7, .box_h = 13, .ofs_x = 1, .ofs_y = 0},
    {.bitmap_index = 9163, .adv_w = 135, .box_w = 7, .box_h = 10, .ofs_x = 1, .ofs_y = 0},
    {.bitmap_index = 9198, .adv_w = 135, .box_w = 7, .box_h = 13, .ofs_x = 1, .ofs_y = 0},
    {.bitmap_index = 9244, .adv_w = 135, .box_w = 7, .box_h = 11, .ofs_x = 1, .ofs_y = 0},
    {.bitmap_index = 9283, .adv_w = 135, .box_w = 7, .box_h = 13, .ofs_x = 1, .ofs_y = -3},
    {.bitmap_index = 9329, .adv_w = 135, .box_w = 7, .box_h = 14, .ofs_x = 1, .ofs_y = -3},
    {.bitmap_index = 9378, .adv_w = 135, .box_w = 7, .box_h = 14, .ofs_x = 1, .ofs_y = 0},
    {.bitmap_index = 9427, .adv_w = 135, .box_w = 7, .box_h = 8, .ofs_x = 1, .ofs_y = 0},
    {.bitmap_index = 9455, .adv_w = 135, .box_w = 8, .box_h = 10, .ofs_x = 0, .ofs_y = 0},
    {.bitmap_index = 9495, .adv_w = 135, .box_w = 7, .box_h = 14, .ofs_x = 1, .ofs_y = -3},
    {.bitmap_index = 9544, .adv_w = 135, .box_w = 8, .box_h = 13, .ofs_x = 0, .ofs_y = 0},
    {.bitmap_index = 9596, .adv_w = 135, .box_w = 7, .box_h = 15, .ofs_x = 1, .ofs_y = -3},
    {.bitmap_index = 9649, .adv_w = 135, .box_w = 9, .box_h = 14, .ofs_x = 0, .ofs_y = -4},
    {.bitmap_index = 9712, .adv_w = 135, .box_w = 8, .box_h = 15, .ofs_x = 1, .ofs_y = -4},
    {.bitmap_index = 9772, .adv_w = 135, .box_w = 7, .box_h = 8, .ofs_x = 1, .ofs_y = 0},
    {.bitmap_index = 9800, .adv_w = 135, .box_w = 7, .box_h = 13, .ofs_x = 1, .ofs_y = 0},
    {.bitmap_index = 9846, .adv_w = 135, .box_w = 7, .box_h = 13, .ofs_x = 1, .ofs_y = 0},
    {.bitmap_index = 9892, .adv_w = 135, .box_w = 7, .box_h = 14, .ofs_x = 1, .ofs_y = -4},
    {.bitmap_index = 9941, .adv_w = 135, .box_w = 7, .box_h = 15, .ofs_x = 1, .ofs_y = -4},
    {.bitmap_index = 9994, .adv_w = 135, .box_w = 7, .box_h = 10, .ofs_x = 1, .ofs_y = 0},
    {.bitmap_index = 10029, .adv_w = 135, .box_w = 7, .box_h = 11, .ofs_x = 1, .ofs_y = 0},
    {.bitmap_index = 10068, .adv_w = 135, .box_w = 7, .box_h = 10, .ofs_x = 1, .ofs_y = 0},
    {.bitmap_index = 10103, .adv_w = 135, .box_w = 7, .box_h = 11, .ofs_x = 1, .ofs_y = 0},
    {.bitmap_index = 10142, .adv_w = 135, .box_w = 9, .box_h = 10, .ofs_x = -1, .ofs_y = 0},
    {.bitmap_index = 10187, .adv_w = 135, .box_w = 8, .box_h = 11, .ofs_x = 0, .ofs_y = 0},
    {.bitmap_index = 10231, .adv_w = 135, .box_w = 8, .box_h = 13, .ofs_x = 0, .ofs_y = 0},
    {.bitmap_index = 10283, .adv_w = 135, .box_w = 7, .box_h = 12, .ofs_x = 1, .ofs_y = 0},
    {.bitmap_index = 10325, .adv_w = 135, .box_w = 8, .box_h = 14, .ofs_x = 0, .ofs_y = -4},
    {.bitmap_index = 10381, .adv_w = 135, .box_w = 7, .box_h = 12, .ofs_x = 1, .ofs_y = -4},
    {.bitmap_index = 10423, .adv_w = 135, .box_w = 8, .box_h = 13, .ofs_x = 0, .ofs_y = 0},
    {.bitmap_index = 10475, .adv_w = 135, .box_w = 7, .box_h = 12, .ofs_x = 1, .ofs_y = 0},
    {.bitmap_index = 10517, .adv_w = 135, .box_w = 9, .box_h = 11, .ofs_x = 0, .ofs_y = 0},
    {.bitmap_index = 10567, .adv_w = 135, .box_w = 7, .box_h = 13, .ofs_x = 1, .ofs_y = -3},
    {.bitmap_index = 10613, .adv_w = 135, .box_w = 7, .box_h = 11, .ofs_x = 1, .ofs_y = -3},
    {.bitmap_index = 10652, .adv_w = 135, .box_w = 8, .box_h = 13, .ofs_x = 0, .ofs_y = 0},
    {.bitmap_index = 10704, .adv_w = 135, .box_w = 8, .box_h = 10, .ofs_x = 0, .ofs_y = 0},
    {.bitmap_index = 10744, .adv_w = 135, .box_w = 8, .box_h = 13, .ofs_x = 0, .ofs_y = 0},
    {.bitmap_index = 10796, .adv_w = 135, .box_w = 8, .box_h = 11, .ofs_x = 0, .ofs_y = 0},
    {.bitmap_index = 10840, .adv_w = 135, .box_w = 8, .box_h = 13, .ofs_x = 0, .ofs_y = 0},
    {.bitmap_index = 10892, .adv_w = 135, .box_w = 8, .box_h = 12, .ofs_x = 0, .ofs_y = 0},
    {.bitmap_index = 10940, .adv_w = 135, .box_w = 9, .box_h = 10, .ofs_x = 0, .ofs_y = 0},
    {.bitmap_index = 10985, .adv_w = 135, .box_w = 9, .box_h = 8, .ofs_x = 0, .ofs_y = 0},
    {.bitmap_index = 11021, .adv_w = 135, .box_w = 9, .box_h = 13, .ofs_x = 0, .ofs_y = 0},
    {.bitmap_index = 11080, .adv_w = 135, .box_w = 6, .box_h = 12, .ofs_x = 2, .ofs_y = 0},
    {.bitmap_index = 11116, .adv_w = 135, .box_w = 9, .box_h = 14, .ofs_x = 0, .ofs_y = -4},
    {.bitmap_index = 11179, .adv_w = 135, .box_w = 7, .box_h = 12, .ofs_x = 1, .ofs_y = -4},
    {.bitmap_index = 11221, .adv_w = 135, .box_w = 9, .box_h = 13, .ofs_x = 0, .ofs_y = 0},
    {.bitmap_index = 11280, .adv_w = 135, .box_w = 6, .box_h = 12, .ofs_x = 2, .ofs_y = 0},
    {.bitmap_index = 11316, .adv_w = 135, .box_w = 8, .box_h = 13, .ofs_x = 0, .ofs_y = 0},
    {.bitmap_index = 11368, .adv_w = 135, .box_w = 7, .box_h = 12, .ofs_x = 1, .ofs_y = 0},
    {.bitmap_index = 11410, .adv_w = 135, .box_w = 8, .box_h = 13, .ofs_x = 0, .ofs_y = 0},
    {.bitmap_index = 11462, .adv_w = 135, .box_w = 7, .box_h = 12, .ofs_x = 1, .ofs_y = 0},
    {.bitmap_index = 11504, .adv_w = 135, .box_w = 8, .box_h = 13, .ofs_x = 0, .ofs_y = -3},
    {.bitmap_index = 11556, .adv_w = 135, .box_w = 7, .box_h = 11, .ofs_x = 1, .ofs_y = -3},
    {.bitmap_index = 11595, .adv_w = 135, .box_w = 8, .box_h = 13, .ofs_x = 0, .ofs_y = 0},
    {.bitmap_index = 11647, .adv_w = 135, .box_w = 7, .box_h = 12, .ofs_x = 1, .ofs_y = 0},
    {.bitmap_index = 11689, .adv_w = 135, .box_w = 9, .box_h = 13, .ofs_x = 0, .ofs_y = -3},
    {.bitmap_index = 11748, .adv_w = 135, .box_w = 8, .box_h = 14, .ofs_x = 0, .ofs_y = -3},
    {.bitmap_index = 11804, .adv_w = 135, .box_w = 9, .box_h = 13, .ofs_x = 0, .ofs_y = 0},
    {.bitmap_index = 11863, .adv_w = 135, .box_w = 8, .box_h = 12, .ofs_x = 0, .ofs_y = 0},
    {.bitmap_index = 11911, .adv_w = 135, .box_w = 9, .box_h = 10, .ofs_x = 0, .ofs_y = 0},
    {.bitmap_index = 11956, .adv_w = 135, .box_w = 8, .box_h = 11, .ofs_x = 0, .ofs_y = 0},
    {.bitmap_index = 12000, .adv_w = 135, .box_w = 7, .box_h = 13, .ofs_x = 1, .ofs_y = 0},
    {.bitmap_index = 12046, .adv_w = 135, .box_w = 7, .box_h = 10, .ofs_x = 1, .ofs_y = 0},
    {.bitmap_index = 12081, .adv_w = 135, .box_w = 7, .box_h = 13, .ofs_x = 1, .ofs_y = 0},
    {.bitmap_index = 12127, .adv_w = 135, .box_w = 7, .box_h = 10, .ofs_x = 1, .ofs_y = 0},
    {.bitmap_index = 12162, .adv_w = 135, .box_w = 7, .box_h = 13, .ofs_x = 1, .ofs_y = 0},
    {.bitmap_index = 12208, .adv_w = 135, .box_w = 7, .box_h = 11, .ofs_x = 1, .ofs_y = 0},
    {.bitmap_index = 12247, .adv_w = 135, .box_w = 7, .box_h = 14, .ofs_x = 1, .ofs_y = 0},
    {.bitmap_index = 12296, .adv_w = 135, .box_w = 7, .box_h = 12, .ofs_x = 1, .ofs_y = 0},
    {.bitmap_index = 12338, .adv_w = 135, .box_w = 7, .box_h = 13, .ofs_x = 1, .ofs_y = 0},
    {.bitmap_index = 12384, .adv_w = 135, .box_w = 7, .box_h = 12, .ofs_x = 1, .ofs_y = 0},
    {.bitmap_index = 12426, .adv_w = 135, .box_w = 7, .box_h = 13, .ofs_x = 1, .ofs_y = -3},
    {.bitmap_index = 12472, .adv_w = 135, .box_w = 8, .box_h = 11, .ofs_x = 1, .ofs_y = -3},
    {.bitmap_index = 12516, .adv_w = 135, .box_w = 9, .box_h = 13, .ofs_x = 0, .ofs_y = 0},
    {.bitmap_index = 12575, .adv_w = 135, .box_w = 9, .box_h = 12, .ofs_x = 0, .ofs_y = 0},
    {.bitmap_index = 12629, .adv_w = 135, .box_w = 9, .box_h = 13, .ofs_x = 0, .ofs_y = 0},
    {.bitmap_index = 12688, .adv_w = 135, .box_w = 8, .box_h = 15, .ofs_x = 0, .ofs_y = -3},
    {.bitmap_index = 12748, .adv_w = 135, .box_w = 9, .box_h = 14, .ofs_x = 0, .ofs_y = 0},
    {.bitmap_index = 12811, .adv_w = 135, .box_w = 8, .box_h = 13, .ofs_x = 0, .ofs_y = 0},
    {.bitmap_index = 12863, .adv_w = 135, .box_w = 7, .box_h = 12, .ofs_x = 1, .ofs_y = 0},
    {.bitmap_index = 12905, .adv_w = 135, .box_w = 8, .box_h = 14, .ofs_x = 0, .ofs_y = 0},
    {.bitmap_index = 12961, .adv_w = 135, .box_w = 7, .box_h = 10, .ofs_x = 1, .ofs_y = 0},
    {.bitmap_index = 12996, .adv_w = 135, .box_w = 8, .box_h = 13, .ofs_x = 0, .ofs_y = 0},
    {.bitmap_index = 13048, .adv_w = 135, .box_w = 7, .box_h = 12, .ofs_x = 1, .ofs_y = 0},
    {.bitmap_index = 13090, .adv_w = 135, .box_w = 7, .box_h = 13, .ofs_x = 1, .ofs_y = -2},
    {.bitmap_index = 13136, .adv_w = 135, .box_w = 9, .box_h = 14, .ofs_x = 0, .ofs_y = -3},
    {.bitmap_index = 13199, .adv_w = 135, .box_w = 9, .box_h = 11, .ofs_x = 0, .ofs_y = 0},
    {.bitmap_index = 13249, .adv_w = 135, .box_w = 9, .box_h = 8, .ofs_x = 0, .ofs_y = 0},
    {.bitmap_index = 13285, .adv_w = 135, .box_w = 9, .box_h = 10, .ofs_x = 0, .ofs_y = 0},
    {.bitmap_index = 13330, .adv_w = 135, .box_w = 9, .box_h = 11, .ofs_x = 0, .ofs_y = 0},
    {.bitmap_index = 13380, .adv_w = 135, .box_w = 9, .box_h = 8, .ofs_x = 0, .ofs_y = 0},
    {.bitmap_index = 13416, .adv_w = 135, .box_w = 8, .box_h = 13, .ofs_x = 0, .ofs_y = 0},
    {.bitmap_index = 13468, .adv_w = 135, .box_w = 7, .box_h = 15, .ofs_x = 1, .ofs_y = -3},
    {.bitmap_index = 13521, .adv_w = 135, .box_w = 9, .box_h = 14, .ofs_x = 0, .ofs_y = -1},
    {.bitmap_index = 13584, .adv_w = 135, .box_w = 9, .box_h = 13, .ofs_x = 0, .ofs_y = -1},
    {.bitmap_index = 13643, .adv_w = 135, .box_w = 8, .box_h = 14, .ofs_x = 0, .ofs_y = -4},
    {.bitmap_index = 13699, .adv_w = 135, .box_w = 7, .box_h = 12, .ofs_x = 1, .ofs_y = -4},
    {.bitmap_index = 13741, .adv_w = 135, .box_w = 9, .box_h = 13, .ofs_x = 0, .ofs_y = -3},
    {.bitmap_index = 13800, .adv_w = 135, .box_w = 8, .box_h = 14, .ofs_x = 0, .ofs_y = -3},
    {.bitmap_index = 13856, .adv_w = 135, .box_w = 5, .box_h = 3, .ofs_x = 2, .ofs_y = 9},
    {.bitmap_index = 13864, .adv_w = 135, .box_w = 5, .box_h = 3, .ofs_x = 2, .ofs_y = 9},
    {.bitmap_index = 13872, .adv_w = 135, .box_w = 5, .box_h = 3, .ofs_x = 2, .ofs_y = 9},
    {.bitmap_index = 13880, .adv_w = 135, .box_w = 2, .box_h = 3, .ofs_x = 3, .ofs_y = 9},
    {.bitmap_index = 13883, .adv_w = 135, .box_w = 5, .box_h = 4, .ofs_x = 2, .ofs_y = 9},
    {.bitmap_index = 13893, .adv_w = 135, .box_w = 4, .box_h = 4, .ofs_x = 2, .ofs_y = -3},
    {.bitmap_index = 13901, .adv_w = 135, .box_w = 6, .box_h = 2, .ofs_x = 1, .ofs_y = 9},
    {.bitmap_index = 13907, .adv_w = 135, .box_w = 6, .box_h = 3, .ofs_x = 2, .ofs_y = 9},
    {.bitmap_index = 13916, .adv_w = 0, .box_w = 4, .box_h = 3, .ofs_x = -7, .ofs_y = 9},
    {.bitmap_index = 13922, .adv_w = 0, .box_w = 5, .box_h = 3, .ofs_x = -6, .ofs_y = 9},
    {.bitmap_index = 13930, .adv_w = 0, .box_w = 6, .box_h = 2, .ofs_x = -7, .ofs_y = 9},
    {.bitmap_index = 13936, .adv_w = 0, .box_w = 4, .box_h = 4, .ofs_x = -6, .ofs_y = 8},
    {.bitmap_index = 13944, .adv_w = 0, .box_w = 2, .box_h = 3, .ofs_x = -5, .ofs_y = -4},
    {.bitmap_index = 13947, .adv_w = 135, .box_w = 4, .box_h = 3, .ofs_x = 3, .ofs_y = 9},
    {.bitmap_index = 13953, .adv_w = 135, .box_w = 6, .box_h = 5, .ofs_x = 1, .ofs_y = 9},
    {.bitmap_index = 13968, .adv_w = 135, .box_w = 10, .box_h = 10, .ofs_x = -1, .ofs_y = 0},
    {.bitmap_index = 14018, .adv_w = 135, .box_w = 11, .box_h = 10, .ofs_x = -2, .ofs_y = 0},
    {.bitmap_index = 14073, .adv_w = 135, .box_w = 12, .box_h = 10, .ofs_x = -3, .ofs_y = 0},
    {.bitmap_index = 14133, .adv_w = 135, .box_w = 10, .box_h = 10, .ofs_x = -2, .ofs_y = 0},
    {.bitmap_index = 14183, .adv_w = 135, .box_w = 11, .box_h = 11, .ofs_x = -2, .ofs_y = 0},
    {.bitmap_index = 14244, .adv_w = 135, .box_w = 13, .box_h = 10, .ofs_x = -4, .ofs_y = 0},
    {.bitmap_index = 14309, .adv_w = 135, .box_w = 11, .box_h = 10, .ofs_x = -2, .ofs_y = 0},
    {.bitmap_index = 14364, .adv_w = 135, .box_w = 6, .box_h = 14, .ofs_x = 1, .ofs_y = 0},
    {.bitmap_index = 14406, .adv_w = 135, .box_w = 9, .box_h = 10, .ofs_x = 0, .ofs_y = 0},
    {.bitmap_index = 14451, .adv_w = 135, .box_w = 7, .box_h = 10, .ofs_x = 1, .ofs_y = 0},
    {.bitmap_index = 14486, .adv_w = 135, .box_w = 7, .box_h = 10, .ofs_x = 1, .ofs_y = 0},
    {.bitmap_index = 14521, .adv_w = 135, .box_w = 9, .box_h = 10, .ofs_x = 0, .ofs_y = 0},
    {.bitmap_index = 14566, .adv_w = 135, .box_w = 7, .box_h = 10, .ofs_x = 1, .ofs_y = 0},
    {.bitmap_index = 14601, .adv_w = 135, .box_w = 8, .box_h = 10, .ofs_x = 0, .ofs_y = 0},
    {.bitmap_index = 14641, .adv_w = 135, .box_w = 8, .box_h = 10, .ofs_x = 0, .ofs_y = 0},
    {.bitmap_index = 14681, .adv_w = 135, .box_w = 9, .box_h = 11, .ofs_x = 0, .ofs_y = 0},
    {.bitmap_index = 14731, .adv_w = 135, .box_w = 7, .box_h = 10, .ofs_x = 1, .ofs_y = 0},
    {.bitmap_index = 14766, .adv_w = 135, .box_w = 9, .box_h = 10, .ofs_x = 0, .ofs_y = 0},
    {.bitmap_index = 14811, .adv_w = 135, .box_w = 9, .box_h = 10, .ofs_x = 0, .ofs_y = 0},
    {.bitmap_index = 14856, .adv_w = 135, .box_w = 8, .box_h = 10, .ofs_x = 0, .ofs_y = 0},
    {.bitmap_index = 14896, .adv_w = 135, .box_w = 8, .box_h = 10, .ofs_x = 0, .ofs_y = 0},
    {.bitmap_index = 14936, .adv_w = 135, .box_w = 8, .box_h = 10, .ofs_x = 0, .ofs_y = 0},
    {.bitmap_index = 14976, .adv_w = 135, .box_w = 8, .box_h = 11, .ofs_x = 0, .ofs_y = 0},
    {.bitmap_index = 15020, .adv_w = 135, .box_w = 8, .box_h = 10, .ofs_x = 0, .ofs_y = 0},
    {.bitmap_index = 15060, .adv_w = 135, .box_w = 7, .box_h = 10, .ofs_x = 1, .ofs_y = 0},
    {.bitmap_index = 15095, .adv_w = 135, .box_w = 8, .box_h = 10, .ofs_x = 0, .ofs_y = 0},
    {.bitmap_index = 15135, .adv_w = 135, .box_w = 9, .box_h = 10, .ofs_x = 0, .ofs_y = 0},
    {.bitmap_index = 15180, .adv_w = 135, .box_w = 9, .box_h = 10, .ofs_x = 0, .ofs_y = 0},
    {.bitmap_index = 15225, .adv_w = 135, .box_w = 8, .box_h = 10, .ofs_x = 0, .ofs_y = 0},
    {.bitmap_index = 15265, .adv_w = 135, .box_w = 9, .box_h = 10, .ofs_x = 0, .ofs_y = 0},
    {.bitmap_index = 15310, .adv_w = 135, .box_w = 8, .box_h = 10, .ofs_x = 0, .ofs_y = 0},
    {.bitmap_index = 15350, .adv_w = 135, .box_w = 8, .box_h = 10, .ofs_x = 0, .ofs_y = 0},
    {.bitmap_index = 15390, .adv_w = 135, .box_w = 7, .box_h = 14, .ofs_x = 1, .ofs_y = 0},
    {.bitmap_index = 15439, .adv_w = 135, .box_w = 9, .box_h = 14, .ofs_x = 0, .ofs_y = 0},
    {.bitmap_index = 15502, .adv_w = 135, .box_w = 9, .box_h = 12, .ofs_x = 0, .ofs_y = 0},
    {.bitmap_index = 15556, .adv_w = 135, .box_w = 7, .box_h = 12, .ofs_x = 1, .ofs_y = 0},
    {.bitmap_index = 15598, .adv_w = 135, .box_w = 7, .box_h = 15, .ofs_x = 1, .ofs_y = -3},
    {.bitmap_index = 15651, .adv_w = 135, .box_w = 5, .box_h = 12, .ofs_x = 2, .ofs_y = 0},
    {.bitmap_index = 15681, .adv_w = 135, .box_w = 8, .box_h = 14, .ofs_x = 0, .ofs_y = 0},
    {.bitmap_index = 15737, .adv_w = 135, .box_w = 9, .box_h = 8, .ofs_x = 0, .ofs_y = 0},
    {.bitmap_index = 15773, .adv_w = 135, .box_w = 7, .box_h = 14, .ofs_x = 1, .ofs_y = -3},
    {.bitmap_index = 15822, .adv_w = 135, .box_w = 8, .box_h = 11, .ofs_x = 0, .ofs_y = -3},
    {.bitmap_index = 15866, .adv_w = 135, .box_w = 8, .box_h = 11, .ofs_x = 0, .ofs_y = 0},
    {.bitmap_index = 15910, .adv_w = 135, .box_w = 7, .box_h = 8, .ofs_x = 1, .ofs_y = 0},
    {.bitmap_index = 15938, .adv_w = 135, .box_w = 7, .box_h = 14, .ofs_x = 1, .ofs_y = -3},
    {.bitmap_index = 15987, .adv_w = 135, .box_w = 7, .box_h = 11, .ofs_x = 1, .ofs_y = -3},
    {.bitmap_index = 16026, .adv_w = 135, .box_w = 8, .box_h = 10, .ofs_x = 0, .ofs_y = 0},
    {.bitmap_index = 16066, .adv_w = 135, .box_w = 5, .box_h = 8, .ofs_x = 2, .ofs_y = 0},
    {.bitmap_index = 16086, .adv_w = 135, .box_w = 7, .box_h = 8, .ofs_x = 1, .ofs_y = 0},
    {.bitmap_index = 16114, .adv_w = 135, .box_w = 8, .box_h = 11, .ofs_x = 0, .ofs_y = 0},
    {.bitmap_index = 16158, .adv_w = 135, .box_w = 8, .box_h = 11, .ofs_x = 1, .ofs_y = -3},
    {.bitmap_index = 16202, .adv_w = 135, .box_w = 8, .box_h = 8, .ofs_x = 0, .ofs_y = 0},
    {.bitmap_index = 16234, .adv_w = 135, .box_w = 7, .box_h = 14, .ofs_x = 1, .ofs_y = -3},
    {.bitmap_index = 16283, .adv_w = 135, .box_w = 8, .box_h = 8, .ofs_x = 0, .ofs_y = 0},
    {.bitmap_index = 16315, .adv_w = 135, .box_w = 9, .box_h = 8, .ofs_x = 0, .ofs_y = 0},
    {.bitmap_index = 16351, .adv_w = 135, .box_w = 7, .box_h = 11, .ofs_x = 1, .ofs_y = -3},
    {.bitmap_index = 16390, .adv_w = 135, .box_w = 7, .box_h = 11, .ofs_x = 1, .ofs_y = -3},
    {.bitmap_index = 16429, .adv_w = 135, .box_w = 8, .box_h = 8, .ofs_x = 0, .ofs_y = 0},
    {.bitmap_index = 16461, .adv_w = 135, .box_w = 7, .box_h = 8, .ofs_x = 1, .ofs_y = 0},
    {.bitmap_index = 16489, .adv_w = 135, .box_w = 8, .box_h = 8, .ofs_x = 0, .ofs_y = 0},
    {.bitmap_index = 16521, .adv_w = 135, .box_w = 8, .box_h = 11, .ofs_x = 0, .ofs_y = -3},
    {.bitmap_index = 16565, .adv_w = 135, .box_w = 8, .box_h = 11, .ofs_x = 0, .ofs_y = -3},
    {.bitmap_index = 16609, .adv_w = 135, .box_w = 8, .box_h = 11, .ofs_x = 0, .ofs_y = -3},
    {.bitmap_index = 16653, .adv_w = 135, .box_w = 8, .box_h = 8, .ofs_x = 0, .ofs_y = 0},
    {.bitmap_index = 16685, .adv_w = 135, .box_w = 5, .box_h = 11, .ofs_x = 2, .ofs_y = 0},
    {.bitmap_index = 16713, .adv_w = 135, .box_w = 8, .box_h = 11, .ofs_x = 0, .ofs_y = 0},
    {.bitmap_index = 16757, .adv_w = 135, .box_w = 8, .box_h = 12, .ofs_x = 0, .ofs_y = 0},
    {.bitmap_index = 16805, .adv_w = 135, .box_w = 8, .box_h = 12, .ofs_x = 0, .ofs_y = 0},
    {.bitmap_index = 16853, .adv_w = 135, .box_w = 8, .box_h = 12, .ofs_x = 0, .ofs_y = 0},
    {.bitmap_index = 16901, .adv_w = 135, .box_w = 8, .box_h = 11, .ofs_x = 0, .ofs_y = 0},
    {.bitmap_index = 16945, .adv_w = 135, .box_w = 7, .box_h = 8, .ofs_x = 1, .ofs_y = 0},
    {.bitmap_index = 16973, .adv_w = 135, .box_w = 7, .box_h = 13, .ofs_x = 1, .ofs_y = 0},
    {.bitmap_index = 17019, .adv_w = 135, .box_w = 7, .box_h = 14, .ofs_x = 1, .ofs_y = 0},
    {.bitmap_index = 17068, .adv_w = 135, .box_w = 9, .box_h = 13, .ofs_x = -1, .ofs_y = -3},
    {.bitmap_index = 17127, .adv_w = 135, .box_w = 7, .box_h = 13, .ofs_x = 1, .ofs_y = 0},
    {.bitmap_index = 17173, .adv_w = 135, .box_w = 8, .box_h = 10, .ofs_x = 0, .ofs_y = 0},
    {.bitmap_index = 17213, .adv_w = 135, .box_w = 8, .box_h = 10, .ofs_x = 0, .ofs_y = 0},
    {.bitmap_index = 17253, .adv_w = 135, .box_w = 7, .box_h = 10, .ofs_x = 1, .ofs_y = 0},
    {.bitmap_index = 17288, .adv_w = 135, .box_w = 7, .box_h = 14, .ofs_x = 1, .ofs_y = 0},
    {.bitmap_index = 17337, .adv_w = 135, .box_w = 7, .box_h = 10, .ofs_x = 0, .ofs_y = 0},
    {.bitmap_index = 17372, .adv_w = 135, .box_w = 9, .box_h = 10, .ofs_x = 0, .ofs_y = 0},
    {.bitmap_index = 17417, .adv_w = 135, .box_w = 9, .box_h = 10, .ofs_x = 0, .ofs_y = 0},
    {.bitmap_index = 17462, .adv_w = 135, .box_w = 9, .box_h = 10, .ofs_x = -1, .ofs_y = 0},
    {.bitmap_index = 17507, .adv_w = 135, .box_w = 9, .box_h = 13, .ofs_x = 0, .ofs_y = 0},
    {.bitmap_index = 17566, .adv_w = 135, .box_w = 8, .box_h = 13, .ofs_x = 0, .ofs_y = 0},
    {.bitmap_index = 17618, .adv_w = 135, .box_w = 9, .box_h = 13, .ofs_x = 0, .ofs_y = 0},
    {.bitmap_index = 17677, .adv_w = 135, .box_w = 8, .box_h = 12, .ofs_x = 0, .ofs_y = -2},
    {.bitmap_index = 17725, .adv_w = 135, .box_w = 9, .box_h = 10, .ofs_x = 0, .ofs_y = 0},
    {.bitmap_index = 17770, .adv_w = 135, .box_w = 7, .box_h = 10, .ofs_x = 1, .ofs_y = 0},
    {.bitmap_index = 17805, .adv_w = 135, .box_w = 7, .box_h = 10, .ofs_x = 1, .ofs_y = 0},
    {.bitmap_index = 17840, .adv_w = 135, .box_w = 7, .box_h = 10, .ofs_x = 1, .ofs_y = 0},
    {.bitmap_index = 17875, .adv_w = 135, .box_w = 9, .box_h = 13, .ofs_x = 0, .ofs_y = -3},
    {.bitmap_index = 17934, .adv_w = 135, .box_w = 7, .box_h = 10, .ofs_x = 1, .ofs_y = 0},
    {.bitmap_index = 17969, .adv_w = 135, .box_w = 9, .box_h = 10, .ofs_x = 0, .ofs_y = 0},
    {.bitmap_index = 18014, .adv_w = 135, .box_w = 8, .box_h = 10, .ofs_x = 0, .ofs_y = 0},
    {.bitmap_index = 18054, .adv_w = 135, .box_w = 8, .box_h = 10, .ofs_x = 0, .ofs_y = 0},
    {.bitmap_index = 18094, .adv_w = 135, .box_w = 8, .box_h = 13, .ofs_x = 0, .ofs_y = 0},
    {.bitmap_index = 18146, .adv_w = 135, .box_w = 9, .box_h = 10, .ofs_x = 0, .ofs_y = 0},
    {.bitmap_index = 18191, .adv_w = 135, .box_w = 8, .box_h = 10, .ofs_x = 0, .ofs_y = 0},
    {.bitmap_index = 18231, .adv_w = 135, .box_w = 8, .box_h = 10, .ofs_x = 0, .ofs_y = 0},
    {.bitmap_index = 18271, .adv_w = 135, .box_w = 8, .box_h = 10, .ofs_x = 0, .ofs_y = 0},
    {.bitmap_index = 18311, .adv_w = 135, .box_w = 8, .box_h = 10, .ofs_x = 0, .ofs_y = 0},
    {.bitmap_index = 18351, .adv_w = 135, .box_w = 8, .box_h = 10, .ofs_x = 0, .ofs_y = 0},
    {.bitmap_index = 18391, .adv_w = 135, .box_w = 7, .box_h = 10, .ofs_x = 1, .ofs_y = 0},
    {.bitmap_index = 18426, .adv_w = 135, .box_w = 8, .box_h = 10, .ofs_x = 0, .ofs_y = 0},
    {.bitmap_index = 18466, .adv_w = 135, .box_w = 9, .box_h = 10, .ofs_x = 0, .ofs_y = 0},
    {.bitmap_index = 18511, .adv_w = 135, .box_w = 9, .box_h = 10, .ofs_x = 0, .ofs_y = 0},
    {.bitmap_index = 18556, .adv_w = 135, .box_w = 8, .box_h = 10, .ofs_x = 0, .ofs_y = 0},
    {.bitmap_index = 18596, .adv_w = 135, .box_w = 9, .box_h = 10, .ofs_x = 0, .ofs_y = 0},
    {.bitmap_index = 18641, .adv_w = 135, .box_w = 9, .box_h = 13, .ofs_x = 0, .ofs_y = -3},
    {.bitmap_index = 18700, .adv_w = 135, .box_w = 8, .box_h = 10, .ofs_x = 0, .ofs_y = 0},
    {.bitmap_index = 18740, .adv_w = 135, .box_w = 8, .box_h = 10, .ofs_x = 0, .ofs_y = 0},
    {.bitmap_index = 18780, .adv_w = 135, .box_w = 9, .box_h = 13, .ofs_x = 0, .ofs_y = -3},
    {.bitmap_index = 18839, .adv_w = 135, .box_w = 8, .box_h = 10, .ofs_x = 0, .ofs_y = 0},
    {.bitmap_index = 18879, .adv_w = 135, .box_w = 8, .box_h = 10, .ofs_x = 0, .ofs_y = 0},
    {.bitmap_index = 18919, .adv_w = 135, .box_w = 7, .box_h = 10, .ofs_x = 1, .ofs_y = 0},
    {.bitmap_index = 18954, .adv_w = 135, .box_w = 7, .box_h = 10, .ofs_x = 1, .ofs_y = 0},
    {.bitmap_index = 18989, .adv_w = 135, .box_w = 9, .box_h = 10, .ofs_x = 0, .ofs_y = 0},
    {.bitmap_index = 19034, .adv_w = 135, .box_w = 8, .box_h = 10, .ofs_x = 0, .ofs_y = 0},
    {.bitmap_index = 19074, .adv_w = 135, .box_w = 8, .box_h = 8, .ofs_x = 0, .ofs_y = 0},
    {.bitmap_index = 19106, .adv_w = 135, .box_w = 8, .box_h = 11, .ofs_x = 0, .ofs_y = 0},
    {.bitmap_index = 19150, .adv_w = 135, .box_w = 7, .box_h = 8, .ofs_x = 1, .ofs_y = 0},
    {.bitmap_index = 19178, .adv_w = 135, .box_w = 6, .box_h = 8, .ofs_x = 2, .ofs_y = 0},
    {.bitmap_index = 19202, .adv_w = 135, .box_w = 8, .box_h = 10, .ofs_x = 0, .ofs_y = -2},
    {.bitmap_index = 19242, .adv_w = 135, .box_w = 8, .box_h = 8, .ofs_x = 0, .ofs_y = 0},
    {.bitmap_index = 19274, .adv_w = 135, .box_w = 9, .box_h = 8, .ofs_x = 0, .ofs_y = 0},
    {.bitmap_index = 19310, .adv_w = 135, .box_w = 7, .box_h = 8, .ofs_x = 1, .ofs_y = 0},
    {.bitmap_index = 19338, .adv_w = 135, .box_w = 7, .box_h = 8, .ofs_x = 1, .ofs_y = 0},
    {.bitmap_index = 19366, .adv_w = 135, .box_w = 7, .box_h = 12, .ofs_x = 1, .ofs_y = 0},
    {.bitmap_index = 19408, .adv_w = 135, .box_w = 8, .box_h = 8, .ofs_x = 1, .ofs_y = 0},
    {.bitmap_index = 19440, .adv_w = 135, .box_w = 8, .box_h = 8, .ofs_x = 0, .ofs_y = 0},
    {.bitmap_index = 19472, .adv_w = 135, .box_w = 9, .box_h = 8, .ofs_x = 0, .ofs_y = 0},
    {.bitmap_index = 19508, .adv_w = 135, .box_w = 7, .box_h = 8, .ofs_x = 1, .ofs_y = 0},
    {.bitmap_index = 19536, .adv_w = 135, .box_w = 8, .box_h = 8, .ofs_x = 0, .ofs_y = 0},
    {.bitmap_index = 19568, .adv_w = 135, .box_w = 7, .box_h = 8, .ofs_x = 1, .ofs_y = 0},
    {.bitmap_index = 19596, .adv_w = 135, .box_w = 7, .box_h = 11, .ofs_x = 1, .ofs_y = -3},
    {.bitmap_index = 19635, .adv_w = 135, .box_w = 7, .box_h = 8, .ofs_x = 1, .ofs_y = 0},
    {.bitmap_index = 19663, .adv_w = 135, .box_w = 6, .box_h = 8, .ofs_x = 1, .ofs_y = 0},
    {.bitmap_index = 19687, .adv_w = 135, .box_w = 8, .box_h = 11, .ofs_x = 0, .ofs_y = -3},
    {.bitmap_index = 19731, .adv_w = 135, .box_w = 8, .box_h = 14, .ofs_x = 0, .ofs_y = -3},
    {.bitmap_index = 19787, .adv_w = 135, .box_w = 8, .box_h = 8, .ofs_x = 0, .ofs_y = 0},
    {.bitmap_index = 19819, .adv_w = 135, .box_w = 8, .box_h = 10, .ofs_x = 1, .ofs_y = -2},
    {.bitmap_index = 19859, .adv_w = 135, .box_w = 6, .box_h = 8, .ofs_x = 1, .ofs_y = 0},
    {.bitmap_index = 19883, .adv_w = 135, .box_w = 8, .box_h = 8, .ofs_x = 0, .ofs_y = 0},
    {.bitmap_index = 19915, .adv_w = 135, .box_w = 9, .box_h = 10, .ofs_x = 0, .ofs_y = -2},
    {.bitmap_index = 19960, .adv_w = 135, .box_w = 9, .box_h = 8, .ofs_x = 0, .ofs_y = 0},
    {.bitmap_index = 19996, .adv_w = 135, .box_w = 8, .box_h = 8, .ofs_x = 0, .ofs_y = 0},
    {.bitmap_index = 20028, .adv_w = 135, .box_w = 7, .box_h = 8, .ofs_x = 1, .ofs_y = 0},
    {.bitmap_index = 20056, .adv_w = 135, .box_w = 7, .box_h = 8, .ofs_x = 1, .ofs_y = 0},
    {.bitmap_index = 20084, .adv_w = 135, .box_w = 9, .box_h = 8, .ofs_x = 0, .ofs_y = 0},
    {.bitmap_index = 20120, .adv_w = 135, .box_w = 6, .box_h = 8, .ofs_x = 1, .ofs_y = 0},
    {.bitmap_index = 20144, .adv_w = 135, .box_w = 8, .box_h = 12, .ofs_x = 0, .ofs_y = 0},
    {.bitmap_index = 20192, .adv_w = 135, .box_w = 8, .box_h = 10, .ofs_x = 0, .ofs_y = 0},
    {.bitmap_index = 20232, .adv_w = 135, .box_w = 8, .box_h = 14, .ofs_x = 0, .ofs_y = -3},
    {.bitmap_index = 20288, .adv_w = 135, .box_w = 6, .box_h = 12, .ofs_x = 2, .ofs_y = 0},
    {.bitmap_index = 20324, .adv_w = 135, .box_w = 7, .box_h = 8, .ofs_x = 1, .ofs_y = 0},
    {.bitmap_index = 20352, .adv_w = 135, .box_w = 7, .box_h = 8, .ofs_x = 1, .ofs_y = 0},
    {.bitmap_index = 20380, .adv_w = 135, .box_w = 7, .box_h = 10, .ofs_x = 1, .ofs_y = 0},
    {.bitmap_index = 20415, .adv_w = 135, .box_w = 7, .box_h = 10, .ofs_x = 1, .ofs_y = 0},
    {.bitmap_index = 20450, .adv_w = 135, .box_w = 5, .box_h = 13, .ofs_x = 1, .ofs_y = -3},
    {.bitmap_index = 20483, .adv_w = 135, .box_w = 9, .box_h = 8, .ofs_x = 0, .ofs_y = 0},
    {.bitmap_index = 20519, .adv_w = 135, .box_w = 9, .box_h = 8, .ofs_x = 0, .ofs_y = 0},
    {.bitmap_index = 20555, .adv_w = 135, .box_w = 8, .box_h = 11, .ofs_x = 0, .ofs_y = 0},
    {.bitmap_index = 20599, .adv_w = 135, .box_w = 8, .box_h = 12, .ofs_x = 1, .ofs_y = 0},
    {.bitmap_index = 20647, .adv_w = 135, .box_w = 7, .box_h = 12, .ofs_x = 1, .ofs_y = 0},
    {.bitmap_index = 20689, .adv_w = 135, .box_w = 8, .box_h = 15, .ofs_x = 0, .ofs_y = -3},
    {.bitmap_index = 20749, .adv_w = 135, .box_w = 7, .box_h = 10, .ofs_x = 1, .ofs_y = -2},
    {.bitmap_index = 20784, .adv_w = 135, .box_w = 8, .box_h = 10, .ofs_x = 0, .ofs_y = 0},
    {.bitmap_index = 20824, .adv_w = 135, .box_w = 9, .box_h = 11, .ofs_x = 0, .ofs_y = 0},
    {.bitmap_index = 20874, .adv_w = 135, .box_w = 8, .box_h = 10, .ofs_x = 0, .ofs_y = 0},
    {.bitmap_index = 20914, .adv_w = 135, .box_w = 8, .box_h = 8, .ofs_x = 0, .ofs_y = 0},
    {.bitmap_index = 20946, .adv_w = 135, .box_w = 7, .box_h = 13, .ofs_x = 1, .ofs_y = 0},
    {.bitmap_index = 20992, .adv_w = 135, .box_w = 6, .box_h = 10, .ofs_x = 2, .ofs_y = 0},
    {.bitmap_index = 21022, .adv_w = 135, .box_w = 8, .box_h = 10, .ofs_x = 0, .ofs_y = 0},
    {.bitmap_index = 21062, .adv_w = 135, .box_w = 7, .box_h = 8, .ofs_x = 1, .ofs_y = 0},
    {.bitmap_index = 21090, .adv_w = 135, .box_w = 7, .box_h = 13, .ofs_x = 1, .ofs_y = -3},
    {.bitmap_index = 21136, .adv_w = 135, .box_w = 7, .box_h = 11, .ofs_x = 1, .ofs_y = -3},
    {.bitmap_index = 21175, .adv_w = 135, .box_w = 9, .box_h = 13, .ofs_x = 0, .ofs_y = -3},
    {.bitmap_index = 21234, .adv_w = 135, .box_w = 9, .box_h = 10, .ofs_x = 0, .ofs_y = -2},
    {.bitmap_index = 21279, .adv_w = 135, .box_w = 8, .box_h = 13, .ofs_x = 0, .ofs_y = -3},
    {.bitmap_index = 21331, .adv_w = 135, .box_w = 7, .box_h = 11, .ofs_x = 1, .ofs_y = -3},
    {.bitmap_index = 21370, .adv_w = 135, .box_w = 9, .box_h = 13, .ofs_x = 0, .ofs_y = -3},
    {.bitmap_index = 21429, .adv_w = 135, .box_w = 8, .box_h = 10, .ofs_x = 1, .ofs_y = -2},
    {.bitmap_index = 21469, .adv_w = 135, .box_w = 9, .box_h = 13, .ofs_x = 0, .ofs_y = -3},
    {.bitmap_index = 21528, .adv_w = 135, .box_w = 8, .box_h = 10, .ofs_x = 1, .ofs_y = -2},
    {.bitmap_index = 21568, .adv_w = 135, .box_w = 8, .box_h = 10, .ofs_x = 1, .ofs_y = 0},
    {.bitmap_index = 21608, .adv_w = 135, .box_w = 8, .box_h = 8, .ofs_x = 1, .ofs_y = 0},
    {.bitmap_index = 21640, .adv_w = 135, .box_w = 8, .box_h = 13, .ofs_x = 0, .ofs_y = -3},
    {.bitmap_index = 21692, .adv_w = 135, .box_w = 7, .box_h = 11, .ofs_x = 1, .ofs_y = -3},
    {.bitmap_index = 21731, .adv_w = 135, .box_w = 9, .box_h = 13, .ofs_x = 0, .ofs_y = -3},
    {.bitmap_index = 21790, .adv_w = 135, .box_w = 6, .box_h = 10, .ofs_x = 1, .ofs_y = -2},
    {.bitmap_index = 21820, .adv_w = 135, .box_w = 9, .box_h = 10, .ofs_x = 0, .ofs_y = 0},
    {.bitmap_index = 21865, .adv_w = 135, .box_w = 8, .box_h = 11, .ofs_x = 0, .ofs_y = -3},
    {.bitmap_index = 21909, .adv_w = 135, .box_w = 9, .box_h = 10, .ofs_x = 0, .ofs_y = 0},
    {.bitmap_index = 21954, .adv_w = 135, .box_w = 8, .box_h = 11, .ofs_x = 0, .ofs_y = -3},
    {.bitmap_index = 21998, .adv_w = 135, .box_w = 9, .box_h = 13, .ofs_x = 0, .ofs_y = -3},
    {.bitmap_index = 22057, .adv_w = 135, .box_w = 9, .box_h = 10, .ofs_x = 0, .ofs_y = -2},
    {.bitmap_index = 22102, .adv_w = 135, .box_w = 7, .box_h = 10, .ofs_x = 1, .ofs_y = 0},
    {.bitmap_index = 22137, .adv_w = 135, .box_w = 7, .box_h = 11, .ofs_x = 1, .ofs_y = 0},
    {.bitmap_index = 22176, .adv_w = 135, .box_w = 7, .box_h = 10, .ofs_x = 1, .ofs_y = 0},
    {.bitmap_index = 22211, .adv_w = 135, .box_w = 9, .box_h = 13, .ofs_x = 0, .ofs_y = 0},
    {.bitmap_index = 22270, .adv_w = 135, .box_w = 9, .box_h = 12, .ofs_x = 0, .ofs_y = 0},
    {.bitmap_index = 22324, .adv_w = 135, .box_w = 9, .box_h = 13, .ofs_x = 0, .ofs_y = -3},
    {.bitmap_index = 22383, .adv_w = 135, .box_w = 7, .box_h = 11, .ofs_x = 1, .ofs_y = -3},
    {.bitmap_index = 22422, .adv_w = 135, .box_w = 8, .box_h = 13, .ofs_x = 0, .ofs_y = -3},
    {.bitmap_index = 22474, .adv_w = 135, .box_w = 7, .box_h = 11, .ofs_x = 1, .ofs_y = -3},
    {.bitmap_index = 22513, .adv_w = 135, .box_w = 8, .box_h = 13, .ofs_x = 0, .ofs_y = -3},
    {.bitmap_index = 22565, .adv_w = 135, .box_w = 7, .box_h = 10, .ofs_x = 1, .ofs_y = -2},
    {.bitmap_index = 22600, .adv_w = 135, .box_w = 2, .box_h = 11, .ofs_x = 3, .ofs_y = 0},
    {.bitmap_index = 22611, .adv_w = 135, .box_w = 9, .box_h = 13, .ofs_x = 0, .ofs_y = 0},
    {.bitmap_index = 22670, .adv_w = 135, .box_w = 8, .box_h = 12, .ofs_x = 0, .ofs_y = 0},
    {.bitmap_index = 22718, .adv_w = 135, .box_w = 9, .box_h = 14, .ofs_x = 0, .ofs_y = 0},
    {.bitmap_index = 22781, .adv_w = 135, .box_w = 8, .box_h = 10, .ofs_x = 0, .ofs_y = 0},
    {.bitmap_index = 22821, .adv_w = 135, .box_w = 9, .box_h = 10, .ofs_x = 0, .ofs_y = 0},
    {.bitmap_index = 22866, .adv_w = 135, .box_w = 9, .box_h = 8, .ofs_x = 0, .ofs_y = 0},
    {.bitmap_index = 22902, .adv_w = 135, .box_w = 7, .box_h = 13, .ofs_x = 1, .ofs_y = 0},
    {.bitmap_index = 22948, .adv_w = 135, .box_w = 8, .box_h = 12, .ofs_x = 0, .ofs_y = 0},
    {.bitmap_index = 22996, .adv_w = 135, .box_w = 8, .box_h = 10, .ofs_x = 0, .ofs_y = 0},
    {.bitmap_index = 23036, .adv_w = 135, .box_w = 8, .box_h = 8, .ofs_x = 0, .ofs_y = 0},
    {.bitmap_index = 23068, .adv_w = 135, .box_w = 8, .box_h = 14, .ofs_x = 0, .ofs_y = 0},
    {.bitmap_index = 23124, .adv_w = 135, .box_w = 8, .box_h = 10, .ofs_x = 0, .ofs_y = 0},
    {.bitmap_index = 23164, .adv_w = 135, .box_w = 9, .box_h = 14, .ofs_x = 0, .ofs_y = 0},
    {.bitmap_index = 23227, .adv_w = 135, .box_w = 9, .box_h = 10, .ofs_x = 0, .ofs_y = 0},
    {.bitmap_index = 23272, .adv_w = 135, .box_w = 8, .box_h = 14, .ofs_x = 0, .ofs_y = 0},
    {.bitmap_index = 23328, .adv_w = 135, .box_w = 7, .box_h = 10, .ofs_x = 1, .ofs_y = 0},
    {.bitmap_index = 23363, .adv_w = 135, .box_w = 9, .box_h = 10, .ofs_x = 0, .ofs_y = 0},
    {.bitmap_index = 23408, .adv_w = 135, .box_w = 8, .box_h = 11, .ofs_x = 0, .ofs_y = -3},
    {.bitmap_index = 23452, .adv_w = 135, .box_w = 8, .box_h = 13, .ofs_x = 0, .ofs_y = 0},
    {.bitmap_index = 23504, .adv_w = 135, .box_w = 7, .box_h = 10, .ofs_x = 1, .ofs_y = 0},
    {.bitmap_index = 23539, .adv_w = 135, .box_w = 8, .box_h = 14, .ofs_x = 0, .ofs_y = 0},
    {.bitmap_index = 23595, .adv_w = 135, .box_w = 7, .box_h = 10, .ofs_x = 1, .ofs_y = 0},
    {.bitmap_index = 23630, .adv_w = 135, .box_w = 8, .box_h = 14, .ofs_x = 0, .ofs_y = 0},
    {.bitmap_index = 23686, .adv_w = 135, .box_w = 8, .box_h = 10, .ofs_x = 0, .ofs_y = 0},
    {.bitmap_index = 23726, .adv_w = 135, .box_w = 8, .box_h = 10, .ofs_x = 0, .ofs_y = 0},
    {.bitmap_index = 23766, .adv_w = 135, .box_w = 8, .box_h = 8, .ofs_x = 0, .ofs_y = 0},
    {.bitmap_index = 23798, .adv_w = 135, .box_w = 8, .box_h = 14, .ofs_x = 0, .ofs_y = 0},
    {.bitmap_index = 23854, .adv_w = 135, .box_w = 8, .box_h = 10, .ofs_x = 0, .ofs_y = 0},
    {.bitmap_index = 23894, .adv_w = 135, .box_w = 7, .box_h = 14, .ofs_x = 1, .ofs_y = 0},
    {.bitmap_index = 23943, .adv_w = 135, .box_w = 7, .box_h = 10, .ofs_x = 1, .ofs_y = 0},
    {.bitmap_index = 23978, .adv_w = 135, .box_w = 9, .box_h = 13, .ofs_x = 0, .ofs_y = 0},
    {.bitmap_index = 24037, .adv_w = 135, .box_w = 8, .box_h = 13, .ofs_x = 0, .ofs_y = -3},
    {.bitmap_index = 24089, .adv_w = 135, .box_w = 9, .box_h = 14, .ofs_x = 0, .ofs_y = 0},
    {.bitmap_index = 24152, .adv_w = 135, .box_w = 8, .box_h = 13, .ofs_x = 0, .ofs_y = -3},
    {.bitmap_index = 24204, .adv_w = 135, .box_w = 9, .box_h = 13, .ofs_x = 0, .ofs_y = 0},
    {.bitmap_index = 24263, .adv_w = 135, .box_w = 8, .box_h = 15, .ofs_x = 0, .ofs_y = -3},
    {.bitmap_index = 24323, .adv_w = 135, .box_w = 8, .box_h = 14, .ofs_x = 0, .ofs_y = 0},
    {.bitmap_index = 24379, .adv_w = 135, .box_w = 6, .box_h = 10, .ofs_x = 1, .ofs_y = 0},
    {.bitmap_index = 24409, .adv_w = 135, .box_w = 7, .box_h = 13, .ofs_x = 1, .ofs_y = -3},
    {.bitmap_index = 24455, .adv_w = 135, .box_w = 6, .box_h = 10, .ofs_x = 2, .ofs_y = -2},
    {.bitmap_index = 24485, .adv_w = 135, .box_w = 8, .box_h = 14, .ofs_x = 0, .ofs_y = 0},
    {.bitmap_index = 24541, .adv_w = 135, .box_w = 8, .box_h = 10, .ofs_x = 0, .ofs_y = 0},
    {.bitmap_index = 24581, .adv_w = 135, .box_w = 8, .box_h = 10, .ofs_x = 0, .ofs_y = 0},
    {.bitmap_index = 24621, .adv_w = 135, .box_w = 7, .box_h = 8, .ofs_x = 1, .ofs_y = 0},
    {.bitmap_index = 24649, .adv_w = 135, .box_w = 9, .box_h = 12, .ofs_x = 0, .ofs_y = -2},
    {.bitmap_index = 24703, .adv_w = 135, .box_w = 8, .box_h = 11, .ofs_x = 0, .ofs_y = -3},
    {.bitmap_index = 24747, .adv_w = 135, .box_w = 9, .box_h = 10, .ofs_x = 0, .ofs_y = 0},
    {.bitmap_index = 24792, .adv_w = 135, .box_w = 9, .box_h = 8, .ofs_x = 0, .ofs_y = 0},
    {.bitmap_index = 24828, .adv_w = 135, .box_w = 8, .box_h = 11, .ofs_x = 0, .ofs_y = -1},
    {.bitmap_index = 24872, .adv_w = 135, .box_w = 8, .box_h = 10, .ofs_x = 0, .ofs_y = 0},
    {.bitmap_index = 24912, .adv_w = 135, .box_w = 8, .box_h = 10, .ofs_x = 0, .ofs_y = 0},
    {.bitmap_index = 24952, .adv_w = 135, .box_w = 9, .box_h = 10, .ofs_x = 0, .ofs_y = 0},
    {.bitmap_index = 24997, .adv_w = 135, .box_w = 8, .box_h = 10, .ofs_x = 0, .ofs_y = 0},
    {.bitmap_index = 25037, .adv_w = 135, .box_w = 8, .box_h = 10, .ofs_x = 0, .ofs_y = 0},
    {.bitmap_index = 25077, .adv_w = 135, .box_w = 8, .box_h = 10, .ofs_x = 0, .ofs_y = 0},
    {.bitmap_index = 25117, .adv_w = 135, .box_w = 8, .box_h = 10, .ofs_x = 0, .ofs_y = 0},
    {.bitmap_index = 25157, .adv_w = 135, .box_w = 9, .box_h = 10, .ofs_x = 0, .ofs_y = 0},
    {.bitmap_index = 25202, .adv_w = 135, .box_w = 8, .box_h = 10, .ofs_x = 0, .ofs_y = 0},
    {.bitmap_index = 25242, .adv_w = 135, .box_w = 7, .box_h = 10, .ofs_x = 1, .ofs_y = 0},
    {.bitmap_index = 25277, .adv_w = 135, .box_w = 7, .box_h = 10, .ofs_x = 1, .ofs_y = 0},
    {.bitmap_index = 25312, .adv_w = 135, .box_w = 8, .box_h = 10, .ofs_x = 0, .ofs_y = 0},
    {.bitmap_index = 25352, .adv_w = 135, .box_w = 9, .box_h = 10, .ofs_x = 0, .ofs_y = 0},
    {.bitmap_index = 25397, .adv_w = 135, .box_w = 7, .box_h = 10, .ofs_x = 1, .ofs_y = 0},
    {.bitmap_index = 25432, .adv_w = 135, .box_w = 8, .box_h = 11, .ofs_x = 0, .ofs_y = -1},
    {.bitmap_index = 25476, .adv_w = 135, .box_w = 8, .box_h = 11, .ofs_x = 0, .ofs_y = -1},
    {.bitmap_index = 25520, .adv_w = 135, .box_w = 9, .box_h = 10, .ofs_x = 0, .ofs_y = 0},
    {.bitmap_index = 25565, .adv_w = 135, .box_w = 8, .box_h = 10, .ofs_x = 0, .ofs_y = 0},
    {.bitmap_index = 25605, .adv_w = 135, .box_w = 9, .box_h = 10, .ofs_x = 0, .ofs_y = 0},
    {.bitmap_index = 25650, .adv_w = 135, .box_w = 8, .box_h = 10, .ofs_x = 0, .ofs_y = 0},
    {.bitmap_index = 25690, .adv_w = 135, .box_w = 9, .box_h = 10, .ofs_x = 0, .ofs_y = 0},
    {.bitmap_index = 25735, .adv_w = 135, .box_w = 8, .box_h = 10, .ofs_x = 0, .ofs_y = 0},
    {.bitmap_index = 25775, .adv_w = 135, .box_w = 7, .box_h = 10, .ofs_x = 1, .ofs_y = 0},
    {.bitmap_index = 25810, .adv_w = 135, .box_w = 8, .box_h = 11, .ofs_x = 0, .ofs_y = -1},
    {.bitmap_index = 25854, .adv_w = 135, .box_w = 8, .box_h = 10, .ofs_x = 0, .ofs_y = 0},
    {.bitmap_index = 25894, .adv_w = 135, .box_w = 8, .box_h = 10, .ofs_x = 0, .ofs_y = 0},
    {.bitmap_index = 25934, .adv_w = 135, .box_w = 9, .box_h = 10, .ofs_x = 0, .ofs_y = 0},
    {.bitmap_index = 25979, .adv_w = 135, .box_w = 7, .box_h = 10, .ofs_x = 1, .ofs_y = 0},
    {.bitmap_index = 26014, .adv_w = 135, .box_w = 9, .box_h = 10, .ofs_x = 0, .ofs_y = 0},
    {.bitmap_index = 26059, .adv_w = 135, .box_w = 8, .box_h = 10, .ofs_x = 0, .ofs_y = 0},
    {.bitmap_index = 26099, .adv_w = 135, .box_w = 7, .box_h = 10, .ofs_x = 1, .ofs_y = 0},
    {.bitmap_index = 26134, .adv_w = 135, .box_w = 8, .box_h = 10, .ofs_x = 0, .ofs_y = 0},
    {.bitmap_index = 26174, .adv_w = 135, .box_w = 7, .box_h = 10, .ofs_x = 1, .ofs_y = 0},
    {.bitmap_index = 26209, .adv_w = 135, .box_w = 8, .box_h = 10, .ofs_x = 0, .ofs_y = 0},
    {.bitmap_index = 26249, .adv_w = 135, .box_w = 8, .box_h = 10, .ofs_x = 0, .ofs_y = 0},
    {.bitmap_index = 26289, .adv_w = 135, .box_w = 8, .box_h = 10, .ofs_x = 0, .ofs_y = 0},
    {.bitmap_index = 26329, .adv_w = 135, .box_w = 8, .box_h = 10, .ofs_x = 0, .ofs_y = 0},
    {.bitmap_index = 26369, .adv_w = 135, .box_w = 3, .box_h = 4, .ofs_x = 3, .ofs_y = 7},
    {.bitmap_index = 26375, .adv_w = 135, .box_w = 3, .box_h = 4, .ofs_x = 3, .ofs_y = 7},
    {.bitmap_index = 26381, .adv_w = 135, .box_w = 4, .box_h = 3, .ofs_x = 2, .ofs_y = 9},
    {.bitmap_index = 26387, .adv_w = 135, .box_w = 6, .box_h = 4, .ofs_x = 1, .ofs_y = 9},
    {.bitmap_index = 26399, .adv_w = 135, .box_w = 4, .box_h = 3, .ofs_x = 2, .ofs_y = 9},
    {.bitmap_index = 26405, .adv_w = 135, .box_w = 7, .box_h = 4, .ofs_x = 1, .ofs_y = 9},
    {.bitmap_index = 26419, .adv_w = 135, .box_w = 7, .box_h = 3, .ofs_x = 1, .ofs_y = 9},
    {.bitmap_index = 26430, .adv_w = 135, .box_w = 8, .box_h = 8, .ofs_x = 0, .ofs_y = 0},
    {.bitmap_index = 26462, .adv_w = 135, .box_w = 7, .box_h = 11, .ofs_x = 1, .ofs_y = -3},
    {.bitmap_index = 26501, .adv_w = 135, .box_w = 8, .box_h = 11, .ofs_x = 0, .ofs_y = -3},
    {.bitmap_index = 26545, .adv_w = 135, .box_w = 8, .box_h = 11, .ofs_x = 1, .ofs_y = -3},
    {.bitmap_index = 26589, .adv_w = 135, .box_w = 7, .box_h = 11, .ofs_x = 1, .ofs_y = 0},
    {.bitmap_index = 26628, .adv_w = 135, .box_w = 9, .box_h = 11, .ofs_x = 0, .ofs_y = -3},
    {.bitmap_index = 26678, .adv_w = 135, .box_w = 7, .box_h = 11, .ofs_x = 1, .ofs_y = 0},
    {.bitmap_index = 26717, .adv_w = 135, .box_w = 7, .box_h = 11, .ofs_x = 1, .ofs_y = -3},
    {.bitmap_index = 26756, .adv_w = 135, .box_w = 9, .box_h = 11, .ofs_x = 0, .ofs_y = -3},
    {.bitmap_index = 26806, .adv_w = 135, .box_w = 9, .box_h = 11, .ofs_x = 0, .ofs_y = 0},
    {.bitmap_index = 26856, .adv_w = 135, .box_w = 7, .box_h = 14, .ofs_x = 1, .ofs_y = -3},
    {.bitmap_index = 26905, .adv_w = 135, .box_w = 5, .box_h = 11, .ofs_x = 2, .ofs_y = -3},
    {.bitmap_index = 26933, .adv_w = 135, .box_w = 8, .box_h = 14, .ofs_x = 0, .ofs_y = -3},
    {.bitmap_index = 26989, .adv_w = 135, .box_w = 8, .box_h = 12, .ofs_x = 0, .ofs_y = 0},
    {.bitmap_index = 27037, .adv_w = 135, .box_w = 7, .box_h = 14, .ofs_x = 1, .ofs_y = -3},
    {.bitmap_index = 27086, .adv_w = 135, .box_w = 7, .box_h = 11, .ofs_x = 1, .ofs_y = 0},
    {.bitmap_index = 27125, .adv_w = 135, .box_w = 7, .box_h = 11, .ofs_x = 1, .ofs_y = 0},
    {.bitmap_index = 27164, .adv_w = 135, .box_w = 8, .box_h = 11, .ofs_x = 1, .ofs_y = -3},
    {.bitmap_index = 27208, .adv_w = 135, .box_w = 7, .box_h = 11, .ofs_x = 1, .ofs_y = 0},
    {.bitmap_index = 27247, .adv_w = 135, .box_w = 8, .box_h = 11, .ofs_x = 0, .ofs_y = 0},
    {.bitmap_index = 27291, .adv_w = 135, .box_w = 5, .box_h = 11, .ofs_x = 1, .ofs_y = -3},
    {.bitmap_index = 27319, .adv_w = 135, .box_w = 8, .box_h = 11, .ofs_x = 0, .ofs_y = 0},
    {.bitmap_index = 27363, .adv_w = 135, .box_w = 7, .box_h = 11, .ofs_x = 1, .ofs_y = -3},
    {.bitmap_index = 27402, .adv_w = 135, .box_w = 7, .box_h = 8, .ofs_x = 1, .ofs_y = 0},
    {.bitmap_index = 27430, .adv_w = 135, .box_w = 6, .box_h = 12, .ofs_x = 1, .ofs_y = -3},
    {.bitmap_index = 27466, .adv_w = 135, .box_w = 8, .box_h = 11, .ofs_x = 0, .ofs_y = -3},
    {.bitmap_index = 27510, .adv_w = 135, .box_w = 7, .box_h = 11, .ofs_x = 1, .ofs_y = -3},
    {.bitmap_index = 27549, .adv_w = 135, .box_w = 7, .box_h = 8, .ofs_x = 1, .ofs_y = 0},
    {.bitmap_index = 27577, .adv_w = 135, .box_w = 7, .box_h = 8, .ofs_x = 1, .ofs_y = 0},
    {.bitmap_index = 27605, .adv_w = 135, .box_w = 8, .box_h = 14, .ofs_x = 1, .ofs_y = -3},
    {.bitmap_index = 27661, .adv_w = 135, .box_w = 8, .box_h = 8, .ofs_x = 0, .ofs_y = 0},
    {.bitmap_index = 27693, .adv_w = 135, .box_w = 7, .box_h = 11, .ofs_x = 1, .ofs_y = -3},
    {.bitmap_index = 27732, .adv_w = 135, .box_w = 7, .box_h = 11, .ofs_x = 1, .ofs_y = -3},
    {.bitmap_index = 27771, .adv_w = 135, .box_w = 6, .box_h = 8, .ofs_x = 2, .ofs_y = 0},
    {.bitmap_index = 27795, .adv_w = 135, .box_w = 8, .box_h = 14, .ofs_x = 0, .ofs_y = -3},
    {.bitmap_index = 27851, .adv_w = 135, .box_w = 8, .box_h = 11, .ofs_x = 0, .ofs_y = -3},
    {.bitmap_index = 27895, .adv_w = 135, .box_w = 8, .box_h = 8, .ofs_x = 0, .ofs_y = 0},
    {.bitmap_index = 27927, .adv_w = 135, .box_w = 9, .box_h = 14, .ofs_x = 0, .ofs_y = -3},
    {.bitmap_index = 27990, .adv_w = 135, .box_w = 9, .box_h = 11, .ofs_x = 0, .ofs_y = 0},
    {.bitmap_index = 28040, .adv_w = 135, .box_w = 2, .box_h = 6, .ofs_x = 3, .ofs_y = 0},
    {.bitmap_index = 28046, .adv_w = 135, .box_w = 4, .box_h = 3, .ofs_x = 2, .ofs_y = 2},
    {.bitmap_index = 28052, .adv_w = 135, .box_w = 7, .box_h = 14, .ofs_x = 1, .ofs_y = -3},
    {.bitmap_index = 28101, .adv_w = 135, .box_w = 7, .box_h = 8, .ofs_x = 1, .ofs_y = 0},
    {.bitmap_index = 28129, .adv_w = 135, .box_w = 7, .box_h = 10, .ofs_x = 1, .ofs_y = 0},
    {.bitmap_index = 28164, .adv_w = 135, .box_w = 8, .box_h = 10, .ofs_x = 0, .ofs_y = -3},
    {.bitmap_index = 28204, .adv_w = 135, .box_w = 9, .box_h = 10, .ofs_x = 0, .ofs_y = -3},
    {.bitmap_index = 28249, .adv_w = 135, .box_w = 7, .box_h = 10, .ofs_x = 1, .ofs_y = -3},
    {.bitmap_index = 28284, .adv_w = 135, .box_w = 7, .box_h = 10, .ofs_x = 1, .ofs_y = -3},
    {.bitmap_index = 28319, .adv_w = 135, .box_w = 7, .box_h = 10, .ofs_x = 1, .ofs_y = 0},
    {.bitmap_index = 28354, .adv_w = 135, .box_w = 8, .box_h = 7, .ofs_x = 0, .ofs_y = 0},
    {.bitmap_index = 28382, .adv_w = 135, .box_w = 7, .box_h = 7, .ofs_x = 1, .ofs_y = 0},
    {.bitmap_index = 28407, .adv_w = 135, .box_w = 7, .box_h = 10, .ofs_x = 1, .ofs_y = -3},
    {.bitmap_index = 28442, .adv_w = 135, .box_w = 7, .box_h = 10, .ofs_x = 1, .ofs_y = -3},
    {.bitmap_index = 28477, .adv_w = 135, .box_w = 7, .box_h = 10, .ofs_x = 1, .ofs_y = 0},
    {.bitmap_index = 28512, .adv_w = 135, .box_w = 7, .box_h = 10, .ofs_x = 1, .ofs_y = 0},
    {.bitmap_index = 28547, .adv_w = 135, .box_w = 9, .box_h = 7, .ofs_x = 0, .ofs_y = 0},
    {.bitmap_index = 28579, .adv_w = 135, .box_w = 7, .box_h = 10, .ofs_x = 1, .ofs_y = 0},
    {.bitmap_index = 28614, .adv_w = 135, .box_w = 7, .box_h = 10, .ofs_x = 1, .ofs_y = -3},
    {.bitmap_index = 28649, .adv_w = 135, .box_w = 9, .box_h = 11, .ofs_x = 0, .ofs_y = 0},
    {.bitmap_index = 28699, .adv_w = 135, .box_w = 7, .box_h = 10, .ofs_x = 1, .ofs_y = 0},
    {.bitmap_index = 28734, .adv_w = 135, .box_w = 9, .box_h = 12, .ofs_x = 0, .ofs_y = -3},
    {.bitmap_index = 28788, .adv_w = 135, .box_w = 8, .box_h = 10, .ofs_x = 0, .ofs_y = -3},
    {.bitmap_index = 28828, .adv_w = 135, .box_w = 8, .box_h = 10, .ofs_x = 0, .ofs_y = -3},
    {.bitmap_index = 28868, .adv_w = 135, .box_w = 8, .box_h = 13, .ofs_x = 0, .ofs_y = -3},
    {.bitmap_index = 28920, .adv_w = 135, .box_w = 9, .box_h = 10, .ofs_x = 0, .ofs_y = -3},
    {.bitmap_index = 28965, .adv_w = 135, .box_w = 7, .box_h = 10, .ofs_x = 1, .ofs_y = -3},
    {.bitmap_index = 29000, .adv_w = 135, .box_w = 8, .box_h = 10, .ofs_x = 0, .ofs_y = 0},
    {.bitmap_index = 29040, .adv_w = 135, .box_w = 7, .box_h = 10, .ofs_x = 1, .ofs_y = 0},
    {.bitmap_index = 29075, .adv_w = 135, .box_w = 8, .box_h = 11, .ofs_x = 0, .ofs_y = -3},
    {.bitmap_index = 29119, .adv_w = 135, .box_w = 8, .box_h = 10, .ofs_x = 0, .ofs_y = 0},
    {.bitmap_index = 29159, .adv_w = 135, .box_w = 8, .box_h = 10, .ofs_x = 1, .ofs_y = 0},
    {.bitmap_index = 29199, .adv_w = 135, .box_w = 7, .box_h = 13, .ofs_x = 1, .ofs_y = -3},
    {.bitmap_index = 29245, .adv_w = 135, .box_w = 7, .box_h = 10, .ofs_x = 1, .ofs_y = 0},
    {.bitmap_index = 29280, .adv_w = 135, .box_w = 7, .box_h = 11, .ofs_x = 1, .ofs_y = -3},
    {.bitmap_index = 29319, .adv_w = 135, .box_w = 8, .box_h = 10, .ofs_x = 0, .ofs_y = 0},
    {.bitmap_index = 29359, .adv_w = 135, .box_w = 8, .box_h = 13, .ofs_x = 0, .ofs_y = -3},
    {.bitmap_index = 29411, .adv_w = 135, .box_w = 7, .box_h = 9, .ofs_x = 1, .ofs_y = -2},
    {.bitmap_index = 29443, .adv_w = 135, .box_w = 7, .box_h = 10, .ofs_x = 1, .ofs_y = -3},
    {.bitmap_index = 29478, .adv_w = 135, .box_w = 7, .box_h = 13, .ofs_x = 1, .ofs_y = -3},
    {.bitmap_index = 29524, .adv_w = 135, .box_w = 8, .box_h = 10, .ofs_x = 0, .ofs_y = 0},
    {.bitmap_index = 29564, .adv_w = 135, .box_w = 9, .box_h = 10, .ofs_x = 0, .ofs_y = -3},
    {.bitmap_index = 29609, .adv_w = 135, .box_w = 8, .box_h = 10, .ofs_x = 0, .ofs_y = -3},
    {.bitmap_index = 29649, .adv_w = 135, .box_w = 7, .box_h = 11, .ofs_x = 1, .ofs_y = -3},
    {.bitmap_index = 29688, .adv_w = 135, .box_w = 8, .box_h = 10, .ofs_x = 0, .ofs_y = -3},
    {.bitmap_index = 29728, .adv_w = 135, .box_w = 7, .box_h = 8, .ofs_x = 1, .ofs_y = -1},
    {.bitmap_index = 29756, .adv_w = 135, .box_w = 6, .box_h = 7, .ofs_x = 1, .ofs_y = 0},
    {.bitmap_index = 29777, .adv_w = 135, .box_w = 4, .box_h = 6, .ofs_x = 2, .ofs_y = 4},
    {.bitmap_index = 29789, .adv_w = 135, .box_w = 9, .box_h = 13, .ofs_x = 0, .ofs_y = 0},
    {.bitmap_index = 29848, .adv_w = 135, .box_w = 9, .box_h = 12, .ofs_x = 0, .ofs_y = 0},
    {.bitmap_index = 29902, .adv_w = 135, .box_w = 9, .box_h = 13, .ofs_x = 0, .ofs_y = 0},
    {.bitmap_index = 29961, .adv_w = 135, .box_w = 9, .box_h = 12, .ofs_x = 0, .ofs_y = 0},
    {.bitmap_index = 30015, .adv_w = 135, .box_w = 9, .box_h = 14, .ofs_x = 0, .ofs_y = 0},
    {.bitmap_index = 30078, .adv_w = 135, .box_w = 9, .box_h = 10, .ofs_x = 0, .ofs_y = 0},
    {.bitmap_index = 30123, .adv_w = 135, .box_w = 7, .box_h = 13, .ofs_x = 1, .ofs_y = 0},
    {.bitmap_index = 30169, .adv_w = 135, .box_w = 8, .box_h = 11, .ofs_x = 0, .ofs_y = 0},
    {.bitmap_index = 30213, .adv_w = 135, .box_w = 9, .box_h = 13, .ofs_x = 0, .ofs_y = 0},
    {.bitmap_index = 30272, .adv_w = 135, .box_w = 8, .box_h = 15, .ofs_x = 0, .ofs_y = -3},
    {.bitmap_index = 30332, .adv_w = 135, .box_w = 9, .box_h = 13, .ofs_x = 0, .ofs_y = 0},
    {.bitmap_index = 30391, .adv_w = 135, .box_w = 8, .box_h = 14, .ofs_x = 0, .ofs_y = -3},
    {.bitmap_index = 30447, .adv_w = 135, .box_w = 0, .box_h = 0, .ofs_x = 0, .ofs_y = 0},
    {.bitmap_index = 30447, .adv_w = 135, .box_w = 0, .box_h = 0, .ofs_x = 0, .ofs_y = 0},
    {.bitmap_index = 30447, .adv_w = 135, .box_w = 0, .box_h = 0, .ofs_x = 0, .ofs_y = 0},
    {.bitmap_index = 30447, .adv_w = 135, .box_w = 0, .box_h = 0, .ofs_x = 0, .ofs_y = 0},
    {.bitmap_index = 30447, .adv_w = 135, .box_w = 0, .box_h = 0, .ofs_x = 0, .ofs_y = 0},
    {.bitmap_index = 30447, .adv_w = 135, .box_w = 0, .box_h = 0, .ofs_x = 0, .ofs_y = 0},
    {.bitmap_index = 30447, .adv_w = 135, .box_w = 0, .box_h = 0, .ofs_x = 0, .ofs_y = 0},
    {.bitmap_index = 30447, .adv_w = 135, .box_w = 0, .box_h = 0, .ofs_x = 0, .ofs_y = 0},
    {.bitmap_index = 30447, .adv_w = 135, .box_w = 0, .box_h = 0, .ofs_x = 0, .ofs_y = 0},
    {.bitmap_index = 30447, .adv_w = 135, .box_w = 0, .box_h = 0, .ofs_x = 0, .ofs_y = 0},
    {.bitmap_index = 30447, .adv_w = 135, .box_w = 0, .box_h = 0, .ofs_x = 0, .ofs_y = 0},
    {.bitmap_index = 30447, .adv_w = 135, .box_w = 4, .box_h = 2, .ofs_x = 2, .ofs_y = 3},
    {.bitmap_index = 30451, .adv_w = 135, .box_w = 4, .box_h = 2, .ofs_x = 2, .ofs_y = 3},
    {.bitmap_index = 30455, .adv_w = 135, .box_w = 8, .box_h = 1, .ofs_x = 0, .ofs_y = 3},
    {.bitmap_index = 30459, .adv_w = 135, .box_w = 5, .box_h = 1, .ofs_x = 2, .ofs_y = 3},
    {.bitmap_index = 30462, .adv_w = 135, .box_w = 9, .box_h = 1, .ofs_x = 0, .ofs_y = 3},
    {.bitmap_index = 30467, .adv_w = 135, .box_w = 9, .box_h = 1, .ofs_x = 0, .ofs_y = 3},
    {.bitmap_index = 30472, .adv_w = 135, .box_w = 6, .box_h = 15, .ofs_x = 1, .ofs_y = -4},
    {.bitmap_index = 30517, .adv_w = 135, .box_w = 9, .box_h = 3, .ofs_x = 0, .ofs_y = -4},
    {.bitmap_index = 30531, .adv_w = 135, .box_w = 3, .box_h = 5, .ofs_x = 3, .ofs_y = 6},
    {.bitmap_index = 30539, .adv_w = 135, .box_w = 3, .box_h = 5, .ofs_x = 3, .ofs_y = 6},
    {.bitmap_index = 30547, .adv_w = 135, .box_w = 4, .box_h = 5, .ofs_x = 2, .ofs_y = -2},
    {.bitmap_index = 30557, .adv_w = 135, .box_w = 3, .box_h = 5, .ofs_x = 3, .ofs_y = 6},
    {.bitmap_index = 30565, .adv_w = 135, .box_w = 6, .box_h = 5, .ofs_x = 1, .ofs_y = 6},
    {.bitmap_index = 30580, .adv_w = 135, .box_w = 6, .box_h = 5, .ofs_x = 1, .ofs_y = 6},
    {.bitmap_index = 30595, .adv_w = 135, .box_w = 6, .box_h = 5, .ofs_x = 1, .ofs_y = -2},
    {.bitmap_index = 30610, .adv_w = 135, .box_w = 6, .box_h = 5, .ofs_x = 1, .ofs_y = 6},
    {.bitmap_index = 30625, .adv_w = 135, .box_w = 7, .box_h = 12, .ofs_x = 1, .ofs_y = -2},
    {.bitmap_index = 30667, .adv_w = 135, .box_w = 7, .box_h = 12, .ofs_x = 1, .ofs_y = -2},
    {.bitmap_index = 30709, .adv_w = 135, .box_w = 5, .box_h = 5, .ofs_x = 2, .ofs_y = 3},
    {.bitmap_index = 30722, .adv_w = 135, .box_w = 5, .box_h = 6, .ofs_x = 2, .ofs_y = 2},
    {.bitmap_index = 30737, .adv_w = 135, .box_w = 3, .box_h = 3, .ofs_x = 3, .ofs_y = 0},
    {.bitmap_index = 30742, .adv_w = 135, .box_w = 6, .box_h = 3, .ofs_x = 1, .ofs_y = 0},
    {.bitmap_index = 30751, .adv_w = 135, .box_w = 8, .box_h = 3, .ofs_x = 0, .ofs_y = 0},
    {.bitmap_index = 30763, .adv_w = 135, .box_w = 3, .box_h = 3, .ofs_x = 3, .ofs_y = 4},
    {.bitmap_index = 30768, .adv_w = 135, .box_w = 0, .box_h = 0, .ofs_x = 0, .ofs_y = 0},
    {.bitmap_index = 30768, .adv_w = 135, .box_w = 9, .box_h = 10, .ofs_x = 0, .ofs_y = 0},
    {.bitmap_index = 30813, .adv_w = 135, .box_w = 9, .box_h = 10, .ofs_x = 0, .ofs_y = 0},
    {.bitmap_index = 30858, .adv_w = 135, .box_w = 4, .box_h = 3, .ofs_x = 2, .ofs_y = 7},
    {.bitmap_index = 30864, .adv_w = 135, .box_w = 6, .box_h = 3, .ofs_x = 1, .ofs_y = 7},
    {.bitmap_index = 30873, .adv_w = 135, .box_w = 8, .box_h = 3, .ofs_x = 0, .ofs_y = 7},
    {.bitmap_index = 30885, .adv_w = 135, .box_w = 4, .box_h = 3, .ofs_x = 2, .ofs_y = 7},
    {.bitmap_index = 30891, .adv_w = 135, .box_w = 6, .box_h = 3, .ofs_x = 1, .ofs_y = 7},
    {.bitmap_index = 30900, .adv_w = 135, .box_w = 8, .box_h = 3, .ofs_x = 0, .ofs_y = 7},
    {.bitmap_index = 30912, .adv_w = 135, .box_w = 4, .box_h = 8, .ofs_x = 1, .ofs_y = 0},
    {.bitmap_index = 30928, .adv_w = 135, .box_w = 4, .box_h = 8, .ofs_x = 3, .ofs_y = 0},
    {.bitmap_index = 30944, .adv_w = 135, .box_w = 7, .box_h = 10, .ofs_x = 1, .ofs_y = 0},
    {.bitmap_index = 30979, .adv_w = 135, .box_w = 7, .box_h = 10, .ofs_x = 1, .ofs_y = 0},
    {.bitmap_index = 31014, .adv_w = 135, .box_w = 9, .box_h = 1, .ofs_x = 0, .ofs_y = 10},
    {.bitmap_index = 31019, .adv_w = 135, .box_w = 10, .box_h = 3, .ofs_x = -1, .ofs_y = -3},
    {.bitmap_index = 31034, .adv_w = 135, .box_w = 8, .box_h = 12, .ofs_x = 0, .ofs_y = 1},
    {.bitmap_index = 31082, .adv_w = 135, .box_w = 4, .box_h = 13, .ofs_x = 3, .ofs_y = -2},
    {.bitmap_index = 31108, .adv_w = 135, .box_w = 4, .box_h = 13, .ofs_x = 2, .ofs_y = -2},
    {.bitmap_index = 31134, .adv_w = 135, .box_w = 9, .box_h = 10, .ofs_x = 0, .ofs_y = 0},
    {.bitmap_index = 31179, .adv_w = 135, .box_w = 8, .box_h = 10, .ofs_x = 0, .ofs_y = 0},
    {.bitmap_index = 31219, .adv_w = 135, .box_w = 8, .box_h = 10, .ofs_x = 1, .ofs_y = 0},
    {.bitmap_index = 31259, .adv_w = 135, .box_w = 7, .box_h = 12, .ofs_x = 1, .ofs_y = -2},
    {.bitmap_index = 31301, .adv_w = 135, .box_w = 0, .box_h = 0, .ofs_x = 0, .ofs_y = 0},
    {.bitmap_index = 31301, .adv_w = 135, .box_w = 5, .box_h = 5, .ofs_x = 2, .ofs_y = 8},
    {.bitmap_index = 31314, .adv_w = 135, .box_w = 6, .box_h = 5, .ofs_x = 1, .ofs_y = 8},
    {.bitmap_index = 31329, .adv_w = 135, .box_w = 5, .box_h = 5, .ofs_x = 2, .ofs_y = 8},
    {.bitmap_index = 31342, .adv_w = 135, .box_w = 5, .box_h = 5, .ofs_x = 2, .ofs_y = 8},
    {.bitmap_index = 31355, .adv_w = 135, .box_w = 5, .box_h = 5, .ofs_x = 2, .ofs_y = 8},
    {.bitmap_index = 31368, .adv_w = 135, .box_w = 5, .box_h = 5, .ofs_x = 2, .ofs_y = 8},
    {.bitmap_index = 31381, .adv_w = 135, .box_w = 5, .box_h = 5, .ofs_x = 2, .ofs_y = 8},
    {.bitmap_index = 31394, .adv_w = 135, .box_w = 6, .box_h = 5, .ofs_x = 1, .ofs_y = 5},
    {.bitmap_index = 31409, .adv_w = 135, .box_w = 6, .box_h = 1, .ofs_x = 1, .ofs_y = 7},
    {.bitmap_index = 31412, .adv_w = 135, .box_w = 6, .box_h = 3, .ofs_x = 1, .ofs_y = 6},
    {.bitmap_index = 31421, .adv_w = 135, .box_w = 3, .box_h = 7, .ofs_x = 3, .ofs_y = 4},
    {.bitmap_index = 31432, .adv_w = 135, .box_w = 3, .box_h = 7, .ofs_x = 3, .ofs_y = 4},
    {.bitmap_index = 31443, .adv_w = 135, .box_w = 6, .box_h = 5, .ofs_x = 1, .ofs_y = 0},
    {.bitmap_index = 31458, .adv_w = 135, .box_w = 6, .box_h = 1, .ofs_x = 1, .ofs_y = 2},
    {.bitmap_index = 31461, .adv_w = 135, .box_w = 6, .box_h = 3, .ofs_x = 1, .ofs_y = 1},
    {.bitmap_index = 31470, .adv_w = 135, .box_w = 3, .box_h = 8, .ofs_x = 3, .ofs_y = -2},
    {.bitmap_index = 31482, .adv_w = 135, .box_w = 3, .box_h = 8, .ofs_x = 3, .ofs_y = -2},
    {.bitmap_index = 31494, .adv_w = 135, .box_w = 9, .box_h = 10, .ofs_x = 0, .ofs_y = 0},
    {.bitmap_index = 31539, .adv_w = 135, .box_w = 8, .box_h = 12, .ofs_x = 0, .ofs_y = -1},
    {.bitmap_index = 31587, .adv_w = 135, .box_w = 8, .box_h = 10, .ofs_x = 0, .ofs_y = 0},
    {.bitmap_index = 31627, .adv_w = 135, .box_w = 8, .box_h = 10, .ofs_x = 0, .ofs_y = 0},
    {.bitmap_index = 31667, .adv_w = 135, .box_w = 8, .box_h = 10, .ofs_x = 0, .ofs_y = 0},
    {.bitmap_index = 31707, .adv_w = 135, .box_w = 8, .box_h = 11, .ofs_x = 0, .ofs_y = -2},
    {.bitmap_index = 31751, .adv_w = 135, .box_w = 9, .box_h = 10, .ofs_x = 0, .ofs_y = 0},
    {.bitmap_index = 31796, .adv_w = 135, .box_w = 9, .box_h = 10, .ofs_x = 0, .ofs_y = 0},
    {.bitmap_index = 31841, .adv_w = 135, .box_w = 9, .box_h = 10, .ofs_x = 0, .ofs_y = 0},
    {.bitmap_index = 31886, .adv_w = 135, .box_w = 9, .box_h = 10, .ofs_x = 0, .ofs_y = 0},
    {.bitmap_index = 31931, .adv_w = 135, .box_w = 9, .box_h = 10, .ofs_x = 0, .ofs_y = 0},
    {.bitmap_index = 31976, .adv_w = 135, .box_w = 9, .box_h = 14, .ofs_x = 1, .ofs_y = -3},
    {.bitmap_index = 32039, .adv_w = 135, .box_w = 8, .box_h = 10, .ofs_x = 0, .ofs_y = 0},
    {.bitmap_index = 32079, .adv_w = 135, .box_w = 9, .box_h = 10, .ofs_x = 0, .ofs_y = 0},
    {.bitmap_index = 32124, .adv_w = 135, .box_w = 9, .box_h = 10, .ofs_x = 0, .ofs_y = 0},
    {.bitmap_index = 32169, .adv_w = 135, .box_w = 9, .box_h = 13, .ofs_x = 0, .ofs_y = -3},
    {.bitmap_index = 32228, .adv_w = 135, .box_w = 8, .box_h = 10, .ofs_x = 0, .ofs_y = 0},
    {.bitmap_index = 32268, .adv_w = 135, .box_w = 9, .box_h = 10, .ofs_x = 0, .ofs_y = 0},
    {.bitmap_index = 32313, .adv_w = 135, .box_w = 8, .box_h = 13, .ofs_x = 0, .ofs_y = -1},
    {.bitmap_index = 32365, .adv_w = 135, .box_w = 9, .box_h = 10, .ofs_x = 0, .ofs_y = 0},
    {.bitmap_index = 32410, .adv_w = 135, .box_w = 9, .box_h = 10, .ofs_x = 0, .ofs_y = 0},
    {.bitmap_index = 32455, .adv_w = 135, .box_w = 8, .box_h = 13, .ofs_x = 0, .ofs_y = -2},
    {.bitmap_index = 32507, .adv_w = 135, .box_w = 9, .box_h = 11, .ofs_x = 0, .ofs_y = -1},
    {.bitmap_index = 32557, .adv_w = 135, .box_w = 9, .box_h = 10, .ofs_x = 0, .ofs_y = 0},
    {.bitmap_index = 32602, .adv_w = 135, .box_w = 8, .box_h = 11, .ofs_x = 0, .ofs_y = 0},
    {.bitmap_index = 32646, .adv_w = 135, .box_w = 8, .box_h = 11, .ofs_x = 0, .ofs_y = 0},
    {.bitmap_index = 32690, .adv_w = 135, .box_w = 8, .box_h = 5, .ofs_x = 0, .ofs_y = 6},
    {.bitmap_index = 32710, .adv_w = 135, .box_w = 9, .box_h = 10, .ofs_x = 0, .ofs_y = 0},
    {.bitmap_index = 32755, .adv_w = 135, .box_w = 8, .box_h = 14, .ofs_x = 0, .ofs_y = -2},
    {.bitmap_index = 32811, .adv_w = 135, .box_w = 8, .box_h = 14, .ofs_x = 0, .ofs_y = -2},
    {.bitmap_index = 32867, .adv_w = 135, .box_w = 8, .box_h = 14, .ofs_x = 0, .ofs_y = -2},
    {.bitmap_index = 32923, .adv_w = 135, .box_w = 8, .box_h = 14, .ofs_x = 0, .ofs_y = -2},
    {.bitmap_index = 32979, .adv_w = 135, .box_w = 8, .box_h = 14, .ofs_x = 0, .ofs_y = -2},
    {.bitmap_index = 33035, .adv_w = 135, .box_w = 8, .box_h = 14, .ofs_x = 0, .ofs_y = -2},
    {.bitmap_index = 33091, .adv_w = 135, .box_w = 8, .box_h = 14, .ofs_x = 0, .ofs_y = -2},
    {.bitmap_index = 33147, .adv_w = 135, .box_w = 8, .box_h = 14, .ofs_x = 0, .ofs_y = -2},
    {.bitmap_index = 33203, .adv_w = 135, .box_w = 8, .box_h = 14, .ofs_x = 0, .ofs_y = -2},
    {.bitmap_index = 33259, .adv_w = 135, .box_w = 8, .box_h = 14, .ofs_x = 0, .ofs_y = -2},
    {.bitmap_index = 33315, .adv_w = 135, .box_w = 8, .box_h = 14, .ofs_x = 0, .ofs_y = -2},
    {.bitmap_index = 33371, .adv_w = 135, .box_w = 8, .box_h = 14, .ofs_x = 0, .ofs_y = -2},
    {.bitmap_index = 33427, .adv_w = 135, .box_w = 8, .box_h = 14, .ofs_x = 0, .ofs_y = -2},
    {.bitmap_index = 33483, .adv_w = 135, .box_w = 8, .box_h = 14, .ofs_x = 0, .ofs_y = -2},
    {.bitmap_index = 33539, .adv_w = 135, .box_w = 8, .box_h = 10, .ofs_x = 0, .ofs_y = 3},
    {.bitmap_index = 33579, .adv_w = 135, .box_w = 9, .box_h = 5, .ofs_x = 0, .ofs_y = 2},
    {.bitmap_index = 33602, .adv_w = 135, .box_w = 5, .box_h = 8, .ofs_x = 2, .ofs_y = 0},
    {.bitmap_index = 33622, .adv_w = 135, .box_w = 8, .box_h = 5, .ofs_x = 0, .ofs_y = 2},
    {.bitmap_index = 33642, .adv_w = 135, .box_w = 5, .box_h = 8, .ofs_x = 2, .ofs_y = 0},
    {.bitmap_index = 33662, .adv_w = 135, .box_w = 8, .box_h = 5, .ofs_x = 0, .ofs_y = 1},
    {.bitmap_index = 33682, .adv_w = 135, .box_w = 5, .box_h = 8, .ofs_x = 2, .ofs_y = 0},
    {.bitmap_index = 33702, .adv_w = 135, .box_w = 7, .box_h = 6, .ofs_x = 1, .ofs_y = 0},
    {.bitmap_index = 33723, .adv_w = 135, .box_w = 6, .box_h = 6, .ofs_x = 1, .ofs_y = 0},
    {.bitmap_index = 33741, .adv_w = 135, .box_w = 6, .box_h = 6, .ofs_x = 1, .ofs_y = 0},
    {.bitmap_index = 33759, .adv_w = 135, .box_w = 7, .box_h = 6, .ofs_x = 1, .ofs_y = 0},
    {.bitmap_index = 33780, .adv_w = 135, .box_w = 8, .box_h = 5, .ofs_x = 0, .ofs_y = 1},
    {.bitmap_index = 33800, .adv_w = 135, .box_w = 8, .box_h = 5, .ofs_x = 0, .ofs_y = 1},
    {.bitmap_index = 33820, .adv_w = 135, .box_w = 9, .box_h = 4, .ofs_x = 0, .ofs_y = 2},
    {.bitmap_index = 33838, .adv_w = 135, .box_w = 8, .box_h = 4, .ofs_x = 0, .ofs_y = 2},
    {.bitmap_index = 33854, .adv_w = 135, .box_w = 8, .box_h = 5, .ofs_x = 0, .ofs_y = 1},
    {.bitmap_index = 33874, .adv_w = 135, .box_w = 5, .box_h = 8, .ofs_x = 2, .ofs_y = 0},
    {.bitmap_index = 33894, .adv_w = 135, .box_w = 8, .box_h = 5, .ofs_x = 0, .ofs_y = 1},
    {.bitmap_index = 33914, .adv_w = 135, .box_w = 5, .box_h = 8, .ofs_x = 2, .ofs_y = 0},
    {.bitmap_index = 33934, .adv_w = 135, .box_w = 8, .box_h = 5, .ofs_x = 0, .ofs_y = 1},
    {.bitmap_index = 33954, .adv_w = 135, .box_w = 8, .box_h = 5, .ofs_x = 0, .ofs_y = 1},
    {.bitmap_index = 33974, .adv_w = 135, .box_w = 8, .box_h = 6, .ofs_x = 0, .ofs_y = 1},
    {.bitmap_index = 33998, .adv_w = 135, .box_w = 6, .box_h = 8, .ofs_x = 1, .ofs_y = 0},
    {.bitmap_index = 34022, .adv_w = 135, .box_w = 9, .box_h = 6, .ofs_x = 0, .ofs_y = 1},
    {.bitmap_index = 34049, .adv_w = 135, .box_w = 6, .box_h = 9, .ofs_x = 1, .ofs_y = -1},
    {.bitmap_index = 34076, .adv_w = 135, .box_w = 6, .box_h = 8, .ofs_x = 1, .ofs_y = 0},
    {.bitmap_index = 34100, .adv_w = 135, .box_w = 8, .box_h = 7, .ofs_x = 0, .ofs_y = 1},
    {.bitmap_index = 34128, .adv_w = 135, .box_w = 9, .box_h = 7, .ofs_x = 0, .ofs_y = 1},
    {.bitmap_index = 34160, .adv_w = 135, .box_w = 8, .box_h = 7, .ofs_x = 0, .ofs_y = 1},
    {.bitmap_index = 34188, .adv_w = 135, .box_w = 8, .box_h = 7, .ofs_x = 0, .ofs_y = 1},
    {.bitmap_index = 34216, .adv_w = 135, .box_w = 8, .box_h = 6, .ofs_x = 0, .ofs_y = 1},
    {.bitmap_index = 34240, .adv_w = 135, .box_w = 8, .box_h = 6, .ofs_x = 0, .ofs_y = 1},
    {.bitmap_index = 34264, .adv_w = 135, .box_w = 8, .box_h = 10, .ofs_x = 0, .ofs_y = 0},
    {.bitmap_index = 34304, .adv_w = 135, .box_w = 7, .box_h = 10, .ofs_x = 1, .ofs_y = 0},
    {.bitmap_index = 34339, .adv_w = 135, .box_w = 6, .box_h = 10, .ofs_x = 1, .ofs_y = 0},
    {.bitmap_index = 34369, .adv_w = 135, .box_w = 7, .box_h = 10, .ofs_x = 1, .ofs_y = 0},
    {.bitmap_index = 34404, .adv_w = 135, .box_w = 6, .box_h = 10, .ofs_x = 1, .ofs_y = 0},
    {.bitmap_index = 34434, .adv_w = 135, .box_w = 6, .box_h = 9, .ofs_x = 1, .ofs_y = -1},
    {.bitmap_index = 34461, .adv_w = 135, .box_w = 8, .box_h = 7, .ofs_x = 0, .ofs_y = 0},
    {.bitmap_index = 34489, .adv_w = 135, .box_w = 8, .box_h = 5, .ofs_x = 0, .ofs_y = 2},
    {.bitmap_index = 34509, .adv_w = 135, .box_w = 9, .box_h = 5, .ofs_x = 0, .ofs_y = 2},
    {.bitmap_index = 34532, .adv_w = 135, .box_w = 9, .box_h = 8, .ofs_x = 0, .ofs_y = 0},
    {.bitmap_index = 34568, .adv_w = 135, .box_w = 9, .box_h = 9, .ofs_x = 0, .ofs_y = 0},
    {.bitmap_index = 34609, .adv_w = 135, .box_w = 9, .box_h = 7, .ofs_x = 0, .ofs_y = 0},
    {.bitmap_index = 34641, .adv_w = 135, .box_w = 8, .box_h = 7, .ofs_x = 0, .ofs_y = 0},
    {.bitmap_index = 34669, .adv_w = 135, .box_w = 8, .box_h = 3, .ofs_x = 0, .ofs_y = 3},
    {.bitmap_index = 34681, .adv_w = 135, .box_w = 8, .box_h = 4, .ofs_x = 0, .ofs_y = 1},
    {.bitmap_index = 34697, .adv_w = 135, .box_w = 4, .box_h = 8, .ofs_x = 3, .ofs_y = 0},
    {.bitmap_index = 34713, .adv_w = 135, .box_w = 3, .box_h = 8, .ofs_x = 2, .ofs_y = 0},
    {.bitmap_index = 34725, .adv_w = 135, .box_w = 8, .box_h = 3, .ofs_x = 0, .ofs_y = 3},
    {.bitmap_index = 34737, .adv_w = 135, .box_w = 8, .box_h = 4, .ofs_x = 0, .ofs_y = 1},
    {.bitmap_index = 34753, .adv_w = 135, .box_w = 4, .box_h = 8, .ofs_x = 3, .ofs_y = 0},
    {.bitmap_index = 34769, .adv_w = 135, .box_w = 4, .box_h = 8, .ofs_x = 2, .ofs_y = 0},
    {.bitmap_index = 34785, .adv_w = 135, .box_w = 8, .box_h = 8, .ofs_x = 0, .ofs_y = 0},
    {.bitmap_index = 34817, .adv_w = 135, .box_w = 8, .box_h = 8, .ofs_x = 0, .ofs_y = 0},
    {.bitmap_index = 34849, .adv_w = 135, .box_w = 8, .box_h = 8, .ofs_x = 0, .ofs_y = 0},
    {.bitmap_index = 34881, .adv_w = 135, .box_w = 8, .box_h = 8, .ofs_x = 0, .ofs_y = 0},
    {.bitmap_index = 34913, .adv_w = 135, .box_w = 8, .box_h = 8, .ofs_x = 0, .ofs_y = 0},
    {.bitmap_index = 34945, .adv_w = 135, .box_w = 8, .box_h = 8, .ofs_x = 0, .ofs_y = 0},
    {.bitmap_index = 34977, .adv_w = 135, .box_w = 8, .box_h = 8, .ofs_x = 0, .ofs_y = 0},
    {.bitmap_index = 35009, .adv_w = 135, .box_w = 8, .box_h = 7, .ofs_x = 0, .ofs_y = 0},
    {.bitmap_index = 35037, .adv_w = 135, .box_w = 8, .box_h = 7, .ofs_x = 0, .ofs_y = 0},
    {.bitmap_index = 35065, .adv_w = 135, .box_w = 8, .box_h = 6, .ofs_x = 0, .ofs_y = 1},
    {.bitmap_index = 35089, .adv_w = 135, .box_w = 8, .box_h = 6, .ofs_x = 0, .ofs_y = 1},
    {.bitmap_index = 35113, .adv_w = 135, .box_w = 8, .box_h = 6, .ofs_x = 0, .ofs_y = 1},
    {.bitmap_index = 35137, .adv_w = 135, .box_w = 8, .box_h = 6, .ofs_x = 0, .ofs_y = 1},
    {.bitmap_index = 35161, .adv_w = 135, .box_w = 6, .box_h = 8, .ofs_x = 1, .ofs_y = 0},
    {.bitmap_index = 35185, .adv_w = 135, .box_w = 8, .box_h = 6, .ofs_x = 0, .ofs_y = 1},
    {.bitmap_index = 35209, .adv_w = 135, .box_w = 6, .box_h = 8, .ofs_x = 1, .ofs_y = 0},
    {.bitmap_index = 35233, .adv_w = 135, .box_w = 8, .box_h = 6, .ofs_x = 0, .ofs_y = 1},
    {.bitmap_index = 35257, .adv_w = 135, .box_w = 6, .box_h = 8, .ofs_x = 1, .ofs_y = 0},
    {.bitmap_index = 35281, .adv_w = 135, .box_w = 7, .box_h = 7, .ofs_x = 1, .ofs_y = -1},
    {.bitmap_index = 35306, .adv_w = 135, .box_w = 8, .box_h = 7, .ofs_x = 0, .ofs_y = -1},
    {.bitmap_index = 35334, .adv_w = 135, .box_w = 8, .box_h = 7, .ofs_x = 0, .ofs_y = 0},
    {.bitmap_index = 35362, .adv_w = 135, .box_w = 7, .box_h = 7, .ofs_x = 1, .ofs_y = 0},
    {.bitmap_index = 35387, .adv_w = 135, .box_w = 8, .box_h = 6, .ofs_x = 0, .ofs_y = 1},
    {.bitmap_index = 35411, .adv_w = 135, .box_w = 8, .box_h = 6, .ofs_x = 0, .ofs_y = 1},
    {.bitmap_index = 35435, .adv_w = 135, .box_w = 8, .box_h = 5, .ofs_x = 0, .ofs_y = 1},
    {.bitmap_index = 35455, .adv_w = 135, .box_w = 8, .box_h = 5, .ofs_x = 0, .ofs_y = 1},
    {.bitmap_index = 35475, .adv_w = 135, .box_w = 9, .box_h = 5, .ofs_x = 0, .ofs_y = 1},
    {.bitmap_index = 35498, .adv_w = 135, .box_w = 5, .box_h = 8, .ofs_x = 2, .ofs_y = 0},
    {.bitmap_index = 35518, .adv_w = 135, .box_w = 8, .box_h = 5, .ofs_x = 0, .ofs_y = 1},
    {.bitmap_index = 35538, .adv_w = 135, .box_w = 5, .box_h = 8, .ofs_x = 2, .ofs_y = 0},
    {.bitmap_index = 35558, .adv_w = 135, .box_w = 9, .box_h = 6, .ofs_x = 0, .ofs_y = 1},
    {.bitmap_index = 35585, .adv_w = 135, .box_w = 8, .box_h = 6, .ofs_x = 0, .ofs_y = 1},
    {.bitmap_index = 35609, .adv_w = 135, .box_w = 8, .box_h = 6, .ofs_x = 0, .ofs_y = 1},
    {.bitmap_index = 35633, .adv_w = 135, .box_w = 6, .box_h = 8, .ofs_x = 1, .ofs_y = 0},
    {.bitmap_index = 35657, .adv_w = 135, .box_w = 9, .box_h = 6, .ofs_x = 0, .ofs_y = 1},
    {.bitmap_index = 35684, .adv_w = 135, .box_w = 6, .box_h = 8, .ofs_x = 1, .ofs_y = 0},
    {.bitmap_index = 35708, .adv_w = 135, .box_w = 6, .box_h = 8, .ofs_x = 1, .ofs_y = 0},
    {.bitmap_index = 35732, .adv_w = 135, .box_w = 6, .box_h = 8, .ofs_x = 1, .ofs_y = 0},
    {.bitmap_index = 35756, .adv_w = 135, .box_w = 6, .box_h = 8, .ofs_x = 1, .ofs_y = 0},
    {.bitmap_index = 35780, .adv_w = 135, .box_w = 6, .box_h = 8, .ofs_x = 1, .ofs_y = 0},
    {.bitmap_index = 35804, .adv_w = 135, .box_w = 6, .box_h = 8, .ofs_x = 1, .ofs_y = 0},
    {.bitmap_index = 35828, .adv_w = 135, .box_w = 9, .box_h = 6, .ofs_x = 0, .ofs_y = 1},
    {.bitmap_index = 35855, .adv_w = 135, .box_w = 8, .box_h = 8, .ofs_x = 0, .ofs_y = 0},
    {.bitmap_index = 35887, .adv_w = 135, .box_w = 8, .box_h = 8, .ofs_x = 0, .ofs_y = 0},
    {.bitmap_index = 35919, .adv_w = 135, .box_w = 6, .box_h = 8, .ofs_x = 1, .ofs_y = 0},
    {.bitmap_index = 35943, .adv_w = 135, .box_w = 8, .box_h = 6, .ofs_x = 0, .ofs_y = 1},
    {.bitmap_index = 35967, .adv_w = 135, .box_w = 8, .box_h = 8, .ofs_x = 0, .ofs_y = 0},
    {.bitmap_index = 35999, .adv_w = 135, .box_w = 8, .box_h = 12, .ofs_x = 0, .ofs_y = -2},
    {.bitmap_index = 36047, .adv_w = 135, .box_w = 8, .box_h = 6, .ofs_x = 0, .ofs_y = 1},
    {.bitmap_index = 36071, .adv_w = 135, .box_w = 8, .box_h = 6, .ofs_x = 0, .ofs_y = 1},
    {.bitmap_index = 36095, .adv_w = 135, .box_w = 8, .box_h = 6, .ofs_x = 0, .ofs_y = 1},
    {.bitmap_index = 36119, .adv_w = 135, .box_w = 8, .box_h = 6, .ofs_x = 0, .ofs_y = 1},
    {.bitmap_index = 36143, .adv_w = 135, .box_w = 8, .box_h = 6, .ofs_x = 0, .ofs_y = 1},
    {.bitmap_index = 36167, .adv_w = 135, .box_w = 8, .box_h = 6, .ofs_x = 0, .ofs_y = 1},
    {.bitmap_index = 36191, .adv_w = 135, .box_w = 8, .box_h = 6, .ofs_x = 0, .ofs_y = 1},
    {.bitmap_index = 36215, .adv_w = 135, .box_w = 9, .box_h = 6, .ofs_x = 0, .ofs_y = 1},
    {.bitmap_index = 36242, .adv_w = 135, .box_w = 9, .box_h = 6, .ofs_x = 0, .ofs_y = 1},
    {.bitmap_index = 36269, .adv_w = 135, .box_w = 9, .box_h = 11, .ofs_x = 0, .ofs_y = -1},
    {.bitmap_index = 36319, .adv_w = 135, .box_w = 8, .box_h = 12, .ofs_x = 0, .ofs_y = -1},
    {.bitmap_index = 36367, .adv_w = 135, .box_w = 7, .box_h = 9, .ofs_x = 1, .ofs_y = 0},
    {.bitmap_index = 36399, .adv_w = 135, .box_w = 7, .box_h = 11, .ofs_x = 1, .ofs_y = 0},
    {.bitmap_index = 36438, .adv_w = 135, .box_w = 7, .box_h = 12, .ofs_x = 1, .ofs_y = -1},
    {.bitmap_index = 36480, .adv_w = 135, .box_w = 9, .box_h = 9, .ofs_x = 0, .ofs_y = 0},
    {.bitmap_index = 36521, .adv_w = 135, .box_w = 10, .box_h = 10, .ofs_x = -1, .ofs_y = 0},
    {.bitmap_index = 36571, .adv_w = 135, .box_w = 10, .box_h = 10, .ofs_x = -1, .ofs_y = 0},
    {.bitmap_index = 36621, .adv_w = 135, .box_w = 8, .box_h = 11, .ofs_x = 0, .ofs_y = 0},
    {.bitmap_index = 36665, .adv_w = 135, .box_w = 8, .box_h = 14, .ofs_x = 0, .ofs_y = -2},
    {.bitmap_index = 36721, .adv_w = 135, .box_w = 8, .box_h = 7, .ofs_x = 0, .ofs_y = 1},
    {.bitmap_index = 36749, .adv_w = 135, .box_w = 8, .box_h = 11, .ofs_x = 0, .ofs_y = 0},
    {.bitmap_index = 36793, .adv_w = 135, .box_w = 8, .box_h = 14, .ofs_x = 0, .ofs_y = -2},
    {.bitmap_index = 36849, .adv_w = 135, .box_w = 8, .box_h = 7, .ofs_x = 0, .ofs_y = 1},
    {.bitmap_index = 36877, .adv_w = 135, .box_w = 6, .box_h = 9, .ofs_x = 1, .ofs_y = 0},
    {.bitmap_index = 36904, .adv_w = 135, .box_w = 7, .box_h = 15, .ofs_x = 1, .ofs_y = -4},
    {.bitmap_index = 36957, .adv_w = 135, .box_w = 7, .box_h = 14, .ofs_x = 1, .ofs_y = -3},
    {.bitmap_index = 37006, .adv_w = 135, .box_w = 8, .box_h = 14, .ofs_x = 0, .ofs_y = -3},
    {.bitmap_index = 37062, .adv_w = 135, .box_w = 8, .box_h = 2, .ofs_x = 0, .ofs_y = 3},
    {.bitmap_index = 37070, .adv_w = 135, .box_w = 8, .box_h = 8, .ofs_x = 0, .ofs_y = 0},
    {.bitmap_index = 37102, .adv_w = 135, .box_w = 8, .box_h = 13, .ofs_x = 0, .ofs_y = -2},
    {.bitmap_index = 37154, .adv_w = 135, .box_w = 7, .box_h = 7, .ofs_x = 1, .ofs_y = 1},
    {.bitmap_index = 37179, .adv_w = 135, .box_w = 5, .box_h = 5, .ofs_x = 2, .ofs_y = 2},
    {.bitmap_index = 37192, .adv_w = 135, .box_w = 3, .box_h = 3, .ofs_x = 3, .ofs_y = 3},
    {.bitmap_index = 37197, .adv_w = 135, .box_w = 9, .box_h = 13, .ofs_x = 0, .ofs_y = -1},
    {.bitmap_index = 37256, .adv_w = 135, .box_w = 9, .box_h = 14, .ofs_x = 0, .ofs_y = -1},
    {.bitmap_index = 37319, .adv_w = 135, .box_w = 8, .box_h = 14, .ofs_x = 0, .ofs_y = -1},
    {.bitmap_index = 37375, .adv_w = 135, .box_w = 7, .box_h = 6, .ofs_x = 1, .ofs_y = 1},
    {.bitmap_index = 37396, .adv_w = 135, .box_w = 9, .box_h = 6, .ofs_x = 0, .ofs_y = 1},
    {.bitmap_index = 37423, .adv_w = 135, .box_w = 8, .box_h = 8, .ofs_x = 0, .ofs_y = 1},
    {.bitmap_index = 37455, .adv_w = 135, .box_w = 8, .box_h = 8, .ofs_x = 0, .ofs_y = 1},
    {.bitmap_index = 37487, .adv_w = 135, .box_w = 2, .box_h = 15, .ofs_x = 3, .ofs_y = -4},
    {.bitmap_index = 37502, .adv_w = 135, .box_w = 7, .box_h = 9, .ofs_x = 1, .ofs_y = 0},
    {.bitmap_index = 37534, .adv_w = 135, .box_w = 7, .box_h = 9, .ofs_x = 1, .ofs_y = 0},
    {.bitmap_index = 37566, .adv_w = 135, .box_w = 7, .box_h = 9, .ofs_x = 1, .ofs_y = 0},
    {.bitmap_index = 37598, .adv_w = 135, .box_w = 7, .box_h = 9, .ofs_x = 1, .ofs_y = 0},
    {.bitmap_index = 37630, .adv_w = 135, .box_w = 8, .box_h = 14, .ofs_x = 0, .ofs_y = -3},
    {.bitmap_index = 37686, .adv_w = 135, .box_w = 8, .box_h = 16, .ofs_x = 0, .ofs_y = -3},
    {.bitmap_index = 37750, .adv_w = 135, .box_w = 9, .box_h = 16, .ofs_x = 0, .ofs_y = -3},
    {.bitmap_index = 37822, .adv_w = 135, .box_w = 7, .box_h = 8, .ofs_x = 1, .ofs_y = 0},
    {.bitmap_index = 37850, .adv_w = 135, .box_w = 7, .box_h = 8, .ofs_x = 1, .ofs_y = 0},
    {.bitmap_index = 37878, .adv_w = 135, .box_w = 3, .box_h = 8, .ofs_x = 3, .ofs_y = 0},
    {.bitmap_index = 37890, .adv_w = 135, .box_w = 7, .box_h = 8, .ofs_x = 1, .ofs_y = 0},
    {.bitmap_index = 37918, .adv_w = 135, .box_w = 8, .box_h = 5, .ofs_x = 0, .ofs_y = 3},
    {.bitmap_index = 37938, .adv_w = 135, .box_w = 9, .box_h = 8, .ofs_x = 0, .ofs_y = 0},
    {.bitmap_index = 37974, .adv_w = 135, .box_w = 8, .box_h = 8, .ofs_x = 0, .ofs_y = 0},
    {.bitmap_index = 38006, .adv_w = 135, .box_w = 8, .box_h = 8, .ofs_x = 0, .ofs_y = 0},
    {.bitmap_index = 38038, .adv_w = 135, .box_w = 8, .box_h = 3, .ofs_x = 0, .ofs_y = 3},
    {.bitmap_index = 38050, .adv_w = 135, .box_w = 8, .box_h = 3, .ofs_x = 0, .ofs_y = 3},
    {.bitmap_index = 38062, .adv_w = 135, .box_w = 8, .box_h = 8, .ofs_x = 0, .ofs_y = 0},
    {.bitmap_index = 38094, .adv_w = 135, .box_w = 8, .box_h = 5, .ofs_x = 0, .ofs_y = 2},
    {.bitmap_index = 38114, .adv_w = 135, .box_w = 8, .box_h = 5, .ofs_x = 0, .ofs_y = 2},
    {.bitmap_index = 38134, .adv_w = 135, .box_w = 8, .box_h = 9, .ofs_x = 0, .ofs_y = 0},
    {.bitmap_index = 38170, .adv_w = 135, .box_w = 8, .box_h = 7, .ofs_x = 0, .ofs_y = 1},
    {.bitmap_index = 38198, .adv_w = 135, .box_w = 8, .box_h = 8, .ofs_x = 0, .ofs_y = 0},
    {.bitmap_index = 38230, .adv_w = 135, .box_w = 8, .box_h = 11, .ofs_x = 0, .ofs_y = -1},
    {.bitmap_index = 38274, .adv_w = 135, .box_w = 8, .box_h = 5, .ofs_x = 0, .ofs_y = 2},
    {.bitmap_index = 38294, .adv_w = 135, .box_w = 8, .box_h = 9, .ofs_x = 0, .ofs_y = 0},
    {.bitmap_index = 38330, .adv_w = 135, .box_w = 8, .box_h = 7, .ofs_x = 0, .ofs_y = 1},
    {.bitmap_index = 38358, .adv_w = 135, .box_w = 8, .box_h = 7, .ofs_x = 0, .ofs_y = 1},
    {.bitmap_index = 38386, .adv_w = 135, .box_w = 8, .box_h = 7, .ofs_x = 0, .ofs_y = 1},
    {.bitmap_index = 38414, .adv_w = 135, .box_w = 8, .box_h = 7, .ofs_x = 0, .ofs_y = 1},
    {.bitmap_index = 38442, .adv_w = 135, .box_w = 8, .box_h = 9, .ofs_x = 0, .ofs_y = 0},
    {.bitmap_index = 38478, .adv_w = 135, .box_w = 8, .box_h = 7, .ofs_x = 0, .ofs_y = 2},
    {.bitmap_index = 38506, .adv_w = 135, .box_w = 8, .box_h = 7, .ofs_x = 0, .ofs_y = 2},
    {.bitmap_index = 38534, .adv_w = 135, .box_w = 8, .box_h = 10, .ofs_x = 0, .ofs_y = -1},
    {.bitmap_index = 38574, .adv_w = 135, .box_w = 8, .box_h = 10, .ofs_x = 0, .ofs_y = -1},
    {.bitmap_index = 38614, .adv_w = 135, .box_w = 8, .box_h = 10, .ofs_x = 0, .ofs_y = -1},
    {.bitmap_index = 38654, .adv_w = 135, .box_w = 8, .box_h = 6, .ofs_x = 0, .ofs_y = 1},
    {.bitmap_index = 38678, .adv_w = 135, .box_w = 9, .box_h = 6, .ofs_x = 0, .ofs_y = 1},
    {.bitmap_index = 38705, .adv_w = 135, .box_w = 8, .box_h = 5, .ofs_x = 0, .ofs_y = 2},
    {.bitmap_index = 38725, .adv_w = 135, .box_w = 8, .box_h = 9, .ofs_x = 0, .ofs_y = 2},
    {.bitmap_index = 38761, .adv_w = 135, .box_w = 8, .box_h = 8, .ofs_x = 0, .ofs_y = 2},
    {.bitmap_index = 38793, .adv_w = 135, .box_w = 8, .box_h = 9, .ofs_x = 0, .ofs_y = 2},
    {.bitmap_index = 38829, .adv_w = 135, .box_w = 8, .box_h = 9, .ofs_x = 0, .ofs_y = 2},
    {.bitmap_index = 38865, .adv_w = 135, .box_w = 8, .box_h = 10, .ofs_x = 0, .ofs_y = 2},
    {.bitmap_index = 38905, .adv_w = 135, .box_w = 8, .box_h = 10, .ofs_x = 0, .ofs_y = 2},
    {.bitmap_index = 38945, .adv_w = 135, .box_w = 8, .box_h = 9, .ofs_x = 0, .ofs_y = 2},
    {.bitmap_index = 38981, .adv_w = 135, .box_w = 8, .box_h = 9, .ofs_x = 0, .ofs_y = 2},
    {.bitmap_index = 39017, .adv_w = 135, .box_w = 8, .box_h = 10, .ofs_x = 0, .ofs_y = 2},
    {.bitmap_index = 39057, .adv_w = 135, .box_w = 8, .box_h = 9, .ofs_x = 0, .ofs_y = 0},
    {.bitmap_index = 39093, .adv_w = 135, .box_w = 8, .box_h = 7, .ofs_x = 0, .ofs_y = 1},
    {.bitmap_index = 39121, .adv_w = 135, .box_w = 8, .box_h = 10, .ofs_x = 0, .ofs_y = -1},
    {.bitmap_index = 39161, .adv_w = 135, .box_w = 8, .box_h = 9, .ofs_x = 0, .ofs_y = 0},
    {.bitmap_index = 39197, .adv_w = 135, .box_w = 8, .box_h = 8, .ofs_x = 0, .ofs_y = 0},
    {.bitmap_index = 39229, .adv_w = 135, .box_w = 8, .box_h = 8, .ofs_x = 0, .ofs_y = 0},
    {.bitmap_index = 39261, .adv_w = 135, .box_w = 8, .box_h = 11, .ofs_x = 0, .ofs_y = -2},
    {.bitmap_index = 39305, .adv_w = 135, .box_w = 8, .box_h = 11, .ofs_x = 0, .ofs_y = -2},
    {.bitmap_index = 39349, .adv_w = 135, .box_w = 8, .box_h = 12, .ofs_x = 0, .ofs_y = -3},
    {.bitmap_index = 39397, .adv_w = 135, .box_w = 8, .box_h = 12, .ofs_x = 0, .ofs_y = -3},
    {.bitmap_index = 39445, .adv_w = 135, .box_w = 8, .box_h = 9, .ofs_x = 0, .ofs_y = 0},
    {.bitmap_index = 39481, .adv_w = 135, .box_w = 8, .box_h = 10, .ofs_x = 0, .ofs_y = -1},
    {.bitmap_index = 39521, .adv_w = 135, .box_w = 8, .box_h = 10, .ofs_x = 0, .ofs_y = -1},
    {.bitmap_index = 39561, .adv_w = 135, .box_w = 8, .box_h = 11, .ofs_x = 0, .ofs_y = -2},
    {.bitmap_index = 39605, .adv_w = 135, .box_w = 8, .box_h = 11, .ofs_x = 0, .ofs_y = -2},
    {.bitmap_index = 39649, .adv_w = 135, .box_w = 8, .box_h = 9, .ofs_x = 0, .ofs_y = -1},
    {.bitmap_index = 39685, .adv_w = 135, .box_w = 8, .box_h = 9, .ofs_x = 0, .ofs_y = -1},
    {.bitmap_index = 39721, .adv_w = 135, .box_w = 8, .box_h = 11, .ofs_x = 0, .ofs_y = -2},
    {.bitmap_index = 39765, .adv_w = 135, .box_w = 8, .box_h = 11, .ofs_x = 0, .ofs_y = -2},
    {.bitmap_index = 39809, .adv_w = 135, .box_w = 8, .box_h = 11, .ofs_x = 0, .ofs_y = -2},
    {.bitmap_index = 39853, .adv_w = 135, .box_w = 8, .box_h = 11, .ofs_x = 0, .ofs_y = -2},
    {.bitmap_index = 39897, .adv_w = 135, .box_w = 8, .box_h = 13, .ofs_x = 0, .ofs_y = -3},
    {.bitmap_index = 39949, .adv_w = 135, .box_w = 8, .box_h = 13, .ofs_x = 0, .ofs_y = -3},
    {.bitmap_index = 40001, .adv_w = 135, .box_w = 8, .box_h = 11, .ofs_x = 0, .ofs_y = -1},
    {.bitmap_index = 40045, .adv_w = 135, .box_w = 8, .box_h = 11, .ofs_x = 0, .ofs_y = -1},
    {.bitmap_index = 40089, .adv_w = 135, .box_w = 8, .box_h = 12, .ofs_x = 0, .ofs_y = -2},
    {.bitmap_index = 40137, .adv_w = 135, .box_w = 8, .box_h = 12, .ofs_x = 0, .ofs_y = -2},
    {.bitmap_index = 40185, .adv_w = 135, .box_w = 8, .box_h = 11, .ofs_x = 0, .ofs_y = -1},
    {.bitmap_index = 40229, .adv_w = 135, .box_w = 8, .box_h = 11, .ofs_x = 0, .ofs_y = -1},
    {.bitmap_index = 40273, .adv_w = 135, .box_w = 8, .box_h = 12, .ofs_x = 0, .ofs_y = -2},
    {.bitmap_index = 40321, .adv_w = 135, .box_w = 8, .box_h = 12, .ofs_x = 0, .ofs_y = -2},
    {.bitmap_index = 40369, .adv_w = 135, .box_w = 8, .box_h = 7, .ofs_x = 0, .ofs_y = 1},
    {.bitmap_index = 40397, .adv_w = 135, .box_w = 8, .box_h = 7, .ofs_x = 0, .ofs_y = 1},
    {.bitmap_index = 40425, .adv_w = 135, .box_w = 8, .box_h = 11, .ofs_x = 0, .ofs_y = -1},
    {.bitmap_index = 40469, .adv_w = 135, .box_w = 8, .box_h = 11, .ofs_x = 0, .ofs_y = -1},
    {.bitmap_index = 40513, .adv_w = 135, .box_w = 8, .box_h = 9, .ofs_x = 0, .ofs_y = 0},
    {.bitmap_index = 40549, .adv_w = 135, .box_w = 8, .box_h = 9, .ofs_x = 0, .ofs_y = 0},
    {.bitmap_index = 40585, .adv_w = 135, .box_w = 8, .box_h = 13, .ofs_x = 0, .ofs_y = -2},
    {.bitmap_index = 40637, .adv_w = 135, .box_w = 8, .box_h = 13, .ofs_x = 0, .ofs_y = -2},
    {.bitmap_index = 40689, .adv_w = 135, .box_w = 8, .box_h = 11, .ofs_x = 0, .ofs_y = -2},
    {.bitmap_index = 40733, .adv_w = 135, .box_w = 8, .box_h = 11, .ofs_x = 0, .ofs_y = -2},
    {.bitmap_index = 40777, .adv_w = 135, .box_w = 8, .box_h = 10, .ofs_x = 0, .ofs_y = -1},
    {.bitmap_index = 40817, .adv_w = 135, .box_w = 8, .box_h = 10, .ofs_x = 0, .ofs_y = -1},
    {.bitmap_index = 40857, .adv_w = 135, .box_w = 8, .box_h = 8, .ofs_x = 0, .ofs_y = 0},
    {.bitmap_index = 40889, .adv_w = 135, .box_w = 8, .box_h = 8, .ofs_x = 0, .ofs_y = 0},
    {.bitmap_index = 40921, .adv_w = 135, .box_w = 8, .box_h = 9, .ofs_x = 0, .ofs_y = 0},
    {.bitmap_index = 40957, .adv_w = 135, .box_w = 8, .box_h = 9, .ofs_x = 0, .ofs_y = 0},
    {.bitmap_index = 40993, .adv_w = 135, .box_w = 8, .box_h = 9, .ofs_x = 0, .ofs_y = 0},
    {.bitmap_index = 41029, .adv_w = 135, .box_w = 8, .box_h = 9, .ofs_x = 0, .ofs_y = 0},
    {.bitmap_index = 41065, .adv_w = 135, .box_w = 9, .box_h = 9, .ofs_x = 0, .ofs_y = 0},
    {.bitmap_index = 41106, .adv_w = 135, .box_w = 9, .box_h = 9, .ofs_x = 0, .ofs_y = 0},
    {.bitmap_index = 41147, .adv_w = 135, .box_w = 9, .box_h = 9, .ofs_x = 0, .ofs_y = 0},
    {.bitmap_index = 41188, .adv_w = 135, .box_w = 9, .box_h = 9, .ofs_x = 0, .ofs_y = 0},
    {.bitmap_index = 41229, .adv_w = 135, .box_w = 9, .box_h = 9, .ofs_x = 0, .ofs_y = 0},
    {.bitmap_index = 41270, .adv_w = 135, .box_w = 9, .box_h = 8, .ofs_x = 0, .ofs_y = 0},
    {.bitmap_index = 41306, .adv_w = 135, .box_w = 9, .box_h = 9, .ofs_x = 0, .ofs_y = 0},
    {.bitmap_index = 41347, .adv_w = 135, .box_w = 9, .box_h = 9, .ofs_x = 0, .ofs_y = 0},
    {.bitmap_index = 41388, .adv_w = 135, .box_w = 9, .box_h = 9, .ofs_x = 0, .ofs_y = 0},
    {.bitmap_index = 41429, .adv_w = 135, .box_w = 9, .box_h = 8, .ofs_x = 0, .ofs_y = 0},
    {.bitmap_index = 41465, .adv_w = 135, .box_w = 9, .box_h = 8, .ofs_x = 0, .ofs_y = 0},
    {.bitmap_index = 41501, .adv_w = 135, .box_w = 9, .box_h = 8, .ofs_x = 0, .ofs_y = 0},
    {.bitmap_index = 41537, .adv_w = 135, .box_w = 9, .box_h = 8, .ofs_x = 0, .ofs_y = 0},
    {.bitmap_index = 41573, .adv_w = 135, .box_w = 8, .box_h = 9, .ofs_x = 0, .ofs_y = 0},
    {.bitmap_index = 41609, .adv_w = 135, .box_w = 8, .box_h = 9, .ofs_x = 0, .ofs_y = 0},
    {.bitmap_index = 41645, .adv_w = 135, .box_w = 8, .box_h = 9, .ofs_x = 0, .ofs_y = 0},
    {.bitmap_index = 41681, .adv_w = 135, .box_w = 8, .box_h = 8, .ofs_x = 0, .ofs_y = 0},
    {.bitmap_index = 41713, .adv_w = 135, .box_w = 8, .box_h = 8, .ofs_x = 0, .ofs_y = 0},
    {.bitmap_index = 41745, .adv_w = 135, .box_w = 8, .box_h = 8, .ofs_x = 0, .ofs_y = 0},
    {.bitmap_index = 41777, .adv_w = 135, .box_w = 8, .box_h = 8, .ofs_x = 0, .ofs_y = 0},
    {.bitmap_index = 41809, .adv_w = 135, .box_w = 9, .box_h = 5, .ofs_x = 0, .ofs_y = 2},
    {.bitmap_index = 41832, .adv_w = 135, .box_w = 8, .box_h = 14, .ofs_x = 0, .ofs_y = -3},
    {.bitmap_index = 41888, .adv_w = 135, .box_w = 8, .box_h = 15, .ofs_x = 0, .ofs_y = -4},
    {.bitmap_index = 41948, .adv_w = 135, .box_w = 8, .box_h = 8, .ofs_x = 0, .ofs_y = 0},
    {.bitmap_index = 41980, .adv_w = 135, .box_w = 3, .box_h = 3, .ofs_x = 3, .ofs_y = 3},
    {.bitmap_index = 41985, .adv_w = 135, .box_w = 6, .box_h = 6, .ofs_x = 1, .ofs_y = 2},
    {.bitmap_index = 42003, .adv_w = 135, .box_w = 8, .box_h = 5, .ofs_x = 0, .ofs_y = 2},
    {.bitmap_index = 42023, .adv_w = 135, .box_w = 10, .box_h = 9, .ofs_x = -1, .ofs_y = 0},
    {.bitmap_index = 42068, .adv_w = 135, .box_w = 10, .box_h = 9, .ofs_x = -1, .ofs_y = 0},
    {.bitmap_index = 42113, .adv_w = 135, .box_w = 8, .box_h = 10, .ofs_x = 0, .ofs_y = -1},
    {.bitmap_index = 42153, .adv_w = 135, .box_w = 8, .box_h = 10, .ofs_x = 0, .ofs_y = -1},
    {.bitmap_index = 42193, .adv_w = 135, .box_w = 8, .box_h = 15, .ofs_x = 0, .ofs_y = -4},
    {.bitmap_index = 42253, .adv_w = 135, .box_w = 8, .box_h = 15, .ofs_x = 0, .ofs_y = -4},
    {.bitmap_index = 42313, .adv_w = 135, .box_w = 8, .box_h = 9, .ofs_x = 0, .ofs_y = -1},
    {.bitmap_index = 42349, .adv_w = 135, .box_w = 8, .box_h = 9, .ofs_x = 0, .ofs_y = -1},
    {.bitmap_index = 42385, .adv_w = 135, .box_w = 8, .box_h = 12, .ofs_x = 0, .ofs_y = -2},
    {.bitmap_index = 42433, .adv_w = 135, .box_w = 8, .box_h = 12, .ofs_x = 0, .ofs_y = -2},
    {.bitmap_index = 42481, .adv_w = 135, .box_w = 8, .box_h = 14, .ofs_x = 0, .ofs_y = -3},
    {.bitmap_index = 42537, .adv_w = 135, .box_w = 8, .box_h = 14, .ofs_x = 0, .ofs_y = -3},
    {.bitmap_index = 42593, .adv_w = 135, .box_w = 8, .box_h = 12, .ofs_x = 0, .ofs_y = -2},
    {.bitmap_index = 42641, .adv_w = 135, .box_w = 8, .box_h = 12, .ofs_x = 0, .ofs_y = -2},
    {.bitmap_index = 42689, .adv_w = 135, .box_w = 8, .box_h = 11, .ofs_x = 0, .ofs_y = -2},
    {.bitmap_index = 42733, .adv_w = 135, .box_w = 8, .box_h = 11, .ofs_x = 0, .ofs_y = -2},
    {.bitmap_index = 42777, .adv_w = 135, .box_w = 8, .box_h = 10, .ofs_x = 0, .ofs_y = -2},
    {.bitmap_index = 42817, .adv_w = 135, .box_w = 8, .box_h = 10, .ofs_x = 0, .ofs_y = -2},
    {.bitmap_index = 42857, .adv_w = 135, .box_w = 8, .box_h = 14, .ofs_x = 0, .ofs_y = -4},
    {.bitmap_index = 42913, .adv_w = 135, .box_w = 8, .box_h = 14, .ofs_x = 0, .ofs_y = -4},
    {.bitmap_index = 42969, .adv_w = 135, .box_w = 8, .box_h = 3, .ofs_x = 0, .ofs_y = 3},
    {.bitmap_index = 42981, .adv_w = 135, .box_w = 7, .box_h = 5, .ofs_x = 1, .ofs_y = -2},
    {.bitmap_index = 42999, .adv_w = 135, .box_w = 3, .box_h = 13, .ofs_x = 3, .ofs_y = -2},
    {.bitmap_index = 43019, .adv_w = 135, .box_w = 4, .box_h = 13, .ofs_x = 2, .ofs_y = -2},
    {.bitmap_index = 43045, .adv_w = 135, .box_w = 3, .box_h = 13, .ofs_x = 3, .ofs_y = -2},
    {.bitmap_index = 43065, .adv_w = 135, .box_w = 4, .box_h = 13, .ofs_x = 2, .ofs_y = -2},
    {.bitmap_index = 43091, .adv_w = 135, .box_w = 8, .box_h = 4, .ofs_x = 0, .ofs_y = 2},
    {.bitmap_index = 43107, .adv_w = 135, .box_w = 5, .box_h = 17, .ofs_x = 3, .ofs_y = -4},
    {.bitmap_index = 43150, .adv_w = 135, .box_w = 5, .box_h = 18, .ofs_x = 0, .ofs_y = -4},
    {.bitmap_index = 43195, .adv_w = 135, .box_w = 6, .box_h = 18, .ofs_x = 1, .ofs_y = -4},
    {.bitmap_index = 43249, .adv_w = 135, .box_w = 3, .box_h = 18, .ofs_x = 1, .ofs_y = -4},
    {.bitmap_index = 43276, .adv_w = 135, .box_w = 6, .box_h = 18, .ofs_x = 1, .ofs_y = -4},
    {.bitmap_index = 43330, .adv_w = 135, .box_w = 6, .box_h = 18, .ofs_x = 1, .ofs_y = -4},
    {.bitmap_index = 43384, .adv_w = 135, .box_w = 2, .box_h = 18, .ofs_x = 5, .ofs_y = -4},
    {.bitmap_index = 43402, .adv_w = 135, .box_w = 6, .box_h = 18, .ofs_x = 1, .ofs_y = -4},
    {.bitmap_index = 43456, .adv_w = 135, .box_w = 6, .box_h = 17, .ofs_x = 1, .ofs_y = -4},
    {.bitmap_index = 43507, .adv_w = 135, .box_w = 3, .box_h = 18, .ofs_x = 1, .ofs_y = -4},
    {.bitmap_index = 43534, .adv_w = 135, .box_w = 6, .box_h = 18, .ofs_x = 1, .ofs_y = -4},
    {.bitmap_index = 43588, .adv_w = 135, .box_w = 6, .box_h = 17, .ofs_x = 1, .ofs_y = -4},
    {.bitmap_index = 43639, .adv_w = 135, .box_w = 2, .box_h = 18, .ofs_x = 5, .ofs_y = -4},
    {.bitmap_index = 43657, .adv_w = 135, .box_w = 6, .box_h = 18, .ofs_x = 1, .ofs_y = -4},
    {.bitmap_index = 43711, .adv_w = 135, .box_w = 6, .box_h = 17, .ofs_x = 3, .ofs_y = -4},
    {.bitmap_index = 43762, .adv_w = 135, .box_w = 5, .box_h = 18, .ofs_x = 0, .ofs_y = -4},
    {.bitmap_index = 43807, .adv_w = 135, .box_w = 6, .box_h = 18, .ofs_x = 3, .ofs_y = -4},
    {.bitmap_index = 43861, .adv_w = 135, .box_w = 2, .box_h = 18, .ofs_x = 3, .ofs_y = -4},
    {.bitmap_index = 43879, .adv_w = 135, .box_w = 5, .box_h = 17, .ofs_x = 0, .ofs_y = -4},
    {.bitmap_index = 43922, .adv_w = 135, .box_w = 6, .box_h = 18, .ofs_x = 3, .ofs_y = -4},
    {.bitmap_index = 43976, .adv_w = 135, .box_w = 5, .box_h = 18, .ofs_x = 0, .ofs_y = -4},
    {.bitmap_index = 44021, .adv_w = 135, .box_w = 2, .box_h = 18, .ofs_x = 3, .ofs_y = -4},
    {.bitmap_index = 44039, .adv_w = 135, .box_w = 10, .box_h = 2, .ofs_x = -1, .ofs_y = 4},
    {.bitmap_index = 44049, .adv_w = 135, .box_w = 10, .box_h = 3, .ofs_x = -1, .ofs_y = 3},
    {.bitmap_index = 44064, .adv_w = 135, .box_w = 2, .box_h = 18, .ofs_x = 3, .ofs_y = -4},
    {.bitmap_index = 44082, .adv_w = 135, .box_w = 3, .box_h = 18, .ofs_x = 3, .ofs_y = -4},
    {.bitmap_index = 44109, .adv_w = 135, .box_w = 8, .box_h = 2, .ofs_x = 0, .ofs_y = 4},
    {.bitmap_index = 44117, .adv_w = 135, .box_w = 8, .box_h = 3, .ofs_x = 0, .ofs_y = 3},
    {.bitmap_index = 44129, .adv_w = 135, .box_w = 2, .box_h = 16, .ofs_x = 3, .ofs_y = -3},
    {.bitmap_index = 44145, .adv_w = 135, .box_w = 3, .box_h = 16, .ofs_x = 3, .ofs_y = -3},
    {.bitmap_index = 44169, .adv_w = 135, .box_w = 9, .box_h = 2, .ofs_x = 0, .ofs_y = 4},
    {.bitmap_index = 44178, .adv_w = 135, .box_w = 9, .box_h = 3, .ofs_x = 0, .ofs_y = 3},
    {.bitmap_index = 44192, .adv_w = 135, .box_w = 2, .box_h = 16, .ofs_x = 3, .ofs_y = -3},
    {.bitmap_index = 44208, .adv_w = 135, .box_w = 3, .box_h = 16, .ofs_x = 3, .ofs_y = -3},
    {.bitmap_index = 44232, .adv_w = 135, .box_w = 6, .box_h = 10, .ofs_x = 3, .ofs_y = -4},
    {.bitmap_index = 44262, .adv_w = 135, .box_w = 6, .box_h = 10, .ofs_x = 3, .ofs_y = -4},
    {.bitmap_index = 44292, .adv_w = 135, .box_w = 6, .box_h = 10, .ofs_x = 3, .ofs_y = -4},
    {.bitmap_index = 44322, .adv_w = 135, .box_w = 6, .box_h = 10, .ofs_x = 3, .ofs_y = -4},
    {.bitmap_index = 44352, .adv_w = 135, .box_w = 5, .box_h = 10, .ofs_x = 0, .ofs_y = -4},
    {.bitmap_index = 44377, .adv_w = 135, .box_w = 5, .box_h = 10, .ofs_x = 0, .ofs_y = -4},
    {.bitmap_index = 44402, .adv_w = 135, .box_w = 7, .box_h = 10, .ofs_x = -1, .ofs_y = -4},
    {.bitmap_index = 44437, .adv_w = 135, .box_w = 7, .box_h = 10, .ofs_x = -1, .ofs_y = -4},
    {.bitmap_index = 44472, .adv_w = 135, .box_w = 6, .box_h = 10, .ofs_x = 3, .ofs_y = 4},
    {.bitmap_index = 44502, .adv_w = 135, .box_w = 6, .box_h = 11, .ofs_x = 3, .ofs_y = 3},
    {.bitmap_index = 44535, .adv_w = 135, .box_w = 6, .box_h = 10, .ofs_x = 3, .ofs_y = 4},
    {.bitmap_index = 44565, .adv_w = 135, .box_w = 6, .box_h = 11, .ofs_x = 3, .ofs_y = 3},
    {.bitmap_index = 44598, .adv_w = 135, .box_w = 5, .box_h = 10, .ofs_x = 0, .ofs_y = 4},
    {.bitmap_index = 44623, .adv_w = 135, .box_w = 5, .box_h = 11, .ofs_x = 0, .ofs_y = 3},
    {.bitmap_index = 44651, .adv_w = 135, .box_w = 7, .box_h = 10, .ofs_x = -1, .ofs_y = 4},
    {.bitmap_index = 44686, .adv_w = 135, .box_w = 7, .box_h = 11, .ofs_x = -1, .ofs_y = 3},
    {.bitmap_index = 44725, .adv_w = 135, .box_w = 6, .box_h = 18, .ofs_x = 3, .ofs_y = -4},
    {.bitmap_index = 44779, .adv_w = 135, .box_w = 6, .box_h = 18, .ofs_x = 3, .ofs_y = -4},
    {.bitmap_index = 44833, .adv_w = 135, .box_w = 6, .box_h = 18, .ofs_x = 3, .ofs_y = -4},
    {.bitmap_index = 44887, .adv_w = 135, .box_w = 6, .box_h = 18, .ofs_x = 3, .ofs_y = -4},
    {.bitmap_index = 44941, .adv_w = 135, .box_w = 6, .box_h = 18, .ofs_x = 3, .ofs_y = -4},
    {.bitmap_index = 44995, .adv_w = 135, .box_w = 6, .box_h = 18, .ofs_x = 3, .ofs_y = -4},
    {.bitmap_index = 45049, .adv_w = 135, .box_w = 6, .box_h = 18, .ofs_x = 3, .ofs_y = -4},
    {.bitmap_index = 45103, .adv_w = 135, .box_w = 6, .box_h = 18, .ofs_x = 3, .ofs_y = -4},
    {.bitmap_index = 45157, .adv_w = 135, .box_w = 5, .box_h = 18, .ofs_x = 0, .ofs_y = -4},
    {.bitmap_index = 45202, .adv_w = 135, .box_w = 5, .box_h = 18, .ofs_x = 0, .ofs_y = -4},
    {.bitmap_index = 45247, .adv_w = 135, .box_w = 7, .box_h = 18, .ofs_x = -1, .ofs_y = -4},
    {.bitmap_index = 45310, .adv_w = 135, .box_w = 7, .box_h = 18, .ofs_x = -1, .ofs_y = -4},
    {.bitmap_index = 45373, .adv_w = 135, .box_w = 7, .box_h = 18, .ofs_x = -1, .ofs_y = -4},
    {.bitmap_index = 45436, .adv_w = 135, .box_w = 7, .box_h = 18, .ofs_x = -1, .ofs_y = -4},
    {.bitmap_index = 45499, .adv_w = 135, .box_w = 7, .box_h = 18, .ofs_x = -1, .ofs_y = -4},
    {.bitmap_index = 45562, .adv_w = 135, .box_w = 7, .box_h = 18, .ofs_x = -1, .ofs_y = -4},
    {.bitmap_index = 45625, .adv_w = 135, .box_w = 10, .box_h = 10, .ofs_x = -1, .ofs_y = -4},
    {.bitmap_index = 45675, .adv_w = 135, .box_w = 10, .box_h = 10, .ofs_x = -1, .ofs_y = -4},
    {.bitmap_index = 45725, .adv_w = 135, .box_w = 9, .box_h = 10, .ofs_x = 0, .ofs_y = -4},
    {.bitmap_index = 45770, .adv_w = 135, .box_w = 10, .box_h = 10, .ofs_x = -1, .ofs_y = -4},
    {.bitmap_index = 45820, .adv_w = 135, .box_w = 10, .box_h = 10, .ofs_x = -1, .ofs_y = -4},
    {.bitmap_index = 45870, .adv_w = 135, .box_w = 10, .box_h = 10, .ofs_x = -1, .ofs_y = -4},
    {.bitmap_index = 45920, .adv_w = 135, .box_w = 10, .box_h = 10, .ofs_x = -1, .ofs_y = -4},
    {.bitmap_index = 45970, .adv_w = 135, .box_w = 10, .box_h = 10, .ofs_x = -1, .ofs_y = -4},
    {.bitmap_index = 46020, .adv_w = 135, .box_w = 10, .box_h = 10, .ofs_x = -1, .ofs_y = 4},
    {.bitmap_index = 46070, .adv_w = 135, .box_w = 9, .box_h = 11, .ofs_x = 0, .ofs_y = 3},
    {.bitmap_index = 46120, .adv_w = 135, .box_w = 9, .box_h = 11, .ofs_x = 0, .ofs_y = 3},
    {.bitmap_index = 46170, .adv_w = 135, .box_w = 10, .box_h = 11, .ofs_x = -1, .ofs_y = 3},
    {.bitmap_index = 46225, .adv_w = 135, .box_w = 10, .box_h = 10, .ofs_x = -1, .ofs_y = 4},
    {.bitmap_index = 46275, .adv_w = 135, .box_w = 10, .box_h = 11, .ofs_x = -1, .ofs_y = 3},
    {.bitmap_index = 46330, .adv_w = 135, .box_w = 10, .box_h = 11, .ofs_x = -1, .ofs_y = 3},
    {.bitmap_index = 46385, .adv_w = 135, .box_w = 10, .box_h = 11, .ofs_x = -1, .ofs_y = 3},
    {.bitmap_index = 46440, .adv_w = 135, .box_w = 10, .box_h = 18, .ofs_x = -1, .ofs_y = -4},
    {.bitmap_index = 46530, .adv_w = 135, .box_w = 9, .box_h = 18, .ofs_x = 0, .ofs_y = -4},
    {.bitmap_index = 46611, .adv_w = 135, .box_w = 9, .box_h = 18, .ofs_x = 0, .ofs_y = -4},
    {.bitmap_index = 46692, .adv_w = 135, .box_w = 10, .box_h = 18, .ofs_x = -1, .ofs_y = -4},
    {.bitmap_index = 46782, .adv_w = 135, .box_w = 10, .box_h = 18, .ofs_x = -1, .ofs_y = -4},
    {.bitmap_index = 46872, .adv_w = 135, .box_w = 10, .box_h = 18, .ofs_x = -1, .ofs_y = -4},
    {.bitmap_index = 46962, .adv_w = 135, .box_w = 10, .box_h = 18, .ofs_x = -1, .ofs_y = -4},
    {.bitmap_index = 47052, .adv_w = 135, .box_w = 10, .box_h = 18, .ofs_x = -1, .ofs_y = -4},
    {.bitmap_index = 47142, .adv_w = 135, .box_w = 10, .box_h = 18, .ofs_x = -1, .ofs_y = -4},
    {.bitmap_index = 47232, .adv_w = 135, .box_w = 10, .box_h = 18, .ofs_x = -1, .ofs_y = -4},
    {.bitmap_index = 47322, .adv_w = 135, .box_w = 10, .box_h = 18, .ofs_x = -1, .ofs_y = -4},
    {.bitmap_index = 47412, .adv_w = 135, .box_w = 10, .box_h = 18, .ofs_x = -1, .ofs_y = -4},
    {.bitmap_index = 47502, .adv_w = 135, .box_w = 10, .box_h = 18, .ofs_x = -1, .ofs_y = -4},
    {.bitmap_index = 47592, .adv_w = 135, .box_w = 10, .box_h = 18, .ofs_x = -1, .ofs_y = -4},
    {.bitmap_index = 47682, .adv_w = 135, .box_w = 10, .box_h = 18, .ofs_x = -1, .ofs_y = -4},
    {.bitmap_index = 47772, .adv_w = 135, .box_w = 10, .box_h = 18, .ofs_x = -1, .ofs_y = -4},
    {.bitmap_index = 47862, .adv_w = 135, .box_w = 9, .box_h = 2, .ofs_x = 0, .ofs_y = 4},
    {.bitmap_index = 47871, .adv_w = 135, .box_w = 9, .box_h = 3, .ofs_x = 0, .ofs_y = 3},
    {.bitmap_index = 47885, .adv_w = 135, .box_w = 2, .box_h = 15, .ofs_x = 3, .ofs_y = -3},
    {.bitmap_index = 47900, .adv_w = 135, .box_w = 3, .box_h = 15, .ofs_x = 3, .ofs_y = -3},
    {.bitmap_index = 47923, .adv_w = 135, .box_w = 10, .box_h = 4, .ofs_x = -1, .ofs_y = 3},
    {.bitmap_index = 47943, .adv_w = 135, .box_w = 5, .box_h = 18, .ofs_x = 2, .ofs_y = -4},
    {.bitmap_index = 47988, .adv_w = 135, .box_w = 6, .box_h = 11, .ofs_x = 3, .ofs_y = -4},
    {.bitmap_index = 48021, .adv_w = 135, .box_w = 7, .box_h = 10, .ofs_x = 2, .ofs_y = -4},
    {.bitmap_index = 48056, .adv_w = 135, .box_w = 7, .box_h = 11, .ofs_x = 2, .ofs_y = -4},
    {.bitmap_index = 48095, .adv_w = 135, .box_w = 5, .box_h = 11, .ofs_x = 0, .ofs_y = -4},
    {.bitmap_index = 48123, .adv_w = 135, .box_w = 8, .box_h = 10, .ofs_x = -1, .ofs_y = -4},
    {.bitmap_index = 48163, .adv_w = 135, .box_w = 7, .box_h = 11, .ofs_x = 0, .ofs_y = -4},
    {.bitmap_index = 48202, .adv_w = 135, .box_w = 6, .box_h = 11, .ofs_x = 3, .ofs_y = 3},
    {.bitmap_index = 48235, .adv_w = 135, .box_w = 7, .box_h = 10, .ofs_x = 2, .ofs_y = 4},
    {.bitmap_index = 48270, .adv_w = 135, .box_w = 7, .box_h = 11, .ofs_x = 2, .ofs_y = 3},
    {.bitmap_index = 48309, .adv_w = 135, .box_w = 5, .box_h = 11, .ofs_x = 0, .ofs_y = 3},
    {.bitmap_index = 48337, .adv_w = 135, .box_w = 8, .box_h = 10, .ofs_x = -1, .ofs_y = 4},
    {.bitmap_index = 48377, .adv_w = 135, .box_w = 7, .box_h = 11, .ofs_x = 0, .ofs_y = 3},
    {.bitmap_index = 48416, .adv_w = 135, .box_w = 6, .box_h = 18, .ofs_x = 3, .ofs_y = -4},
    {.bitmap_index = 48470, .adv_w = 135, .box_w = 7, .box_h = 18, .ofs_x = 2, .ofs_y = -4},
    {.bitmap_index = 48533, .adv_w = 135, .box_w = 7, .box_h = 18, .ofs_x = 2, .ofs_y = -4},
    {.bitmap_index = 48596, .adv_w = 135, .box_w = 5, .box_h = 18, .ofs_x = 0, .ofs_y = -4},
    {.bitmap_index = 48641, .adv_w = 135, .box_w = 7, .box_h = 18, .ofs_x = 0, .ofs_y = -4},
    {.bitmap_index = 48704, .adv_w = 135, .box_w = 7, .box_h = 18, .ofs_x = 0, .ofs_y = -4},
    {.bitmap_index = 48767, .adv_w = 135, .box_w = 10, .box_h = 11, .ofs_x = -1, .ofs_y = -4},
    {.bitmap_index = 48822, .adv_w = 135, .box_w = 10, .box_h = 10, .ofs_x = -1, .ofs_y = -4},
    {.bitmap_index = 48872, .adv_w = 135, .box_w = 10, .box_h = 11, .ofs_x = -1, .ofs_y = -4},
    {.bitmap_index = 48927, .adv_w = 135, .box_w = 10, .box_h = 11, .ofs_x = -1, .ofs_y = 3},
    {.bitmap_index = 48982, .adv_w = 135, .box_w = 10, .box_h = 10, .ofs_x = -1, .ofs_y = 4},
    {.bitmap_index = 49032, .adv_w = 135, .box_w = 10, .box_h = 11, .ofs_x = -1, .ofs_y = 3},
    {.bitmap_index = 49087, .adv_w = 135, .box_w = 10, .box_h = 18, .ofs_x = -1, .ofs_y = -4},
    {.bitmap_index = 49177, .adv_w = 135, .box_w = 10, .box_h = 18, .ofs_x = -1, .ofs_y = -4},
    {.bitmap_index = 49267, .adv_w = 135, .box_w = 9, .box_h = 18, .ofs_x = 0, .ofs_y = -4},
    {.bitmap_index = 49348, .adv_w = 135, .box_w = 6, .box_h = 10, .ofs_x = 3, .ofs_y = -4},
    {.bitmap_index = 49378, .adv_w = 135, .box_w = 5, .box_h = 10, .ofs_x = 0, .ofs_y = -4},
    {.bitmap_index = 49403, .adv_w = 135, .box_w = 5, .box_h = 10, .ofs_x = 0, .ofs_y = 4},
    {.bitmap_index = 49428, .adv_w = 135, .box_w = 6, .box_h = 10, .ofs_x = 3, .ofs_y = 4},
    {.bitmap_index = 49458, .adv_w = 135, .box_w = 11, .box_h = 18, .ofs_x = -1, .ofs_y = -4},
    {.bitmap_index = 49557, .adv_w = 135, .box_w = 11, .box_h = 18, .ofs_x = -1, .ofs_y = -4},
    {.bitmap_index = 49656, .adv_w = 135, .box_w = 11, .box_h = 18, .ofs_x = -1, .ofs_y = -4},
    {.bitmap_index = 49755, .adv_w = 135, .box_w = 6, .box_h = 2, .ofs_x = -1, .ofs_y = 4},
    {.bitmap_index = 49761, .adv_w = 135, .box_w = 2, .box_h = 10, .ofs_x = 3, .ofs_y = 4},
    {.bitmap_index = 49771, .adv_w = 135, .box_w = 5, .box_h = 2, .ofs_x = 4, .ofs_y = 4},
    {.bitmap_index = 49776, .adv_w = 135, .box_w = 2, .box_h = 9, .ofs_x = 3, .ofs_y = -4},
    {.bitmap_index = 49785, .adv_w = 135, .box_w = 6, .box_h = 3, .ofs_x = -1, .ofs_y = 3},
    {.bitmap_index = 49794, .adv_w = 135, .box_w = 3, .box_h = 10, .ofs_x = 3, .ofs_y = 4},
    {.bitmap_index = 49809, .adv_w = 135, .box_w = 5, .box_h = 3, .ofs_x = 4, .ofs_y = 3},
    {.bitmap_index = 49817, .adv_w = 135, .box_w = 3, .box_h = 9, .ofs_x = 3, .ofs_y = -4},
    {.bitmap_index = 49831, .adv_w = 135, .box_w = 10, .box_h = 3, .ofs_x = -1, .ofs_y = 3},
    {.bitmap_index = 49846, .adv_w = 135, .box_w = 3, .box_h = 18, .ofs_x = 3, .ofs_y = -4},
    {.bitmap_index = 49873, .adv_w = 135, .box_w = 10, .box_h = 3, .ofs_x = -1, .ofs_y = 3},
    {.bitmap_index = 49888, .adv_w = 135, .box_w = 3, .box_h = 18, .ofs_x = 3, .ofs_y = -4},
    {.bitmap_index = 49915, .adv_w = 135, .box_w = 9, .box_h = 10, .ofs_x = 0, .ofs_y = 4},
    {.bitmap_index = 49960, .adv_w = 135, .box_w = 9, .box_h = 3, .ofs_x = 0, .ofs_y = -4},
    {.bitmap_index = 49974, .adv_w = 135, .box_w = 9, .box_h = 5, .ofs_x = 0, .ofs_y = -4},
    {.bitmap_index = 49997, .adv_w = 135, .box_w = 9, .box_h = 7, .ofs_x = 0, .ofs_y = -4},
    {.bitmap_index = 50029, .adv_w = 135, .box_w = 9, .box_h = 9, .ofs_x = 0, .ofs_y = -4},
    {.bitmap_index = 50070, .adv_w = 135, .box_w = 9, .box_h = 11, .ofs_x = 0, .ofs_y = -4},
    {.bitmap_index = 50120, .adv_w = 135, .box_w = 9, .box_h = 13, .ofs_x = 0, .ofs_y = -4},
    {.bitmap_index = 50179, .adv_w = 135, .box_w = 9, .box_h = 15, .ofs_x = 0, .ofs_y = -4},
    {.bitmap_index = 50247, .adv_w = 135, .box_w = 9, .box_h = 18, .ofs_x = 0, .ofs_y = -4},
    {.bitmap_index = 50328, .adv_w = 135, .box_w = 8, .box_h = 18, .ofs_x = 0, .ofs_y = -4},
    {.bitmap_index = 50400, .adv_w = 135, .box_w = 7, .box_h = 18, .ofs_x = 0, .ofs_y = -4},
    {.bitmap_index = 50463, .adv_w = 135, .box_w = 6, .box_h = 18, .ofs_x = 0, .ofs_y = -4},
    {.bitmap_index = 50517, .adv_w = 135, .box_w = 5, .box_h = 18, .ofs_x = 0, .ofs_y = -4},
    {.bitmap_index = 50562, .adv_w = 135, .box_w = 4, .box_h = 18, .ofs_x = 0, .ofs_y = -4},
    {.bitmap_index = 50598, .adv_w = 135, .box_w = 3, .box_h = 18, .ofs_x = 0, .ofs_y = -4},
    {.bitmap_index = 50625, .adv_w = 135, .box_w = 1, .box_h = 18, .ofs_x = 0, .ofs_y = -4},
    {.bitmap_index = 50634, .adv_w = 135, .box_w = 5, .box_h = 18, .ofs_x = 4, .ofs_y = -4},
    {.bitmap_index = 50679, .adv_w = 135, .box_w = 8, .box_h = 18, .ofs_x = 0, .ofs_y = -4},
    {.bitmap_index = 50751, .adv_w = 135, .box_w = 9, .box_h = 18, .ofs_x = 0, .ofs_y = -4},
    {.bitmap_index = 50832, .adv_w = 135, .box_w = 9, .box_h = 18, .ofs_x = 0, .ofs_y = -4},
    {.bitmap_index = 50913, .adv_w = 135, .box_w = 9, .box_h = 4, .ofs_x = 0, .ofs_y = 10},
    {.bitmap_index = 50931, .adv_w = 135, .box_w = 2, .box_h = 18, .ofs_x = 7, .ofs_y = -4},
    {.bitmap_index = 50949, .adv_w = 135, .box_w = 5, .box_h = 9, .ofs_x = 0, .ofs_y = -4},
    {.bitmap_index = 50972, .adv_w = 135, .box_w = 5, .box_h = 9, .ofs_x = 4, .ofs_y = -4},
    {.bitmap_index = 50995, .adv_w = 135, .box_w = 5, .box_h = 10, .ofs_x = 0, .ofs_y = 4},
    {.bitmap_index = 51020, .adv_w = 135, .box_w = 9, .box_h = 18, .ofs_x = 0, .ofs_y = -4},
    {.bitmap_index = 51101, .adv_w = 135, .box_w = 9, .box_h = 18, .ofs_x = 0, .ofs_y = -4},
    {.bitmap_index = 51182, .adv_w = 135, .box_w = 9, .box_h = 18, .ofs_x = 0, .ofs_y = -4},
    {.bitmap_index = 51263, .adv_w = 135, .box_w = 10, .box_h = 18, .ofs_x = -1, .ofs_y = -4},
    {.bitmap_index = 51353, .adv_w = 135, .box_w = 5, .box_h = 10, .ofs_x = 4, .ofs_y = 4},
    {.bitmap_index = 51378, .adv_w = 135, .box_w = 9, .box_h = 18, .ofs_x = 0, .ofs_y = -4},
    {.bitmap_index = 51459, .adv_w = 135, .box_w = 10, .box_h = 18, .ofs_x = -1, .ofs_y = -4},
    {.bitmap_index = 51549, .adv_w = 135, .box_w = 9, .box_h = 9, .ofs_x = 0, .ofs_y = -1},
    {.bitmap_index = 51590, .adv_w = 135, .box_w = 9, .box_h = 9, .ofs_x = 0, .ofs_y = -1},
    {.bitmap_index = 51631, .adv_w = 135, .box_w = 9, .box_h = 9, .ofs_x = 0, .ofs_y = -1},
    {.bitmap_index = 51672, .adv_w = 135, .box_w = 9, .box_h = 9, .ofs_x = 0, .ofs_y = -1},
    {.bitmap_index = 51713, .adv_w = 135, .box_w = 9, .box_h = 9, .ofs_x = 0, .ofs_y = -1},
    {.bitmap_index = 51754, .adv_w = 135, .box_w = 9, .box_h = 9, .ofs_x = 0, .ofs_y = -1},
    {.bitmap_index = 51795, .adv_w = 135, .box_w = 9, .box_h = 9, .ofs_x = 0, .ofs_y = -1},
    {.bitmap_index = 51836, .adv_w = 135, .box_w = 9, .box_h = 9, .ofs_x = 0, .ofs_y = -1},
    {.bitmap_index = 51877, .adv_w = 135, .box_w = 9, .box_h = 9, .ofs_x = 0, .ofs_y = -1},
    {.bitmap_index = 51918, .adv_w = 135, .box_w = 9, .box_h = 9, .ofs_x = 0, .ofs_y = -1},
    {.bitmap_index = 51959, .adv_w = 135, .box_w = 6, .box_h = 7, .ofs_x = 1, .ofs_y = 0},
    {.bitmap_index = 51980, .adv_w = 135, .box_w = 6, .box_h = 6, .ofs_x = 1, .ofs_y = 1},
    {.bitmap_index = 51998, .adv_w = 135, .box_w = 9, .box_h = 5, .ofs_x = 0, .ofs_y = 1},
    {.bitmap_index = 52021, .adv_w = 135, .box_w = 9, .box_h = 5, .ofs_x = 0, .ofs_y = 1},
    {.bitmap_index = 52044, .adv_w = 135, .box_w = 5, .box_h = 9, .ofs_x = 2, .ofs_y = -1},
    {.bitmap_index = 52067, .adv_w = 135, .box_w = 4, .box_h = 9, .ofs_x = 2, .ofs_y = -1},
    {.bitmap_index = 52085, .adv_w = 135, .box_w = 9, .box_h = 5, .ofs_x = 0, .ofs_y = 1},
    {.bitmap_index = 52108, .adv_w = 135, .box_w = 9, .box_h = 5, .ofs_x = 0, .ofs_y = 1},
    {.bitmap_index = 52131, .adv_w = 135, .box_w = 9, .box_h = 9, .ofs_x = 0, .ofs_y = -1},
    {.bitmap_index = 52172, .adv_w = 135, .box_w = 9, .box_h = 9, .ofs_x = 0, .ofs_y = -1},
    {.bitmap_index = 52213, .adv_w = 135, .box_w = 6, .box_h = 7, .ofs_x = 1, .ofs_y = 0},
    {.bitmap_index = 52234, .adv_w = 135, .box_w = 6, .box_h = 6, .ofs_x = 1, .ofs_y = 1},
    {.bitmap_index = 52252, .adv_w = 135, .box_w = 9, .box_h = 9, .ofs_x = 0, .ofs_y = -1},
    {.bitmap_index = 52293, .adv_w = 135, .box_w = 9, .box_h = 9, .ofs_x = 0, .ofs_y = -1},
    {.bitmap_index = 52334, .adv_w = 135, .box_w = 6, .box_h = 7, .ofs_x = 1, .ofs_y = 0},
    {.bitmap_index = 52355, .adv_w = 135, .box_w = 6, .box_h = 7, .ofs_x = 1, .ofs_y = 0},
    {.bitmap_index = 52376, .adv_w = 135, .box_w = 9, .box_h = 7, .ofs_x = 0, .ofs_y = 0},
    {.bitmap_index = 52408, .adv_w = 135, .box_w = 9, .box_h = 7, .ofs_x = 0, .ofs_y = 0},
    {.bitmap_index = 52440, .adv_w = 135, .box_w = 9, .box_h = 9, .ofs_x = 0, .ofs_y = -1},
    {.bitmap_index = 52481, .adv_w = 135, .box_w = 9, .box_h = 9, .ofs_x = 0, .ofs_y = -1},
    {.bitmap_index = 52522, .adv_w = 135, .box_w = 6, .box_h = 7, .ofs_x = 1, .ofs_y = 0},
    {.bitmap_index = 52543, .adv_w = 135, .box_w = 6, .box_h = 7, .ofs_x = 1, .ofs_y = 0},
    {.bitmap_index = 52564, .adv_w = 135, .box_w = 9, .box_h = 9, .ofs_x = 0, .ofs_y = -1},
    {.bitmap_index = 52605, .adv_w = 135, .box_w = 9, .box_h = 9, .ofs_x = 0, .ofs_y = -1},
    {.bitmap_index = 52646, .adv_w = 135, .box_w = 6, .box_h = 7, .ofs_x = 1, .ofs_y = 0},
    {.bitmap_index = 52667, .adv_w = 135, .box_w = 6, .box_h = 7, .ofs_x = 1, .ofs_y = 0},
    {.bitmap_index = 52688, .adv_w = 135, .box_w = 9, .box_h = 7, .ofs_x = 0, .ofs_y = 0},
    {.bitmap_index = 52720, .adv_w = 135, .box_w = 9, .box_h = 7, .ofs_x = 0, .ofs_y = 0},
    {.bitmap_index = 52752, .adv_w = 135, .box_w = 9, .box_h = 9, .ofs_x = 0, .ofs_y = -1},
    {.bitmap_index = 52793, .adv_w = 135, .box_w = 9, .box_h = 9, .ofs_x = 0, .ofs_y = -1},
    {.bitmap_index = 52834, .adv_w = 135, .box_w = 9, .box_h = 9, .ofs_x = 0, .ofs_y = -1},
    {.bitmap_index = 52875, .adv_w = 135, .box_w = 9, .box_h = 9, .ofs_x = 0, .ofs_y = -1},
    {.bitmap_index = 52916, .adv_w = 135, .box_w = 8, .box_h = 16, .ofs_x = 0, .ofs_y = -4},
    {.bitmap_index = 52980, .adv_w = 135, .box_w = 9, .box_h = 9, .ofs_x = 0, .ofs_y = -1},
    {.bitmap_index = 53021, .adv_w = 135, .box_w = 9, .box_h = 9, .ofs_x = 0, .ofs_y = -1},
    {.bitmap_index = 53062, .adv_w = 135, .box_w = 9, .box_h = 9, .ofs_x = 0, .ofs_y = -1},
    {.bitmap_index = 53103, .adv_w = 135, .box_w = 9, .box_h = 9, .ofs_x = 0, .ofs_y = -1},
    {.bitmap_index = 53144, .adv_w = 135, .box_w = 9, .box_h = 9, .ofs_x = 0, .ofs_y = -1},
    {.bitmap_index = 53185, .adv_w = 135, .box_w = 9, .box_h = 9, .ofs_x = 0, .ofs_y = -1},
    {.bitmap_index = 53226, .adv_w = 135, .box_w = 9, .box_h = 9, .ofs_x = 0, .ofs_y = -1},
    {.bitmap_index = 53267, .adv_w = 135, .box_w = 9, .box_h = 9, .ofs_x = 0, .ofs_y = -1},
    {.bitmap_index = 53308, .adv_w = 135, .box_w = 9, .box_h = 9, .ofs_x = 0, .ofs_y = -1},
    {.bitmap_index = 53349, .adv_w = 135, .box_w = 9, .box_h = 9, .ofs_x = 0, .ofs_y = -1},
    {.bitmap_index = 53390, .adv_w = 135, .box_w = 9, .box_h = 9, .ofs_x = 0, .ofs_y = -1},
    {.bitmap_index = 53431, .adv_w = 135, .box_w = 5, .box_h = 9, .ofs_x = 2, .ofs_y = -1},
    {.bitmap_index = 53454, .adv_w = 135, .box_w = 5, .box_h = 9, .ofs_x = 2, .ofs_y = -1},
    {.bitmap_index = 53477, .adv_w = 135, .box_w = 10, .box_h = 12, .ofs_x = -1, .ofs_y = -1},
    {.bitmap_index = 53537, .adv_w = 135, .box_w = 10, .box_h = 15, .ofs_x = -1, .ofs_y = -4},
    {.bitmap_index = 53612, .adv_w = 135, .box_w = 10, .box_h = 8, .ofs_x = -1, .ofs_y = 3},
    {.bitmap_index = 53652, .adv_w = 135, .box_w = 10, .box_h = 8, .ofs_x = -1, .ofs_y = -4},
    {.bitmap_index = 53692, .adv_w = 135, .box_w = 5, .box_h = 5, .ofs_x = 2, .ofs_y = 3},
    {.bitmap_index = 53705, .adv_w = 135, .box_w = 5, .box_h = 5, .ofs_x = 2, .ofs_y = 3},
    {.bitmap_index = 53718, .adv_w = 135, .box_w = 5, .box_h = 5, .ofs_x = 2, .ofs_y = -1},
    {.bitmap_index = 53731, .adv_w = 135, .box_w = 5, .box_h = 5, .ofs_x = 2, .ofs_y = -1},
    {.bitmap_index = 53744, .adv_w = 135, .box_w = 9, .box_h = 5, .ofs_x = 0, .ofs_y = 3},
    {.bitmap_index = 53767, .adv_w = 135, .box_w = 9, .box_h = 5, .ofs_x = 0, .ofs_y = -1},
    {.bitmap_index = 53790, .adv_w = 135, .box_w = 9, .box_h = 9, .ofs_x = 0, .ofs_y = -1},
    {.bitmap_index = 53831, .adv_w = 135, .box_w = 9, .box_h = 9, .ofs_x = 0, .ofs_y = -1},
    {.bitmap_index = 53872, .adv_w = 135, .box_w = 9, .box_h = 9, .ofs_x = 0, .ofs_y = -1},
    {.bitmap_index = 53913, .adv_w = 135, .box_w = 9, .box_h = 9, .ofs_x = 0, .ofs_y = -1},
    {.bitmap_index = 53954, .adv_w = 135, .box_w = 5, .box_h = 5, .ofs_x = 2, .ofs_y = 3},
    {.bitmap_index = 53967, .adv_w = 135, .box_w = 9, .box_h = 9, .ofs_x = 0, .ofs_y = -1},
    {.bitmap_index = 54008, .adv_w = 135, .box_w = 9, .box_h = 9, .ofs_x = 0, .ofs_y = -1},
    {.bitmap_index = 54049, .adv_w = 135, .box_w = 9, .box_h = 9, .ofs_x = 0, .ofs_y = -1},
    {.bitmap_index = 54090, .adv_w = 135, .box_w = 9, .box_h = 9, .ofs_x = 0, .ofs_y = -1},
    {.bitmap_index = 54131, .adv_w = 135, .box_w = 9, .box_h = 9, .ofs_x = 0, .ofs_y = -1},
    {.bitmap_index = 54172, .adv_w = 135, .box_w = 9, .box_h = 9, .ofs_x = 0, .ofs_y = -1},
    {.bitmap_index = 54213, .adv_w = 135, .box_w = 9, .box_h = 9, .ofs_x = 0, .ofs_y = -1},
    {.bitmap_index = 54254, .adv_w = 135, .box_w = 9, .box_h = 9, .ofs_x = 0, .ofs_y = -1},
    {.bitmap_index = 54295, .adv_w = 135, .box_w = 10, .box_h = 10, .ofs_x = -1, .ofs_y = -1},
    {.bitmap_index = 54345, .adv_w = 135, .box_w = 9, .box_h = 9, .ofs_x = 0, .ofs_y = -1},
    {.bitmap_index = 54386, .adv_w = 135, .box_w = 9, .box_h = 9, .ofs_x = 0, .ofs_y = -1},
    {.bitmap_index = 54427, .adv_w = 135, .box_w = 9, .box_h = 9, .ofs_x = 0, .ofs_y = -1},
    {.bitmap_index = 54468, .adv_w = 135, .box_w = 9, .box_h = 9, .ofs_x = 0, .ofs_y = -1},
    {.bitmap_index = 54509, .adv_w = 135, .box_w = 9, .box_h = 9, .ofs_x = 0, .ofs_y = -1},
    {.bitmap_index = 54550, .adv_w = 135, .box_w = 9, .box_h = 9, .ofs_x = 0, .ofs_y = -1},
    {.bitmap_index = 54591, .adv_w = 135, .box_w = 9, .box_h = 9, .ofs_x = 0, .ofs_y = -1},
    {.bitmap_index = 54632, .adv_w = 135, .box_w = 9, .box_h = 9, .ofs_x = 0, .ofs_y = -1},
    {.bitmap_index = 54673, .adv_w = 135, .box_w = 9, .box_h = 9, .ofs_x = 0, .ofs_y = -1},
    {.bitmap_index = 54714, .adv_w = 135, .box_w = 9, .box_h = 9, .ofs_x = 0, .ofs_y = -1},
    {.bitmap_index = 54755, .adv_w = 135, .box_w = 9, .box_h = 9, .ofs_x = 0, .ofs_y = -1},
    {.bitmap_index = 54796, .adv_w = 135, .box_w = 8, .box_h = 7, .ofs_x = 0, .ofs_y = 0},
    {.bitmap_index = 54824, .adv_w = 135, .box_w = 8, .box_h = 8, .ofs_x = 0, .ofs_y = 0},
    {.bitmap_index = 54856, .adv_w = 135, .box_w = 6, .box_h = 7, .ofs_x = 1, .ofs_y = 0},
    {.bitmap_index = 54877, .adv_w = 135, .box_w = 7, .box_h = 7, .ofs_x = 1, .ofs_y = 0},
    {.bitmap_index = 54902, .adv_w = 135, .box_w = 9, .box_h = 9, .ofs_x = 0, .ofs_y = -1},
    {.bitmap_index = 54943, .adv_w = 135, .box_w = 9, .box_h = 13, .ofs_x = 0, .ofs_y = -2},
    {.bitmap_index = 55002, .adv_w = 135, .box_w = 9, .box_h = 9, .ofs_x = 0, .ofs_y = -1},
    {.bitmap_index = 55043, .adv_w = 135, .box_w = 6, .box_h = 11, .ofs_x = 1, .ofs_y = -1},
    {.bitmap_index = 55076, .adv_w = 135, .box_w = 6, .box_h = 11, .ofs_x = 1, .ofs_y = -1},
    {.bitmap_index = 55109, .adv_w = 135, .box_w = 4, .box_h = 11, .ofs_x = 2, .ofs_y = -1},
    {.bitmap_index = 55131, .adv_w = 135, .box_w = 4, .box_h = 10, .ofs_x = 2, .ofs_y = -1},
    {.bitmap_index = 55151, .adv_w = 135, .box_w = 5, .box_h = 11, .ofs_x = 2, .ofs_y = -1},
    {.bitmap_index = 55179, .adv_w = 135, .box_w = 5, .box_h = 11, .ofs_x = 2, .ofs_y = -1},
    {.bitmap_index = 55207, .adv_w = 135, .box_w = 6, .box_h = 12, .ofs_x = 1, .ofs_y = -2},
    {.bitmap_index = 55243, .adv_w = 135, .box_w = 6, .box_h = 12, .ofs_x = 1, .ofs_y = -2},
    {.bitmap_index = 55279, .adv_w = 135, .box_w = 7, .box_h = 13, .ofs_x = 1, .ofs_y = -2},
    {.bitmap_index = 55325, .adv_w = 135, .box_w = 7, .box_h = 13, .ofs_x = 1, .ofs_y = -2},
    {.bitmap_index = 55371, .adv_w = 135, .box_w = 3, .box_h = 12, .ofs_x = 3, .ofs_y = -2},
    {.bitmap_index = 55389, .adv_w = 135, .box_w = 4, .box_h = 12, .ofs_x = 2, .ofs_y = -2},
    {.bitmap_index = 55413, .adv_w = 135, .box_w = 6, .box_h = 13, .ofs_x = 1, .ofs_y = -3},
    {.bitmap_index = 55452, .adv_w = 135, .box_w = 6, .box_h = 13, .ofs_x = 1, .ofs_y = -3},
    {.bitmap_index = 55491, .adv_w = 135, .box_w = 8, .box_h = 5, .ofs_x = 0, .ofs_y = 2},
    {.bitmap_index = 55511, .adv_w = 135, .box_w = 8, .box_h = 7, .ofs_x = 0, .ofs_y = 1},
    {.bitmap_index = 55539, .adv_w = 135, .box_w = 8, .box_h = 5, .ofs_x = 0, .ofs_y = 2},
    {.bitmap_index = 55559, .adv_w = 135, .box_w = 8, .box_h = 8, .ofs_x = 0, .ofs_y = 1},
    {.bitmap_index = 55591, .adv_w = 135, .box_w = 9, .box_h = 5, .ofs_x = 0, .ofs_y = 2},
    {.bitmap_index = 55614, .adv_w = 135, .box_w = 8, .box_h = 7, .ofs_x = 0, .ofs_y = 1},
    {.bitmap_index = 55642, .adv_w = 135, .box_w = 8, .box_h = 5, .ofs_x = 0, .ofs_y = 3},
    {.bitmap_index = 55662, .adv_w = 135, .box_w = 9, .box_h = 5, .ofs_x = 0, .ofs_y = 2},
    {.bitmap_index = 55685, .adv_w = 135, .box_w = 9, .box_h = 6, .ofs_x = 0, .ofs_y = 2},
    {.bitmap_index = 55712, .adv_w = 135, .box_w = 8, .box_h = 5, .ofs_x = 0, .ofs_y = 2},
    {.bitmap_index = 55732, .adv_w = 135, .box_w = 8, .box_h = 6, .ofs_x = 0, .ofs_y = 2},
    {.bitmap_index = 55756, .adv_w = 135, .box_w = 8, .box_h = 6, .ofs_x = 0, .ofs_y = 2},
    {.bitmap_index = 55780, .adv_w = 135, .box_w = 8, .box_h = 6, .ofs_x = 0, .ofs_y = 2},
    {.bitmap_index = 55804, .adv_w = 135, .box_w = 8, .box_h = 8, .ofs_x = 0, .ofs_y = 1},
    {.bitmap_index = 55836, .adv_w = 135, .box_w = 9, .box_h = 6, .ofs_x = 0, .ofs_y = 2},
    {.bitmap_index = 55863, .adv_w = 135, .box_w = 9, .box_h = 6, .ofs_x = 0, .ofs_y = 2},
    {.bitmap_index = 55890, .adv_w = 135, .box_w = 5, .box_h = 7, .ofs_x = 2, .ofs_y = 2},
    {.bitmap_index = 55908, .adv_w = 135, .box_w = 9, .box_h = 5, .ofs_x = 0, .ofs_y = 2},
    {.bitmap_index = 55931, .adv_w = 135, .box_w = 8, .box_h = 6, .ofs_x = 0, .ofs_y = 2},
    {.bitmap_index = 55955, .adv_w = 135, .box_w = 8, .box_h = 5, .ofs_x = 0, .ofs_y = 2},
    {.bitmap_index = 55975, .adv_w = 135, .box_w = 9, .box_h = 6, .ofs_x = 0, .ofs_y = 1},
    {.bitmap_index = 56002, .adv_w = 135, .box_w = 8, .box_h = 6, .ofs_x = 0, .ofs_y = 1},
    {.bitmap_index = 56026, .adv_w = 135, .box_w = 7, .box_h = 7, .ofs_x = 1, .ofs_y = 1},
    {.bitmap_index = 56051, .adv_w = 135, .box_w = 8, .box_h = 8, .ofs_x = 0, .ofs_y = 0},
    {.bitmap_index = 56083, .adv_w = 135, .box_w = 8, .box_h = 6, .ofs_x = 0, .ofs_y = 2},
    {.bitmap_index = 56107, .adv_w = 135, .box_w = 8, .box_h = 7, .ofs_x = 0, .ofs_y = 1},
    {.bitmap_index = 56135, .adv_w = 135, .box_w = 8, .box_h = 8, .ofs_x = 0, .ofs_y = 1},
    {.bitmap_index = 56167, .adv_w = 135, .box_w = 8, .box_h = 4, .ofs_x = 0, .ofs_y = 2},
    {.bitmap_index = 56183, .adv_w = 135, .box_w = 8, .box_h = 8, .ofs_x = 0, .ofs_y = 1},
    {.bitmap_index = 56215, .adv_w = 135, .box_w = 8, .box_h = 4, .ofs_x = 0, .ofs_y = 2},
    {.bitmap_index = 56231, .adv_w = 135, .box_w = 8, .box_h = 8, .ofs_x = 0, .ofs_y = 0},
    {.bitmap_index = 56263, .adv_w = 135, .box_w = 8, .box_h = 8, .ofs_x = 0, .ofs_y = 1},
    {.bitmap_index = 56295, .adv_w = 135, .box_w = 9, .box_h = 4, .ofs_x = 0, .ofs_y = 2},
    {.bitmap_index = 56313, .adv_w = 135, .box_w = 8, .box_h = 8, .ofs_x = 0, .ofs_y = 1},
    {.bitmap_index = 56345, .adv_w = 135, .box_w = 9, .box_h = 5, .ofs_x = 0, .ofs_y = 2},
    {.bitmap_index = 56368, .adv_w = 135, .box_w = 9, .box_h = 5, .ofs_x = 0, .ofs_y = 2},
    {.bitmap_index = 56391, .adv_w = 135, .box_w = 9, .box_h = 4, .ofs_x = 0, .ofs_y = 3},
    {.bitmap_index = 56409, .adv_w = 135, .box_w = 9, .box_h = 6, .ofs_x = 0, .ofs_y = 2},
    {.bitmap_index = 56436, .adv_w = 135, .box_w = 9, .box_h = 6, .ofs_x = 0, .ofs_y = 1},
    {.bitmap_index = 56463, .adv_w = 135, .box_w = 8, .box_h = 9, .ofs_x = 0, .ofs_y = 0},
    {.bitmap_index = 56499, .adv_w = 135, .box_w = 5, .box_h = 14, .ofs_x = 2, .ofs_y = -3},
    {.bitmap_index = 56534, .adv_w = 135, .box_w = 5, .box_h = 14, .ofs_x = 2, .ofs_y = -3},
    {.bitmap_index = 56569, .adv_w = 135, .box_w = 9, .box_h = 5, .ofs_x = 0, .ofs_y = 2},
    {.bitmap_index = 56592, .adv_w = 135, .box_w = 8, .box_h = 16, .ofs_x = 0, .ofs_y = -4},
    {.bitmap_index = 56656, .adv_w = 135, .box_w = 5, .box_h = 13, .ofs_x = 2, .ofs_y = -2},
    {.bitmap_index = 56689, .adv_w = 135, .box_w = 5, .box_h = 13, .ofs_x = 2, .ofs_y = -2},
    {.bitmap_index = 56722, .adv_w = 135, .box_w = 4, .box_h = 13, .ofs_x = 2, .ofs_y = -2},
    {.bitmap_index = 56748, .adv_w = 135, .box_w = 4, .box_h = 13, .ofs_x = 2, .ofs_y = -2},
    {.bitmap_index = 56774, .adv_w = 135, .box_w = 7, .box_h = 13, .ofs_x = 1, .ofs_y = -2},
    {.bitmap_index = 56820, .adv_w = 135, .box_w = 7, .box_h = 13, .ofs_x = 1, .ofs_y = -2},
    {.bitmap_index = 56866, .adv_w = 135, .box_w = 11, .box_h = 5, .ofs_x = -1, .ofs_y = 1},
    {.bitmap_index = 56894, .adv_w = 135, .box_w = 11, .box_h = 5, .ofs_x = -1, .ofs_y = 1},
    {.bitmap_index = 56922, .adv_w = 135, .box_w = 11, .box_h = 5, .ofs_x = -1, .ofs_y = 1},
    {.bitmap_index = 56950, .adv_w = 135, .box_w = 5, .box_h = 13, .ofs_x = 2, .ofs_y = -2},
    {.bitmap_index = 56983, .adv_w = 135, .box_w = 5, .box_h = 13, .ofs_x = 2, .ofs_y = -2},
    {.bitmap_index = 57016, .adv_w = 135, .box_w = 5, .box_h = 14, .ofs_x = 2, .ofs_y = -3},
    {.bitmap_index = 57051, .adv_w = 135, .box_w = 5, .box_h = 14, .ofs_x = 1, .ofs_y = -3},
    {.bitmap_index = 57086, .adv_w = 135, .box_w = 8, .box_h = 16, .ofs_x = 0, .ofs_y = -4},
    {.bitmap_index = 57150, .adv_w = 135, .box_w = 8, .box_h = 8, .ofs_x = 0, .ofs_y = 0},
    {.bitmap_index = 57182, .adv_w = 135, .box_w = 8, .box_h = 8, .ofs_x = 0, .ofs_y = 0},
    {.bitmap_index = 57214, .adv_w = 135, .box_w = 9, .box_h = 15, .ofs_x = 0, .ofs_y = -4},
    {.bitmap_index = 57282, .adv_w = 135, .box_w = 7, .box_h = 7, .ofs_x = 1, .ofs_y = 1},
    {.bitmap_index = 57307, .adv_w = 135, .box_w = 8, .box_h = 5, .ofs_x = 0, .ofs_y = 3},
    {.bitmap_index = 57327, .adv_w = 135, .box_w = 8, .box_h = 8, .ofs_x = 0, .ofs_y = 0},
    {.bitmap_index = 57359, .adv_w = 135, .box_w = 8, .box_h = 6, .ofs_x = 0, .ofs_y = 2},
    {.bitmap_index = 57383, .adv_w = 135, .box_w = 6, .box_h = 8, .ofs_x = 1, .ofs_y = 1},
    {.bitmap_index = 57407, .adv_w = 135, .box_w = 6, .box_h = 8, .ofs_x = 1, .ofs_y = 1},
    {.bitmap_index = 57431, .adv_w = 135, .box_w = 7, .box_h = 7, .ofs_x = 0, .ofs_y = 1},
    {.bitmap_index = 57456, .adv_w = 135, .box_w = 7, .box_h = 7, .ofs_x = 1, .ofs_y = 1},
    {.bitmap_index = 57481, .adv_w = 135, .box_w = 7, .box_h = 7, .ofs_x = 1, .ofs_y = 1},
    {.bitmap_index = 57506, .adv_w = 135, .box_w = 7, .box_h = 7, .ofs_x = 0, .ofs_y = 1},
    {.bitmap_index = 57531, .adv_w = 135, .box_w = 8, .box_h = 6, .ofs_x = 0, .ofs_y = 2},
    {.bitmap_index = 57555, .adv_w = 135, .box_w = 6, .box_h = 8, .ofs_x = 1, .ofs_y = 1},
    {.bitmap_index = 57579, .adv_w = 135, .box_w = 9, .box_h = 9, .ofs_x = 0, .ofs_y = -1},
    {.bitmap_index = 57620, .adv_w = 135, .box_w = 9, .box_h = 9, .ofs_x = 0, .ofs_y = -1},
    {.bitmap_index = 57661, .adv_w = 135, .box_w = 9, .box_h = 9, .ofs_x = 0, .ofs_y = -1},
    {.bitmap_index = 57702, .adv_w = 135, .box_w = 9, .box_h = 9, .ofs_x = 0, .ofs_y = -1},
    {.bitmap_index = 57743, .adv_w = 135, .box_w = 9, .box_h = 9, .ofs_x = 0, .ofs_y = -1},
    {.bitmap_index = 57784, .adv_w = 135, .box_w = 6, .box_h = 11, .ofs_x = 1, .ofs_y = -3},
    {.bitmap_index = 57817, .adv_w = 135, .box_w = 8, .box_h = 5, .ofs_x = 0, .ofs_y = 1},
    {.bitmap_index = 57837, .adv_w = 135, .box_w = 4, .box_h = 5, .ofs_x = 3, .ofs_y = 6},
    {.bitmap_index = 57847, .adv_w = 135, .box_w = 4, .box_h = 5, .ofs_x = 2, .ofs_y = 6},
    {.bitmap_index = 57857, .adv_w = 135, .box_w = 4, .box_h = 6, .ofs_x = 3, .ofs_y = -2},
    {.bitmap_index = 57869, .adv_w = 135, .box_w = 4, .box_h = 6, .ofs_x = 2, .ofs_y = -2},
    {.bitmap_index = 57881, .adv_w = 135, .box_w = 6, .box_h = 10, .ofs_x = 1, .ofs_y = 0},
    {.bitmap_index = 57911, .adv_w = 135, .box_w = 7, .box_h = 15, .ofs_x = 1, .ofs_y = -2},
    {.bitmap_index = 57964, .adv_w = 135, .box_w = 6, .box_h = 15, .ofs_x = 1, .ofs_y = -2},
    {.bitmap_index = 58009, .adv_w = 135, .box_w = 8, .box_h = 15, .ofs_x = 0, .ofs_y = -2},
    {.bitmap_index = 58069, .adv_w = 135, .box_w = 10, .box_h = 18, .ofs_x = -1, .ofs_y = -4},
    {.bitmap_index = 58159, .adv_w = 135, .box_w = 10, .box_h = 19, .ofs_x = -1, .ofs_y = -5},
    {.bitmap_index = 58254, .adv_w = 135, .box_w = 9, .box_h = 18, .ofs_x = 0, .ofs_y = -4},
    {.bitmap_index = 58335, .adv_w = 135, .box_w = 10, .box_h = 19, .ofs_x = 0, .ofs_y = -5},
    {.bitmap_index = 58430, .adv_w = 135, .box_w = 0, .box_h = 0, .ofs_x = 0, .ofs_y = 0}
};

/*---------------------
 *  CHARACTER MAPPING
 *--------------------*/

static const uint16_t unicode_list_0[] = {
    0x0, 0xd
};

static const uint16_t unicode_list_3[] = {
    0x0, 0xe, 0xf, 0x12, 0x1d, 0x1e, 0x54, 0x55,
    0x6c, 0x6d, 0x86, 0x87, 0x88, 0x89, 0x134, 0x135,
    0x146, 0x147, 0x148, 0x149, 0x14a, 0x14b, 0x16e, 0x16f,
    0x171, 0x177, 0x191, 0x1f2, 0x1f3, 0x1f4, 0x1f6, 0x1f7,
    0x1f8, 0x1fa
};

static const uint8_t glyph_id_ofs_list_6[] = {
    0, 0, 1
};

static const uint16_t unicode_list_8[] = {
    0x0, 0x1, 0x10, 0x11, 0x2e, 0x2f, 0x30, 0x31,
    0x32, 0x33, 0x34, 0x35, 0x36, 0x37, 0x38, 0x39,
    0x40, 0x41, 0x42, 0x43, 0x48, 0x49, 0x4a, 0x4b,
    0x4c, 0x4d, 0x4e, 0x4f, 0x50, 0x51, 0x58, 0x59,
    0x5e, 0x5f, 0x60, 0x61, 0x62, 0x65, 0x66, 0x69,
    0x6a
};

static const uint16_t unicode_list_10[] = {
    0x0, 0x1, 0xa, 0xb, 0xc, 0xd
};

static const uint16_t unicode_list_14[] = {
    0x0, 0x1, 0x8b6
};

static const uint16_t unicode_list_16[] = {
    0x0, 0x1, 0x2, 0x3, 0x4, 0x5, 0x3c, 0x3d,
    0x72, 0x73, 0x78, 0x79
};

static const uint16_t unicode_list_20[] = {
    0x0, 0x1, 0x3, 0x4, 0x5, 0x6, 0xb, 0xc,
    0xd, 0xe, 0xf, 0x10, 0x12, 0x26, 0x37, 0x3b,
    0x3c, 0x3d, 0x3e, 0x3f, 0x40, 0x41, 0x42, 0x43,
    0x44, 0x45, 0x51, 0x52, 0x53, 0x54, 0x55
};

static const uint16_t unicode_list_22[] = {
    0x0, 0x1, 0x2, 0x5f, 0x6b, 0x6f, 0x99, 0x9a
};

static const uint8_t glyph_id_ofs_list_27[] = {
    0, 0, 1, 2, 3, 4, 5, 6,
    7, 8, 9, 10, 0, 0, 11, 0,
    0, 0, 12, 13, 14, 15, 16, 17,
    18, 0, 0, 0, 0, 0, 0, 19,
    20, 21, 22, 23, 24, 25, 26, 27,
    28
};

static const uint16_t unicode_list_31[] = {
    0x0, 0x1, 0x2, 0x3, 0x6, 0x10, 0x11, 0x12,
    0x13, 0x14, 0x1b, 0x1c, 0x1d, 0x1e, 0x1f, 0x28,
    0x29, 0x2a, 0x2b, 0x2c, 0x2d, 0x2e, 0x2f, 0x30,
    0x31, 0x32, 0x33, 0x34, 0x35, 0x36, 0x37, 0x3d,
    0x52, 0x56, 0x57, 0x58, 0x59, 0x5e, 0x6e, 0x6f
};

static const uint16_t unicode_list_34[] = {
    0x0, 0xec, 0xfe, 0xff, 0x100, 0x101, 0x102, 0x103,
    0x104, 0x105, 0x106, 0x107, 0x108, 0x109, 0x10a, 0x10b,
    0x12a
};

static const uint16_t unicode_list_37[] = {
    0x0, 0x3, 0x4, 0x1a, 0x1e, 0x24, 0x25, 0x26,
    0x27, 0x28, 0x29, 0x33, 0x34, 0x35, 0x1c5, 0x1c6,
    0x1d5, 0x1d6, 0x229, 0x238, 0x239, 0x23e, 0x26d, 0x2a8,
    0x2a9, 0x343, 0x344, 0x345, 0x346, 0x347, 0x348, 0x349,
    0x34a, 0x34b, 0x354, 0x355, 0x356, 0x357, 0x358, 0x656,
    0x65d, 0x660, 0x661, 0x662, 0x663, 0x66c, 0xb8de, 0xb8df,
    0xb8e0, 0xb8ee, 0xb8ef, 0xb8f0, 0xb8f1, 0xd73d
};

/*Collect the unicode lists and glyph_id offsets*/
static const lv_font_fmt_txt_cmap_t cmaps[] =
{
    {
        .range_start = 0, .range_length = 14, .glyph_id_start = 1,
        .unicode_list = unicode_list_0, .glyph_id_ofs_list = NULL, .list_length = 2, .type = LV_FONT_FMT_TXT_CMAP_SPARSE_TINY
    },
    {
        .range_start = 32, .range_length = 95, .glyph_id_start = 3,
        .unicode_list = NULL, .glyph_id_ofs_list = NULL, .list_length = 0, .type = LV_FONT_FMT_TXT_CMAP_FORMAT0_TINY
    },
    {
        .range_start = 160, .range_length = 224, .glyph_id_start = 98,
        .unicode_list = NULL, .glyph_id_ofs_list = NULL, .list_length = 0, .type = LV_FONT_FMT_TXT_CMAP_FORMAT0_TINY
    },
    {
        .range_start = 402, .range_length = 507, .glyph_id_start = 322,
        .unicode_list = unicode_list_3, .glyph_id_ofs_list = NULL, .list_length = 34, .type = LV_FONT_FMT_TXT_CMAP_SPARSE_TINY
    },
    {
        .range_start = 910, .range_length = 20, .glyph_id_start = 356,
        .unicode_list = NULL, .glyph_id_ofs_list = NULL, .list_length = 0, .type = LV_FONT_FMT_TXT_CMAP_FORMAT0_TINY
    },
    {
        .range_start = 931, .range_length = 44, .glyph_id_start = 376,
        .unicode_list = NULL, .glyph_id_ofs_list = NULL, .list_length = 0, .type = LV_FONT_FMT_TXT_CMAP_FORMAT0_TINY
    },
    {
        .range_start = 1012, .range_length = 3, .glyph_id_start = 420,
        .unicode_list = NULL, .glyph_id_ofs_list = glyph_id_ofs_list_6, .list_length = 3, .type = LV_FONT_FMT_TXT_CMAP_FORMAT0_FULL
    },
    {
        .range_start = 1024, .range_length = 96, .glyph_id_start = 422,
        .unicode_list = NULL, .glyph_id_ofs_list = NULL, .list_length = 0, .type = LV_FONT_FMT_TXT_CMAP_FORMAT0_TINY
    },
    {
        .range_start = 1122, .range_length = 107, .glyph_id_start = 518,
        .unicode_list = unicode_list_8, .glyph_id_ofs_list = NULL, .list_length = 41, .type = LV_FONT_FMT_TXT_CMAP_SPARSE_TINY
    },
    {
        .range_start = 1231, .range_length = 43, .glyph_id_start = 559,
        .unicode_list = NULL, .glyph_id_ofs_list = NULL, .list_length = 0, .type = LV_FONT_FMT_TXT_CMAP_FORMAT0_TINY
    },
    {
        .range_start = 1296, .range_length = 14, .glyph_id_start = 602,
        .unicode_list = unicode_list_10, .glyph_id_ofs_list = NULL, .list_length = 6, .type = LV_FONT_FMT_TXT_CMAP_SPARSE_TINY
    },
    {
        .range_start = 1329, .range_length = 38, .glyph_id_start = 608,
        .unicode_list = NULL, .glyph_id_ofs_list = NULL, .list_length = 0, .type = LV_FONT_FMT_TXT_CMAP_FORMAT0_TINY
    },
    {
        .range_start = 1369, .range_length = 7, .glyph_id_start = 646,
        .unicode_list = NULL, .glyph_id_ofs_list = NULL, .list_length = 0, .type = LV_FONT_FMT_TXT_CMAP_FORMAT0_TINY
    },
    {
        .range_start = 1377, .range_length = 39, .glyph_id_start = 653,
        .unicode_list = NULL, .glyph_id_ofs_list = NULL, .list_length = 0, .type = LV_FONT_FMT_TXT_CMAP_FORMAT0_TINY
    },
    {
        .range_start = 1417, .range_length = 2231, .glyph_id_start = 692,
        .unicode_list = unicode_list_14, .glyph_id_ofs_list = NULL, .list_length = 3, .type = LV_FONT_FMT_TXT_CMAP_SPARSE_TINY
    },
    {
        .range_start = 4304, .range_length = 45, .glyph_id_start = 695,
        .unicode_list = NULL, .glyph_id_ofs_list = NULL, .list_length = 0, .type = LV_FONT_FMT_TXT_CMAP_FORMAT0_TINY
    },
    {
        .range_start = 7808, .range_length = 122, .glyph_id_start = 740,
        .unicode_list = unicode_list_16, .glyph_id_ofs_list = NULL, .list_length = 12, .type = LV_FONT_FMT_TXT_CMAP_SPARSE_TINY
    },
    {
        .range_start = 8192, .range_length = 11, .glyph_id_start = 752,
        .unicode_list = NULL, .glyph_id_ofs_list = NULL, .list_length = 0, .type = LV_FONT_FMT_TXT_CMAP_FORMAT0_TINY
    },
    {
        .range_start = 8208, .range_length = 24, .glyph_id_start = 763,
        .unicode_list = NULL, .glyph_id_ofs_list = NULL, .list_length = 0, .type = LV_FONT_FMT_TXT_CMAP_FORMAT0_TINY
    },
    {
        .range_start = 8239, .range_length = 9, .glyph_id_start = 787,
        .unicode_list = NULL, .glyph_id_ofs_list = NULL, .list_length = 0, .type = LV_FONT_FMT_TXT_CMAP_FORMAT0_TINY
    },
    {
        .range_start = 8249, .range_length = 86, .glyph_id_start = 796,
        .unicode_list = unicode_list_20, .glyph_id_ofs_list = NULL, .list_length = 31, .type = LV_FONT_FMT_TXT_CMAP_SPARSE_TINY
    },
    {
        .range_start = 8352, .range_length = 22, .glyph_id_start = 827,
        .unicode_list = NULL, .glyph_id_ofs_list = NULL, .list_length = 0, .type = LV_FONT_FMT_TXT_CMAP_FORMAT0_TINY
    },
    {
        .range_start = 8375, .range_length = 155, .glyph_id_start = 849,
        .unicode_list = unicode_list_22, .glyph_id_ofs_list = NULL, .list_length = 8, .type = LV_FONT_FMT_TXT_CMAP_SPARSE_TINY
    },
    {
        .range_start = 8531, .range_length = 13, .glyph_id_start = 857,
        .unicode_list = NULL, .glyph_id_ofs_list = NULL, .list_length = 0, .type = LV_FONT_FMT_TXT_CMAP_FORMAT0_TINY
    },
    {
        .range_start = 8592, .range_length = 78, .glyph_id_start = 870,
        .unicode_list = NULL, .glyph_id_ofs_list = NULL, .list_length = 0, .type = LV_FONT_FMT_TXT_CMAP_FORMAT0_TINY
    },
    {
        .range_start = 8672, .range_length = 10, .glyph_id_start = 948,
        .unicode_list = NULL, .glyph_id_ofs_list = NULL, .list_length = 0, .type = LV_FONT_FMT_TXT_CMAP_FORMAT0_TINY
    },
    {
        .range_start = 8683, .range_length = 41, .glyph_id_start = 958,
        .unicode_list = NULL, .glyph_id_ofs_list = NULL, .list_length = 0, .type = LV_FONT_FMT_TXT_CMAP_FORMAT0_TINY
    },
    {
        .range_start = 8725, .range_length = 41, .glyph_id_start = 999,
        .unicode_list = NULL, .glyph_id_ofs_list = glyph_id_ofs_list_27, .list_length = 41, .type = LV_FONT_FMT_TXT_CMAP_FORMAT0_FULL
    },
    {
        .range_start = 8769, .range_length = 41, .glyph_id_start = 1028,
        .unicode_list = NULL, .glyph_id_ofs_list = NULL, .list_length = 0, .type = LV_FONT_FMT_TXT_CMAP_FORMAT0_TINY
    },
    {
        .range_start = 8813, .range_length = 31, .glyph_id_start = 1069,
        .unicode_list = NULL, .glyph_id_ofs_list = NULL, .list_length = 0, .type = LV_FONT_FMT_TXT_CMAP_FORMAT0_TINY
    },
    {
        .range_start = 8845, .range_length = 24, .glyph_id_start = 1100,
        .unicode_list = NULL, .glyph_id_ofs_list = NULL, .list_length = 0, .type = LV_FONT_FMT_TXT_CMAP_FORMAT0_TINY
    },
    {
        .range_start = 8882, .range_length = 112, .glyph_id_start = 1124,
        .unicode_list = unicode_list_31, .glyph_id_ofs_list = NULL, .list_length = 40, .type = LV_FONT_FMT_TXT_CMAP_SPARSE_TINY
    },
    {
        .range_start = 9115, .range_length = 20, .glyph_id_start = 1164,
        .unicode_list = NULL, .glyph_id_ofs_list = NULL, .list_length = 0, .type = LV_FONT_FMT_TXT_CMAP_FORMAT0_TINY
    },
    {
        .range_start = 9472, .range_length = 256, .glyph_id_start = 1184,
        .unicode_list = NULL, .glyph_id_ofs_list = NULL, .list_length = 0, .type = LV_FONT_FMT_TXT_CMAP_FORMAT0_TINY
    },
    {
        .range_start = 9834, .range_length = 299, .glyph_id_start = 1440,
        .unicode_list = unicode_list_34, .glyph_id_ofs_list = NULL, .list_length = 17, .type = LV_FONT_FMT_TXT_CMAP_SPARSE_TINY
    },
    {
        .range_start = 10136, .range_length = 24, .glyph_id_start = 1457,
        .unicode_list = NULL, .glyph_id_ofs_list = NULL, .list_length = 0, .type = LV_FONT_FMT_TXT_CMAP_FORMAT0_TINY
    },
    {
        .range_start = 10161, .range_length = 14, .glyph_id_start = 1481,
        .unicode_list = NULL, .glyph_id_ofs_list = NULL, .list_length = 0, .type = LV_FONT_FMT_TXT_CMAP_FORMAT0_TINY
    },
    {
        .range_start = 10178, .range_length = 55102, .glyph_id_start = 1495,
        .unicode_list = unicode_list_37, .glyph_id_ofs_list = NULL, .list_length = 54, .type = LV_FONT_FMT_TXT_CMAP_SPARSE_TINY
    }
};



/*--------------------
 *  ALL CUSTOM DATA
 *--------------------*/

#if LVGL_VERSION_MAJOR == 8
/*Store all the custom data of the font*/
static  lv_font_fmt_txt_glyph_cache_t cache;
#endif

#if LVGL_VERSION_MAJOR >= 8
static const lv_font_fmt_txt_dsc_t font_dsc = {
#else
static lv_font_fmt_txt_dsc_t font_dsc = {
#endif
    .glyph_bitmap = glyph_bitmap,
    .glyph_dsc = glyph_dsc,
    .cmaps = cmaps,
    .kern_dsc = NULL,
    .kern_scale = 0,
    .cmap_num = 38,
    .bpp = 4,
    .kern_classes = 0,
    .bitmap_format = 0,
#if LVGL_VERSION_MAJOR == 8
    .cache = &cache
#endif

};



/*-----------------
 *  PUBLIC FONT
 *----------------*/

/*Initialize a public general font descriptor*/
#if LVGL_VERSION_MAJOR >= 8
const lv_font_t hack_14 = {
#else
lv_font_t hack_14 = {
#endif
    .get_glyph_dsc = lv_font_get_glyph_dsc_fmt_txt,    /*Function pointer to get glyph's data*/
    .get_glyph_bitmap = lv_font_get_bitmap_fmt_txt,    /*Function pointer to get glyph's bitmap*/
    .line_height = 19,          /*The maximum line height required by the font*/
    .base_line = 5,             /*Baseline measured from the bottom of the line*/
#if !(LVGL_VERSION_MAJOR == 6 && LVGL_VERSION_MINOR == 0)
    .subpx = LV_FONT_SUBPX_NONE,
#endif
#if LV_VERSION_CHECK(7, 4, 0) || LVGL_VERSION_MAJOR >= 8
    .underline_position = -2,
    .underline_thickness = 1,
#endif
    .dsc = &font_dsc,          /*The custom font data. Will be accessed by `get_glyph_bitmap/dsc` */
#if LV_VERSION_CHECK(8, 2, 0) || LVGL_VERSION_MAJOR >= 9
    .fallback = NULL,
#endif
    .user_data = NULL,
};



#endif /*#if HACK_14*/
